{"type":"FeatureCollection", "features": [
{"type":"Feature","geometry":{"type":"Polygon","coordinates":[[[-111.5629,24.3763],[-111.6527,24.3776],[-111.6441,24.3514],[-111.5629,24.3763]]]},"properties":{"NA_L1CODE":"10","NA_L1NAME":"NORTH AMERICAN DESERTS","NA_L1KEY":"10  NORTH AMERICAN DESERTS","Shape_Leng":47068.6610172,"Shape_Area":32894883.1985}},
{"type":"Feature","geometry":{"type":"Polygon","coordinates":[[[-110.3293,24.4022],[-110.2968,24.4551],[-110.3118,24.4992],[-110.3864,24.5879],[-110.4117,24.5666],[-110.3909,24.5321],[-110.3896,24.4863],[-110.3561,24.402],[-110.3293,24.4022]]]},"properties":{"NA_L1CODE":"10","NA_L1NAME":"NORTH AMERICAN DESERTS","NA_L1KEY":"10  NORTH AMERICAN DESERTS","Shape_Leng":50927.2334071,"Shape_Area":121280842.691}},
{"type":"Feature","geometry":{"type":"Polygon","coordinates":[[[-111.7055,24.3064],[-111.6919,24.3697],[-111.7192,24.3944],[-111.7464,24.4413],[-111.8734,24.5248],[-111.9784,24.5244],[-111.9848,24.5073],[-111.8731,24.4391],[-111.7509,24.3538],[-111.7055,24.3064]]]},"properties":{"NA_L1CODE":"10","NA_L1NAME":"NORTH AMERICAN DESERTS","NA_L1KEY":"10  NORTH AMERICAN DESERTS","Shape_Leng":83510.3077623,"Shape_Area":234504515.126}},
{"type":"Feature","geometry":{"type":"Polygon","coordinates":[[[-110.5409,24.8817],[-110.5708,24.9543],[-110.5719,25.0009],[-110.6017,25.0389],[-110.6679,25.0503],[-110.7001,25.0946],[-110.7173,25.0411],[-110.6841,25.0213],[-110.6495,24.9516],[-110.5821,24.8942],[-110.5409,24.8817]]]},"properties":{"NA_L1CODE":"10","NA_L1NAME":"NORTH AMERICAN DESERTS","NA_L1KEY":"10  NORTH AMERICAN DESERTS","Shape_Leng":69188.8210698,"Shape_Area":170733407.238}},
{"type":"Feature","geometry":{"type":"Polygon","coordinates":[[[-112.2093,24.8145],[-112.209,24.8457],[-112.1736,24.8778],[-112.1851,24.9241],[-112.152,24.9732],[-112.1672,25.0309],[-112.149,25.1617],[-112.1238,25.25],[-112.1423,25.2627],[-112.2061,25],[-112.2776,24.8542],[-112.2977,24.7923],[-112.2514,24.7549],[-112.2403,24.7803],[-112.187,24.7587],[-112.1619,24.7703],[-112.2093,24.8145]]]},"properties":{"NA_L1CODE":"10","NA_L1NAME":"NORTH AMERICAN DESERTS","NA_L1KEY":"10  NORTH AMERICAN DESERTS","Shape_Leng":137093.574911,"Shape_Area":280668091.46}},
{"type":"Feature","geometry":{"type":"Polygon","coordinates":[[[-110.7941,25.5994],[-110.8069,25.6937],[-110.8291,25.6681],[-110.819,25.6046],[-110.7941,25.5994]]]},"properties":{"NA_L1CODE":"10","NA_L1NAME":"NORTH AMERICAN DESERTS","NA_L1KEY":"10  NORTH AMERICAN DESERTS","Shape_Leng":24811.7758586,"Shape_Area":29541079.7419}},
{"type":"Feature","geometry":{"type":"Polygon","coordinates":[[[-111.0371,25.6463],[-111.0292,25.6936],[-111.0711,25.7015],[-111.0371,25.6463]]]},"properties":{"NA_L1CODE":"10","NA_L1NAME":"NORTH AMERICAN DESERTS","NA_L1KEY":"10  NORTH AMERICAN DESERTS","Shape_Leng":18405.0955399,"Shape_Area":19952199.5793}},
{"type":"Feature","geometry":{"type":"Polygon","coordinates":[[[-108.745,26.0999],[-108.7845,26.0647],[-108.7822,26.0148],[-108.7531,25.9849],[-108.7245,25.9959],[-108.6782,25.9692],[-108.6479,26.0028],[-108.686,26.0338],[-108.6741,26.058],[-108.6982,26.085],[-108.745,26.0999]]]},"properties":{"NA_L1CODE":"10","NA_L1NAME":"NORTH AMERICAN DESERTS","NA_L1KEY":"10  NORTH AMERICAN DESERTS","Shape_Leng":58423.7238411,"Shape_Area":115123202.219}},
{"type":"Feature","geometry":{"type":"Polygon","coordinates":[[[-111.2015,25.8248],[-111.1723,25.9065],[-111.0961,26.0054],[-111.1028,26.0501],[-111.1807,26.03],[-111.1875,25.964],[-111.2004,25.9429],[-111.231,25.8352],[-111.2015,25.8248]]]},"properties":{"NA_L1CODE":"10","NA_L1NAME":"NORTH AMERICAN DESERTS","NA_L1KEY":"10  NORTH AMERICAN DESERTS","Shape_Leng":66108.8532524,"Shape_Area":134563769.663}},
{"type":"Feature","geometry":{"type":"Polygon","coordinates":[[[-109.2761,26.1574],[-109.3132,26.0723],[-109.3139,26.0514],[-109.2398,26.0414],[-109.2061,25.9943],[-109.1358,25.9898],[-109.0664,25.9626],[-108.9433,25.9756],[-108.9169,26.0157],[-108.8908,26.0132],[-108.8131,26.08],[-108.7784,26.0927],[-108.7609,26.133],[-108.7794,26.2088],[-108.8083,26.2169],[-108.8401,26.2876],[-108.8765,26.3131],[-108.9065,26.3792],[-108.8895,26.406],[-108.9147,26.4348],[-108.9418,26.4999],[-108.937,26.6131],[-109.0286,26.7117],[-109.0048,26.7609],[-109.1139,26.7928],[-109.1141,26.8182],[-109.0719,26.8416],[-109.0378,26.9222],[-109.1566,26.9126],[-109.1903,26.9361],[-109.1512,26.9877],[-109.1645,27.0143],[-109.2284,27.0114],[-109.241,27.0308],[-109.2999,27.0558],[-109.305,27.0894],[-109.3693,27.0738],[-109.4006,27.0782],[-109.3988,27.0038],[-109.4348,26.8524],[-109.3838,26.7968],[-109.4642,26.7806],[-109.5079,26.7414],[-109.4662,26.7186],[-109.4107,26.7439],[-109.4235,26.689],[-109.3834,26.6398],[-109.3087,26.5678],[-109.2658,26.5015],[-109.2511,26.4094],[-109.2298,26.4063],[-109.1576,26.3582],[-109.1292,26.2896],[-109.1062,26.2699],[-109.122,26.2241],[-109.1769,26.2526],[-109.1626,26.3031],[-109.1863,26.3378],[-109.2139,26.3304],[-109.2185,26.2624],[-109.2761,26.1574]]]},"properties":{"NA_L1CODE":"10","NA_L1NAME":"NORTH AMERICAN DESERTS","NA_L1KEY":"10  NORTH AMERICAN DESERTS","Shape_Leng":565759.420155,"Shape_Area":4255108129.52}},
{"type":"Feature","geometry":{"type":"Polygon","coordinates":[[[-113.1414,26.6641],[-113.1714,26.7167],[-113.2304,26.7334],[-113.2613,26.7039],[-113.1916,26.689],[-113.1414,26.6641]]]},"properties":{"NA_L1CODE":"10","NA_L1NAME":"NORTH AMERICAN DESERTS","NA_L1KEY":"10  NORTH AMERICAN DESERTS","Shape_Leng":31402.3858629,"Shape_Area":38898320.9504}},
{"type":"Feature","geometry":{"type":"Polygon","coordinates":[[[-112.0538,27.1814],[-112.0428,27.2082],[-112.0889,27.2571],[-112.1046,27.2377],[-112.0742,27.1785],[-112.0538,27.1814]]]},"properties":{"NA_L1CODE":"10","NA_L1NAME":"NORTH AMERICAN DESERTS","NA_L1KEY":"10  NORTH AMERICAN DESERTS","Shape_Leng":22436.0609845,"Shape_Area":29976586.0431}},
{"type":"Feature","geometry":{"type":"Polygon","coordinates":[[[-112.7553,28.595],[-112.7547,28.6011],[-112.8679,28.6778],[-112.7888,28.5875],[-112.7553,28.595]]]},"properties":{"NA_L1CODE":"10","NA_L1NAME":"NORTH AMERICAN DESERTS","NA_L1KEY":"10  NORTH AMERICAN DESERTS","Shape_Leng":38519.2302345,"Shape_Area":34504593.1193}},
{"type":"Feature","geometry":{"type":"Polygon","coordinates":[[[-112.5501,28.6733],[-112.5381,28.7113],[-112.5506,28.7335],[-112.609,28.7263],[-112.5992,28.6682],[-112.5501,28.6733]]]},"properties":{"NA_L1CODE":"10","NA_L1NAME":"NORTH AMERICAN DESERTS","NA_L1KEY":"10  NORTH AMERICAN DESERTS","Shape_Leng":24625.3346599,"Shape_Area":43756464.7614}},
{"type":"Feature","geometry":{"type":"Polygon","coordinates":[[[-112.299,28.7555],[-112.2698,28.7702],[-112.2719,28.8058],[-112.2495,28.8631],[-112.2296,28.8842],[-112.1926,29.0194],[-112.2299,29.0939],[-112.2706,29.1375],[-112.2663,29.1825],[-112.2836,29.2241],[-112.3587,29.2177],[-112.4476,29.1965],[-112.4736,29.1573],[-112.5049,29.0139],[-112.484,28.9547],[-112.5124,28.9179],[-112.5732,28.8693],[-112.3827,28.7769],[-112.299,28.7555]]]},"properties":{"NA_L1CODE":"10","NA_L1NAME":"NORTH AMERICAN DESERTS","NA_L1KEY":"10  NORTH AMERICAN DESERTS","Shape_Leng":146756.090368,"Shape_Area":1215379672.34}},
{"type":"Feature","geometry":{"type":"Polygon","coordinates":[[[-113.1244,29.0617],[-113.1743,29.0793],[-113.2007,29.1441],[-113.2019,29.2986],[-113.3128,29.2893],[-113.3876,29.3153],[-113.3918,29.3556],[-113.372,29.4036],[-113.3967,29.4477],[-113.4569,29.5178],[-113.4937,29.5489],[-113.569,29.5589],[-113.5811,29.5443],[-113.6087,29.453],[-113.6038,29.4242],[-113.5597,29.385],[-113.5243,29.3351],[-113.45,29.2621],[-113.4244,29.2185],[-113.3249,29.1537],[-113.266,29.0746],[-113.1572,29.0113],[-113.1385,29.0132],[-113.1244,29.0617]]]},"properties":{"NA_L1CODE":"10","NA_L1NAME":"NORTH AMERICAN DESERTS","NA_L1KEY":"10  NORTH AMERICAN DESERTS","Shape_Leng":175299.015911,"Shape_Area":917594210.761}},
{"type":"Feature","geometry":{"type":"Polygon","coordinates":[[[-114.6406,31.6612],[-114.6591,31.7173],[-114.7002,31.7432],[-114.7649,31.8039],[-114.7959,31.8055],[-114.7926,31.7307],[-114.7536,31.695],[-114.7087,31.6734],[-114.6406,31.6612]]]},"properties":{"NA_L1CODE":"10","NA_L1NAME":"NORTH AMERICAN DESERTS","NA_L1KEY":"10  NORTH AMERICAN DESERTS","Shape_Leng":49587.3275113,"Shape_Area":127113413.642}},
{"type":"Feature","geometry":{"type":"Polygon","coordinates":[[[-109.2167,45.1138],[-109.2147,45.0413],[-109.2418,45.0197],[-109.3078,44.9992],[-109.3057,44.9529],[-109.2785,44.9071],[-109.3022,44.8485],[-109.2832,44.8266],[-109.3342,44.7604],[-109.3288,44.7309],[-109.2897,44.7053],[-109.263,44.6684],[-109.2881,44.6298],[-109.2709,44.6091],[-109.1716,44.5512],[-109.2009,44.5081],[-109.2805,44.5451],[-109.2823,44.5105],[-109.3913,44.4961],[-109.4297,44.5084],[-109.5246,44.488],[-109.5232,44.4428],[-109.4437,44.4331],[-109.3955,44.4153],[-109.3913,44.4556],[-109.3463,44.4741],[-109.2906,44.4743],[-109.2818,44.4438],[-109.3179,44.429],[-109.3272,44.3974],[-109.3786,44.3973],[-109.4109,44.3551],[-109.4913,44.3262],[-109.5531,44.2641],[-109.5402,44.2345],[-109.6153,44.1633],[-109.6138,44.1314],[-109.5274,44.2047],[-109.473,44.2294],[-109.413,44.2715],[-109.327,44.2796],[-109.2759,44.3244],[-109.1947,44.3452],[-109.1321,44.3141],[-109.1649,44.2324],[-109.2507,44.1846],[-109.317,44.1275],[-109.2395,44.0588],[-109.1407,44.0385],[-109.0761,43.9855],[-109.107,43.9464],[-109.0706,43.9226],[-109.0365,43.9305],[-109.0033,43.9094],[-108.8925,43.9089],[-108.8939,43.8757],[-108.9342,43.865],[-108.9042,43.824],[-108.9498,43.8225],[-108.9692,43.7516],[-109.0385,43.7336],[-109.0119,43.7063],[-109.0321,43.6728],[-109.113,43.6885],[-109.1196,43.6687],[-109.1963,43.5988],[-109.2649,43.6258],[-109.2959,43.5881],[-109.3654,43.6644],[-109.4013,43.6539],[-109.4701,43.6891],[-109.5291,43.6581],[-109.6184,43.6722],[-109.6671,43.6448],[-109.7303,43.6564],[-109.7784,43.6854],[-109.8089,43.7242],[-109.8464,43.7099],[-109.8248,43.6555],[-109.8866,43.6464],[-109.8833,43.6214],[-109.8054,43.6032],[-109.7198,43.5376],[-109.6343,43.4907],[-109.5158,43.4501],[-109.4647,43.3785],[-109.3943,43.3216],[-109.3875,43.3016],[-109.3151,43.2604],[-109.2797,43.2284],[-109.2393,43.1528],[-109.202,43.1603],[-109.1417,43.119],[-109.1178,43.0375],[-109.0807,42.9803],[-109.0403,42.9688],[-108.9366,42.8868],[-108.9317,42.8427],[-108.8986,42.8146],[-108.887,42.7804],[-108.7984,42.7406],[-108.7575,42.6663],[-108.7655,42.6229],[-108.6872,42.6125],[-108.5667,42.5437],[-108.5361,42.4926],[-108.5851,42.4734],[-108.6342,42.5168],[-108.7157,42.4989],[-108.766,42.5127],[-108.8322,42.4846],[-108.8966,42.4819],[-109.0344,42.5099],[-109.0696,42.5515],[-109.1645,42.5531],[-109.218,42.574],[-109.3204,42.5872],[-109.3553,42.6022],[-109.3579,42.6307],[-109.4007,42.6711],[-109.4967,42.7343],[-109.5104,42.7589],[-109.5533,42.7661],[-109.5477,42.8169],[-109.6106,42.8299],[-109.6301,42.8545],[-109.6749,42.8591],[-109.712,42.8875],[-109.7577,42.8982],[-109.7968,42.9715],[-109.8363,42.9618],[-109.8693,42.9921],[-109.8831,43.0494],[-109.9869,43.0715],[-109.9982,43.0997],[-109.9709,43.1249],[-109.9741,43.1886],[-110.0115,43.2414],[-110.0139,43.269],[-109.9932,43.3474],[-110.0398,43.3462],[-110.0524,43.2839],[-110.0286,43.2095],[-110.0427,43.1839],[-110.1216,43.1892],[-110.1271,43.164],[-110.1864,43.1407],[-110.1964,43.0864],[-110.3014,43.0681],[-110.386,43.0222],[-110.389,42.9773],[-110.3617,42.9398],[-110.4415,42.8853],[-110.4654,42.817],[-110.4435,42.7763],[-110.4167,42.6892],[-110.3724,42.6102],[-110.4359,42.5893],[-110.4121,42.5478],[-110.4113,42.5057],[-110.372,42.4157],[-110.3583,42.345],[-110.3031,42.3305],[-110.3032,42.2624],[-110.3926,42.2995],[-110.4133,42.2839],[-110.4228,42.2236],[-110.4072,42.159],[-110.4803,42.1892],[-110.5149,42.1638],[-110.5566,42.1948],[-110.5787,42.1721],[-110.5499,42.0615],[-110.5577,41.9844],[-110.6068,41.9569],[-110.619,42.0999],[-110.6724,42.1479],[-110.7342,42.1673],[-110.7676,42.1361],[-110.7523,42.0607],[-110.7809,42.0029],[-110.8568,42.015],[-110.8473,42.1038],[-110.8505,42.1722],[-110.8393,42.2112],[-110.8627,42.2477],[-110.9075,42.2023],[-110.9395,42.1075],[-111.0216,42.2399],[-111.0207,42.3303],[-111.0439,42.377],[-111.0481,42.42],[-111.1187,42.4439],[-111.1482,42.4132],[-111.193,42.442],[-111.1733,42.3646],[-111.1797,42.3448],[-111.2418,42.3533],[-111.2733,42.3698],[-111.3198,42.4594],[-111.3574,42.4454],[-111.3554,42.3786],[-111.416,42.273],[-111.3923,42.0488],[-111.4104,41.9892],[-111.3942,41.9236],[-111.3631,41.8945],[-111.3882,41.8446],[-111.3857,41.807],[-111.34,41.7674],[-111.32,41.6823],[-111.3287,41.6378],[-111.3276,41.5436],[-111.314,41.4637],[-111.3203,41.4377],[-111.2743,41.3956],[-111.252,41.3109],[-111.2611,41.2423],[-111.2221,41.2046],[-111.2482,41.141],[-111.2118,41.1426],[-111.1289,41.1902],[-111.0825,41.1828],[-111.0869,41.0807],[-111.0766,40.9622],[-111.0048,40.9636],[-110.9836,40.9535],[-110.9011,40.9917],[-110.8501,40.945],[-110.8073,40.9575],[-110.841,41.0065],[-110.7756,41.0674],[-110.7337,41.0615],[-110.6466,41.0837],[-110.6347,41.1189],[-110.5892,41.1311],[-110.5711,41.0969],[-110.528,41.1281],[-110.4883,41.0585],[-110.4305,41.0819],[-110.3965,41.0677],[-110.3422,41.0807],[-110.3111,41.1023],[-110.2569,41.0988],[-110.2282,41.1283],[-110.1873,41.1166],[-110.1984,41.0689],[-110.2529,41.0343],[-110.297,40.9909],[-110.2397,40.9629],[-110.2071,40.9319],[-110.1563,40.9416],[-110.0016,40.9437],[-109.9498,40.9874],[-109.8788,40.9922],[-109.8664,40.9593],[-109.8082,40.9671],[-109.711,40.937],[-109.6143,40.9749],[-109.5376,40.9484],[-109.4719,40.9638],[-109.3825,40.9723],[-109.3832,40.9423],[-109.3217,40.907],[-109.2681,40.9102],[-109.2544,40.868],[-109.3052,40.7892],[-109.3583,40.7927],[-109.3687,40.7388],[-109.4451,40.7284],[-109.5097,40.6789],[-109.5361,40.676],[-109.6135,40.5889],[-109.7956,40.5976],[-109.8251,40.6081],[-109.8867,40.5742],[-109.93,40.5977],[-109.984,40.5885],[-110.0172,40.5649],[-110.053,40.5775],[-110.0922,40.6143],[-110.1543,40.5532],[-110.301,40.5418],[-110.3328,40.5553],[-110.3754,40.5279],[-110.4341,40.5351],[-110.5027,40.5856],[-110.5263,40.5693],[-110.4798,40.5347],[-110.4925,40.4968],[-110.5771,40.5205],[-110.5858,40.4856],[-110.5732,40.399],[-110.6209,40.3844],[-110.6965,40.4775],[-110.8189,40.4874],[-110.8979,40.4777],[-110.963,40.4552],[-110.928,40.4147],[-110.8493,40.3964],[-110.818,40.407],[-110.7451,40.363],[-110.7843,40.3224],[-110.8214,40.3325],[-110.8653,40.3699],[-110.8925,40.297],[-110.9553,40.2902],[-111.0438,40.3431],[-111.0447,40.2662],[-111.0298,40.2459],[-110.9841,40.2387],[-110.9485,40.1885],[-110.897,40.1707],[-110.9269,40.1405],[-110.9773,40.1346],[-110.9728,40.0913],[-110.9097,40.0503],[-110.9336,40.0205],[-110.8561,40.0171],[-110.8133,40.0267],[-110.8163,39.965],[-110.7503,39.9125],[-110.5785,39.8698],[-110.4555,39.8196],[-110.4842,39.7905],[-110.4751,39.753],[-110.5407,39.749],[-110.5703,39.7218],[-110.6486,39.7297],[-110.6509,39.7536],[-110.7349,39.7235],[-110.7789,39.7568],[-110.8405,39.7662],[-110.9406,39.8038],[-111.0243,39.7263],[-111.0841,39.6926],[-111.1284,39.6525],[-111.1374,39.6076],[-111.1894,39.6022],[-111.2275,39.538],[-111.2155,39.4543],[-111.1787,39.391],[-111.1058,39.3407],[-111.1556,39.3021],[-111.2076,39.3814],[-111.2371,39.3678],[-111.204,39.3256],[-111.1765,39.2624],[-111.1413,39.211],[-111.1684,39.1902],[-111.2142,39.1902],[-111.188,39.1338],[-111.2487,39.112],[-111.2303,39.0758],[-111.237,39.0169],[-111.2915,38.9908],[-111.2946,38.9652],[-111.3918,38.96],[-111.3783,38.9179],[-111.4397,38.878],[-111.4239,38.8466],[-111.4089,38.7013],[-111.42,38.67],[-111.407,38.6315],[-111.4652,38.5801],[-111.4216,38.4566],[-111.4128,38.3475],[-111.4334,38.3213],[-111.4743,38.3078],[-111.4746,38.2717],[-111.428,38.252],[-111.3447,38.1869],[-111.3118,38.1449],[-111.3053,38.1042],[-111.2726,38.0572],[-111.2903,38.0139],[-111.3461,37.9852],[-111.3907,37.9757],[-111.4524,37.9922],[-111.4872,37.962],[-111.6187,37.9505],[-111.6647,37.9361],[-111.728,37.8823],[-111.7923,37.8968],[-111.7922,37.8582],[-111.8502,37.8059],[-111.85,37.7482],[-111.8816,37.6798],[-111.9269,37.7275],[-111.9354,37.7601],[-111.9087,37.8378],[-111.9551,37.8764],[-111.9716,37.8662],[-111.9927,37.8082],[-111.9817,37.7413],[-111.9908,37.717],[-112.0446,37.737],[-112.0861,37.6963],[-112.1415,37.6727],[-112.1767,37.5829],[-112.2254,37.5813],[-112.2646,37.5103],[-112.2518,37.4608],[-112.3258,37.4191],[-112.3911,37.4052],[-112.4225,37.433],[-112.4621,37.415],[-112.5074,37.4311],[-112.5293,37.4115],[-112.5691,37.4111],[-112.5766,37.4566],[-112.6134,37.4589],[-112.6414,37.4112],[-112.7001,37.4187],[-112.7778,37.5017],[-112.8087,37.4903],[-112.8323,37.4142],[-112.8884,37.407],[-112.8948,37.4735],[-112.9602,37.4717],[-112.9769,37.4387],[-113.0117,37.4593],[-113.0415,37.4405],[-113.0434,37.3647],[-113.0838,37.3832],[-113.0717,37.4399],[-113.1057,37.4659],[-113.1409,37.4696],[-113.1331,37.5052],[-113.1765,37.5338],[-113.1556,37.5638],[-113.1546,37.6054],[-113.1033,37.6111],[-113.0558,37.6714],[-113.0463,37.7201],[-112.9843,37.7682],[-112.8977,37.8071],[-112.8154,37.8361],[-112.7526,37.8877],[-112.6654,38.0526],[-112.665,38.0833],[-112.611,38.1212],[-112.5737,38.1285],[-112.5215,38.112],[-112.5044,38.1496],[-112.5434,38.1839],[-112.5832,38.2552],[-112.5398,38.3269],[-112.5796,38.4208],[-112.5989,38.5058],[-112.5772,38.5781],[-112.5824,38.6369],[-112.5625,38.658],[-112.5752,38.6956],[-112.5047,38.7409],[-112.4369,38.749],[-112.3863,38.7717],[-112.3706,38.8088],[-112.3818,38.8466],[-112.372,38.8791],[-112.3091,38.9645],[-112.2351,39.0002],[-112.175,39.0821],[-112.19,39.1194],[-112.1678,39.1515],[-112.1792,39.199],[-112.1479,39.2253],[-112.1216,39.2164],[-112.0885,39.1397],[-112.0979,39.0269],[-112.0214,38.9063],[-112.0254,38.869],[-112.1099,38.7935],[-112.1867,38.7023],[-112.2334,38.6656],[-112.2774,38.5945],[-112.2261,38.5718],[-112.2093,38.5296],[-112.1609,38.5171],[-112.0942,38.5998],[-112.0712,38.6476],[-112.0142,38.7036],[-111.9254,38.7464],[-111.8946,38.8254],[-111.8557,38.8635],[-111.8255,38.928],[-111.8333,38.9512],[-111.7953,38.996],[-111.7487,39.0046],[-111.705,39.0959],[-111.6945,39.1759],[-111.7119,39.1987],[-111.688,39.237],[-111.728,39.2468],[-111.7619,39.2095],[-111.8203,39.2142],[-111.8442,39.2705],[-111.874,39.3009],[-111.8633,39.3837],[-111.9155,39.3981],[-111.9021,39.4358],[-111.8289,39.5562],[-111.8237,39.6215],[-111.8395,39.6558],[-111.8082,39.7112],[-111.8295,39.7843],[-111.8094,39.8484],[-111.7976,39.9493],[-111.7245,40.0189],[-111.6518,40.0236],[-111.616,40.07],[-111.5827,40.0799],[-111.5518,40.135],[-111.6257,40.2166],[-111.6526,40.3097],[-111.7433,40.4095],[-111.753,40.4629],[-111.7794,40.4733],[-111.8528,40.4449],[-111.8949,40.4722],[-111.8459,40.4972],[-111.7891,40.5844],[-111.8028,40.6545],[-111.7806,40.6782],[-111.8129,40.7514],[-111.8511,40.7851],[-111.8883,40.7879],[-111.9154,40.8234],[-111.8706,40.8566],[-111.8517,40.8912],[-111.9022,41.0484],[-111.9069,41.0964],[-111.8946,41.1347],[-111.9245,41.1641],[-111.924,41.2375],[-111.9444,41.2715],[-111.9526,41.3376],[-112.0246,41.366],[-112.0316,41.4461],[-111.9874,41.5086],[-112.049,41.6139],[-112.0506,41.6606],[-112.0714,41.6929],[-112.0821,41.7452],[-112.0602,41.7612],[-112.0209,41.725],[-111.985,41.6673],[-111.9236,41.5946],[-111.8999,41.5896],[-111.8225,41.5356],[-111.8001,41.4679],[-111.7736,41.5188],[-111.8038,41.6628],[-111.7956,41.7261],[-111.7721,41.7712],[-111.7862,41.8358],[-111.767,41.961],[-111.7294,42.0163],[-111.7177,42.0727],[-111.7386,42.158],[-111.7036,42.2455],[-111.6784,42.2687],[-111.6801,42.3257],[-111.653,42.442],[-111.6574,42.4934],[-111.6834,42.5421],[-111.7038,42.6332],[-111.6874,42.6456],[-111.6294,42.6186],[-111.5413,42.5963],[-111.4735,42.5263],[-111.4284,42.5231],[-111.4323,42.5797],[-111.491,42.6301],[-111.5394,42.7204],[-111.5288,42.7796],[-111.5054,42.8147],[-111.4942,42.9055],[-111.4652,42.9429],[-111.4773,42.9932],[-111.5706,43.0315],[-111.5948,43.075],[-111.675,43.1731],[-111.7204,43.2127],[-111.6983,43.3489],[-111.6508,43.3671],[-111.6478,43.3942],[-111.6986,43.4175],[-111.6782,43.4644],[-111.6885,43.5093],[-111.6518,43.5121],[-111.6363,43.549],[-111.5526,43.534],[-111.4829,43.5028],[-111.4328,43.4986],[-111.4354,43.5548],[-111.4895,43.6003],[-111.5463,43.6063],[-111.5994,43.5943],[-111.6433,43.6048],[-111.6607,43.6591],[-111.6229,43.6793],[-111.5395,43.6966],[-111.4655,43.7236],[-111.3728,43.8147],[-111.3413,43.821],[-111.2914,43.7816],[-111.2079,43.6581],[-111.187,43.5972],[-111.164,43.5766],[-111.1019,43.569],[-111.0826,43.624],[-111.0096,43.7618],[-111.0086,43.8079],[-111.0484,43.8188],[-111.0965,43.8666],[-111.16,43.9966],[-111.1766,44.0432],[-111.2231,44.0618],[-111.2791,44.1058],[-111.3374,44.123],[-111.3879,44.1052],[-111.5078,44.1401],[-111.5585,44.1868],[-111.5616,44.2157],[-111.5997,44.2381],[-111.6159,44.2779],[-111.6793,44.3088],[-111.6659,44.3417],[-111.7087,44.3612],[-111.688,44.3913],[-111.6227,44.4111],[-111.5616,44.4102],[-111.4655,44.426],[-111.4324,44.4632],[-111.499,44.4665],[-111.6047,44.4967],[-111.6499,44.492],[-111.7785,44.4462],[-111.8447,44.4786],[-111.8904,44.4803],[-111.9377,44.4358],[-111.9382,44.3859],[-111.9965,44.3488],[-112.0624,44.3563],[-112.1385,44.3523],[-112.1813,44.3618],[-112.2146,44.3248],[-112.2942,44.3232],[-112.385,44.2936],[-112.4033,44.2739],[-112.4147,44.2171],[-112.4494,44.1992],[-112.4995,44.1475],[-112.5565,44.1237],[-112.5847,44.0867],[-112.6534,44.0377],[-112.6963,44.018],[-112.7049,43.9748],[-112.7675,43.9137],[-112.7881,43.8612],[-112.8383,43.81],[-112.9361,43.7473],[-113.0113,43.6769],[-113.0955,43.6315],[-113.1963,43.5994],[-113.2492,43.5949],[-113.2764,43.5777],[-113.4154,43.554],[-113.4313,43.5754],[-113.5031,43.5361],[-113.5598,43.5265],[-113.5494,43.4927],[-113.6201,43.4396],[-113.6326,43.4109],[-113.6727,43.3919],[-113.7958,43.3721],[-113.8413,43.3859],[-113.9505,43.3387],[-113.9828,43.3375],[-113.9538,43.2796],[-113.9734,43.2721],[-114.0611,43.3304],[-114.1774,43.3705],[-114.2521,43.4686],[-114.2862,43.4984],[-114.3184,43.5712],[-114.3486,43.5589],[-114.2737,43.4506],[-114.3065,43.3997],[-114.2928,43.3758],[-114.3424,43.325],[-114.3818,43.3471],[-114.4229,43.3981],[-114.4406,43.3489],[-114.4804,43.3499],[-114.5619,43.3819],[-114.6536,43.3999],[-114.6939,43.3959],[-114.7928,43.4216],[-114.8747,43.392],[-114.893,43.4152],[-114.946,43.39],[-115.0106,43.3802],[-114.9977,43.3559],[-115.052,43.3378],[-115.2423,43.3474],[-115.3145,43.2972],[-115.3825,43.3277],[-115.4483,43.3286],[-115.5441,43.3047],[-115.5811,43.2825],[-115.6498,43.2612],[-115.7358,43.3071],[-115.8691,43.4098],[-115.9256,43.462],[-116.0072,43.5114],[-116.061,43.5121],[-116.1022,43.5705],[-116.1022,43.6148],[-116.15,43.6686],[-116.2085,43.7027],[-116.2804,43.7863],[-116.3802,43.8211],[-116.3651,43.8634],[-116.4042,43.9076],[-116.2834,43.9119],[-116.2966,43.9657],[-116.2915,44.0108],[-116.2356,44.0946],[-116.2601,44.1828],[-116.2537,44.2267],[-116.2043,44.3311],[-116.2273,44.3519],[-116.2904,44.3608],[-116.3197,44.3882],[-116.2975,44.5212],[-116.3426,44.6063],[-116.3234,44.6855],[-116.3598,44.7185],[-116.4009,44.7306],[-116.3796,44.779],[-116.4002,44.8201],[-116.4713,44.8354],[-116.5022,44.791],[-116.473,44.7255],[-116.5097,44.6807],[-116.6344,44.6166],[-116.7128,44.6197],[-116.7349,44.6079],[-116.7047,44.5453],[-116.7598,44.5489],[-116.8001,44.5171],[-116.7989,44.456],[-116.7725,44.4184],[-116.8314,44.3964],[-116.9035,44.3956],[-116.9968,44.3217],[-117.0656,44.3606],[-117.1158,44.3449],[-117.1381,44.2903],[-117.1796,44.2969],[-117.1836,44.3287],[-117.2688,44.3592],[-117.3092,44.358],[-117.3134,44.3232],[-117.2937,44.2758],[-117.3868,44.2376],[-117.4567,44.2419],[-117.5134,44.2675],[-117.5709,44.2748],[-117.579,44.1902],[-117.4499,44.0715],[-117.5647,44.0413],[-117.5982,44.0611],[-117.7654,44.0721],[-117.7721,44.0348],[-117.8227,44.0365],[-117.8865,44.0027],[-117.8301,43.9726],[-117.8315,43.9232],[-117.8014,43.9049],[-117.8202,43.8545],[-117.897,43.8465],[-117.9836,43.8918],[-118.0224,43.8739],[-118.0549,43.8103],[-118.1064,43.7963],[-118.1542,43.8177],[-118.2129,43.8161],[-118.231,43.8743],[-118.2683,43.8638],[-118.3551,43.9196],[-118.3886,43.8886],[-118.3634,43.8552],[-118.3979,43.8242],[-118.4189,43.8677],[-118.4993,43.8769],[-118.5182,43.8924],[-118.4968,43.9263],[-118.5475,43.943],[-118.6583,43.9451],[-118.6396,43.895],[-118.6573,43.8752],[-118.6308,43.8163],[-118.5983,43.8082],[-118.5682,43.7396],[-118.5719,43.7079],[-118.611,43.6579],[-118.6933,43.633],[-118.7665,43.6368],[-118.8009,43.6551],[-118.9565,43.6221],[-118.9954,43.6405],[-119.0278,43.628],[-119.0823,43.6505],[-119.1116,43.637],[-119.0933,43.5391],[-119.1249,43.5252],[-119.2898,43.5375],[-119.377,43.5712],[-119.4094,43.6025],[-119.4234,43.6398],[-119.4727,43.645],[-119.5964,43.6207],[-119.6709,43.6866],[-119.7649,43.6728],[-119.7712,43.6316],[-119.794,43.6151],[-119.8728,43.6439],[-119.8854,43.6982],[-119.9432,43.7578],[-119.9675,43.8354],[-120.0192,43.839],[-120.0523,43.9099],[-120.1127,43.8439],[-120.1306,43.7952],[-120.1295,43.7535],[-120.1614,43.7134],[-120.2277,43.6993],[-120.3204,43.7606],[-120.3358,43.8154],[-120.3164,43.8398],[-120.3357,43.876],[-120.3899,43.8819],[-120.4421,43.9051],[-120.4876,43.8868],[-120.5653,43.8837],[-120.6494,43.9184],[-120.7135,43.9609],[-120.7604,43.9233],[-120.8005,43.9357],[-120.854,43.9314],[-120.9224,43.94],[-121.0904,43.8693],[-121.0079,43.8197],[-120.9419,43.8405],[-120.8694,43.8369],[-120.858,43.82],[-120.9066,43.7835],[-120.8857,43.7662],[-120.7993,43.7561],[-120.779,43.7262],[-120.8036,43.6574],[-120.7622,43.6236],[-120.7624,43.5688],[-120.7925,43.5444],[-120.8388,43.533],[-120.8958,43.5448],[-120.9765,43.5461],[-121.0282,43.5145],[-121.0877,43.4634],[-121.1603,43.4272],[-121.1958,43.3685],[-121.1823,43.2361],[-121.1603,43.2025],[-121.2119,43.1975],[-121.24,43.1697],[-121.2086,43.1363],[-121.2638,43.1116],[-121.2802,43.0846],[-121.2316,43.0771],[-121.2116,43.0462],[-121.0941,43.0603],[-121.0209,43.0518],[-120.9808,43.0664],[-120.848,43.0283],[-120.7919,43.027],[-120.7831,42.9921],[-120.82,42.9084],[-120.7982,42.7923],[-120.7555,42.7354],[-120.672,42.6989],[-120.5908,42.718],[-120.5297,42.6767],[-120.4941,42.5462],[-120.4737,42.5017],[-120.4277,42.4546],[-120.3002,42.4614],[-120.2846,42.4114],[-120.2271,42.4346],[-120.1712,42.4318],[-120.1251,42.3875],[-120.1342,42.3479],[-120.0909,42.3042],[-120.1057,42.2695],[-120.1574,42.2334],[-120.1439,42.2121],[-120.1726,42.166],[-120.152,42.1406],[-120.1583,42.1012],[-120.1361,42.0698],[-120.0937,42.0693],[-120.0714,42.0311],[-120.0808,41.9894],[-120.1279,41.9146],[-120.2647,41.8315],[-120.2478,41.7615],[-120.2566,41.7241],[-120.2496,41.6667],[-120.1785,41.4648],[-120.155,41.3224],[-120.1325,41.2582],[-120.1056,41.1164],[-120.1168,40.9942],[-120.1879,40.9388],[-120.3498,40.9381],[-120.4629,40.92],[-120.7555,40.8993],[-120.7853,40.9057],[-120.8286,40.9582],[-120.8862,40.9835],[-120.9609,40.9638],[-120.9762,40.9348],[-120.9657,40.8999],[-120.8812,40.8532],[-120.8178,40.7842],[-120.7804,40.6908],[-120.7312,40.6752],[-120.6857,40.6138],[-120.5559,40.5375],[-120.5236,40.4955],[-120.5036,40.4099],[-120.5206,40.3245],[-120.5062,40.2653],[-120.4281,40.2008],[-120.3112,40.1491],[-120.2432,40.087],[-120.2124,40.0749],[-120.1424,40.0131],[-120.0874,39.8912],[-120.0957,39.8384],[-120.1463,39.7805],[-120.2132,39.7646],[-120.2793,39.7603],[-120.3244,39.7431],[-120.344,39.67],[-120.2921,39.6294],[-120.2121,39.656],[-120.1715,39.6378],[-120.0954,39.6823],[-120.0385,39.6344],[-119.9321,39.6177],[-119.8794,39.5836],[-119.8922,39.5558],[-119.9469,39.5426],[-119.9615,39.5091],[-119.8819,39.4932],[-119.8364,39.4606],[-119.8325,39.4077],[-119.8135,39.3316],[-119.8433,39.2859],[-119.8432,39.2427],[-119.8156,39.2219],[-119.8108,39.1658],[-119.8464,39.0927],[-119.8334,39.0354],[-119.8478,39.0084],[-119.8489,38.9413],[-119.8312,38.8893],[-119.773,38.7673],[-119.7239,38.7306],[-119.6719,38.6699],[-119.6392,38.5967],[-119.6065,38.5472],[-119.5497,38.4927],[-119.5013,38.4201],[-119.505,38.3295],[-119.4593,38.2779],[-119.3889,38.2623],[-119.3295,38.2214],[-119.3224,38.1924],[-119.3775,38.1462],[-119.3594,38.0848],[-119.2724,38.0185],[-119.2125,37.913],[-119.1765,37.8166],[-119.1324,37.7509],[-119.1113,37.7494],[-119.0295,37.8196],[-118.9259,37.8491],[-118.8614,37.8463],[-118.7863,37.8178],[-118.7336,37.7642],[-118.7283,37.7321],[-118.7626,37.7174],[-118.8689,37.7344],[-118.9025,37.729],[-118.9313,37.6729],[-118.912,37.5949],[-118.8703,37.5311],[-118.8423,37.5098],[-118.7596,37.4911],[-118.6789,37.4398],[-118.6443,37.3767],[-118.6353,37.3128],[-118.6134,37.26],[-118.5886,37.2387],[-118.5011,37.1975],[-118.484,37.1711],[-118.472,37.1065],[-118.4363,37.0626],[-118.3877,36.9828],[-118.3314,36.8728],[-118.2823,36.7259],[-118.2389,36.6328],[-118.173,36.5423],[-118.0964,36.3727],[-118.0396,36.175],[-117.986,36.0176],[-117.9662,35.8673],[-117.9671,35.7886],[-118.0083,35.715],[-118.0396,35.7062],[-118.1344,35.732],[-118.1879,35.7369],[-118.2368,35.7011],[-118.27,35.6553],[-118.2839,35.5635],[-118.2537,35.3747],[-118.267,35.2991],[-118.3233,35.2212],[-118.3507,35.1651],[-118.3992,35.0927],[-118.45,34.9867],[-118.5158,34.9167],[-118.5597,34.8936],[-118.6288,34.8386],[-118.6518,34.8019],[-118.6297,34.7557],[-118.576,34.7214],[-118.4986,34.6883],[-118.2839,34.6256],[-118.1804,34.5833],[-118.0888,34.5044],[-117.9961,34.4659],[-117.8317,34.4229],[-117.5683,34.3956],[-117.387,34.3701],[-117.2094,34.3577],[-116.9674,34.3324],[-116.8765,34.3124],[-116.7836,34.3017],[-116.7046,34.2854],[-116.6205,34.2587],[-116.5452,34.1938],[-116.5384,34.1371],[-116.5578,34.1001],[-116.7364,33.9831],[-116.7523,33.9563],[-116.7492,33.91],[-116.6918,33.8605],[-116.616,33.8209],[-116.5854,33.7633],[-116.5871,33.7204],[-116.5395,33.6692],[-116.425,33.6209],[-116.3306,33.5395],[-116.3093,33.4952],[-116.3034,33.4424],[-116.3291,33.434],[-116.3964,33.4569],[-116.4876,33.4777],[-116.5147,33.4692],[-116.5268,33.4357],[-116.4876,33.3474],[-116.4674,33.2657],[-116.469,33.1995],[-116.4896,33.1359],[-116.4754,33.0794],[-116.4256,33.0381],[-116.3219,32.8951],[-116.224,32.7416],[-116.0958,32.6194],[-116.0536,32.6202],[-116.0272,32.5763],[-116.0178,32.493],[-115.9871,32.5109],[-115.9194,32.4983],[-115.8741,32.432],[-115.8669,32.32],[-115.8955,32.2654],[-115.8714,32.1856],[-115.8821,32.1543],[-115.8246,32.1367],[-115.7999,32.1039],[-115.8327,32.0708],[-115.7853,32.0492],[-115.8002,32.0044],[-115.7826,31.9748],[-115.7678,31.866],[-115.7223,31.8454],[-115.6775,31.8078],[-115.6995,31.7544],[-115.7014,31.7059],[-115.6671,31.6954],[-115.6676,31.6559],[-115.6065,31.6602],[-115.6132,31.6244],[-115.5562,31.5784],[-115.5546,31.5388],[-115.5197,31.5193],[-115.5395,31.4433],[-115.5098,31.3727],[-115.4828,31.3407],[-115.5954,31.3564],[-115.6162,31.3873],[-115.6755,31.3713],[-115.7433,31.4058],[-115.7876,31.3977],[-115.7927,31.3465],[-115.7355,31.3096],[-115.7343,31.2853],[-115.6705,31.311],[-115.6519,31.3035],[-115.5915,31.2421],[-115.588,31.278],[-115.556,31.2918],[-115.5136,31.2775],[-115.4971,31.2205],[-115.4995,31.1855],[-115.4578,31.1829],[-115.4558,31.1532],[-115.3717,31.0616],[-115.3258,31.0606],[-115.2798,30.985],[-115.3179,30.9228],[-115.3258,30.8582],[-115.2773,30.8203],[-115.27,30.7941],[-115.2213,30.7624],[-115.2501,30.7459],[-115.2561,30.7029],[-115.2762,30.67],[-115.2547,30.6119],[-115.1934,30.5827],[-115.1435,30.5321],[-115.141,30.4438],[-115.1014,30.4222],[-115.1018,30.3879],[-115.1762,30.3873],[-115.1951,30.3684],[-115.2388,30.3675],[-115.279,30.4008],[-115.2659,30.4176],[-115.2169,30.4202],[-115.2973,30.4877],[-115.3206,30.4773],[-115.3723,30.5117],[-115.3873,30.5769],[-115.4525,30.562],[-115.4861,30.5267],[-115.4972,30.4837],[-115.4491,30.4386],[-115.4491,30.3854],[-115.4827,30.3789],[-115.5142,30.3165],[-115.5631,30.3156],[-115.5816,30.2142],[-115.4948,30.2043],[-115.4901,30.1385],[-115.4705,30.111],[-115.4915,30.052],[-115.4905,30.024],[-115.465,29.9604],[-115.396,29.8995],[-115.3992,29.8463],[-115.372,29.8268],[-115.3612,29.7869],[-115.3892,29.7081],[-115.368,29.696],[-115.3036,29.7045],[-115.2891,29.679],[-115.2999,29.6413],[-115.2874,29.5932],[-115.3671,29.5642],[-115.4192,29.5963],[-115.3843,29.5633],[-115.2969,29.5395],[-115.2441,29.5115],[-115.1801,29.4319],[-115.0712,29.4148],[-115.0034,29.3803],[-114.9626,29.3727],[-114.7947,29.2104],[-114.742,29.1798],[-114.6949,29.1109],[-114.6374,29.1006],[-114.6026,29.0526],[-114.5929,28.9847],[-114.5793,28.9663],[-114.5134,28.933],[-114.4752,28.9308],[-114.4007,28.8747],[-114.3355,28.7483],[-114.2204,28.6666],[-114.1684,28.6521],[-114.1122,28.5621],[-114.0653,28.5169],[-114.0443,28.468],[-114.0503,28.4067],[-114.0991,28.2888],[-114.0546,28.2009],[-114.097,28.1361],[-114.1064,28.105],[-114.0896,28.0461],[-114.0347,28.0436],[-114.1019,27.9449],[-114.1324,27.9633],[-114.1464,28.0113],[-114.1235,28.0533],[-114.1397,28.0789],[-114.1994,28.0045],[-114.2624,27.9428],[-114.2578,27.8909],[-114.1725,27.9505],[-114.1527,27.9455],[-114.1301,27.8817],[-114.1764,27.8227],[-114.1741,27.788],[-114.1413,27.7299],[-114.0993,27.7074],[-114.0215,27.7463],[-113.9814,27.7553],[-113.9273,27.7263],[-113.9154,27.7015],[-113.9515,27.6561],[-114.0442,27.6629],[-114.0768,27.6172],[-114.0992,27.61],[-114.1435,27.6624],[-114.2344,27.7008],[-114.2796,27.7342],[-114.3129,27.7824],[-114.2898,27.8362],[-114.2911,27.8638],[-114.3351,27.8696],[-114.4038,27.8173],[-114.4945,27.7767],[-114.5363,27.7873],[-114.6124,27.7758],[-114.7144,27.7959],[-114.8591,27.8306],[-114.9561,27.8269],[-115.0106,27.8335],[-115.0562,27.8627],[-115.0757,27.8437],[-115.0493,27.8187],[-115.0035,27.7176],[-114.8579,27.6889],[-114.8448,27.6454],[-114.7795,27.6049],[-114.7329,27.5243],[-114.5976,27.476],[-114.5318,27.4356],[-114.4934,27.3905],[-114.4859,27.341],[-114.4835,27.2273],[-114.4743,27.2161],[-114.313,27.1458],[-114.2324,27.1495],[-114.149,27.1238],[-114.0865,27.0849],[-114.0448,27.0197],[-114.0001,26.971],[-113.9596,26.9966],[-113.8996,26.9879],[-113.8414,26.967],[-113.7753,26.9122],[-113.7362,26.824],[-113.6966,26.7942],[-113.6215,26.7218],[-113.5773,26.7084],[-113.5455,26.7225],[-113.5045,26.7891],[-113.4656,26.8024],[-113.4097,26.8051],[-113.3454,26.7926],[-113.2738,26.7493],[-113.2519,26.8371],[-113.1972,26.8564],[-113.1953,26.9344],[-113.1545,26.9837],[-113.1285,26.895],[-113.1389,26.8559],[-113.1969,26.7965],[-113.1792,26.7589],[-113.1423,26.7578],[-113.0718,26.6643],[-113.0534,26.5982],[-112.9916,26.5447],[-112.908,26.4988],[-112.6986,26.3513],[-112.6121,26.3135],[-112.5053,26.2363],[-112.4431,26.257],[-112.38,26.2247],[-112.3267,26.1541],[-112.3072,26.0979],[-112.2783,26.061],[-112.2279,26.0335],[-112.1878,25.9871],[-112.1062,25.7939],[-112.0911,25.6881],[-112.0664,25.6551],[-112.0616,25.5438],[-112.0941,25.362],[-112.0688,25.3503],[-112.0745,25.2443],[-112.1116,25.2341],[-112.1439,25.1328],[-112.1494,25.0721],[-112.1141,25.059],[-112.125,25.001],[-112.1682,24.938],[-112.1572,24.862],[-112.1824,24.851],[-112.1737,24.8182],[-112.1413,24.802],[-112.1338,24.9486],[-112.0931,24.9658],[-112.113,24.886],[-112.1032,24.782],[-112.0227,24.7363],[-111.9299,24.7363],[-111.8581,24.6652],[-111.8144,24.5783],[-111.8183,24.5296],[-111.7717,24.5157],[-111.7631,24.5427],[-111.6996,24.5369],[-111.6836,24.583],[-111.6406,24.5579],[-111.6126,24.4675],[-111.5772,24.4304],[-111.5245,24.411],[-111.4511,24.3377],[-111.4525,24.3257],[-111.2343,24.2238],[-111.1596,24.1739],[-111.0463,24.1117],[-110.9137,24],[-110.2353,24],[-110.2123,24.0163],[-110.2301,24.0719],[-110.2151,24.1405],[-110.2177,24.1982],[-110.2643,24.1972],[-110.2486,24.1624],[-110.277,24.1478],[-110.3005,24.1879],[-110.3458,24.1162],[-110.4142,24.1128],[-110.4258,24.1657],[-110.5577,24.2121],[-110.6063,24.2561],[-110.6713,24.3513],[-110.6875,24.4085],[-110.6849,24.4687],[-110.7288,24.5214],[-110.7392,24.6192],[-110.724,24.6792],[-110.7033,24.6987],[-110.6609,24.7677],[-110.6577,24.7954],[-110.6856,24.8866],[-110.7435,24.956],[-110.7485,24.985],[-110.7939,25.0318],[-110.8579,25.0782],[-110.9081,25.153],[-110.9125,25.1932],[-110.9324,25.2189],[-110.9391,25.2729],[-110.9761,25.342],[-111.0236,25.4535],[-111.0168,25.5137],[-111.111,25.5251],[-111.1799,25.6003],[-111.2197,25.7259],[-111.2707,25.7496],[-111.3037,25.7825],[-111.3251,25.8376],[-111.3546,25.9621],[-111.3291,26.0018],[-111.3136,26.065],[-111.3172,26.098],[-111.3448,26.1271],[-111.3899,26.26],[-111.3736,26.2858],[-111.3799,26.3287],[-111.4156,26.3516],[-111.4586,26.4076],[-111.4658,26.4636],[-111.4514,26.4916],[-111.4564,26.5403],[-111.4898,26.5333],[-111.5618,26.5636],[-111.5674,26.5855],[-111.5575,26.6951],[-111.6029,26.7243],[-111.714,26.8099],[-111.7388,26.8447],[-111.8196,26.8987],[-111.8477,26.8824],[-111.8239,26.8274],[-111.8175,26.7457],[-111.7863,26.6884],[-111.7637,26.6806],[-111.6777,26.5962],[-111.6879,26.5727],[-111.7321,26.5441],[-111.7611,26.555],[-111.803,26.628],[-111.8447,26.6568],[-111.8618,26.7007],[-111.8983,26.7194],[-111.8871,26.7597],[-111.8572,26.7876],[-111.8693,26.8316],[-111.942,26.8897],[-111.9736,26.9374],[-112.0093,26.96],[-112.012,27.021],[-111.9716,27.0659],[-111.9606,27.0948],[-112.1081,27.1381],[-112.1585,27.1642],[-112.2083,27.204],[-112.1968,27.2456],[-112.2402,27.3247],[-112.288,27.3716],[-112.314,27.4311],[-112.3297,27.5188],[-112.4035,27.5853],[-112.5339,27.6421],[-112.5989,27.6653],[-112.6736,27.7235],[-112.701,27.7558],[-112.721,27.8223],[-112.7685,27.8643],[-112.7565,27.9633],[-112.7646,28.0015],[-112.8028,28.0261],[-112.81,28.1248],[-112.7896,28.1908],[-112.8636,28.2769],[-112.8687,28.3315],[-112.847,28.3872],[-112.8566,28.443],[-112.8956,28.4738],[-112.9794,28.4536],[-113.0696,28.4856],[-113.1075,28.526],[-113.1252,28.5996],[-113.1815,28.7282],[-113.1912,28.7982],[-113.2159,28.8289],[-113.2524,28.843],[-113.3155,28.8017],[-113.3448,28.8027],[-113.3647,28.8386],[-113.3584,28.8724],[-113.3878,28.9242],[-113.4315,28.9654],[-113.4746,28.9557],[-113.4813,28.8994],[-113.5129,28.8947],[-113.55,28.9514],[-113.5588,29.0224],[-113.5357,29.041],[-113.5662,29.1194],[-113.6307,29.1775],[-113.6512,29.212],[-113.6288,29.2459],[-113.6345,29.2729],[-113.7665,29.4084],[-113.8239,29.4365],[-113.9339,29.5231],[-113.978,29.5655],[-114.0449,29.605],[-114.1749,29.7121],[-114.2044,29.7446],[-114.2708,29.775],[-114.2939,29.7452],[-114.3347,29.7488],[-114.387,29.7925],[-114.4034,29.8247],[-114.4046,29.8916],[-114.4897,29.9588],[-114.5318,29.9763],[-114.5723,30.0353],[-114.5835,30.0782],[-114.6499,30.1793],[-114.6487,30.2732],[-114.6264,30.4233],[-114.6269,30.4826],[-114.6514,30.558],[-114.6957,30.6275],[-114.7005,30.7137],[-114.6894,30.7393],[-114.7077,30.9071],[-114.7173,30.9368],[-114.7997,30.9731],[-114.8282,30.9974],[-114.8197,31.0399],[-114.8753,31.1074],[-114.8878,31.1634],[-114.8786,31.3478],[-114.8511,31.4469],[-114.8564,31.5215],[-114.8405,31.5824],[-114.7953,31.6104],[-114.7761,31.6463],[-114.7909,31.6889],[-114.8186,31.7215],[-114.8209,31.7975],[-114.8652,31.8128],[-114.915,31.8501],[-114.8946,31.8846],[-114.7723,31.8212],[-114.6834,31.7601],[-114.5915,31.7594],[-114.5445,31.7276],[-114.4905,31.6739],[-114.3386,31.5999],[-114.2805,31.5491],[-114.1694,31.4976],[-114.0445,31.4885],[-113.9417,31.5638],[-113.928,31.596],[-113.8582,31.5846],[-113.6878,31.5194],[-113.6304,31.461],[-113.6012,31.3363],[-113.5485,31.2998],[-113.3175,31.2563],[-113.2001,31.2304],[-113.1219,31.2296],[-113.0352,31.1634],[-113.0552,31.0309],[-113.0906,30.9869],[-113.1022,30.8822],[-113.1203,30.822],[-113.0942,30.7037],[-113.0751,30.6611],[-112.983,30.5326],[-112.897,30.4573],[-112.8508,30.3816],[-112.8337,30.27],[-112.7744,30.2269],[-112.7554,30.1863],[-112.7515,30.1206],[-112.7621,30.0649],[-112.7319,29.995],[-112.7461,29.9179],[-112.7274,29.9026],[-112.6806,29.9037],[-112.6516,29.8699],[-112.652,29.8365],[-112.5797,29.7128],[-112.5499,29.6937],[-112.4968,29.6133],[-112.4318,29.5536],[-112.3828,29.4928],[-112.3793,29.444],[-112.4177,29.3748],[-112.4086,29.3445],[-112.3482,29.2943],[-112.339,29.318],[-112.2695,29.3281],[-112.2309,29.3051],[-112.2107,29.2716],[-112.1958,29.1742],[-112.1624,29.1141],[-112.1706,29.0739],[-112.1498,28.9855],[-112.0911,28.9483],[-112.0317,28.8777],[-111.9587,28.8358],[-111.9168,28.7969],[-111.8821,28.8138],[-111.8534,28.7879],[-111.8511,28.7521],[-111.9026,28.7396],[-111.9181,28.7185],[-111.8437,28.6552],[-111.7697,28.6044],[-111.711,28.4901],[-111.706,28.4648],[-111.5654,28.4096],[-111.4532,28.3762],[-111.4548,28.3148],[-111.3876,28.2694],[-111.3421,28.2091],[-111.2514,28.06],[-111.1848,28.0226],[-111.1006,27.9628],[-111.045,27.9503],[-110.9831,27.9595],[-110.9476,27.879],[-110.8845,27.8407],[-110.8426,27.9564],[-110.7986,27.9219],[-110.6248,27.8837],[-110.5753,27.8848],[-110.5456,27.868],[-110.4795,27.8845],[-110.4481,27.9175],[-110.4423,27.8585],[-110.4174,27.8319],[-110.3936,27.7599],[-110.3548,27.7176],[-110.3208,27.736],[-110.3104,27.7005],[-110.2499,27.6741],[-110.2503,27.6569],[-110.175,27.6138],[-110.1341,27.6248],[-110.1278,27.6709],[-110.1501,27.7184],[-110.1382,27.7462],[-110.1611,27.7693],[-110.1309,27.794],[-110.2058,27.8552],[-110.132,27.8719],[-110.1328,27.8393],[-110.077,27.8301],[-110.0278,27.8011],[-110.0111,27.7356],[-109.9685,27.7302],[-109.9857,27.7749],[-109.9667,27.7998],[-109.9792,27.8282],[-109.9609,27.8649],[-109.9776,27.8897],[-109.9347,27.9286],[-109.9821,27.9893],[-110.033,27.994],[-110.046,27.9653],[-110.0831,27.9506],[-110.1007,27.9808],[-110.1607,27.991],[-110.2029,27.9755],[-110.2402,27.9952],[-110.3077,27.991],[-110.3224,28.007],[-110.2998,28.0427],[-110.2986,28.0797],[-110.3208,28.1165],[-110.3619,28.141],[-110.3915,28.2041],[-110.3547,28.3307],[-110.3865,28.3577],[-110.324,28.4565],[-110.3114,28.4978],[-110.3459,28.5059],[-110.3678,28.4612],[-110.4513,28.5093],[-110.4714,28.4881],[-110.5074,28.5134],[-110.5233,28.4957],[-110.5976,28.5101],[-110.6127,28.5547],[-110.5846,28.6345],[-110.5949,28.6672],[-110.6204,28.6714],[-110.6402,28.727],[-110.6246,28.8333],[-110.5947,28.8723],[-110.5801,28.9126],[-110.5903,28.9499],[-110.553,28.9572],[-110.5614,28.9845],[-110.6331,28.959],[-110.6487,28.9864],[-110.6104,29.0289],[-110.6213,29.077],[-110.6502,29.1084],[-110.665,29.06],[-110.7055,29.0798],[-110.6704,29.1188],[-110.6391,29.1343],[-110.5825,29.1348],[-110.6097,29.1869],[-110.5652,29.1949],[-110.5682,29.2302],[-110.5403,29.2648],[-110.5776,29.3261],[-110.6061,29.3024],[-110.6443,29.333],[-110.6321,29.3968],[-110.6615,29.448],[-110.6592,29.4886],[-110.6912,29.5051],[-110.665,29.569],[-110.7372,29.64],[-110.716,29.6937],[-110.7381,29.714],[-110.7107,29.7666],[-110.7619,29.8164],[-110.7906,29.8251],[-110.7787,29.879],[-110.7872,29.9071],[-110.7591,29.9453],[-110.8134,30.0005],[-110.803,30.0733],[-110.7547,30.0948],[-110.705,30.091],[-110.7017,30.1666],[-110.7311,30.224],[-110.7609,30.2318],[-110.7947,30.2839],[-110.8336,30.3027],[-110.8554,30.3374],[-110.904,30.3456],[-110.9084,30.3736],[-110.8907,30.4093],[-110.9094,30.4835],[-110.9649,30.545],[-111.007,30.5647],[-111.0227,30.5983],[-110.9836,30.6173],[-110.8957,30.5615],[-110.8859,30.5766],[-110.9433,30.6084],[-110.9571,30.6357],[-110.9168,30.6619],[-110.9175,30.7096],[-110.8976,30.7488],[-110.8183,30.7876],[-110.8551,30.8108],[-110.9058,30.7525],[-110.9573,30.6636],[-110.9831,30.6353],[-111.0598,30.6486],[-111.0601,30.6756],[-111.1062,30.7044],[-111.1471,30.6952],[-111.093,30.768],[-111.1169,30.8485],[-111.1698,30.8585],[-111.2179,30.8117],[-111.2551,30.825],[-111.2092,30.8682],[-111.1781,30.9765],[-111.1958,31.019],[-111.1945,31.0676],[-111.2385,31.1026],[-111.2259,31.1428],[-111.1819,31.1869],[-111.2348,31.2031],[-111.2284,31.2453],[-111.2665,31.2684],[-111.304,31.2368],[-111.3852,31.213],[-111.4166,31.2522],[-111.4501,31.251],[-111.4685,31.3051],[-111.5518,31.3347],[-111.5273,31.3732],[-111.5289,31.4545],[-111.5792,31.494],[-111.6548,31.5179],[-111.6391,31.5432],[-111.63,31.6179],[-111.6313,31.7297],[-111.6398,31.8931],[-111.6118,31.9505],[-111.5649,31.9669],[-111.5158,32.0184],[-111.4844,32.029],[-111.4552,32.0106],[-111.4357,31.921],[-111.4355,31.804],[-111.4267,31.7193],[-111.3914,31.6745],[-111.3397,31.6837],[-111.3084,31.7309],[-111.2841,31.8475],[-111.2358,31.9574],[-111.1872,32.0081],[-111.1518,32.024],[-111.1211,32.0178],[-111.0576,31.982],[-111.0303,31.929],[-111.027,31.8541],[-111.0694,31.7827],[-111.0841,31.699],[-111.0587,31.6694],[-111.0155,31.6692],[-110.9666,31.7177],[-110.8696,31.8688],[-110.807,31.9308],[-110.7758,31.9428],[-110.6766,31.9461],[-110.6195,31.964],[-110.6055,32.0131],[-110.6284,32.0779],[-110.6382,32.2204],[-110.6482,32.2518],[-110.702,32.2926],[-110.8226,32.3336],[-110.8493,32.3551],[-110.8592,32.4036],[-110.8181,32.5114],[-110.8613,32.5466],[-110.8958,32.5435],[-110.9978,32.4958],[-111.0217,32.5089],[-111.0396,32.5608],[-111.0363,32.6006],[-110.9999,32.6812],[-111.0178,32.7457],[-111.0189,32.8383],[-111.0018,32.9146],[-110.9709,32.9398],[-110.8632,32.9517],[-110.7511,32.929],[-110.6041,32.9727],[-110.5458,33.0197],[-110.5457,33.0592],[-110.5049,33.0964],[-110.3494,33.1003],[-110.1952,33.0896],[-110.1166,33.072],[-110.078,33.106],[-110.0698,33.1414],[-110.1178,33.2257],[-110.1836,33.2796],[-110.3464,33.3177],[-110.3901,33.3422],[-110.4361,33.3401],[-110.5218,33.2627],[-110.5783,33.1964],[-110.6212,33.1654],[-110.6999,33.1352],[-110.7659,33.1361],[-110.8285,33.1236],[-110.8935,33.14],[-110.9583,33.1741],[-110.9842,33.21],[-111.0979,33.2115],[-111.1266,33.2258],[-111.1822,33.2802],[-111.2802,33.3316],[-111.3747,33.4436],[-111.4478,33.4894],[-111.5426,33.531],[-111.5694,33.5522],[-111.5906,33.596],[-111.5923,33.6513],[-111.5727,33.6942],[-111.5895,33.7491],[-111.6578,33.7694],[-111.7245,33.7572],[-111.7683,33.7739],[-111.8214,33.823],[-111.9105,33.8921],[-111.9845,33.9181],[-112.0443,33.9479],[-112.1516,34.0505],[-112.2031,34.0853],[-112.3362,34.1494],[-112.3611,34.1483],[-112.5357,34.1671],[-112.6132,34.2085],[-112.6294,34.2559],[-112.5881,34.2879],[-112.5924,34.315],[-112.6369,34.3724],[-112.6584,34.4566],[-112.7069,34.5051],[-112.7765,34.5207],[-112.8904,34.5639],[-112.9988,34.632],[-113.0964,34.7647],[-113.1623,34.8072],[-113.2687,34.8158],[-113.3028,34.8252],[-113.4027,34.9095],[-113.3627,34.9834],[-113.3246,35.0131],[-113.237,35.0602],[-113.171,35.124],[-113.1539,35.1846],[-113.1512,35.235],[-113.1272,35.2904],[-113.0992,35.3113],[-113.0351,35.308],[-112.9859,35.2728],[-112.9009,35.1819],[-112.8363,35.1015],[-112.7142,34.911],[-112.6782,34.8639],[-112.6405,34.8397],[-112.5335,34.8249],[-112.4528,34.7642],[-112.3907,34.7479],[-112.3653,34.7668],[-112.3567,34.8398],[-112.3844,34.8767],[-112.4892,34.9649],[-112.5804,35.055],[-112.5896,35.088],[-112.5516,35.1745],[-112.5556,35.2056],[-112.6602,35.2857],[-112.6896,35.3812],[-112.6709,35.4372],[-112.6147,35.5004],[-112.5383,35.541],[-112.4771,35.5595],[-112.3447,35.5815],[-112.2827,35.5987],[-112.2497,35.6226],[-112.2316,35.6676],[-112.2356,35.7135],[-112.3248,35.8604],[-112.392,36.0121],[-112.373,36.0487],[-112.3386,36.0539],[-112.2788,36.0413],[-112.1891,36.0084],[-112.0831,35.9617],[-111.9962,35.9473],[-111.8932,35.9646],[-111.8131,35.9975],[-111.7641,35.992],[-111.6789,35.9282],[-111.6139,35.8587],[-111.5908,35.8025],[-111.6027,35.7408],[-111.6404,35.6822],[-111.5165,35.5483],[-111.5023,35.5093],[-111.5283,35.4844],[-111.6092,35.4869],[-111.6109,35.4526],[-111.5817,35.4207],[-111.4591,35.3791],[-111.3667,35.3338],[-111.277,35.2479],[-111.2208,35.1468],[-111.1614,35.0801],[-111.1119,34.9969],[-111.0396,34.9172],[-110.9707,34.8179],[-110.9292,34.774],[-110.8496,34.7362],[-110.8135,34.7057],[-110.7842,34.6571],[-110.7491,34.6299],[-110.6769,34.6013],[-110.5351,34.5854],[-110.3978,34.5372],[-110.3012,34.5159],[-110.2404,34.487],[-110.1389,34.4154],[-110.078,34.3988],[-110.0118,34.4113],[-109.9389,34.4588],[-109.8166,34.5049],[-109.7675,34.515],[-109.6776,34.5114],[-109.5616,34.5165],[-109.4331,34.513],[-109.2908,34.4902],[-109.2239,34.4543],[-109.1651,34.3951],[-109.0485,34.1978],[-109.0296,34.1841],[-109.0046,34.1271],[-108.9675,34.1165],[-108.9153,34.152],[-108.8818,34.1554],[-108.7968,34.1279],[-108.6683,34.1643],[-108.629,34.1926],[-108.6073,34.2662],[-108.5675,34.2716],[-108.529,34.2407],[-108.4846,34.2774],[-108.4296,34.2754],[-108.3404,34.1994],[-108.3005,34.2127],[-108.2444,34.2804],[-108.2141,34.2853],[-108.1677,34.2684],[-108.1143,34.2901],[-108.0799,34.3376],[-108.0381,34.3615],[-107.931,34.3729],[-107.8914,34.3539],[-107.8134,34.3473],[-107.7183,34.4373],[-107.6359,34.4477],[-107.5874,34.3882],[-107.4988,34.3569],[-107.4578,34.3672],[-107.4175,34.3429],[-107.3502,34.3676],[-107.3185,34.3667],[-107.272,34.3279],[-107.2601,34.2764],[-107.2274,34.251],[-107.1991,34.1673],[-107.2641,34.1729],[-107.2974,34.1292],[-107.4002,34.0854],[-107.4627,34.0789],[-107.4776,34.1184],[-107.5223,34.1347],[-107.5692,34.1834],[-107.5396,34.2023],[-107.5764,34.2681],[-107.6805,34.2816],[-107.7297,34.2336],[-107.7764,34.2179],[-107.8053,34.1919],[-107.8129,34.1445],[-107.776,34.0873],[-107.8366,34.0474],[-107.8854,34.0709],[-107.9733,34.071],[-108.0289,34.0477],[-108.0333,33.9987],[-108.1155,33.9404],[-108.1758,33.942],[-108.1977,33.9028],[-108.2355,33.8789],[-108.2735,33.8776],[-108.3111,33.9226],[-108.3479,33.9171],[-108.3541,33.8718],[-108.3179,33.853],[-108.3327,33.8128],[-108.3779,33.7856],[-108.2687,33.6848],[-108.2373,33.7091],[-108.2373,33.7588],[-108.2036,33.7807],[-108.0435,33.8023],[-108.0032,33.8403],[-107.9601,33.8467],[-107.9152,33.9026],[-107.8838,33.879],[-107.8193,33.8887],[-107.765,33.8539],[-107.7904,33.8295],[-107.7684,33.7744],[-107.721,33.7887],[-107.6972,33.7605],[-107.665,33.7672],[-107.643,33.8072],[-107.6928,33.8832],[-107.6702,33.9291],[-107.557,33.9765],[-107.4754,33.9501],[-107.4261,33.948],[-107.3542,33.8779],[-107.3284,33.8361],[-107.3147,33.7391],[-107.263,33.7258],[-107.267,33.6788],[-107.2907,33.6376],[-107.2895,33.6079],[-107.2622,33.5483],[-107.2918,33.4841],[-107.3345,33.4195],[-107.3587,33.4345],[-107.4569,33.4379],[-107.5027,33.4528],[-107.4833,33.3667],[-107.4875,33.3449],[-107.5369,33.2954],[-107.5518,33.2568],[-107.5418,33.2246],[-107.5623,33.192],[-107.5999,33.1793],[-107.5688,33.1308],[-107.5163,33.1313],[-107.4992,33.0934],[-107.524,33.0777],[-107.5147,32.9959],[-107.5182,32.9494],[-107.5578,32.9399],[-107.5994,32.9654],[-107.5989,32.9119],[-107.5716,32.7956],[-107.5778,32.7269],[-107.567,32.7003],[-107.5953,32.6687],[-107.6555,32.5566],[-107.6673,32.4941],[-107.697,32.461],[-107.7219,32.4778],[-107.7744,32.4848],[-107.7533,32.5988],[-107.8036,32.6435],[-107.8341,32.6106],[-107.8362,32.5673],[-107.897,32.5579],[-107.9514,32.5823],[-107.9959,32.6568],[-108.0512,32.6575],[-108.116,32.7239],[-108.1325,32.7793],[-108.1586,32.8002],[-108.2129,32.8126],[-108.2798,32.8077],[-108.2978,32.7765],[-108.3491,32.754],[-108.354,32.7317],[-108.3204,32.6567],[-108.3394,32.6079],[-108.3411,32.542],[-108.405,32.5355],[-108.4521,32.4991],[-108.482,32.4156],[-108.5419,32.4169],[-108.573,32.4398],[-108.5704,32.4704],[-108.5383,32.5241],[-108.5443,32.6102],[-108.5892,32.6518],[-108.5944,32.6757],[-108.6465,32.703],[-108.679,32.7415],[-108.7309,32.7315],[-108.7844,32.8047],[-108.845,32.8089],[-108.863,32.7748],[-108.9048,32.7674],[-108.9769,32.7931],[-108.9911,32.8219],[-109.0321,32.8534],[-109.1101,32.9357],[-109.1269,32.8812],[-109.1665,32.8004],[-109.1916,32.7783],[-109.217,32.7233],[-109.2214,32.6779],[-109.2062,32.5795],[-109.1733,32.5202],[-109.1297,32.4683],[-109.0154,32.3714],[-108.9781,32.3284],[-108.988,32.2877],[-108.9768,32.1798],[-108.94,32.1298],[-108.9604,32.0887],[-108.9135,31.9981],[-108.8917,31.9356],[-108.8574,31.885],[-108.8365,31.8826],[-108.7719,31.9293],[-108.7459,31.9364],[-108.6928,31.9233],[-108.6591,31.8868],[-108.5863,31.7507],[-108.5442,31.6125],[-108.5233,31.5913],[-108.4804,31.5842],[-108.4547,31.6231],[-108.4414,31.6825],[-108.4199,31.7059],[-108.3763,31.7029],[-108.3039,31.6497],[-108.2604,31.5966],[-108.249,31.5554],[-108.2625,31.4777],[-108.2468,31.3825],[-108.255,31.3333],[-108.4444,31.3334],[-108.2107,31.2722],[-108.0928,31.2289],[-108.0709,31.213],[-108.0928,31.1197],[-108.1216,31.1091],[-108.1595,31.1249],[-108.2145,31.1125],[-108.2407,31.0919],[-108.1957,31.0516],[-108.1173,31.0919],[-108.0297,31.1461],[-108,31.1303],[-108.0604,31.0406],[-108.1073,31.0377],[-108.1054,30.9984],[-108.0743,30.9906],[-108.0237,31.0006],[-107.9912,30.9697],[-107.9659,30.9894],[-107.9085,30.9721],[-107.8979,30.9374],[-107.853,30.9475],[-107.8166,30.9407],[-107.7621,30.9993],[-107.7344,31.0078],[-107.7626,31.0874],[-107.7563,31.126],[-107.8089,31.1851],[-107.7791,31.1955],[-107.7296,31.1884],[-107.6898,31.2024],[-107.6745,31.2255],[-107.7022,31.2854],[-107.7882,31.3106],[-107.8389,31.3373],[-107.7566,31.3896],[-107.728,31.3517],[-107.6519,31.3108],[-107.6348,31.2792],[-107.6384,31.2324],[-107.5997,31.1918],[-107.6018,31.1179],[-107.5697,31.0247],[-107.5454,30.9848],[-107.5906,30.949],[-107.6491,30.9276],[-107.646,30.9105],[-107.5564,30.8569],[-107.5551,30.7604],[-107.4708,30.7365],[-107.5001,30.71],[-107.499,30.6342],[-107.5229,30.6096],[-107.5815,30.6691],[-107.6142,30.6227],[-107.5798,30.5675],[-107.4933,30.4862],[-107.4465,30.4788],[-107.4251,30.4596],[-107.4863,30.4134],[-107.4556,30.3738],[-107.4976,30.3298],[-107.4763,30.2763],[-107.4385,30.241],[-107.3936,30.2331],[-107.3397,30.2531],[-107.3009,30.2454],[-107.2789,30.2765],[-107.2315,30.2991],[-107.1956,30.2846],[-107.1618,30.2994],[-107.2473,30.3373],[-107.2084,30.3626],[-107.1406,30.295],[-107.0982,30.3405],[-107.0719,30.3346],[-107.0285,30.2969],[-107.0263,30.2674],[-107.0782,30.2648],[-107.0744,30.1883],[-107.0955,30.1884],[-107.14,30.226],[-107.1287,30.153],[-107.0643,30.1102],[-107.0374,30.0744],[-106.9834,30.061],[-106.9822,30.1211],[-107.0131,30.1633],[-107.0161,30.202],[-106.9424,30.15],[-106.9638,30.1143],[-106.9475,30.0866],[-106.9519,30.0496],[-106.8741,30.0195],[-106.851,29.9718],[-106.8889,29.9347],[-106.889,29.8599],[-106.8692,29.8208],[-106.8794,29.7971],[-106.8422,29.7727],[-106.7965,29.8261],[-106.776,29.8324],[-106.754,29.8865],[-106.7062,29.9273],[-106.7152,29.9564],[-106.7542,29.9743],[-106.7777,30.0039],[-106.7809,30.0497],[-106.7624,30.1057],[-106.7747,30.1411],[-106.762,30.2136],[-106.711,30.2166],[-106.6599,30.1766],[-106.6274,30.174],[-106.6272,30.1369],[-106.5979,30.1122],[-106.5168,30.0777],[-106.4781,30.0941],[-106.4388,30.0848],[-106.4613,30.0317],[-106.4041,30.0298],[-106.3857,29.9993],[-106.35,30.0257],[-106.3018,30.0411],[-106.3281,30.1015],[-106.3736,30.1466],[-106.404,30.2202],[-106.4589,30.2026],[-106.4284,30.2567],[-106.4648,30.302],[-106.4293,30.313],[-106.4271,30.3492],[-106.3549,30.3381],[-106.3218,30.353],[-106.2934,30.3367],[-106.3021,30.2862],[-106.2838,30.2605],[-106.357,30.2355],[-106.3552,30.1812],[-106.313,30.0989],[-106.2852,30.0612],[-106.2799,30.0107],[-106.2511,29.9965],[-106.2432,29.9557],[-106.1587,29.9241],[-106.1463,29.8699],[-106.1062,29.8487],[-106.0836,29.8156],[-106.1023,29.7544],[-106.0868,29.7132],[-106.144,29.6942],[-106.1607,29.713],[-106.2318,29.6551],[-106.1801,29.6362],[-106.1478,29.6044],[-106.129,29.556],[-106.1446,29.5083],[-106.1964,29.4703],[-106.1421,29.401],[-106.1384,29.3724],[-106.1081,29.3504],[-106.0773,29.3877],[-106.0303,29.3444],[-106.0124,29.2839],[-106.0477,29.2555],[-106.0544,29.1736],[-106.03,29.1244],[-106.0036,29.1099],[-105.9959,29.0796],[-106.017,29.0558],[-105.9816,28.9882],[-105.9132,28.9385],[-105.8506,28.9235],[-105.8492,28.853],[-105.8153,28.8308],[-105.7942,28.7843],[-105.7451,28.7601],[-105.7725,28.7399],[-105.872,28.8077],[-105.8504,28.6558],[-105.8242,28.6034],[-105.8279,28.5434],[-105.7963,28.4916],[-105.7297,28.4683],[-105.6878,28.3986],[-105.6476,28.4019],[-105.6356,28.3563],[-105.5786,28.2997],[-105.5708,28.2541],[-105.5989,28.232],[-105.6071,28.1953],[-105.637,28.1959],[-105.6721,28.2182],[-105.6966,28.2942],[-105.7279,28.2615],[-105.763,28.2451],[-105.8323,28.2678],[-105.8596,28.2434],[-105.9129,28.2992],[-105.9424,28.273],[-105.9541,28.203],[-106.0067,28.1953],[-106.0412,28.2415],[-106.0676,28.2349],[-106.091,28.1274],[-106.0602,28.0981],[-105.9997,28.108],[-105.9415,28.0968],[-105.9281,28.0718],[-105.9431,28.0433],[-105.9813,28.0129],[-105.9453,27.9883],[-105.8969,27.9967],[-105.9209,27.9358],[-106.0101,27.9308],[-105.961,27.8673],[-105.939,27.8916],[-105.8901,27.8925],[-105.8961,27.8622],[-105.9254,27.8546],[-105.9146,27.8047],[-105.8815,27.7901],[-105.8585,27.8507],[-105.871,27.9229],[-105.8302,27.9156],[-105.8017,27.8815],[-105.8388,27.85],[-105.8326,27.8306],[-105.7754,27.7875],[-105.7385,27.8183],[-105.7725,27.8728],[-105.762,27.9301],[-105.7112,27.9196],[-105.7327,27.8774],[-105.6786,27.814],[-105.6596,27.8547],[-105.6248,27.8582],[-105.5859,27.8844],[-105.573,27.8573],[-105.6304,27.7999],[-105.6234,27.7547],[-105.6856,27.7519],[-105.7024,27.7238],[-105.6614,27.6995],[-105.6284,27.7103],[-105.5706,27.7715],[-105.5337,27.751],[-105.5149,27.6985],[-105.4667,27.7343],[-105.4322,27.7007],[-105.4037,27.7064],[-105.3883,27.6515],[-105.446,27.6267],[-105.4906,27.6302],[-105.5283,27.6768],[-105.5644,27.684],[-105.631,27.6748],[-105.6861,27.6766],[-105.6905,27.65],[-105.641,27.6451],[-105.6344,27.5776],[-105.694,27.6181],[-105.7928,27.6128],[-105.8191,27.6203],[-105.8855,27.603],[-105.9191,27.622],[-105.9156,27.5408],[-105.9411,27.5127],[-105.9027,27.4729],[-105.8487,27.4864],[-105.852,27.4066],[-105.8658,27.3849],[-105.8425,27.3384],[-105.7796,27.2872],[-105.7754,27.2661],[-105.7297,27.2448],[-105.7513,27.2084],[-105.7198,27.1976],[-105.6976,27.1672],[-105.6529,27.1814],[-105.6391,27.228],[-105.6755,27.2779],[-105.705,27.2823],[-105.7237,27.3141],[-105.695,27.3272],[-105.6651,27.365],[-105.6265,27.3578],[-105.6011,27.3245],[-105.5682,27.3384],[-105.5854,27.3656],[-105.5918,27.4182],[-105.5423,27.4184],[-105.508,27.3823],[-105.492,27.3066],[-105.5271,27.2957],[-105.5143,27.2524],[-105.5366,27.2316],[-105.4731,27.2065],[-105.547,27.1763],[-105.5602,27.1327],[-105.4911,27.1494],[-105.4411,27.1934],[-105.4375,27.2338],[-105.4182,27.2736],[-105.4309,27.3134],[-105.4258,27.3829],[-105.3894,27.4634],[-105.3341,27.4786],[-105.3116,27.445],[-105.229,27.3817],[-105.2512,27.3131],[-105.2541,27.2535],[-105.3107,27.1609],[-105.3375,27.1905],[-105.3676,27.1399],[-105.4259,27.1545],[-105.4613,27.1204],[-105.4725,27.0708],[-105.3788,27.0364],[-105.4055,27.0056],[-105.431,27.018],[-105.4667,26.9863],[-105.4676,26.9633],[-105.4091,26.9555],[-105.3537,26.8643],[-105.3036,26.8828],[-105.2168,26.8731],[-105.18,26.8911],[-105.1486,26.8562],[-105.1058,26.8423],[-105.0833,26.7913],[-105.0217,26.748],[-105.0952,26.7524],[-105.1232,26.7834],[-105.1367,26.726],[-105.1021,26.6981],[-105.0786,26.6997],[-105.0465,26.6662],[-105.0318,26.6081],[-105.0676,26.5818],[-105.0983,26.6458],[-105.13,26.6212],[-105.1475,26.548],[-105.1327,26.5187],[-105.1733,26.4607],[-105.1199,26.4563],[-105.1247,26.3884],[-105.0925,26.3892],[-105.0508,26.4226],[-105.0177,26.4279],[-104.9814,26.4812],[-104.9465,26.5037],[-104.9489,26.5444],[-104.9072,26.5375],[-104.8582,26.4212],[-104.8762,26.385],[-104.8601,26.3476],[-104.7976,26.3287],[-104.765,26.2129],[-104.7175,26.2328],[-104.7424,26.1622],[-104.722,26.1166],[-104.6512,26.0394],[-104.6886,26.0107],[-104.7036,25.963],[-104.6604,25.9418],[-104.6279,25.9816],[-104.5899,25.9328],[-104.5614,25.9353],[-104.5298,25.9015],[-104.4982,25.8937],[-104.4733,25.8551],[-104.4953,25.8161],[-104.4949,25.7216],[-104.4571,25.7422],[-104.4425,25.8094],[-104.3719,25.7337],[-104.3447,25.6704],[-104.3645,25.6422],[-104.4553,25.5648],[-104.4783,25.5981],[-104.5157,25.5551],[-104.4942,25.5224],[-104.4512,25.4952],[-104.3934,25.415],[-104.3958,25.3919],[-104.3494,25.382],[-104.3281,25.2798],[-104.3994,25.2674],[-104.4494,25.2441],[-104.4748,25.2866],[-104.4797,25.3318],[-104.4998,25.3714],[-104.526,25.3883],[-104.571,25.4437],[-104.6276,25.5305],[-104.6914,25.5451],[-104.7116,25.5151],[-104.7481,25.533],[-104.7775,25.5651],[-104.8258,25.6469],[-104.8701,25.6952],[-104.9112,25.691],[-104.9577,25.7096],[-104.9606,25.6479],[-104.9268,25.6127],[-104.9685,25.4645],[-104.9416,25.4096],[-104.9117,25.4099],[-104.8879,25.4403],[-104.8424,25.4497],[-104.8284,25.4952],[-104.8006,25.5024],[-104.774,25.4807],[-104.7226,25.4666],[-104.6794,25.4795],[-104.6752,25.4223],[-104.6504,25.4017],[-104.7215,25.3251],[-104.6902,25.3104],[-104.6599,25.2673],[-104.643,25.1923],[-104.5956,25.1441],[-104.6039,25.0862],[-104.6296,25.0139],[-104.5852,24.9949],[-104.489,25.0089],[-104.4466,24.9791],[-104.3935,24.997],[-104.3569,24.9893],[-104.2834,24.9916],[-104.2852,24.9685],[-104.2519,24.9432],[-104.2354,24.8942],[-104.2431,24.859],[-104.2027,24.7834],[-104.1553,24.7757],[-104.1159,24.7409],[-104.0764,24.7698],[-104.0345,24.7759],[-104.0306,24.7328],[-103.9993,24.7121],[-103.949,24.7471],[-103.9837,24.777],[-103.9753,24.8214],[-103.9431,24.7934],[-103.922,24.8041],[-103.8471,24.7428],[-103.8103,24.7678],[-103.8357,24.7938],[-103.8827,24.8115],[-103.8471,24.8772],[-103.754,24.8992],[-103.6959,24.847],[-103.6691,24.8582],[-103.6362,24.835],[-103.616,24.7701],[-103.5573,24.7435],[-103.5081,24.739],[-103.4477,24.7047],[-103.4174,24.6761],[-103.3372,24.7099],[-103.2882,24.6904],[-103.2201,24.6876],[-103.1635,24.6564],[-103.0689,24.6323],[-103.0404,24.5517],[-103.0242,24.5388],[-102.9831,24.5528],[-102.9563,24.5214],[-102.9729,24.4925],[-102.9259,24.4685],[-102.9558,24.4482],[-102.9226,24.3681],[-102.9665,24.3181],[-102.9764,24.2793],[-103.0114,24.248],[-102.9828,24.2289],[-102.9459,24.2502],[-102.9163,24.1837],[-102.8826,24.1955],[-102.8581,24.1804],[-102.8459,24.1404],[-102.8177,24.1387],[-102.8032,24.2029],[-102.783,24.2441],[-102.7586,24.2627],[-102.7105,24.2502],[-102.6817,24.2561],[-102.6353,24.2221],[-102.659,24.1606],[-102.7687,24.1549],[-102.7372,24.126],[-102.7899,24.1151],[-102.8131,24.0723],[-102.8032,24.0556],[-102.8445,24],[-99.9758,24],[-99.9851,24.0622],[-99.9747,24.1728],[-100.0112,24.1878],[-100.0274,24.2325],[-99.9976,24.2367],[-99.9891,24.2066],[-99.934,24.2541],[-99.9425,24.2842],[-99.9961,24.2775],[-99.9792,24.3554],[-99.9916,24.3892],[-100.0777,24.4129],[-100.1188,24.4578],[-100.1715,24.4906],[-100.1547,24.5281],[-100.1959,24.539],[-100.2381,24.5335],[-100.2415,24.5853],[-100.1751,24.5647],[-100.1282,24.5869],[-100.1199,24.6131],[-100.1615,24.6226],[-100.1572,24.6498],[-100.1879,24.6611],[-100.1973,24.7047],[-100.2443,24.7724],[-100.249,24.7997],[-100.2994,24.8265],[-100.3417,24.8805],[-100.3981,24.9192],[-100.3878,24.9517],[-100.4302,24.9912],[-100.4749,25.0133],[-100.5114,25.05],[-100.5759,25.0841],[-100.618,25.1797],[-100.656,25.1773],[-100.6552,25.1482],[-100.6914,25.1204],[-100.7453,25.1171],[-100.7525,25.0909],[-100.8021,25.1302],[-100.8937,25.158],[-100.9079,25.12],[-100.9789,25.0904],[-100.9837,25.124],[-101.0236,25.1261],[-101.0579,25.1553],[-101.1584,25.1068],[-101.289,25.1327],[-101.3669,25.1202],[-101.3598,25.142],[-101.4027,25.1639],[-101.4617,25.1187],[-101.5155,25.1515],[-101.5315,25.1333],[-101.6033,25.1471],[-101.5874,25.1117],[-101.6762,25.1236],[-101.7121,25.1654],[-101.7451,25.1663],[-101.776,25.2217],[-101.814,25.2099],[-101.8619,25.219],[-101.8833,25.2426],[-102.0291,25.3075],[-102.0751,25.2929],[-102.1041,25.3026],[-102.1068,25.3342],[-102.2029,25.3864],[-102.2248,25.3526],[-102.2664,25.3531],[-102.2721,25.422],[-102.3478,25.4235],[-102.38,25.4355],[-102.3652,25.4664],[-102.2793,25.4651],[-102.2435,25.4281],[-102.0917,25.3447],[-102.0458,25.3401],[-102,25.3692],[-101.985,25.3151],[-101.9409,25.2934],[-101.9013,25.2595],[-101.8549,25.2389],[-101.832,25.2725],[-101.795,25.2752],[-101.796,25.2407],[-101.7473,25.2044],[-101.7205,25.2077],[-101.6801,25.2606],[-101.7151,25.2761],[-101.7211,25.3051],[-101.6382,25.2978],[-101.6182,25.2796],[-101.5822,25.2968],[-101.4664,25.2657],[-101.3824,25.2764],[-101.3355,25.259],[-101.2957,25.2298],[-101.2908,25.2017],[-101.2589,25.1707],[-101.2249,25.1851],[-101.1901,25.1741],[-101.1762,25.1395],[-101.1453,25.1339],[-101.056,25.1733],[-101.0531,25.2043],[-101.0169,25.2531],[-100.9559,25.2709],[-100.9517,25.3027],[-101.0207,25.2867],[-100.9845,25.3301],[-100.9914,25.3574],[-100.9622,25.388],[-100.8569,25.4355],[-100.786,25.4224],[-100.7357,25.4529],[-100.7767,25.465],[-100.8125,25.4942],[-100.8243,25.5233],[-100.741,25.5446],[-100.7047,25.5761],[-100.7153,25.6306],[-100.7021,25.6559],[-100.6568,25.6801],[-100.6112,25.6802],[-100.5594,25.7093],[-100.6203,25.7306],[-100.597,25.7567],[-100.5319,25.7544],[-100.5345,25.7907],[-100.4904,25.7931],[-100.5382,25.8343],[-100.6018,25.8371],[-100.6603,25.8679],[-100.63,25.8867],[-100.5898,25.89],[-100.5272,25.9349],[-100.5599,25.9796],[-100.4835,25.9908],[-100.5322,26.0393],[-100.6174,26.0644],[-100.6514,26.0955],[-100.6546,26.1872],[-100.6116,26.1642],[-100.5702,26.1783],[-100.5492,26.1637],[-100.4868,26.1695],[-100.4507,26.1529],[-100.4304,26.1754],[-100.4672,26.2183],[-100.463,26.24],[-100.5373,26.3667],[-100.5721,26.4123],[-100.5366,26.4374],[-100.5016,26.4081],[-100.5179,26.3865],[-100.5133,26.3411],[-100.4445,26.2276],[-100.4219,26.2224],[-100.446,26.3306],[-100.4448,26.4092],[-100.53,26.5297],[-100.5397,26.5672],[-100.5863,26.6328],[-100.587,26.6636],[-100.5533,26.7023],[-100.5055,26.7373],[-100.5458,26.7494],[-100.5577,26.7794],[-100.6865,26.8474],[-100.6952,26.8928],[-100.7215,26.8921],[-100.7258,26.9297],[-100.6938,26.9472],[-100.6862,27.0087],[-100.6473,27.0574],[-100.6782,27.1156],[-100.6985,27.1139],[-100.7495,27.0699],[-100.7952,27.0548],[-100.872,27.0807],[-100.9414,27.1726],[-100.9372,27.1907],[-100.9827,27.2181],[-101.0189,27.2581],[-101.0646,27.2493],[-101.1141,27.2948],[-101.1364,27.2967],[-101.1687,27.3394],[-101.2344,27.4031],[-101.27,27.4087],[-101.2891,27.445],[-101.3236,27.4686],[-101.3397,27.5176],[-101.4322,27.516],[-101.4586,27.5297],[-101.5103,27.604],[-101.4665,27.6293],[-101.4208,27.6274],[-101.4064,27.6599],[-101.4206,27.7098],[-101.4316,27.7967],[-101.407,27.8337],[-101.4314,27.8646],[-101.4753,27.8366],[-101.5171,27.8277],[-101.5568,27.8485],[-101.7749,27.9031],[-101.7933,27.933],[-101.7902,27.9764],[-101.8219,27.9963],[-101.885,28.0003],[-101.8815,28.0369],[-101.8455,28.0393],[-101.7906,28.079],[-101.8095,28.1006],[-101.7977,28.1392],[-101.764,28.1594],[-101.7801,28.1979],[-101.7553,28.2093],[-101.6932,28.2094],[-101.6613,28.236],[-101.7119,28.2644],[-101.6784,28.3023],[-101.7286,28.3258],[-101.7182,28.3648],[-101.7551,28.4269],[-101.8361,28.4405],[-101.8819,28.4706],[-101.8838,28.503],[-101.9341,28.5148],[-101.905,28.4604],[-101.9631,28.471],[-101.9544,28.5171],[-102.0013,28.5474],[-102.026,28.6151],[-102.0211,28.6515],[-101.9851,28.7347],[-102.0177,28.7419],[-102.0685,28.7075],[-102.1304,28.7404],[-102.126,28.7829],[-102.1528,28.7959],[-102.1985,28.7669],[-102.2077,28.7922],[-102.1398,28.8205],[-102.0747,28.7521],[-102.0168,28.7737],[-102.0329,28.8062],[-101.9935,28.8412],[-101.9281,28.8648],[-101.8782,28.8648],[-101.8921,28.9302],[-101.8834,28.9792],[-101.9177,28.9888],[-101.924,29.0176],[-101.8352,28.9892],[-101.8099,29.018],[-101.7628,29.0247],[-101.7743,29.0727],[-101.7534,29.1027],[-101.7054,29.0855],[-101.6667,29.1084],[-101.6299,29.1037],[-101.5321,29.0735],[-101.5443,29.0307],[-101.6128,29.028],[-101.6392,29.0504],[-101.6955,29.0718],[-101.744,29.0462],[-101.7655,29.0093],[-101.804,29.0111],[-101.8145,28.9819],[-101.7633,28.9677],[-101.6891,28.9609],[-101.6275,28.9821],[-101.5229,28.9882],[-101.4532,29.017],[-101.3912,29.0185],[-101.4337,28.9789],[-101.3612,28.9573],[-101.3547,28.9184],[-101.3025,28.887],[-101.2754,28.9154],[-101.2671,28.9505],[-101.2173,29.0054],[-101.2384,29.0392],[-101.2633,29.0331],[-101.3323,29.0902],[-101.2664,29.1086],[-101.2797,29.1499],[-101.3163,29.1591],[-101.3526,29.1342],[-101.3758,29.1758],[-101.3726,29.2051],[-101.4217,29.2128],[-101.4488,29.2038],[-101.4612,29.2727],[-101.4074,29.3358],[-101.4094,29.3764],[-101.3871,29.393],[-101.3568,29.4439],[-101.3246,29.454],[-101.3172,29.4857],[-101.2379,29.4857],[-101.1342,29.4536],[-101.0566,29.4403],[-101.0066,29.366],[-100.9629,29.3528],[-100.9292,29.3881],[-100.9302,29.4461],[-100.9192,29.4755],[-100.8785,29.4805],[-100.8845,29.5182],[-100.9647,29.5253],[-100.9723,29.5686],[-100.9351,29.6203],[-100.942,29.6518],[-101.0096,29.6527],[-101.0845,29.7458],[-101.072,29.7897],[-101.0736,29.8349],[-101.1235,29.867],[-101.153,29.9078],[-101.215,29.9631],[-101.2775,30.0691],[-101.2711,30.0937],[-101.2942,30.1311],[-101.3367,30.1633],[-101.3809,30.1536],[-101.4275,30.1234],[-101.4933,30.1321],[-101.5003,30.1555],[-101.5538,30.1848],[-101.653,30.2196],[-101.6874,30.2565],[-101.7364,30.2779],[-101.7433,30.3031],[-101.7028,30.3379],[-101.6589,30.3513],[-101.6969,30.399],[-101.7311,30.419],[-101.7204,30.4567],[-101.6927,30.4656],[-101.6746,30.5158],[-101.6378,30.5606],[-101.6466,30.6373],[-101.7109,30.6644],[-101.7587,30.6593],[-101.8207,30.7602],[-101.8205,30.8228],[-101.8563,30.8788],[-101.8555,30.9196],[-101.8733,30.9661],[-101.9121,30.9868],[-101.963,30.9885],[-101.9878,31.008],[-102.0039,31.1141],[-102.0046,31.1764],[-101.9817,31.2141],[-101.9925,31.247],[-102.0265,31.2784],[-102.1289,31.3301],[-102.2488,31.4084],[-102.3421,31.4262],[-102.3814,31.414],[-102.3944,31.3674],[-102.4247,31.3491],[-102.4832,31.3407],[-102.5526,31.3467],[-102.6332,31.3681],[-102.7308,31.3728],[-102.7891,31.3621],[-102.8538,31.4007],[-102.8533,31.4232],[-102.8214,31.4515],[-102.8061,31.4977],[-102.8206,31.5405],[-102.9112,31.6152],[-102.9328,31.6917],[-102.9544,31.7193],[-103.0172,31.7208],[-103.0454,31.7415],[-103.0527,31.7929],[-103.0775,31.8139],[-103.0607,31.8606],[-103.0949,31.8925],[-103.082,31.927],[-103.1073,31.967],[-103.0786,32.0135],[-103.0897,32.0836],[-103.1176,32.1097],[-103.1602,32.1938],[-103.234,32.177],[-103.299,32.1907],[-103.349,32.2206],[-103.3715,32.2736],[-103.3092,32.3088],[-103.3063,32.3428],[-103.3392,32.4018],[-103.3861,32.4109],[-103.4655,32.4403],[-103.4927,32.4391],[-103.5452,32.4619],[-103.5749,32.4451],[-103.6676,32.4641],[-103.6949,32.5018],[-103.6564,32.6069],[-103.7558,32.6184],[-103.7899,32.6348],[-103.8089,32.6705],[-103.8939,32.7024],[-103.9437,32.7452],[-104.0428,32.7921],[-104.0143,32.8931],[-104.0365,32.9302],[-104.0173,32.9828],[-103.9907,33.0103],[-103.9545,33.0715],[-103.9718,33.1421],[-104.0385,33.1277],[-104.0716,33.1816],[-104.0533,33.2437],[-103.9954,33.3276],[-103.9674,33.3833],[-104.0033,33.3937],[-104.0355,33.4228],[-104.0049,33.4661],[-104.0088,33.5129],[-104.0923,33.584],[-104.1961,33.6311],[-104.2295,33.661],[-104.2128,33.7339],[-104.1869,33.7743],[-104.2326,33.7933],[-104.2587,33.819],[-104.3067,33.8285],[-104.3615,33.7778],[-104.3947,33.7693],[-104.4829,33.7966],[-104.5478,33.7867],[-104.6137,33.7607],[-104.6399,33.7091],[-104.591,33.5924],[-104.6138,33.5509],[-104.6215,33.4612],[-104.6806,33.4019],[-104.7429,33.3629],[-104.766,33.329],[-104.762,33.2698],[-104.7124,33.244],[-104.712,33.1939],[-104.6879,33.131],[-104.6961,33.0795],[-104.6622,33.0582],[-104.6124,33.0661],[-104.5827,33.0495],[-104.5864,33.0027],[-104.6601,32.9635],[-104.7433,32.9556],[-104.8141,32.8647],[-104.8355,32.8253],[-104.81,32.8152],[-104.7754,32.7487],[-104.8367,32.7311],[-104.8722,32.7095],[-104.9051,32.7186],[-104.9776,32.7025],[-105.0553,32.6407],[-105.0918,32.6469],[-105.0819,32.6196],[-105.011,32.587],[-104.9612,32.5547],[-104.8733,32.5233],[-104.8399,32.4872],[-104.8129,32.4345],[-104.7528,32.3715],[-104.7203,32.3009],[-104.6459,32.2337],[-104.5799,32.2435],[-104.5013,32.2233],[-104.426,32.2243],[-104.3993,32.1713],[-104.4813,32.1584],[-104.5938,32.0902],[-104.6543,32.065],[-104.7225,32.0147],[-104.7668,31.9323],[-104.8264,31.8691],[-104.8801,31.8675],[-104.9335,31.9195],[-104.9347,31.954],[-104.9643,32.0376],[-105.0075,32.0661],[-105.002,32.0929],[-105.0294,32.1531],[-105.018,32.222],[-104.9719,32.2449],[-104.8968,32.2144],[-104.9415,32.2861],[-104.99,32.3255],[-105.0353,32.3373],[-105.0601,32.3732],[-105.1295,32.4129],[-105.1457,32.4829],[-105.1813,32.5041],[-105.2564,32.4803],[-105.3051,32.4362],[-105.3427,32.4586],[-105.3712,32.4379],[-105.3663,32.3725],[-105.4036,32.3532],[-105.4692,32.3989],[-105.5439,32.4678],[-105.5804,32.5187],[-105.6301,32.5351],[-105.689,32.5147],[-105.7892,32.5231],[-105.8076,32.5393],[-105.7582,32.6156],[-105.786,32.6274],[-105.8404,32.6067],[-105.8809,32.698],[-105.9145,32.7485],[-105.934,32.8137],[-105.9122,32.904],[-105.9283,32.9697],[-105.886,32.994],[-105.9215,33.0845],[-105.9239,33.1381],[-105.9467,33.1707],[-105.9835,33.1713],[-105.9539,33.2547],[-105.9381,33.3355],[-105.9468,33.3576],[-105.9906,33.3673],[-106.0261,33.4264],[-105.9626,33.4801],[-105.921,33.4913],[-105.9023,33.5725],[-105.8591,33.557],[-105.7781,33.5909],[-105.7375,33.5933],[-105.7192,33.6265],[-105.7686,33.6596],[-105.8065,33.703],[-105.7905,33.736],[-105.812,33.802],[-105.8649,33.8013],[-105.9204,33.8331],[-105.9736,33.8483],[-106.0567,33.8467],[-106.0791,33.8093],[-106.1237,33.7723],[-106.1271,33.7203],[-106.1617,33.717],[-106.2004,33.7383],[-106.2638,33.7911],[-106.2766,33.8332],[-106.2923,33.9794],[-106.3367,34.039],[-106.3601,34.1509],[-106.3917,34.1708],[-106.421,34.1647],[-106.5258,34.1021],[-106.5682,34.063],[-106.6337,34.0817],[-106.6795,34.0669],[-106.7203,34.0789],[-106.7317,34.11],[-106.7024,34.1651],[-106.6894,34.2201],[-106.6622,34.2739],[-106.5814,34.3841],[-106.5219,34.4334],[-106.4977,34.4708],[-106.5208,34.5835],[-106.5241,34.6281],[-106.4933,34.684],[-106.4829,34.7737],[-106.4381,34.863],[-106.4412,34.9024],[-106.466,34.9323],[-106.4683,35.0031],[-106.4963,35.016],[-106.4848,35.0617],[-106.4888,35.1187],[-106.4717,35.1514],[-106.5152,35.2255],[-106.5047,35.2632],[-106.4293,35.3077],[-106.3778,35.3172],[-106.3175,35.2792],[-106.2796,35.2674],[-106.2229,35.2884],[-106.2168,35.3642],[-106.1971,35.3907],[-106.1404,35.401],[-106.0856,35.3527],[-106.087,35.2782],[-106.0186,35.291],[-105.9617,35.2626],[-105.8959,35.2558],[-105.8981,35.3257],[-105.8584,35.3898],[-105.8842,35.4607],[-105.8529,35.5035],[-105.8974,35.546],[-105.9303,35.5996],[-105.9179,35.6537],[-105.9017,35.6677],[-105.9227,35.7713],[-105.897,35.8415],[-105.9169,35.8888],[-105.911,35.9205],[-105.8529,36.0175],[-105.9044,36.0547],[-105.8739,36.1377],[-105.8711,36.1728],[-105.8176,36.1662],[-105.8344,36.2008],[-105.8196,36.2392],[-105.718,36.3046],[-105.6005,36.3297],[-105.5606,36.3641],[-105.5165,36.4477],[-105.5411,36.4724],[-105.5383,36.5153],[-105.562,36.5418],[-105.665,36.5708],[-105.6226,36.6782],[-105.574,36.7014],[-105.5698,36.7939],[-105.5325,36.9434],[-105.4984,36.9621],[-105.4541,36.928],[-105.3858,36.9902],[-105.388,37.0402],[-105.3565,37.0838],[-105.3444,37.1288],[-105.3774,37.1755],[-105.3801,37.2168],[-105.4005,37.2768],[-105.3527,37.3695],[-105.3962,37.3679],[-105.4212,37.4213],[-105.475,37.4511],[-105.4866,37.4957],[-105.5584,37.514],[-105.5895,37.5497],[-105.5923,37.6237],[-105.5042,37.7516],[-105.507,37.8084],[-105.5589,37.8303],[-105.6386,37.892],[-105.7042,37.9894],[-105.7074,38.0234],[-105.7476,38.0466],[-105.7981,38.1545],[-105.8176,38.214],[-105.8547,38.2694],[-105.98,38.3777],[-106.0509,38.429],[-106.0898,38.4157],[-106.0342,38.3207],[-106.0214,38.2345],[-105.9557,38.1884],[-105.9791,38.16],[-106.0186,38.162],[-106.0916,38.1204],[-106.138,38.1194],[-106.1777,38.1464],[-106.2201,38.1306],[-106.2627,38.148],[-106.2763,38.1259],[-106.2234,38.0711],[-106.1437,38.0516],[-106.2332,37.9367],[-106.2788,37.8412],[-106.3113,37.8113],[-106.3301,37.7338],[-106.3853,37.7501],[-106.45,37.7405],[-106.478,37.7209],[-106.5516,37.7005],[-106.4181,37.6167],[-106.3651,37.6654],[-106.2999,37.634],[-106.2756,37.5573],[-106.237,37.5265],[-106.2121,37.4683],[-106.2139,37.4097],[-106.2481,37.3801],[-106.2225,37.3379],[-106.2352,37.305],[-106.2193,37.2371],[-106.2032,37.2266],[-106.2031,37.1725],[-106.218,37.1269],[-106.1684,37.0932],[-106.1812,37.0578],[-106.106,37.0501],[-106.1601,36.9964],[-106.126,36.9433],[-106.0874,36.9187],[-106.0743,36.8782],[-106.0017,36.895],[-105.9746,36.8638],[-105.9839,36.8319],[-106.0397,36.8231],[-106.0888,36.8448],[-106.108,36.8272],[-106.0794,36.7654],[-106.0472,36.7332],[-106.0377,36.6963],[-105.9857,36.6962],[-105.9569,36.5646],[-105.9324,36.534],[-105.9123,36.449],[-105.919,36.3975],[-105.9639,36.4159],[-105.9837,36.3826],[-106.0623,36.3196],[-106.0992,36.3402],[-106.1564,36.3357],[-106.2035,36.3643],[-106.2631,36.3002],[-106.3134,36.2762],[-106.3499,36.3116],[-106.4392,36.3167],[-106.5165,36.346],[-106.5551,36.3207],[-106.5671,36.2761],[-106.6117,36.2088],[-106.5986,36.176],[-106.5664,36.1792],[-106.5217,36.205],[-106.4566,36.2027],[-106.4312,36.2312],[-106.3718,36.2176],[-106.3478,36.1972],[-106.3107,36.1988],[-106.2452,36.159],[-106.2157,36.1015],[-106.1755,36.0495],[-106.1473,36.0359],[-106.1404,35.99],[-106.1667,35.9716],[-106.1527,35.9312],[-106.1716,35.8487],[-106.2117,35.7944],[-106.2755,35.7327],[-106.3043,35.7233],[-106.3372,35.6863],[-106.407,35.6414],[-106.4289,35.6123],[-106.5001,35.5661],[-106.5433,35.5663],[-106.568,35.5439],[-106.6677,35.5935],[-106.6752,35.6443],[-106.7458,35.6598],[-106.7394,35.628],[-106.7766,35.5791],[-106.8293,35.5532],[-106.854,35.5666],[-106.8896,35.6688],[-106.9207,35.697],[-106.899,35.7601],[-106.9111,35.802],[-106.9603,35.843],[-106.9189,35.8545],[-106.9095,35.8927],[-106.9153,35.9746],[-106.9447,36.0448],[-107.0238,36.0154],[-107.0283,36.0656],[-107.0999,36.1427],[-107.1121,36.1743],[-107.1655,36.173],[-107.1745,36.2129],[-107.2248,36.2405],[-107.2166,36.2809],[-107.1635,36.3111],[-107.1793,36.3332],[-107.2333,36.3509],[-107.3206,36.4104],[-107.2567,36.4709],[-107.2806,36.4963],[-107.3278,36.4847],[-107.3286,36.5186],[-107.242,36.5908],[-107.2824,36.5954],[-107.3467,36.5789],[-107.327,36.617],[-107.3334,36.7001],[-107.3139,36.7072],[-107.3335,36.773],[-107.3297,36.8184],[-107.2684,36.8554],[-107.2846,36.9292],[-107.3313,36.9527],[-107.3748,36.9416],[-107.4083,36.9712],[-107.4419,37.0404],[-107.5235,37.0604],[-107.5497,37.1461],[-107.5144,37.1857],[-107.5029,37.2189],[-107.5853,37.2371],[-107.6545,37.2786],[-107.7318,37.2504],[-107.7799,37.2635],[-107.7931,37.3045],[-107.8485,37.322],[-107.8954,37.2857],[-107.8843,37.2506],[-107.9061,37.2065],[-107.967,37.1828],[-107.9975,37.1849],[-108.0073,37.2472],[-108.0241,37.2785],[-108.0784,37.3114],[-108.1587,37.3199],[-108.1986,37.3493],[-108.2262,37.3938],[-108.2682,37.3882],[-108.326,37.4004],[-108.3506,37.4238],[-108.4033,37.4038],[-108.421,37.4436],[-108.4893,37.4475],[-108.4904,37.4781],[-108.4539,37.4955],[-108.4848,37.5481],[-108.4721,37.5892],[-108.5246,37.5729],[-108.5846,37.5817],[-108.6297,37.6173],[-108.6978,37.6466],[-108.6927,37.7124],[-108.7246,37.7632],[-108.7652,37.7966],[-108.7481,37.817],[-108.7988,37.8656],[-108.7754,37.8896],[-108.725,37.8627],[-108.6868,37.8617],[-108.6314,37.8152],[-108.5652,37.7954],[-108.5281,37.7708],[-108.4728,37.8348],[-108.4318,37.8328],[-108.3898,37.8631],[-108.4575,37.8919],[-108.5104,37.9328],[-108.5105,37.987],[-108.4658,37.9546],[-108.4166,37.9803],[-108.3903,37.9755],[-108.3462,37.9238],[-108.3104,37.9285],[-108.2808,37.9625],[-108.2444,37.9681],[-108.217,37.9475],[-108.1742,37.947],[-108.1948,38.0127],[-108.2125,38.0339],[-108.2118,38.0744],[-108.1827,38.1062],[-108.2376,38.1579],[-108.2214,38.1874],[-108.167,38.2013],[-108.2952,38.271],[-108.3596,38.297],[-108.5106,38.3723],[-108.5044,38.4098],[-108.5674,38.426],[-108.6338,38.4613],[-108.6756,38.5048],[-108.7436,38.5552],[-108.7502,38.5875],[-108.7956,38.6159],[-108.8328,38.6228],[-108.831,38.6711],[-108.8003,38.6945],[-108.8399,38.7222],[-108.8792,38.7237],[-108.8861,38.7549],[-108.8542,38.7762],[-108.771,38.7502],[-108.7186,38.7707],[-108.6391,38.7759],[-108.5859,38.7552],[-108.6161,38.6482],[-108.5891,38.6052],[-108.4906,38.6022],[-108.4741,38.5543],[-108.4262,38.5645],[-108.4169,38.5421],[-108.3725,38.5375],[-108.3308,38.554],[-108.2858,38.5131],[-108.26,38.5143],[-108.1801,38.4332],[-108.17,38.3963],[-108.1297,38.4075],[-108.0642,38.39],[-108.0264,38.333],[-107.934,38.2853],[-107.9135,38.2635],[-107.8737,38.259],[-107.8088,38.1936],[-107.9102,38.171],[-107.8632,38.1515],[-107.8452,38.117],[-107.7971,38.1105],[-107.7731,38.1484],[-107.724,38.1356],[-107.6987,38.1552],[-107.6844,38.2065],[-107.6932,38.2457],[-107.722,38.2828],[-107.6999,38.4028],[-107.67,38.4216],[-107.6288,38.4075],[-107.5807,38.4168],[-107.5499,38.3489],[-107.4627,38.3555],[-107.4339,38.3968],[-107.4936,38.4511],[-107.5459,38.469],[-107.5707,38.5117],[-107.5455,38.5751],[-107.568,38.6163],[-107.5477,38.6567],[-107.5539,38.7003],[-107.5385,38.729],[-107.5801,38.7716],[-107.571,38.8037],[-107.5037,38.8641],[-107.5455,38.8837],[-107.5426,38.9267],[-107.6928,38.8835],[-107.7542,38.8866],[-107.936,38.9734],[-108.0438,38.9479],[-108.0488,38.9281],[-108.1234,38.8747],[-108.2001,38.8748],[-108.2283,38.9337],[-108.1872,38.9681],[-108.2313,38.9881],[-108.2862,39.0571],[-108.2409,39.1164],[-108.1348,39.1048],[-108.1017,39.1326],[-108.0186,39.1535],[-107.9668,39.1838],[-107.9051,39.19],[-107.8816,39.2244],[-107.7837,39.2762],[-107.8765,39.3114],[-107.95,39.3158],[-107.9902,39.2833],[-108.054,39.2585],[-108.1136,39.2534],[-108.1197,39.2885],[-108.0786,39.2936],[-108.0702,39.3342],[-108.0344,39.3693],[-108.0285,39.396],[-107.9737,39.4536],[-107.8142,39.4902],[-107.7629,39.4726],[-107.7496,39.4396],[-107.7196,39.423],[-107.7192,39.3626],[-107.6654,39.3672],[-107.6116,39.3582],[-107.4952,39.4921],[-107.4725,39.4901],[-107.4127,39.5439],[-107.4082,39.5706],[-107.4364,39.5931],[-107.5263,39.6197],[-107.5644,39.6694],[-107.6515,39.6647],[-107.696,39.6855],[-107.8103,39.6853],[-107.8693,39.6996],[-107.8907,39.7251],[-107.8991,39.7963],[-107.9238,39.8636],[-107.9006,39.9173],[-107.8464,39.9444],[-107.7224,39.9659],[-107.6806,39.9856],[-107.6713,40.0374],[-107.7191,40.081],[-107.7417,40.1161],[-107.7351,40.1716],[-107.6896,40.2032],[-107.6467,40.2081],[-107.6061,40.2317],[-107.635,40.2861],[-107.6318,40.3116],[-107.5977,40.3365],[-107.6201,40.3551],[-107.6956,40.3657],[-107.6375,40.4218],[-107.5773,40.4307],[-107.5428,40.4528],[-107.5044,40.4492],[-107.4638,40.47],[-107.4253,40.4597],[-107.3276,40.3891],[-107.2882,40.3839],[-107.2433,40.4318],[-107.161,40.4018],[-107.1224,40.3537],[-107.0308,40.3876],[-107.0152,40.4175],[-107.0673,40.4325],[-107.0887,40.3968],[-107.1396,40.4021],[-107.1525,40.4949],[-107.1698,40.5367],[-107.2247,40.5443],[-107.2884,40.5767],[-107.3045,40.638],[-107.3305,40.6753],[-107.3752,40.6869],[-107.4386,40.6858],[-107.4759,40.7191],[-107.5128,40.7313],[-107.5455,40.8487],[-107.5187,40.8832],[-107.5252,40.9333],[-107.5049,40.9603],[-107.4229,40.9605],[-107.3849,40.9847],[-107.458,41.082],[-107.4789,41.1229],[-107.4847,41.2051],[-107.5071,41.2454],[-107.4985,41.3031],[-107.4605,41.3558],[-107.4584,41.402],[-107.4813,41.4542],[-107.4634,41.4924],[-107.4,41.5432],[-107.3448,41.5506],[-107.3177,41.5308],[-107.2877,41.4668],[-107.2258,41.422],[-107.2011,41.3833],[-107.1466,41.3515],[-107.0872,41.3374],[-107.0406,41.3519],[-107.0226,41.3241],[-106.9285,41.2652],[-106.8363,41.1883],[-106.7706,41.189],[-106.6866,41.1455],[-106.5899,41.1132],[-106.5427,41.0744],[-106.4554,41.0446],[-106.4414,41.0616],[-106.5058,41.1168],[-106.5559,41.213],[-106.6099,41.2583],[-106.5703,41.3729],[-106.582,41.4173],[-106.6196,41.4401],[-106.6442,41.4816],[-106.6443,41.5514],[-106.6155,41.603],[-106.6572,41.6695],[-106.5579,41.7277],[-106.516,41.7011],[-106.4898,41.6629],[-106.4801,41.5996],[-106.5445,41.5765],[-106.5506,41.5368],[-106.5307,41.5149],[-106.4875,41.5106],[-106.4703,41.5606],[-106.415,41.5735],[-106.3861,41.5963],[-106.25,41.6183],[-106.1628,41.5774],[-106.1548,41.5568],[-106.0664,41.4768],[-106.0203,41.4181],[-106.051,41.3884],[-106.0391,41.3609],[-106.0716,41.3103],[-106.1323,41.322],[-106.143,41.2432],[-106.1209,41.2101],[-106.087,41.2063],[-106.0678,41.2737],[-106.0304,41.2789],[-105.9866,41.21],[-106.0094,41.1767],[-105.9985,41.1317],[-105.948,41.1085],[-105.9855,41.0479],[-106.0814,40.9702],[-106.0513,40.9491],[-106.0446,40.9141],[-105.9614,40.8768],[-105.9487,40.8442],[-105.8787,40.8164],[-105.8502,40.8812],[-105.8786,40.9124],[-105.9143,40.9254],[-105.9163,40.957],[-105.8463,40.9699],[-105.8025,40.9243],[-105.7632,40.9323],[-105.7095,40.9679],[-105.6641,41.0454],[-105.6273,41.078],[-105.585,41.0697],[-105.544,41.0119],[-105.5108,41.0205],[-105.494,41.0637],[-105.499,41.1291],[-105.5389,41.2101],[-105.5109,41.2815],[-105.5134,41.3739],[-105.4954,41.4134],[-105.5205,41.4784],[-105.5401,41.655],[-105.5266,41.7246],[-105.5041,41.7654],[-105.4325,41.8368],[-105.4382,41.8549],[-105.4927,41.8718],[-105.483,41.9761],[-105.4504,41.9979],[-105.5543,42.0369],[-105.6393,42.0563],[-105.6421,42.103],[-105.698,42.1383],[-105.6647,42.1905],[-105.7127,42.2057],[-105.7494,42.1913],[-105.7841,42.2186],[-105.8059,42.2673],[-105.8882,42.3106],[-105.9395,42.3687],[-105.9497,42.4032],[-105.9961,42.424],[-106.1076,42.4495],[-106.19,42.4302],[-106.2728,42.3943],[-106.3091,42.3962],[-106.3399,42.4415],[-106.4126,42.459],[-106.4102,42.532],[-106.3971,42.5709],[-106.4224,42.65],[-106.458,42.6834],[-106.5184,42.7142],[-106.5697,42.723],[-106.571,42.7484],[-106.4946,42.7486],[-106.4664,42.7638],[-106.4025,42.7691],[-106.4615,42.8157],[-106.5365,42.8572],[-106.5683,42.9291],[-106.5068,42.9238],[-106.5777,42.9997],[-106.6337,43.0106],[-106.6742,43.0623],[-106.7285,43.2027],[-106.7787,43.2509],[-106.907,43.3291],[-106.8252,43.3753],[-106.7637,43.4722],[-106.7557,43.5141],[-106.809,43.6218],[-106.7507,43.6482],[-106.6917,43.661],[-106.665,43.687],[-106.6677,43.7267],[-106.7766,43.8014],[-106.8179,43.8503],[-106.8124,43.9058],[-106.8577,43.9053],[-106.9364,43.9974],[-106.9506,43.974],[-106.9125,43.9354],[-106.9452,43.9075],[-106.9651,43.8151],[-106.9987,43.8079],[-107,43.7621],[-107.0638,43.7149],[-107.1287,43.7259],[-107.1363,43.7663],[-107.1105,43.8731],[-107.1232,43.9211],[-107.1888,44.0033],[-107.2276,44.0127],[-107.3119,44.0641],[-107.3114,44.1172],[-107.3379,44.149],[-107.4098,44.178],[-107.3958,44.2409],[-107.4155,44.2671],[-107.48,44.3052],[-107.4654,44.3574],[-107.502,44.3934],[-107.5193,44.4362],[-107.552,44.4633],[-107.6211,44.494],[-107.6476,44.5339],[-107.6293,44.5616],[-107.683,44.5821],[-107.6998,44.6042],[-107.7905,44.6445],[-107.7977,44.6914],[-107.8321,44.7303],[-107.9001,44.7446],[-107.9204,44.7691],[-108.0126,44.8228],[-107.9726,44.8742],[-108.0236,44.9172],[-108.0559,44.924],[-108.1095,44.9907],[-108.1624,45.0144],[-108.1976,45.0123],[-108.2753,45.0303],[-108.3628,45.0493],[-108.4385,45.0416],[-108.4669,45.0596],[-108.5293,45.0675],[-108.6191,45.1094],[-108.6821,45.1985],[-108.6516,45.2317],[-108.6612,45.2476],[-108.7275,45.2449],[-108.7622,45.2092],[-108.859,45.2427],[-108.9476,45.1986],[-108.996,45.1992],[-109.024,45.1584],[-109.0126,45.1281],[-109.0491,45.0875],[-109.1067,45.0895],[-109.1587,45.1215],[-109.2167,45.1138]],[[-113.374,37.495],[-113.3306,37.4917],[-113.2864,37.4569],[-113.2379,37.4024],[-113.2608,37.342],[-113.3284,37.2634],[-113.3845,37.2364],[-113.4687,37.2164],[-113.5409,37.2383],[-113.5765,37.276],[-113.5497,37.2945],[-113.5688,37.3463],[-113.6009,37.3398],[-113.6176,37.3883],[-113.5093,37.3791],[-113.511,37.4058],[-113.4322,37.4724],[-113.374,37.495]],[[-112.4045,36.5419],[-112.3371,36.5777],[-112.2455,36.6976],[-112.1828,36.7381],[-112.1307,36.7215],[-112.076,36.6088],[-112.0678,36.5427],[-112.0285,36.4529],[-111.9508,36.3433],[-111.9179,36.2428],[-111.9349,36.2053],[-111.9745,36.1868],[-112.0312,36.1963],[-112.1196,36.2499],[-112.2789,36.3371],[-112.3903,36.4021],[-112.4325,36.434],[-112.4476,36.4621],[-112.4218,36.5294],[-112.4045,36.5419]],[[-109.202,36.487],[-109.2338,36.5615],[-109.24,36.6325],[-109.2411,36.7711],[-109.2964,36.8739],[-109.2136,36.8963],[-109.1392,36.8992],[-109.0992,36.8823],[-109.0772,36.8436],[-109.0761,36.7992],[-109.1296,36.7635],[-109.0902,36.5681],[-109.081,36.5392],[-109.0444,36.5183],[-108.9539,36.5438],[-108.9228,36.5317],[-108.8882,36.4534],[-108.8875,36.3746],[-108.862,36.3424],[-108.864,36.2642],[-108.8424,36.227],[-108.7818,36.2015],[-108.732,36.1537],[-108.7128,36.1211],[-108.6993,36.0551],[-108.6778,36.0343],[-108.6627,35.9738],[-108.6709,35.8946],[-108.7495,35.8692],[-108.7644,35.8404],[-108.8415,35.7985],[-108.8776,35.7656],[-108.8877,35.7269],[-108.9429,35.7448],[-109.0119,35.729],[-109.0507,35.7868],[-109.0706,35.8907],[-109.117,35.9273],[-109.1455,35.9128],[-109.1036,35.8406],[-109.1091,35.7822],[-109.1295,35.723],[-109.1771,35.6189],[-109.241,35.5242],[-109.2811,35.5293],[-109.2946,35.6162],[-109.2612,35.7429],[-109.2599,35.8478],[-109.3092,35.9218],[-109.2269,36.1007],[-109.2102,36.1609],[-109.2431,36.2177],[-109.1935,36.3264],[-109.1888,36.4268],[-109.202,36.487]],[[-107.4245,35.5565],[-107.4151,35.582],[-107.3402,35.6131],[-107.2739,35.6107],[-107.2179,35.5861],[-107.2036,35.5498],[-107.2129,35.5227],[-107.1832,35.4626],[-107.1787,35.4308],[-107.1498,35.3776],[-107.2112,35.3183],[-107.2271,35.2659],[-107.2572,35.2103],[-107.3152,35.1657],[-107.3653,35.1636],[-107.3775,35.145],[-107.3607,35.0784],[-107.4303,35.0503],[-107.4982,35.0738],[-107.4995,35.13],[-107.5882,35.105],[-107.6649,35.1197],[-107.6753,35.0923],[-107.7206,35.084],[-107.7828,35.1284],[-107.7876,35.1777],[-107.8168,35.1828],[-107.8615,35.1635],[-107.8826,35.1999],[-107.7667,35.2273],[-107.7547,35.255],[-107.7817,35.2759],[-107.7863,35.3308],[-107.7367,35.3337],[-107.6826,35.3103],[-107.6318,35.3449],[-107.636,35.4042],[-107.555,35.4713],[-107.5104,35.4641],[-107.4789,35.5028],[-107.4381,35.5286],[-107.4245,35.5565]],[[-107.9326,35.0652],[-107.9229,35.021],[-107.9413,34.9526],[-108.0195,34.9139],[-108.0495,34.9459],[-108.0253,34.97],[-108.0496,35.0015],[-108.1236,34.9778],[-108.094,34.9016],[-108.1461,34.8897],[-108.1461,34.8449],[-108.1795,34.8302],[-108.2095,34.7922],[-108.2877,34.7541],[-108.3367,34.7512],[-108.3357,34.7771],[-108.2963,34.853],[-108.3051,34.9154],[-108.2627,34.9163],[-108.1779,34.9592],[-108.1523,35.0054],[-108.2228,35.0533],[-108.2902,35.1088],[-108.4016,35.1457],[-108.4597,35.1282],[-108.5056,35.1546],[-108.5961,35.3248],[-108.6507,35.4075],[-108.6399,35.4439],[-108.5432,35.469],[-108.4778,35.4665],[-108.3606,35.4351],[-108.2477,35.3865],[-108.1637,35.3717],[-108.1056,35.3532],[-108.0564,35.3202],[-108.0374,35.2591],[-108.0352,35.2047],[-108.0163,35.1532],[-107.983,35.1098],[-107.9326,35.0652]],[[-107.7811,34.9655],[-107.7584,34.9844],[-107.7104,34.9699],[-107.7443,34.9357],[-107.7088,34.9195],[-107.7191,34.885],[-107.6519,34.8367],[-107.691,34.7852],[-107.717,34.7706],[-107.7654,34.7051],[-107.8078,34.6866],[-107.8616,34.6884],[-107.9153,34.7445],[-107.9182,34.7683],[-107.8679,34.8608],[-107.8085,34.8452],[-107.8287,34.9101],[-107.7811,34.9655]],[[-107.1873,34.124],[-107.1758,34.1296],[-107.1128,34.0601],[-107.0073,33.9717],[-107.0317,33.9562],[-107.0456,33.9004],[-107.0907,33.8618],[-107.1319,33.8534],[-107.1523,33.8234],[-107.1936,33.8128],[-107.2218,33.8885],[-107.2901,34.0307],[-107.2566,34.0905],[-107.2296,34.0748],[-107.1873,34.124]],[[-109.3723,37.8383],[-109.3482,37.8178],[-109.3499,37.7852],[-109.3981,37.7487],[-109.4548,37.7214],[-109.4836,37.7232],[-109.5407,37.7536],[-109.609,37.8184],[-109.6085,37.8649],[-109.5622,37.9019],[-109.6079,37.924],[-109.5781,37.9569],[-109.5278,37.9612],[-109.507,37.9254],[-109.4538,37.9215],[-109.3964,37.884],[-109.3584,37.8719],[-109.3723,37.8383]],[[-110.6829,37.9301],[-110.6455,37.9191],[-110.6586,37.8672],[-110.7219,37.8618],[-110.7332,37.8925],[-110.8068,37.9226],[-110.8404,37.9714],[-110.8279,37.9851],[-110.8609,38.0264],[-110.8805,38.0797],[-110.8711,38.1308],[-110.8244,38.1746],[-110.7627,38.1491],[-110.7428,38.1142],[-110.7424,38.0768],[-110.7158,38.0226],[-110.7471,37.9994],[-110.7403,37.946],[-110.6829,37.9301]],[[-109.1725,38.3654],[-109.2142,38.3306],[-109.2875,38.3445],[-109.3279,38.3889],[-109.3407,38.4588],[-109.3363,38.5306],[-109.2936,38.591],[-109.2218,38.6222],[-109.1708,38.6146],[-109.1082,38.5839],[-109.1459,38.5481],[-109.1153,38.5199],[-109.1144,38.4908],[-109.0648,38.4647],[-109.0825,38.4135],[-109.1363,38.3935],[-109.1725,38.3654]],[[-108.9092,38.7711],[-108.9736,38.7566],[-109.0007,38.8],[-108.9833,38.8547],[-108.9498,38.8579],[-108.8454,38.8168],[-108.8056,38.8527],[-108.7961,38.8818],[-108.7027,38.9332],[-108.6539,38.8786],[-108.6347,38.8384],[-108.6748,38.811],[-108.7607,38.786],[-108.8201,38.7904],[-108.8482,38.8063],[-108.9092,38.7711]]]},"properties":{"NA_L1CODE":"10","NA_L1NAME":"NORTH AMERICAN DESERTS","NA_L1KEY":"10  NORTH AMERICAN DESERTS","Shape_Leng":33958015.1369,"Shape_Area":1870616616840}},
{"type":"Feature","geometry":{"type":"Polygon","coordinates":[[[-115.8938,46.1351],[-115.9292,46.1294],[-115.925,46.0966],[-115.9622,46.0672],[-115.9209,45.9618],[-115.8714,46.0023],[-115.8416,46.0632],[-115.869,46.126],[-115.8938,46.1351]]]},"properties":{"NA_L1CODE":"10","NA_L1NAME":"NORTH AMERICAN DESERTS","NA_L1KEY":"10  NORTH AMERICAN DESERTS","Shape_Leng":77154.1432786,"Shape_Area":108964656.816}},
{"type":"Feature","geometry":{"type":"Polygon","coordinates":[[[-116.3923,46.4858],[-116.3419,46.4426],[-116.3587,46.4253],[-116.3161,46.3557],[-116.3364,46.3312],[-116.427,46.3381],[-116.4933,46.3133],[-116.5191,46.2908],[-116.5125,46.218],[-116.5216,46.1879],[-116.5975,46.1889],[-116.6235,46.2256],[-116.6599,46.2118],[-116.6248,46.1385],[-116.5616,46.0612],[-116.5399,46.0125],[-116.4729,46.0029],[-116.436,46.0111],[-116.4187,45.9537],[-116.3677,45.9944],[-116.3558,45.9478],[-116.3687,45.9257],[-116.3143,45.9083],[-116.2691,45.8617],[-116.1934,45.879],[-116.0775,45.9159],[-116.0168,45.9623],[-115.9679,45.9607],[-115.9672,45.9994],[-116.0107,46.047],[-116.0602,46.0816],[-116.1115,46.0491],[-116.1366,46.0748],[-116.016,46.1085],[-116.0069,46.1324],[-116.0385,46.1921],[-116.1256,46.2038],[-116.1776,46.1593],[-116.203,46.1902],[-116.1311,46.2413],[-116.1284,46.2717],[-116.1944,46.3039],[-116.17,46.3225],[-116.2058,46.3636],[-116.2441,46.4386],[-116.2979,46.4691],[-116.3923,46.4858]]]},"properties":{"NA_L1CODE":"10","NA_L1NAME":"NORTH AMERICAN DESERTS","NA_L1KEY":"10  NORTH AMERICAN DESERTS","Shape_Leng":462502.065325,"Shape_Area":1764935026.93}},
{"type":"Feature","geometry":{"type":"Polygon","coordinates":[[[-121.0974,49.4766],[-121.0423,49.4757],[-120.9521,49.4956],[-120.8324,49.5432],[-120.8116,49.4356],[-120.752,49.4018],[-120.6663,49.2992],[-120.6598,49.2597],[-120.5895,49.2282],[-120.5904,49.188],[-120.5361,49.1853],[-120.4977,49.2525],[-120.2555,49.3052],[-120.1808,49.2553],[-120.1296,49.2342],[-120.0647,49.1737],[-120.0246,49.2133],[-120.0876,49.3448],[-120.1022,49.4202],[-120.038,49.438],[-119.7654,49.3822],[-119.6595,49.2576],[-119.6192,49.1578],[-119.6261,49.0384],[-119.708,49.0003],[-119.7103,48.9584],[-119.6686,48.9338],[-119.5836,48.9793],[-119.512,48.9732],[-119.5,48.9144],[-119.4733,48.9021],[-119.4478,48.8411],[-119.5429,48.8648],[-119.6091,48.8372],[-119.5845,48.7708],[-119.5203,48.6509],[-119.5363,48.6194],[-119.5915,48.5946],[-119.5437,48.5773],[-119.5402,48.5342],[-119.5633,48.5197],[-119.6759,48.5479],[-119.7341,48.579],[-119.7691,48.5409],[-119.6848,48.5123],[-119.6368,48.4342],[-119.652,48.3624],[-119.7221,48.3373],[-119.7221,48.3071],[-119.792,48.3079],[-119.8144,48.2794],[-119.7736,48.2498],[-119.771,48.2248],[-119.8087,48.1634],[-119.8979,48.1583],[-120.0099,48.2048],[-120.0573,48.2154],[-120.0526,48.267],[-119.9812,48.3267],[-119.9811,48.3765],[-119.9979,48.4151],[-120.0879,48.4636],[-120.1362,48.5079],[-120.1662,48.5657],[-120.2061,48.5663],[-120.3062,48.5304],[-120.2596,48.4625],[-120.2681,48.4082],[-120.2357,48.3756],[-120.259,48.347],[-120.1345,48.3392],[-120.1329,48.3106],[-120.2238,48.3112],[-120.2498,48.2806],[-120.1604,48.2568],[-120.1408,48.2247],[-120.0259,48.0947],[-119.9369,48.0364],[-119.9236,47.9897],[-119.8841,47.9569],[-119.9719,47.8896],[-119.9691,47.8479],[-120.0386,47.8777],[-120.051,47.9159],[-120.1838,47.9495],[-120.195,47.92],[-120.1763,47.8877],[-120.1225,47.8531],[-120.1407,47.8041],[-120.1774,47.8001],[-120.2346,47.7592],[-120.2435,47.6991],[-120.3126,47.7033],[-120.3465,47.6904],[-120.3036,47.657],[-120.2708,47.6535],[-120.2729,47.5991],[-120.3705,47.54],[-120.4124,47.5537],[-120.5033,47.5181],[-120.4913,47.4918],[-120.4161,47.4414],[-120.421,47.3987],[-120.3606,47.3349],[-120.2563,47.2885],[-120.2432,47.2246],[-120.2198,47.1908],[-120.2382,47.1079],[-120.3045,47.1177],[-120.3937,47.149],[-120.4371,47.147],[-120.5103,47.1716],[-120.5672,47.1689],[-120.6442,47.182],[-120.7411,47.1572],[-120.7924,47.1536],[-120.7913,47.1091],[-120.7635,47.075],[-120.7725,46.9927],[-120.7458,46.9731],[-120.7471,46.9287],[-120.7851,46.9178],[-120.7998,46.8803],[-120.7798,46.8309],[-120.7463,46.8062],[-120.8517,46.772],[-120.9074,46.7633],[-120.9569,46.6516],[-120.8865,46.6295],[-120.8769,46.6047],[-120.9347,46.5536],[-120.9053,46.4853],[-120.9143,46.4591],[-120.98,46.4336],[-120.8644,46.3219],[-120.8865,46.2968],[-120.8361,46.2519],[-120.7754,46.2442],[-120.7916,46.1995],[-120.7546,46.1771],[-120.7467,46.1438],[-120.7081,46.13],[-120.6714,46.0942],[-120.6579,46.0536],[-120.6206,46.0395],[-120.5152,46.0411],[-120.483,46.0141],[-120.3841,46.0284],[-120.3514,46.0206],[-120.3529,45.9862],[-120.3995,45.9658],[-120.3955,45.8897],[-120.4228,45.8733],[-120.4144,45.8391],[-120.5046,45.852],[-120.5716,45.7936],[-120.6017,45.7957],[-120.6717,45.8422],[-120.79,45.8356],[-120.8269,45.842],[-120.8724,45.8901],[-120.8999,45.8893],[-120.964,45.8395],[-121.0532,45.8122],[-121.0438,45.7751],[-121.0919,45.7186],[-121.2016,45.6974],[-121.2012,45.6701],[-121.2819,45.6147],[-121.2471,45.5789],[-121.1952,45.5606],[-121.1636,45.5139],[-121.214,45.4656],[-121.1455,45.4532],[-121.2039,45.4014],[-121.2329,45.3385],[-121.262,45.3049],[-121.2501,45.2473],[-121.2621,45.226],[-121.3241,45.2156],[-121.3339,45.172],[-121.3685,45.1415],[-121.3704,45.1028],[-121.2705,45.078],[-121.2488,45.0479],[-121.1555,45.0145],[-121.0997,45.025],[-121.0617,44.967],[-120.9788,44.9138],[-120.9874,44.8819],[-121.0579,44.8424],[-121.0682,44.8097],[-120.963,44.8012],[-120.9269,44.8655],[-120.8901,44.8852],[-120.8347,44.8843],[-120.7867,44.9247],[-120.7427,44.9256],[-120.6414,44.966],[-120.6184,44.9437],[-120.5487,44.969],[-120.5139,45.0413],[-120.4814,45.067],[-120.4373,44.9649],[-120.3886,44.993],[-120.4098,45.0115],[-120.3919,45.0493],[-120.3494,45.027],[-120.3302,45.0524],[-120.287,45.0331],[-120.1795,45.041],[-120.0775,45.0226],[-119.9453,45.0561],[-119.8525,45.054],[-119.8339,45.0673],[-119.7538,45.0712],[-119.7378,45.0974],[-119.673,45.0981],[-119.5238,45.1315],[-119.397,45.2296],[-119.3065,45.2581],[-119.1976,45.2503],[-119.1552,45.2632],[-119.1096,45.2236],[-119.0664,45.2369],[-119.0416,45.27],[-119.0048,45.2653],[-118.9452,45.2927],[-118.9226,45.3291],[-118.8421,45.3308],[-118.8356,45.3519],[-118.724,45.3683],[-118.6785,45.3599],[-118.6144,45.372],[-118.6092,45.4133],[-118.5104,45.451],[-118.5042,45.4826],[-118.5616,45.4801],[-118.5615,45.5561],[-118.6207,45.5612],[-118.5995,45.5902],[-118.5228,45.6297],[-118.4294,45.647],[-118.3962,45.6904],[-118.3921,45.7517],[-118.3503,45.8107],[-118.2723,45.8371],[-118.1827,45.8384],[-118.154,45.8929],[-118.1707,45.9209],[-118.1484,45.9523],[-118.1416,46.0353],[-118.1524,46.081],[-118.0452,46.1111],[-117.9722,46.1691],[-117.9608,46.2102],[-117.8615,46.2143],[-117.8201,46.2359],[-117.8401,46.2735],[-117.799,46.2766],[-117.7937,46.31],[-117.738,46.3269],[-117.6741,46.3247],[-117.618,46.3105],[-117.5479,46.361],[-117.4911,46.2752],[-117.4182,46.2857],[-117.3945,46.2188],[-117.355,46.2093],[-117.3426,46.1804],[-117.2979,46.1612],[-117.2536,46.173],[-117.2186,46.1454],[-117.1657,46.1307],[-117.1086,46.0835],[-117.0377,46.0959],[-116.9872,46.1211],[-116.9545,46.1746],[-116.9035,46.1763],[-116.8174,46.2023],[-116.7928,46.2326],[-116.7428,46.2322],[-116.7205,46.3015],[-116.6254,46.3789],[-116.6601,46.4016],[-116.6688,46.445],[-116.727,46.5133],[-116.766,46.5333],[-116.8327,46.6229],[-116.888,46.6408],[-116.9012,46.6694],[-116.9949,46.6807],[-116.9359,46.7076],[-116.9341,46.7463],[-116.978,46.7825],[-117.027,46.8019],[-116.9981,46.8354],[-117.0029,46.8744],[-116.9309,46.8938],[-116.9012,46.9155],[-116.8609,46.9123],[-116.6921,46.9193],[-116.6556,46.9527],[-116.6747,46.9697],[-116.7664,46.9387],[-116.8404,46.9638],[-116.8838,47.0337],[-116.9669,47.0119],[-117.0135,47.0143],[-116.9802,47.0669],[-117.0182,47.124],[-116.9473,47.1431],[-116.878,47.0937],[-116.8539,47.0535],[-116.7814,47.0655],[-116.7753,47.1104],[-116.7988,47.1374],[-116.872,47.1852],[-116.87,47.2453],[-116.9481,47.3121],[-116.9769,47.3718],[-116.9295,47.3958],[-116.9311,47.4155],[-117.0027,47.4288],[-117.0289,47.4819],[-117.1067,47.5397],[-117.169,47.5231],[-117.2821,47.5078],[-117.3226,47.547],[-117.366,47.5397],[-117.438,47.6104],[-117.5109,47.7118],[-117.5433,47.7202],[-117.555,47.761],[-117.6308,47.801],[-117.6915,47.8665],[-117.7649,47.8497],[-117.8149,47.8841],[-117.8617,47.8517],[-117.9215,47.8338],[-117.9739,47.8368],[-118.0546,47.8175],[-118.0999,47.8472],[-118.1858,47.935],[-118.2211,47.9517],[-118.3445,47.9107],[-118.3904,47.8497],[-118.4211,47.8439],[-118.4549,47.8791],[-118.5212,47.8949],[-118.5382,47.9329],[-118.6205,47.9375],[-118.6651,47.951],[-118.7199,47.9279],[-118.7883,47.9321],[-118.8487,47.9696],[-118.933,47.9537],[-118.9454,47.9879],[-118.8698,48.0177],[-118.8541,48.0786],[-118.8616,48.1031],[-118.8372,48.1639],[-118.8336,48.2197],[-118.8825,48.2221],[-118.922,48.2005],[-118.9851,48.2031],[-118.9907,48.1796],[-119.1561,48.1646],[-119.1857,48.1762],[-119.2812,48.1274],[-119.3224,48.1633],[-119.312,48.1884],[-119.2409,48.194],[-119.298,48.23],[-119.4257,48.3453],[-119.3572,48.3601],[-119.2903,48.3308],[-119.2782,48.3684],[-119.3682,48.3938],[-119.3932,48.4316],[-119.4916,48.5067],[-119.4697,48.5532],[-119.3372,48.4954],[-119.2488,48.501],[-119.2598,48.5287],[-119.3045,48.5607],[-119.3869,48.5808],[-119.4565,48.5864],[-119.4229,48.6208],[-119.3859,48.6062],[-119.3422,48.6158],[-119.3527,48.6491],[-119.2828,48.6342],[-119.218,48.6698],[-119.3479,48.7865],[-119.3638,48.8387],[-119.4069,48.8836],[-119.3902,48.9301],[-119.328,48.9453],[-119.3499,49.005],[-119.331,49.09],[-119.1912,49.0899],[-119.0425,49.1079],[-118.8433,49.0644],[-118.7144,49.046],[-118.5891,49.0122],[-118.3947,49.0237],[-118.3548,49.1259],[-118.4539,49.1871],[-118.5694,49.2429],[-118.6783,49.3288],[-118.6779,49.4136],[-118.7131,49.4959],[-118.7718,49.604],[-118.7316,49.6918],[-118.616,49.8113],[-118.5371,49.9194],[-118.5124,50],[-121.8146,50],[-121.787,49.9853],[-121.6103,49.913],[-121.438,49.881],[-121.3072,49.8476],[-121.1773,49.7403],[-121.1432,49.6286],[-121.0826,49.5301],[-121.0974,49.4766]]]},"properties":{"NA_L1CODE":"10","NA_L1NAME":"NORTH AMERICAN DESERTS","NA_L1KEY":"10  NORTH AMERICAN DESERTS","Shape_Leng":4103933.59623,"Shape_Area":134285295377}},
{"type":"Feature","geometry":{"type":"Polygon","coordinates":[[[-115.1586,28.2124],[-115.1769,28.2391],[-115.1751,28.2858],[-115.2143,28.3627],[-115.2645,28.3634],[-115.2752,28.3056],[-115.2479,28.2393],[-115.2813,28.1809],[-115.3163,28.1456],[-115.3428,28.1369],[-115.359,28.0991],[-115.3064,28.1055],[-115.2784,28.0962],[-115.2511,28.0483],[-115.2247,28.0372],[-115.1742,28.0438],[-115.1703,28.1272],[-115.1499,28.1673],[-115.1586,28.2124]]]},"properties":{"NA_L1CODE":"11","NA_L1NAME":"MEDITERRANEAN CALIFORNIA","NA_L1KEY":"11  MEDITERRANEAN CALIFORNIA","Shape_Leng":101076.727118,"Shape_Area":373330964.801}},
{"type":"Feature","geometry":{"type":"Polygon","coordinates":[[[-118.3672,29.1764],[-118.4225,29.1678],[-118.4539,29.1405],[-118.4466,29.0698],[-118.4093,29.0464],[-118.3678,28.9619],[-118.3706,28.9266],[-118.3281,28.8794],[-118.2991,28.919],[-118.2997,29.0184],[-118.3113,29.0641],[-118.3631,29.106],[-118.3816,29.1401],[-118.3672,29.1764]]]},"properties":{"NA_L1CODE":"11","NA_L1NAME":"MEDITERRANEAN CALIFORNIA","NA_L1KEY":"11  MEDITERRANEAN CALIFORNIA","Shape_Leng":86196.788622,"Shape_Area":257980960.343}},
{"type":"Feature","geometry":{"type":"Polygon","coordinates":[[[-118.6106,33.0333],[-118.4947,32.851],[-118.429,32.8042],[-118.3701,32.8393],[-118.4962,32.9328],[-118.5404,32.9811],[-118.5698,33.0292],[-118.6106,33.0333]]]},"properties":{"NA_L1CODE":"11","NA_L1NAME":"MEDITERRANEAN CALIFORNIA","NA_L1KEY":"11  MEDITERRANEAN CALIFORNIA","Shape_Leng":96475.0577119,"Shape_Area":148327427.168}},
{"type":"Feature","geometry":{"type":"Polygon","coordinates":[[[-119.5769,33.2784],[-119.5443,33.2318],[-119.4703,33.2144],[-119.4343,33.2308],[-119.4651,33.2589],[-119.5283,33.2851],[-119.5769,33.2784]]]},"properties":{"NA_L1CODE":"11","NA_L1NAME":"MEDITERRANEAN CALIFORNIA","NA_L1KEY":"11  MEDITERRANEAN CALIFORNIA","Shape_Leng":46175.6528337,"Shape_Area":58756732.6323}},
{"type":"Feature","geometry":{"type":"Polygon","coordinates":[[[-118.6054,33.4787],[-118.5741,33.4398],[-118.4882,33.4189],[-118.4883,33.3566],[-118.4576,33.3219],[-118.3742,33.3194],[-118.3257,33.2982],[-118.3109,33.3365],[-118.3496,33.3709],[-118.3662,33.4061],[-118.4812,33.4478],[-118.532,33.4724],[-118.6054,33.4787]]]},"properties":{"NA_L1CODE":"11","NA_L1NAME":"MEDITERRANEAN CALIFORNIA","NA_L1KEY":"11  MEDITERRANEAN CALIFORNIA","Shape_Leng":99153.5210574,"Shape_Area":194890894.641}},
{"type":"Feature","geometry":{"type":"Polygon","coordinates":[[[-120.2376,34.0089],[-120.1796,33.9245],[-120.1193,33.8939],[-120.0495,33.9144],[-120.0174,33.9359],[-119.9682,33.9421],[-119.9791,33.9831],[-120.0049,33.98],[-120.0744,34.024],[-120.1365,34.026],[-120.1685,34.0075],[-120.2376,34.0089]]]},"properties":{"NA_L1CODE":"11","NA_L1NAME":"MEDITERRANEAN CALIFORNIA","NA_L1KEY":"11  MEDITERRANEAN CALIFORNIA","Shape_Leng":85721.2062855,"Shape_Area":215769346.64}},
{"type":"Feature","geometry":{"type":"Polygon","coordinates":[[[-119.9182,34.0778],[-119.876,34.031],[-119.8745,33.98],[-119.8518,33.9694],[-119.7209,33.9594],[-119.6551,33.9875],[-119.5545,33.998],[-119.5296,34.0413],[-119.5849,34.0535],[-119.6166,34.0178],[-119.6864,34.0199],[-119.7126,34.0437],[-119.7581,34.0592],[-119.8098,34.0515],[-119.8518,34.0697],[-119.9182,34.0778]]]},"properties":{"NA_L1CODE":"11","NA_L1NAME":"MEDITERRANEAN CALIFORNIA","NA_L1KEY":"11  MEDITERRANEAN CALIFORNIA","Shape_Leng":126674.734611,"Shape_Area":251036978.269}},
{"type":"Feature","geometry":{"type":"Polygon","coordinates":[[[-120.3691,34.0765],[-120.4109,34.0325],[-120.3609,34.0143],[-120.3104,34.0192],[-120.3691,34.0765]]]},"properties":{"NA_L1CODE":"11","NA_L1NAME":"MEDITERRANEAN CALIFORNIA","NA_L1KEY":"11  MEDITERRANEAN CALIFORNIA","Shape_Leng":44452.7499627,"Shape_Area":38607425.4672}},
{"type":"Feature","geometry":{"type":"Polygon","coordinates":[[[-118.1879,35.7369],[-118.2621,35.7412],[-118.3292,35.7678],[-118.4162,35.835],[-118.4583,35.8455],[-118.4969,35.822],[-118.5597,35.648],[-118.5906,35.6184],[-118.6286,35.6115],[-118.6493,35.6378],[-118.6698,35.7312],[-118.698,35.949],[-118.6968,36.1059],[-118.7166,36.1874],[-118.7462,36.2441],[-118.7621,36.3616],[-118.7885,36.4727],[-118.8352,36.5463],[-118.938,36.6241],[-118.964,36.6571],[-118.976,36.7188],[-118.9427,36.7602],[-118.9297,36.8014],[-118.9391,36.8312],[-119.0084,36.8843],[-119.1418,36.9185],[-119.2472,36.9762],[-119.3291,36.998],[-119.3827,37.036],[-119.3749,37.0734],[-119.298,37.1336],[-119.3387,37.19],[-119.4716,37.1931],[-119.5223,37.2195],[-119.57,37.2663],[-119.6531,37.3218],[-119.7103,37.3877],[-119.8422,37.4611],[-119.8783,37.5052],[-119.8938,37.5525],[-119.8344,37.5609],[-119.8388,37.6061],[-119.9915,37.6698],[-120.136,37.7251],[-120.1851,37.775],[-120.1523,37.8044],[-120.1482,37.8405],[-120.18,37.8868],[-120.2269,37.9154],[-120.3076,38.0125],[-120.3762,38.0692],[-120.4025,38.1089],[-120.4598,38.1333],[-120.5246,38.1367],[-120.5701,38.1619],[-120.6131,38.23],[-120.6165,38.3015],[-120.6371,38.3415],[-120.7261,38.3672],[-120.7633,38.4017],[-120.7672,38.436],[-120.6661,38.5487],[-120.6568,38.6017],[-120.6864,38.6429],[-120.7643,38.6471],[-120.7972,38.7326],[-120.8814,38.833],[-120.9192,38.8633],[-120.9589,38.9382],[-121.0334,38.9663],[-121.0551,38.9838],[-121.0775,39.0969],[-121.1404,39.2002],[-121.2064,39.2719],[-121.2707,39.3567],[-121.284,39.4358],[-121.3061,39.4808],[-121.4053,39.5594],[-121.4484,39.6199],[-121.485,39.7141],[-121.554,39.7607],[-121.6071,39.8474],[-121.6966,39.933],[-121.734,40.0265],[-121.7319,40.0878],[-121.7078,40.1643],[-121.7137,40.2147],[-121.7445,40.2509],[-121.7688,40.3142],[-121.8474,40.4814],[-121.9036,40.501],[-121.9375,40.5341],[-121.9523,40.588],[-121.9212,40.6396],[-121.9227,40.6738],[-121.9608,40.7125],[-122.0744,40.7295],[-122.1752,40.8036],[-122.2727,40.7953],[-122.3537,40.8303],[-122.3989,40.8273],[-122.4378,40.7764],[-122.4882,40.7392],[-122.5697,40.7325],[-122.6018,40.716],[-122.6144,40.6711],[-122.5842,40.617],[-122.5805,40.5868],[-122.6011,40.545],[-122.7138,40.4821],[-122.7952,40.4594],[-122.8457,40.4167],[-122.8572,40.3759],[-122.8406,40.3118],[-122.7989,40.2395],[-122.78,40.1396],[-122.7199,40.0275],[-122.7084,39.9403],[-122.7192,39.881],[-122.7663,39.836],[-122.777,39.7884],[-122.7453,39.7599],[-122.7603,39.7092],[-122.7529,39.6463],[-122.6854,39.5597],[-122.6728,39.5159],[-122.7009,39.4178],[-122.6926,39.3142],[-122.6566,39.2123],[-122.6766,39.1677],[-122.7081,39.1799],[-122.7396,39.2417],[-122.8211,39.3507],[-122.8872,39.4025],[-122.9129,39.3754],[-122.8886,39.2871],[-122.9069,39.2304],[-122.952,39.202],[-122.9895,39.2042],[-123.0585,39.281],[-123.1295,39.3382],[-123.1936,39.3206],[-123.2246,39.2772],[-123.3249,39.2465],[-123.3388,39.2306],[-123.3401,39.1747],[-123.321,39.1264],[-123.2192,39.025],[-123.1895,38.9857],[-123.1719,38.9184],[-123.2001,38.8697],[-123.1791,38.7895],[-123.0699,38.6423],[-122.9608,38.5686],[-122.9259,38.5361],[-122.8851,38.4756],[-122.8898,38.4291],[-122.9325,38.3806],[-122.9755,38.3589],[-123.0083,38.3596],[-123.0745,38.4046],[-123.0991,38.4041],[-123.0482,38.3328],[-123.0031,38.2959],[-122.9529,38.2309],[-122.9664,38.1993],[-122.9484,38.1544],[-122.9658,38.0996],[-123.0125,38.0013],[-122.983,37.998],[-122.9312,38.0354],[-122.8543,38.0154],[-122.7945,37.973],[-122.7658,37.9376],[-122.7013,37.8942],[-122.668,37.9177],[-122.5236,37.8248],[-122.4781,37.8257],[-122.4783,37.856],[-122.5033,37.8894],[-122.4952,37.9702],[-122.4621,38.0035],[-122.4986,38.0156],[-122.4846,38.0725],[-122.4874,38.1098],[-122.4406,38.1176],[-122.3993,38.1448],[-122.2965,38.0981],[-122.2615,38.0555],[-122.3,38.0101],[-122.3831,37.9764],[-122.4091,37.9319],[-122.39,37.9093],[-122.3224,37.9057],[-122.3029,37.8616],[-122.3056,37.7937],[-122.2434,37.7838],[-122.2512,37.7244],[-122.2101,37.7104],[-122.1616,37.6682],[-122.145,37.5823],[-122.1055,37.4992],[-122.0625,37.4982],[-122.0403,37.451],[-122.1014,37.4559],[-122.1962,37.5364],[-122.2518,37.5675],[-122.3057,37.5751],[-122.3213,37.5918],[-122.3785,37.6064],[-122.3915,37.7097],[-122.357,37.7287],[-122.3827,37.7534],[-122.3873,37.7894],[-122.4105,37.8094],[-122.464,37.8049],[-122.5136,37.7823],[-122.4942,37.6611],[-122.4952,37.6264],[-122.4258,37.6115],[-122.3394,37.5649],[-122.2463,37.4915],[-122.1923,37.4159],[-122.1389,37.3199],[-122.0403,37.2194],[-121.9427,37.1433],[-121.8314,37.0824],[-121.7537,37.0264],[-121.6833,36.958],[-121.69,36.9397],[-121.749,36.948],[-121.8306,36.984],[-121.9158,37.0099],[-121.9646,37.0147],[-122.0682,37.0006],[-122.1327,36.968],[-122.0659,36.9481],[-122.0229,36.9616],[-121.9726,36.9547],[-121.9387,36.9781],[-121.9005,36.9652],[-121.8619,36.9311],[-121.7886,36.8042],[-121.8161,36.6771],[-121.8438,36.6272],[-121.8903,36.602],[-121.936,36.6375],[-121.9695,36.5691],[-121.9366,36.5627],[-121.9259,36.5252],[-121.9455,36.4894],[-121.9016,36.3878],[-121.8991,36.3077],[-121.8538,36.2798],[-121.8335,36.2474],[-121.7166,36.195],[-121.6333,36.121],[-121.5735,36.0235],[-121.5046,36.0016],[-121.4908,35.9818],[-121.4625,35.886],[-121.4131,35.8559],[-121.3881,35.8233],[-121.332,35.7825],[-121.3144,35.7134],[-121.2608,35.6641],[-121.1639,35.6329],[-121.1038,35.5521],[-121.004,35.461],[-120.9058,35.4484],[-120.8701,35.4043],[-120.8647,35.375],[-120.8336,35.3405],[-120.8722,35.3121],[-120.8944,35.2456],[-120.8571,35.2079],[-120.7843,35.1763],[-120.6993,35.1713],[-120.6511,35.1477],[-120.6303,35.087],[-120.6365,35.0189],[-120.6711,34.902],[-120.6165,34.867],[-120.612,34.8369],[-120.6371,34.7573],[-120.6019,34.7096],[-120.6452,34.5771],[-120.6237,34.5541],[-120.5834,34.5568],[-120.5144,34.5247],[-120.4716,34.4501],[-120.3372,34.4593],[-120.2958,34.4704],[-120.1187,34.4701],[-120.0982,34.4623],[-120.0031,34.4587],[-119.8557,34.4089],[-119.7872,34.4166],[-119.7292,34.3961],[-119.684,34.4129],[-119.6019,34.4199],[-119.4592,34.3731],[-119.3913,34.3189],[-119.2823,34.27],[-119.2302,34.1596],[-119.1306,34.1003],[-119.0847,34.0978],[-118.9376,34.0434],[-118.8534,34.0341],[-118.8086,34.0013],[-118.744,34.0325],[-118.6845,34.0308],[-118.5453,34.0386],[-118.4925,34.0045],[-118.4405,33.938],[-118.3915,33.8402],[-118.395,33.8035],[-118.4283,33.774],[-118.3994,33.7366],[-118.286,33.7068],[-118.254,33.746],[-118.1832,33.7633],[-118.0963,33.7383],[-118.0051,33.6568],[-117.9294,33.607],[-117.8722,33.592],[-117.784,33.5409],[-117.7171,33.4667],[-117.6821,33.4614],[-117.6211,33.421],[-117.5965,33.3872],[-117.5457,33.3627],[-117.4697,33.2953],[-117.3617,33.168],[-117.3286,33.122],[-117.2798,33.0116],[-117.2516,32.8761],[-117.2808,32.8223],[-117.252,32.7888],[-117.2562,32.7019],[-117.2152,32.728],[-117.1733,32.7121],[-117.1189,32.6723],[-117.0972,32.6203],[-117.1196,32.6034],[-117.1625,32.6254],[-117.1245,32.5304],[-117.117,32.4647],[-117.0337,32.282],[-117.0189,32.2671],[-116.9358,32.2428],[-116.9174,32.2223],[-116.8828,32.1213],[-116.8816,32.0335],[-116.8304,31.9788],[-116.7979,31.9844],[-116.7561,31.9585],[-116.7412,31.9057],[-116.6715,31.8651],[-116.6171,31.8574],[-116.6044,31.8212],[-116.6133,31.7742],[-116.6634,31.7205],[-116.7209,31.7461],[-116.7197,31.7164],[-116.6743,31.696],[-116.644,31.6637],[-116.6491,31.5896],[-116.6841,31.575],[-116.6818,31.5499],[-116.6253,31.5162],[-116.5298,31.4409],[-116.4636,31.3578],[-116.3524,31.2351],[-116.3037,31.1384],[-116.3059,31.109],[-116.3369,30.9823],[-116.3306,30.9591],[-116.2696,30.9638],[-116.212,30.9094],[-116.171,30.8582],[-116.0531,30.7877],[-116.0278,30.6735],[-116.0339,30.5548],[-116.044,30.4651],[-116.0053,30.366],[-115.9918,30.4049],[-115.9308,30.4522],[-115.9121,30.3977],[-115.865,30.3717],[-115.8125,30.3067],[-115.794,30.2467],[-115.8,30.1375],[-115.7781,30.0826],[-115.801,29.9586],[-115.7433,29.95],[-115.7005,29.8962],[-115.6835,29.8235],[-115.6969,29.7521],[-115.5106,29.6252],[-115.4665,29.6267],[-115.4192,29.5963],[-115.3671,29.5642],[-115.2874,29.5932],[-115.2999,29.6413],[-115.2891,29.679],[-115.3036,29.7045],[-115.368,29.696],[-115.3892,29.7081],[-115.3612,29.7869],[-115.372,29.8268],[-115.3992,29.8463],[-115.396,29.8995],[-115.465,29.9604],[-115.4905,30.024],[-115.4915,30.052],[-115.4705,30.111],[-115.4901,30.1385],[-115.4948,30.2043],[-115.5816,30.2142],[-115.5631,30.3156],[-115.5142,30.3165],[-115.4827,30.3789],[-115.4491,30.3854],[-115.4491,30.4386],[-115.4972,30.4837],[-115.4861,30.5267],[-115.4525,30.562],[-115.3873,30.5769],[-115.3723,30.5117],[-115.3206,30.4773],[-115.2973,30.4877],[-115.2169,30.4202],[-115.2659,30.4176],[-115.279,30.4008],[-115.2388,30.3675],[-115.1951,30.3684],[-115.1762,30.3873],[-115.1018,30.3879],[-115.1014,30.4222],[-115.141,30.4438],[-115.1435,30.5321],[-115.1934,30.5827],[-115.2547,30.6119],[-115.2762,30.67],[-115.2561,30.7029],[-115.2501,30.7459],[-115.2213,30.7624],[-115.27,30.7941],[-115.2773,30.8203],[-115.3258,30.8582],[-115.3179,30.9228],[-115.2798,30.985],[-115.3258,31.0606],[-115.3717,31.0616],[-115.4558,31.1532],[-115.4578,31.1829],[-115.4995,31.1855],[-115.4971,31.2205],[-115.5136,31.2775],[-115.556,31.2918],[-115.588,31.278],[-115.5915,31.2421],[-115.6519,31.3035],[-115.6705,31.311],[-115.7343,31.2853],[-115.7355,31.3096],[-115.7927,31.3465],[-115.7876,31.3977],[-115.7433,31.4058],[-115.6755,31.3713],[-115.6162,31.3873],[-115.5954,31.3564],[-115.4828,31.3407],[-115.5098,31.3727],[-115.5395,31.4433],[-115.5197,31.5193],[-115.5546,31.5388],[-115.5562,31.5784],[-115.6132,31.6244],[-115.6065,31.6602],[-115.6676,31.6559],[-115.6671,31.6954],[-115.7014,31.7059],[-115.6995,31.7544],[-115.6775,31.8078],[-115.7223,31.8454],[-115.7678,31.866],[-115.7826,31.9748],[-115.8002,32.0044],[-115.7853,32.0492],[-115.8327,32.0708],[-115.7999,32.1039],[-115.8246,32.1367],[-115.8821,32.1543],[-115.8714,32.1856],[-115.8955,32.2654],[-115.8669,32.32],[-115.8741,32.432],[-115.9194,32.4983],[-115.9871,32.5109],[-116.0178,32.493],[-116.0272,32.5763],[-116.0536,32.6202],[-116.0958,32.6194],[-116.224,32.7416],[-116.3219,32.8951],[-116.4256,33.0381],[-116.4754,33.0794],[-116.4896,33.1359],[-116.469,33.1995],[-116.4674,33.2657],[-116.4876,33.3474],[-116.5268,33.4357],[-116.5147,33.4692],[-116.4876,33.4777],[-116.3964,33.4569],[-116.3291,33.434],[-116.3034,33.4424],[-116.3093,33.4952],[-116.3306,33.5395],[-116.425,33.6209],[-116.5395,33.6692],[-116.5871,33.7204],[-116.5854,33.7633],[-116.616,33.8209],[-116.6918,33.8605],[-116.7492,33.91],[-116.7523,33.9563],[-116.7364,33.9831],[-116.5578,34.1001],[-116.5384,34.1371],[-116.5452,34.1938],[-116.6205,34.2587],[-116.7046,34.2854],[-116.7836,34.3017],[-116.8765,34.3124],[-116.9674,34.3324],[-117.2094,34.3577],[-117.387,34.3701],[-117.5683,34.3956],[-117.8317,34.4229],[-117.9961,34.4659],[-118.0888,34.5044],[-118.1804,34.5833],[-118.2839,34.6256],[-118.4986,34.6883],[-118.576,34.7214],[-118.6297,34.7557],[-118.6518,34.8019],[-118.6288,34.8386],[-118.5597,34.8936],[-118.5158,34.9167],[-118.45,34.9867],[-118.3992,35.0927],[-118.3507,35.1651],[-118.3233,35.2212],[-118.267,35.2991],[-118.2537,35.3747],[-118.2839,35.5635],[-118.27,35.6553],[-118.2368,35.7011],[-118.1879,35.7369]]]},"properties":{"NA_L1CODE":"11","NA_L1NAME":"MEDITERRANEAN CALIFORNIA","NA_L1KEY":"11  MEDITERRANEAN CALIFORNIA","Shape_Leng":5417939.11143,"Shape_Area":188480423213}},
{"type":"Feature","geometry":{"type":"Polygon","coordinates":[[[-109.1101,32.9357],[-109.1879,33.0095],[-109.2338,33.0333],[-109.3239,33.05],[-109.4317,32.9895],[-109.4821,33.0078],[-109.4887,33.1102],[-109.4768,33.1809],[-109.4504,33.2625],[-109.4569,33.3427],[-109.5076,33.361],[-109.527,33.3316],[-109.5479,33.2309],[-109.5845,33.1916],[-109.6139,33.1903],[-109.7106,33.2401],[-109.825,33.3055],[-109.9416,33.3514],[-110.0274,33.4072],[-110.0697,33.4496],[-110.1453,33.4853],[-110.2874,33.5061],[-110.3367,33.5293],[-110.4481,33.5338],[-110.5293,33.5227],[-110.6098,33.5036],[-110.6777,33.4726],[-110.7296,33.4246],[-110.7427,33.3908],[-110.7106,33.2824],[-110.7346,33.2388],[-110.7683,33.2295],[-110.9421,33.221],[-110.9842,33.21],[-110.9583,33.1741],[-110.8935,33.14],[-110.8285,33.1236],[-110.7659,33.1361],[-110.6999,33.1352],[-110.6212,33.1654],[-110.5783,33.1964],[-110.5218,33.2627],[-110.4361,33.3401],[-110.3901,33.3422],[-110.3464,33.3177],[-110.1836,33.2796],[-110.1178,33.2257],[-110.0698,33.1414],[-110.078,33.106],[-110.1166,33.072],[-110.1952,33.0896],[-110.3494,33.1003],[-110.5049,33.0964],[-110.5457,33.0592],[-110.5458,33.0197],[-110.6041,32.9727],[-110.7511,32.929],[-110.8632,32.9517],[-110.9709,32.9398],[-111.0018,32.9146],[-111.0189,32.8383],[-111.0178,32.7457],[-110.9999,32.6812],[-111.0363,32.6006],[-111.0396,32.5608],[-111.0217,32.5089],[-110.9978,32.4958],[-110.8958,32.5435],[-110.8613,32.5466],[-110.8181,32.5114],[-110.8592,32.4036],[-110.8493,32.3551],[-110.8226,32.3336],[-110.702,32.2926],[-110.6482,32.2518],[-110.6382,32.2204],[-110.6284,32.0779],[-110.6055,32.0131],[-110.6195,31.964],[-110.6766,31.9461],[-110.7758,31.9428],[-110.807,31.9308],[-110.8696,31.8688],[-110.9666,31.7177],[-111.0155,31.6692],[-111.0587,31.6694],[-111.0841,31.699],[-111.0694,31.7827],[-111.027,31.8541],[-111.0303,31.929],[-111.0576,31.982],[-111.1211,32.0178],[-111.1518,32.024],[-111.1872,32.0081],[-111.2358,31.9574],[-111.2841,31.8475],[-111.3084,31.7309],[-111.3397,31.6837],[-111.3914,31.6745],[-111.4267,31.7193],[-111.4355,31.804],[-111.4357,31.921],[-111.4552,32.0106],[-111.4844,32.029],[-111.5158,32.0184],[-111.5649,31.9669],[-111.6118,31.9505],[-111.6398,31.8931],[-111.6313,31.7297],[-111.63,31.6179],[-111.6391,31.5432],[-111.6548,31.5179],[-111.5792,31.494],[-111.5289,31.4545],[-111.5273,31.3732],[-111.5518,31.3347],[-111.4685,31.3051],[-111.4501,31.251],[-111.4166,31.2522],[-111.3852,31.213],[-111.304,31.2368],[-111.2665,31.2684],[-111.2284,31.2453],[-111.2348,31.2031],[-111.1819,31.1869],[-111.2259,31.1428],[-111.2385,31.1026],[-111.1945,31.0676],[-111.1958,31.019],[-111.1781,30.9765],[-111.2092,30.8682],[-111.2551,30.825],[-111.2179,30.8117],[-111.1698,30.8585],[-111.1169,30.8485],[-111.093,30.768],[-111.1471,30.6952],[-111.1062,30.7044],[-111.0601,30.6756],[-111.0598,30.6486],[-110.9831,30.6353],[-110.9573,30.6636],[-110.9058,30.7525],[-110.8551,30.8108],[-110.8183,30.7876],[-110.8976,30.7488],[-110.9175,30.7096],[-110.9168,30.6619],[-110.9571,30.6357],[-110.9433,30.6084],[-110.8859,30.5766],[-110.8957,30.5615],[-110.9836,30.6173],[-111.0227,30.5983],[-111.007,30.5647],[-110.9649,30.545],[-110.9094,30.4835],[-110.8907,30.4093],[-110.9084,30.3736],[-110.904,30.3456],[-110.8554,30.3374],[-110.8336,30.3027],[-110.7947,30.2839],[-110.7609,30.2318],[-110.7311,30.224],[-110.7017,30.1666],[-110.705,30.091],[-110.6519,30.0988],[-110.5475,30.0874],[-110.5518,30.0497],[-110.5087,30.0379],[-110.5081,29.9901],[-110.4747,29.9992],[-110.4767,29.9353],[-110.5022,29.9179],[-110.4381,29.8803],[-110.4403,29.8443],[-110.3867,29.7754],[-110.3915,29.7241],[-110.3445,29.7383],[-110.326,29.7054],[-110.3423,29.6805],[-110.3263,29.6341],[-110.3376,29.6028],[-110.2954,29.5693],[-110.2024,29.5697],[-110.2335,29.6273],[-110.2626,29.7155],[-110.2998,29.7471],[-110.3223,29.7855],[-110.2935,29.811],[-110.3133,29.8692],[-110.3602,29.8911],[-110.4179,29.9618],[-110.4542,29.9915],[-110.4366,30.0227],[-110.4386,30.0579],[-110.3971,30.0893],[-110.4778,30.0957],[-110.459,30.1647],[-110.4564,30.2142],[-110.3807,30.2097],[-110.3682,30.2445],[-110.2477,30.247],[-110.2168,30.2687],[-110.1525,30.268],[-110.1442,30.2083],[-110.1015,30.1532],[-110.1235,30.1168],[-110.0935,30.0845],[-110.0937,29.9917],[-110.0803,29.9589],[-110.0899,29.8627],[-110.0341,29.8315],[-110.0337,29.7864],[-109.9878,29.7392],[-110.0137,29.6803],[-109.9726,29.6441],[-109.997,29.5969],[-109.9827,29.564],[-110.0357,29.4969],[-109.9874,29.4622],[-109.9429,29.4953],[-109.9087,29.5549],[-109.94,29.5746],[-109.9174,29.5993],[-109.8635,29.6051],[-109.8671,29.6475],[-109.8515,29.6769],[-109.7966,29.6546],[-109.7489,29.6578],[-109.7457,29.6884],[-109.7678,29.7332],[-109.7635,29.7647],[-109.796,29.8079],[-109.8767,29.8625],[-109.8581,29.8917],[-109.8822,29.9122],[-109.9219,29.9006],[-109.9302,29.9297],[-110.0054,29.9407],[-110.0515,29.9834],[-110.0423,30.0102],[-109.983,30.0167],[-109.9343,29.9884],[-109.9343,29.9596],[-109.8915,29.9683],[-109.8394,29.948],[-109.8211,29.8844],[-109.7624,29.8764],[-109.741,29.92],[-109.6918,29.9087],[-109.6799,29.8669],[-109.6895,29.832],[-109.6771,29.8046],[-109.6936,29.7789],[-109.6705,29.6818],[-109.6366,29.6231],[-109.661,29.6066],[-109.713,29.6496],[-109.7333,29.6339],[-109.7201,29.6011],[-109.6608,29.585],[-109.6273,29.5163],[-109.5847,29.5223],[-109.6028,29.4552],[-109.5858,29.3888],[-109.5347,29.483],[-109.4856,29.4969],[-109.485,29.5375],[-109.433,29.572],[-109.4117,29.7175],[-109.4648,29.6821],[-109.5024,29.7238],[-109.514,29.7702],[-109.4614,29.793],[-109.5178,29.8569],[-109.5331,29.8366],[-109.4947,29.8129],[-109.504,29.787],[-109.5394,29.7826],[-109.5602,29.8058],[-109.5525,29.8425],[-109.6257,29.878],[-109.5993,29.8908],[-109.5998,29.9296],[-109.6685,30.0298],[-109.6363,30.0577],[-109.6061,30.0073],[-109.5957,29.9547],[-109.5773,29.9506],[-109.5724,29.8891],[-109.5525,29.8696],[-109.5057,29.8745],[-109.412,29.8627],[-109.4161,29.8115],[-109.4823,29.7602],[-109.4801,29.7114],[-109.4134,29.7519],[-109.3654,29.7369],[-109.3704,29.8426],[-109.4155,29.8904],[-109.4162,29.9386],[-109.4332,29.9535],[-109.43,30.031],[-109.4008,30.0364],[-109.3471,30.0069],[-109.3471,29.9311],[-109.3222,29.9069],[-109.3533,29.879],[-109.3385,29.8371],[-109.3179,29.8347],[-109.2915,29.7734],[-109.2663,29.8078],[-109.2891,29.8554],[-109.2875,29.9437],[-109.2595,29.9699],[-109.2511,30.022],[-109.2211,30.0201],[-109.172,30.0425],[-109.1645,30.1076],[-109.1814,30.1262],[-109.159,30.1642],[-109.1149,30.1754],[-109.2227,30.2761],[-109.2276,30.3574],[-109.1736,30.3557],[-109.1613,30.4508],[-109.1879,30.4849],[-109.1773,30.5134],[-109.1998,30.5465],[-109.2457,30.5443],[-109.2566,30.4591],[-109.2037,30.4323],[-109.2401,30.4073],[-109.2562,30.4429],[-109.2889,30.4583],[-109.2919,30.4863],[-109.2746,30.5758],[-109.2251,30.5896],[-109.2348,30.6295],[-109.2166,30.6677],[-109.2283,30.6851],[-109.2203,30.7515],[-109.1672,30.749],[-109.1602,30.6929],[-109.101,30.6425],[-109.1117,30.6104],[-109.0886,30.5665],[-109.0453,30.557],[-109.0501,30.5202],[-109.0735,30.5065],[-109.0628,30.4666],[-109.0082,30.4315],[-109.0564,30.3502],[-109.002,30.3358],[-109.0165,30.3138],[-109.0036,30.2764],[-109.0316,30.2539],[-109.0384,30.2154],[-109.016,30.1822],[-109.0903,30.1684],[-109.052,30.1419],[-109.0499,30.1184],[-109.0095,30.0955],[-108.9666,30.1959],[-108.986,30.2272],[-108.9588,30.256],[-108.9531,30.3144],[-108.9362,30.3427],[-108.8611,30.3492],[-108.8546,30.3094],[-108.8787,30.2823],[-108.9331,30.2967],[-108.9454,30.2763],[-108.919,30.2403],[-108.9301,30.1533],[-108.8528,30.2111],[-108.8531,30.2508],[-108.7844,30.253],[-108.7429,30.2309],[-108.7296,30.271],[-108.7855,30.3215],[-108.7568,30.3575],[-108.7598,30.4278],[-108.6715,30.4483],[-108.6791,30.4864],[-108.705,30.4872],[-108.7069,30.5359],[-108.7381,30.5361],[-108.8352,30.5997],[-108.865,30.6079],[-108.8965,30.6476],[-108.8712,30.6774],[-108.876,30.7099],[-108.9316,30.7487],[-108.9295,30.8188],[-108.8952,30.8393],[-108.9264,30.8871],[-108.8528,30.8775],[-108.8279,30.8497],[-108.8571,30.7813],[-108.8368,30.7015],[-108.838,30.6529],[-108.8185,30.6234],[-108.7626,30.5711],[-108.7263,30.6122],[-108.7123,30.6667],[-108.7226,30.6904],[-108.713,30.7405],[-108.5882,30.7353],[-108.5578,30.6947],[-108.5009,30.6414],[-108.518,30.5889],[-108.4753,30.5459],[-108.4283,30.5497],[-108.4247,30.5819],[-108.4522,30.6361],[-108.3912,30.6267],[-108.3798,30.6047],[-108.3208,30.5548],[-108.2817,30.5453],[-108.2552,30.5146],[-108.262,30.4815],[-108.2397,30.4284],[-108.2044,30.3857],[-108.1957,30.3115],[-108.1609,30.3012],[-108.1436,30.2537],[-108.1118,30.2245],[-108.1203,30.1599],[-108.0899,30.1254],[-108.0925,30.0741],[-108.0737,30.0374],[-108.0295,30.0294],[-108.0229,30.076],[-107.9982,30.0984],[-107.9731,30.1593],[-107.9175,30.1319],[-107.8432,30.1205],[-107.8254,30.1821],[-107.7809,30.1843],[-107.7762,30.1191],[-107.7872,30.0346],[-107.7642,29.9941],[-107.6993,29.927],[-107.6688,29.8787],[-107.6165,29.8369],[-107.5886,29.7564],[-107.5918,29.7267],[-107.5698,29.628],[-107.5299,29.5403],[-107.5434,29.4946],[-107.5349,29.4733],[-107.5655,29.428],[-107.5043,29.3747],[-107.4985,29.3042],[-107.4773,29.2842],[-107.4768,29.2348],[-107.5159,29.2],[-107.5079,29.1589],[-107.5523,29.1118],[-107.5962,28.994],[-107.596,28.9074],[-107.5794,28.8666],[-107.5479,28.8617],[-107.4854,28.8155],[-107.4668,28.8701],[-107.4188,28.8785],[-107.3799,28.8653],[-107.3383,28.7968],[-107.2779,28.7745],[-107.2532,28.7351],[-107.221,28.7796],[-107.1933,28.7897],[-107.1717,28.7542],[-107.1755,28.7289],[-107.148,28.6965],[-107.0865,28.662],[-107.0804,28.6371],[-107.0403,28.6232],[-107.0098,28.5728],[-106.9989,28.5184],[-106.9716,28.5102],[-106.976,28.4736],[-106.9495,28.4646],[-106.9586,28.4271],[-107.0038,28.4254],[-106.998,28.3734],[-106.9801,28.3414],[-106.9432,28.3142],[-106.9614,28.2683],[-106.9818,28.2614],[-107.0682,28.321],[-107.0861,28.3888],[-107.1039,28.4182],[-107.133,28.4261],[-107.144,28.4586],[-107.1263,28.4912],[-107.1589,28.5141],[-107.2235,28.6084],[-107.2518,28.5832],[-107.2154,28.5399],[-107.2568,28.5261],[-107.2896,28.534],[-107.3012,28.5586],[-107.3485,28.5652],[-107.4172,28.6631],[-107.4405,28.6609],[-107.4848,28.6902],[-107.5266,28.703],[-107.5663,28.682],[-107.6119,28.7542],[-107.6214,28.7936],[-107.6489,28.7946],[-107.666,28.8304],[-107.7182,28.8261],[-107.7502,28.8517],[-107.7725,28.9208],[-107.7355,28.9601],[-107.7301,29.0126],[-107.7769,29.015],[-107.7875,29.0596],[-107.8092,29.0799],[-107.83,29.1283],[-107.8619,29.1416],[-107.9073,29.1322],[-107.8794,29.0691],[-107.8694,28.9562],[-107.8476,28.9468],[-107.763,28.8334],[-107.7317,28.7444],[-107.7008,28.7182],[-107.6657,28.7372],[-107.6127,28.6301],[-107.5582,28.5541],[-107.5118,28.554],[-107.4843,28.5036],[-107.5317,28.4779],[-107.5483,28.4122],[-107.5149,28.3591],[-107.5377,28.3007],[-107.512,28.2556],[-107.4082,28.2678],[-107.3683,28.2033],[-107.3148,28.2007],[-107.3449,28.2523],[-107.3118,28.2688],[-107.3538,28.306],[-107.3794,28.2945],[-107.4001,28.3318],[-107.4388,28.3579],[-107.4284,28.3927],[-107.3827,28.3902],[-107.3466,28.4098],[-107.3169,28.4485],[-107.2505,28.4186],[-107.2886,28.3749],[-107.2815,28.3418],[-107.236,28.3213],[-107.1938,28.2658],[-107.1936,28.2214],[-107.1185,28.2369],[-107.0936,28.224],[-107.0935,28.1851],[-107.1099,28.1449],[-107.1104,28.0985],[-107.0575,28.091],[-107.0452,28.0344],[-107.0094,28.0491],[-106.9581,28.0043],[-106.9457,28.0524],[-106.9245,28.0809],[-106.8653,28.0911],[-106.8478,28.0225],[-106.9083,27.9837],[-106.9051,27.9442],[-106.8627,27.9468],[-106.9025,27.8656],[-106.8513,27.839],[-106.8271,27.7469],[-106.81,27.7335],[-106.7267,27.751],[-106.6488,27.6604],[-106.6939,27.6532],[-106.743,27.6318],[-106.7618,27.5905],[-106.7591,27.5563],[-106.8099,27.5827],[-106.8329,27.5599],[-106.7921,27.4576],[-106.7167,27.4522],[-106.7038,27.4301],[-106.7302,27.398],[-106.7861,27.3811],[-106.7784,27.3439],[-106.7913,27.2733],[-106.7763,27.246],[-106.8231,27.2157],[-106.7576,27.2044],[-106.7242,27.2342],[-106.7568,27.2906],[-106.7584,27.3396],[-106.7169,27.3792],[-106.6547,27.3829],[-106.6273,27.4162],[-106.6608,27.475],[-106.7213,27.499],[-106.7118,27.5381],[-106.6488,27.5381],[-106.6287,27.5235],[-106.5503,27.5204],[-106.5274,27.4977],[-106.4701,27.4885],[-106.4245,27.4379],[-106.4271,27.3924],[-106.4429,27.3584],[-106.4289,27.2944],[-106.4738,27.2843],[-106.4452,27.2503],[-106.4708,27.1839],[-106.4356,27.1389],[-106.4694,27.1068],[-106.5079,27.0994],[-106.4787,27.0454],[-106.5013,26.9978],[-106.4751,26.9699],[-106.4778,26.897],[-106.4324,26.8809],[-106.35,26.8655],[-106.3537,26.8242],[-106.3049,26.8063],[-106.287,26.7394],[-106.2481,26.7111],[-106.2876,26.6621],[-106.2759,26.596],[-106.2368,26.6068],[-106.2059,26.6445],[-106.1452,26.6442],[-106.1456,26.6739],[-106.2052,26.716],[-106.2558,26.7656],[-106.2647,26.7933],[-106.2381,26.8541],[-106.2443,26.895],[-106.2029,26.8929],[-106.2171,26.8558],[-106.1322,26.8271],[-106.0942,26.803],[-106.0861,26.8481],[-106.1545,26.8662],[-106.1772,26.909],[-106.266,26.9599],[-106.2999,27.0058],[-106.2832,27.0206],[-106.2241,26.9772],[-106.1671,26.9948],[-106.1381,26.9651],[-106.108,26.9718],[-106.0541,26.9156],[-105.9571,26.9385],[-105.9215,26.9265],[-105.8995,26.8956],[-105.8511,26.9003],[-105.8543,26.8587],[-105.8784,26.8415],[-105.8479,26.8079],[-105.8147,26.7967],[-105.7666,26.8197],[-105.7467,26.7978],[-105.764,26.7746],[-105.704,26.7584],[-105.7075,26.727],[-105.68,26.691],[-105.6524,26.6856],[-105.6377,26.6447],[-105.5847,26.5817],[-105.5396,26.6012],[-105.5429,26.5626],[-105.6021,26.5334],[-105.6381,26.5483],[-105.6705,26.536],[-105.7191,26.5487],[-105.7179,26.5181],[-105.6898,26.4657],[-105.639,26.4138],[-105.6583,26.3926],[-105.6927,26.4312],[-105.721,26.4447],[-105.764,26.3911],[-105.7927,26.3733],[-105.7663,26.3371],[-105.762,26.3044],[-105.7795,26.2262],[-105.7562,26.2176],[-105.777,26.1753],[-105.7469,26.1333],[-105.705,26.1041],[-105.6852,26.0734],[-105.6438,26.0515],[-105.6168,26.0196],[-105.586,26.0304],[-105.5828,26.0734],[-105.5439,26.0415],[-105.537,25.9741],[-105.5867,25.9732],[-105.5933,25.9497],[-105.5675,25.8822],[-105.5354,25.8765],[-105.4996,25.9003],[-105.4743,25.8667],[-105.4351,25.8401],[-105.3785,25.8303],[-105.3495,25.8133],[-105.2975,25.8105],[-105.285,25.7586],[-105.2499,25.7588],[-105.2513,25.7253],[-105.3164,25.7192],[-105.3595,25.6938],[-105.4571,25.7086],[-105.4767,25.6218],[-105.4358,25.641],[-105.4105,25.6288],[-105.3762,25.5801],[-105.3153,25.5556],[-105.3038,25.5219],[-105.3466,25.5145],[-105.3935,25.5421],[-105.4229,25.5184],[-105.454,25.5196],[-105.3988,25.4188],[-105.4337,25.3729],[-105.4465,25.3211],[-105.4827,25.278],[-105.5333,25.2806],[-105.5187,25.2306],[-105.5277,25.1768],[-105.6323,25.2853],[-105.7032,25.3709],[-105.7506,25.3943],[-105.7778,25.3486],[-105.816,25.3703],[-105.8316,25.348],[-105.7715,25.3155],[-105.7325,25.3291],[-105.7085,25.3055],[-105.6775,25.3025],[-105.6447,25.2368],[-105.592,25.2209],[-105.5724,25.1883],[-105.5051,25.1291],[-105.4906,25.0289],[-105.4717,25.0141],[-105.4496,24.9619],[-105.409,24.9169],[-105.3991,24.8855],[-105.4186,24.8569],[-105.402,24.8323],[-105.4257,24.8105],[-105.3991,24.7596],[-105.3965,24.7273],[-105.3638,24.7294],[-105.3213,24.7601],[-105.2742,24.7655],[-105.2533,24.7079],[-105.2137,24.729],[-105.2504,24.8174],[-105.2862,24.8345],[-105.2914,24.8702],[-105.3238,24.8894],[-105.3113,24.9171],[-105.2675,24.9579],[-105.2143,24.9743],[-105.1861,24.9591],[-105.1386,24.8774],[-105.1336,24.7937],[-105.1177,24.7534],[-105.0831,24.7651],[-105.0136,24.8198],[-104.9413,24.7616],[-104.9444,24.7456],[-104.8903,24.6946],[-104.8646,24.7244],[-104.8141,24.6625],[-104.7118,24.5996],[-104.7668,24.5735],[-104.7769,24.5377],[-104.8192,24.558],[-104.8346,24.5956],[-104.8148,24.6267],[-104.8448,24.6691],[-104.9227,24.5938],[-104.8698,24.5518],[-104.8515,24.5577],[-104.7939,24.4802],[-104.7773,24.4214],[-104.7739,24.3676],[-104.8107,24.3185],[-104.766,24.2901],[-104.7358,24.2523],[-104.7326,24.2187],[-104.7484,24.156],[-104.7129,24.1541],[-104.6872,24.179],[-104.6352,24.1323],[-104.6172,24.1509],[-104.6147,24.189],[-104.6339,24.2157],[-104.7056,24.2411],[-104.6843,24.3079],[-104.6124,24.3433],[-104.5646,24.3466],[-104.5172,24.3174],[-104.493,24.2884],[-104.4537,24.302],[-104.4508,24.2634],[-104.4678,24.2288],[-104.525,24.2073],[-104.5068,24.1884],[-104.4281,24.1816],[-104.4189,24.1023],[-104.3892,24.1113],[-104.3613,24.0863],[-104.4074,24.0632],[-104.4152,24.0342],[-104.3181,24.0423],[-104.3349,24.0141],[-104.367,24.0104],[-104.3736,24],[-102.8445,24],[-102.8032,24.0556],[-102.8131,24.0723],[-102.7899,24.1151],[-102.7372,24.126],[-102.7687,24.1549],[-102.659,24.1606],[-102.6353,24.2221],[-102.6817,24.2561],[-102.7105,24.2502],[-102.7586,24.2627],[-102.783,24.2441],[-102.8032,24.2029],[-102.8177,24.1387],[-102.8459,24.1404],[-102.8581,24.1804],[-102.8826,24.1955],[-102.9163,24.1837],[-102.9459,24.2502],[-102.9828,24.2289],[-103.0114,24.248],[-102.9764,24.2793],[-102.9665,24.3181],[-102.9226,24.3681],[-102.9558,24.4482],[-102.9259,24.4685],[-102.9729,24.4925],[-102.9563,24.5214],[-102.9831,24.5528],[-103.0242,24.5388],[-103.0404,24.5517],[-103.0689,24.6323],[-103.1635,24.6564],[-103.2201,24.6876],[-103.2882,24.6904],[-103.3372,24.7099],[-103.4174,24.6761],[-103.4477,24.7047],[-103.5081,24.739],[-103.5573,24.7435],[-103.616,24.7701],[-103.6362,24.835],[-103.6691,24.8582],[-103.6959,24.847],[-103.754,24.8992],[-103.8471,24.8772],[-103.8827,24.8115],[-103.8357,24.7938],[-103.8103,24.7678],[-103.8471,24.7428],[-103.922,24.8041],[-103.9431,24.7934],[-103.9753,24.8214],[-103.9837,24.777],[-103.949,24.7471],[-103.9993,24.7121],[-104.0306,24.7328],[-104.0345,24.7759],[-104.0764,24.7698],[-104.1159,24.7409],[-104.1553,24.7757],[-104.2027,24.7834],[-104.2431,24.859],[-104.2354,24.8942],[-104.2519,24.9432],[-104.2852,24.9685],[-104.2834,24.9916],[-104.3569,24.9893],[-104.3935,24.997],[-104.4466,24.9791],[-104.489,25.0089],[-104.5852,24.9949],[-104.6296,25.0139],[-104.6039,25.0862],[-104.5956,25.1441],[-104.643,25.1923],[-104.6599,25.2673],[-104.6902,25.3104],[-104.7215,25.3251],[-104.6504,25.4017],[-104.6752,25.4223],[-104.6794,25.4795],[-104.7226,25.4666],[-104.774,25.4807],[-104.8006,25.5024],[-104.8284,25.4952],[-104.8424,25.4497],[-104.8879,25.4403],[-104.9117,25.4099],[-104.9416,25.4096],[-104.9685,25.4645],[-104.9268,25.6127],[-104.9606,25.6479],[-104.9577,25.7096],[-104.9112,25.691],[-104.8701,25.6952],[-104.8258,25.6469],[-104.7775,25.5651],[-104.7481,25.533],[-104.7116,25.5151],[-104.6914,25.5451],[-104.6276,25.5305],[-104.571,25.4437],[-104.526,25.3883],[-104.4998,25.3714],[-104.4797,25.3318],[-104.4748,25.2866],[-104.4494,25.2441],[-104.3994,25.2674],[-104.3281,25.2798],[-104.3494,25.382],[-104.3958,25.3919],[-104.3934,25.415],[-104.4512,25.4952],[-104.4942,25.5224],[-104.5157,25.5551],[-104.4783,25.5981],[-104.4553,25.5648],[-104.3645,25.6422],[-104.3447,25.6704],[-104.3719,25.7337],[-104.4425,25.8094],[-104.4571,25.7422],[-104.4949,25.7216],[-104.4953,25.8161],[-104.4733,25.8551],[-104.4982,25.8937],[-104.5298,25.9015],[-104.5614,25.9353],[-104.5899,25.9328],[-104.6279,25.9816],[-104.6604,25.9418],[-104.7036,25.963],[-104.6886,26.0107],[-104.6512,26.0394],[-104.722,26.1166],[-104.7424,26.1622],[-104.7175,26.2328],[-104.765,26.2129],[-104.7976,26.3287],[-104.8601,26.3476],[-104.8762,26.385],[-104.8582,26.4212],[-104.9072,26.5375],[-104.9489,26.5444],[-104.9465,26.5037],[-104.9814,26.4812],[-105.0177,26.4279],[-105.0508,26.4226],[-105.0925,26.3892],[-105.1247,26.3884],[-105.1199,26.4563],[-105.1733,26.4607],[-105.1327,26.5187],[-105.1475,26.548],[-105.13,26.6212],[-105.0983,26.6458],[-105.0676,26.5818],[-105.0318,26.6081],[-105.0465,26.6662],[-105.0786,26.6997],[-105.1021,26.6981],[-105.1367,26.726],[-105.1232,26.7834],[-105.0952,26.7524],[-105.0217,26.748],[-105.0833,26.7913],[-105.1058,26.8423],[-105.1486,26.8562],[-105.18,26.8911],[-105.2168,26.8731],[-105.3036,26.8828],[-105.3537,26.8643],[-105.4091,26.9555],[-105.4676,26.9633],[-105.4667,26.9863],[-105.431,27.018],[-105.4055,27.0056],[-105.3788,27.0364],[-105.4725,27.0708],[-105.4613,27.1204],[-105.4259,27.1545],[-105.3676,27.1399],[-105.3375,27.1905],[-105.3107,27.1609],[-105.2541,27.2535],[-105.2512,27.3131],[-105.229,27.3817],[-105.3116,27.445],[-105.3341,27.4786],[-105.3894,27.4634],[-105.4258,27.3829],[-105.4309,27.3134],[-105.4182,27.2736],[-105.4375,27.2338],[-105.4411,27.1934],[-105.4911,27.1494],[-105.5602,27.1327],[-105.547,27.1763],[-105.4731,27.2065],[-105.5366,27.2316],[-105.5143,27.2524],[-105.5271,27.2957],[-105.492,27.3066],[-105.508,27.3823],[-105.5423,27.4184],[-105.5918,27.4182],[-105.5854,27.3656],[-105.5682,27.3384],[-105.6011,27.3245],[-105.6265,27.3578],[-105.6651,27.365],[-105.695,27.3272],[-105.7237,27.3141],[-105.705,27.2823],[-105.6755,27.2779],[-105.6391,27.228],[-105.6529,27.1814],[-105.6976,27.1672],[-105.7198,27.1976],[-105.7513,27.2084],[-105.7297,27.2448],[-105.7754,27.2661],[-105.7796,27.2872],[-105.8425,27.3384],[-105.8658,27.3849],[-105.852,27.4066],[-105.8487,27.4864],[-105.9027,27.4729],[-105.9411,27.5127],[-105.9156,27.5408],[-105.9191,27.622],[-105.8855,27.603],[-105.8191,27.6203],[-105.7928,27.6128],[-105.694,27.6181],[-105.6344,27.5776],[-105.641,27.6451],[-105.6905,27.65],[-105.6861,27.6766],[-105.631,27.6748],[-105.5644,27.684],[-105.5283,27.6768],[-105.4906,27.6302],[-105.446,27.6267],[-105.3883,27.6515],[-105.4037,27.7064],[-105.4322,27.7007],[-105.4667,27.7343],[-105.5149,27.6985],[-105.5337,27.751],[-105.5706,27.7715],[-105.6284,27.7103],[-105.6614,27.6995],[-105.7024,27.7238],[-105.6856,27.7519],[-105.6234,27.7547],[-105.6304,27.7999],[-105.573,27.8573],[-105.5859,27.8844],[-105.6248,27.8582],[-105.6596,27.8547],[-105.6786,27.814],[-105.7327,27.8774],[-105.7112,27.9196],[-105.762,27.9301],[-105.7725,27.8728],[-105.7385,27.8183],[-105.7754,27.7875],[-105.8326,27.8306],[-105.8388,27.85],[-105.8017,27.8815],[-105.8302,27.9156],[-105.871,27.9229],[-105.8585,27.8507],[-105.8815,27.7901],[-105.9146,27.8047],[-105.9254,27.8546],[-105.8961,27.8622],[-105.8901,27.8925],[-105.939,27.8916],[-105.961,27.8673],[-106.0101,27.9308],[-105.9209,27.9358],[-105.8969,27.9967],[-105.9453,27.9883],[-105.9813,28.0129],[-105.9431,28.0433],[-105.9281,28.0718],[-105.9415,28.0968],[-105.9997,28.108],[-106.0602,28.0981],[-106.091,28.1274],[-106.0676,28.2349],[-106.0412,28.2415],[-106.0067,28.1953],[-105.9541,28.203],[-105.9424,28.273],[-105.9129,28.2992],[-105.8596,28.2434],[-105.8323,28.2678],[-105.763,28.2451],[-105.7279,28.2615],[-105.6966,28.2942],[-105.6721,28.2182],[-105.637,28.1959],[-105.6071,28.1953],[-105.5989,28.232],[-105.5708,28.2541],[-105.5786,28.2997],[-105.6356,28.3563],[-105.6476,28.4019],[-105.6878,28.3986],[-105.7297,28.4683],[-105.7963,28.4916],[-105.8279,28.5434],[-105.8242,28.6034],[-105.8504,28.6558],[-105.872,28.8077],[-105.7725,28.7399],[-105.7451,28.7601],[-105.7942,28.7843],[-105.8153,28.8308],[-105.8492,28.853],[-105.8506,28.9235],[-105.9132,28.9385],[-105.9816,28.9882],[-106.017,29.0558],[-105.9959,29.0796],[-106.0036,29.1099],[-106.03,29.1244],[-106.0544,29.1736],[-106.0477,29.2555],[-106.0124,29.2839],[-106.0303,29.3444],[-106.0773,29.3877],[-106.1081,29.3504],[-106.1384,29.3724],[-106.1421,29.401],[-106.1964,29.4703],[-106.1446,29.5083],[-106.129,29.556],[-106.1478,29.6044],[-106.1801,29.6362],[-106.2318,29.6551],[-106.1607,29.713],[-106.144,29.6942],[-106.0868,29.7132],[-106.1023,29.7544],[-106.0836,29.8156],[-106.1062,29.8487],[-106.1463,29.8699],[-106.1587,29.9241],[-106.2432,29.9557],[-106.2511,29.9965],[-106.2799,30.0107],[-106.2852,30.0612],[-106.313,30.0989],[-106.3552,30.1812],[-106.357,30.2355],[-106.2838,30.2605],[-106.3021,30.2862],[-106.2934,30.3367],[-106.3218,30.353],[-106.3549,30.3381],[-106.4271,30.3492],[-106.4293,30.313],[-106.4648,30.302],[-106.4284,30.2567],[-106.4589,30.2026],[-106.404,30.2202],[-106.3736,30.1466],[-106.3281,30.1015],[-106.3018,30.0411],[-106.35,30.0257],[-106.3857,29.9993],[-106.4041,30.0298],[-106.4613,30.0317],[-106.4388,30.0848],[-106.4781,30.0941],[-106.5168,30.0777],[-106.5979,30.1122],[-106.6272,30.1369],[-106.6274,30.174],[-106.6599,30.1766],[-106.711,30.2166],[-106.762,30.2136],[-106.7747,30.1411],[-106.7624,30.1057],[-106.7809,30.0497],[-106.7777,30.0039],[-106.7542,29.9743],[-106.7152,29.9564],[-106.7062,29.9273],[-106.754,29.8865],[-106.776,29.8324],[-106.7965,29.8261],[-106.8422,29.7727],[-106.8794,29.7971],[-106.8692,29.8208],[-106.889,29.8599],[-106.8889,29.9347],[-106.851,29.9718],[-106.8741,30.0195],[-106.9519,30.0496],[-106.9475,30.0866],[-106.9638,30.1143],[-106.9424,30.15],[-107.0161,30.202],[-107.0131,30.1633],[-106.9822,30.1211],[-106.9834,30.061],[-107.0374,30.0744],[-107.0643,30.1102],[-107.1287,30.153],[-107.14,30.226],[-107.0955,30.1884],[-107.0744,30.1883],[-107.0782,30.2648],[-107.0263,30.2674],[-107.0285,30.2969],[-107.0719,30.3346],[-107.0982,30.3405],[-107.1406,30.295],[-107.2084,30.3626],[-107.2473,30.3373],[-107.1618,30.2994],[-107.1956,30.2846],[-107.2315,30.2991],[-107.2789,30.2765],[-107.3009,30.2454],[-107.3397,30.2531],[-107.3936,30.2331],[-107.4385,30.241],[-107.4763,30.2763],[-107.4976,30.3298],[-107.4556,30.3738],[-107.4863,30.4134],[-107.4251,30.4596],[-107.4465,30.4788],[-107.4933,30.4862],[-107.5798,30.5675],[-107.6142,30.6227],[-107.5815,30.6691],[-107.5229,30.6096],[-107.499,30.6342],[-107.5001,30.71],[-107.4708,30.7365],[-107.5551,30.7604],[-107.5564,30.8569],[-107.646,30.9105],[-107.6491,30.9276],[-107.5906,30.949],[-107.5454,30.9848],[-107.5697,31.0247],[-107.6018,31.1179],[-107.5997,31.1918],[-107.6384,31.2324],[-107.6348,31.2792],[-107.6519,31.3108],[-107.728,31.3517],[-107.7566,31.3896],[-107.8389,31.3373],[-107.7882,31.3106],[-107.7022,31.2854],[-107.6745,31.2255],[-107.6898,31.2024],[-107.7296,31.1884],[-107.7791,31.1955],[-107.8089,31.1851],[-107.7563,31.126],[-107.7626,31.0874],[-107.7344,31.0078],[-107.7621,30.9993],[-107.8166,30.9407],[-107.853,30.9475],[-107.8979,30.9374],[-107.9085,30.9721],[-107.9659,30.9894],[-107.9912,30.9697],[-108.0237,31.0006],[-108.0743,30.9906],[-108.1054,30.9984],[-108.1073,31.0377],[-108.0604,31.0406],[-108,31.1303],[-108.0297,31.1461],[-108.1173,31.0919],[-108.1957,31.0516],[-108.2407,31.0919],[-108.2145,31.1125],[-108.1595,31.1249],[-108.1216,31.1091],[-108.0928,31.1197],[-108.0709,31.213],[-108.0928,31.2289],[-108.2107,31.2722],[-108.4444,31.3334],[-108.255,31.3333],[-108.2468,31.3825],[-108.2625,31.4777],[-108.249,31.5554],[-108.2604,31.5966],[-108.3039,31.6497],[-108.3763,31.7029],[-108.4199,31.7059],[-108.4414,31.6825],[-108.4547,31.6231],[-108.4804,31.5842],[-108.5233,31.5913],[-108.5442,31.6125],[-108.5863,31.7507],[-108.6591,31.8868],[-108.6928,31.9233],[-108.7459,31.9364],[-108.7719,31.9293],[-108.8365,31.8826],[-108.8574,31.885],[-108.8917,31.9356],[-108.9135,31.9981],[-108.9604,32.0887],[-108.94,32.1298],[-108.9768,32.1798],[-108.988,32.2877],[-108.9781,32.3284],[-109.0154,32.3714],[-109.1297,32.4683],[-109.1733,32.5202],[-109.2062,32.5795],[-109.2214,32.6779],[-109.217,32.7233],[-109.1916,32.7783],[-109.1665,32.8004],[-109.1269,32.8812],[-109.1101,32.9357]],[[-106.9042,29.6446],[-106.8368,29.6105],[-106.8053,29.6256],[-106.7789,29.585],[-106.7514,29.5718],[-106.7508,29.5383],[-106.7203,29.5217],[-106.6925,29.4693],[-106.6266,29.4669],[-106.5964,29.4448],[-106.606,29.411],[-106.6526,29.4098],[-106.7102,29.393],[-106.7384,29.4257],[-106.8655,29.4683],[-106.8657,29.5107],[-106.8402,29.5369],[-106.888,29.5606],[-106.9208,29.5954],[-106.9042,29.6446]],[[-107.1191,29.4291],[-107.0927,29.4173],[-107.0804,29.3821],[-107.0907,29.3452],[-107.1371,29.3098],[-107.1549,29.2432],[-107.1493,29.1659],[-107.1204,29.1549],[-107.122,29.1222],[-107.1644,29.0832],[-107.1402,29.0252],[-107.193,28.9659],[-107.2549,28.9506],[-107.2652,28.9878],[-107.31,29.0029],[-107.296,29.0392],[-107.3107,29.0548],[-107.3502,29.0159],[-107.3892,29.0229],[-107.366,29.076],[-107.3652,29.1169],[-107.3432,29.1541],[-107.2759,29.1005],[-107.2267,29.1388],[-107.173,29.1631],[-107.2081,29.186],[-107.2442,29.2705],[-107.1762,29.3252],[-107.1863,29.3609],[-107.2468,29.416],[-107.2358,29.4389],[-107.2479,29.4821],[-107.2892,29.5258],[-107.2746,29.5878],[-107.2518,29.6156],[-107.2226,29.6165],[-107.2265,29.5053],[-107.1722,29.4349],[-107.1535,29.3559],[-107.1317,29.3686],[-107.1191,29.4291]],[[-106.5537,29.3158],[-106.4756,29.328],[-106.4351,29.2512],[-106.4605,29.2039],[-106.4899,29.1839],[-106.51,29.1049],[-106.5282,29.0801],[-106.573,29.0893],[-106.6364,29.1295],[-106.6243,29.1497],[-106.6482,29.1804],[-106.5627,29.2278],[-106.6229,29.2351],[-106.6088,29.2731],[-106.5537,29.3158]],[[-106.5981,29.0282],[-106.54,29.0257],[-106.5203,29.054],[-106.4809,29.0544],[-106.4788,29.0144],[-106.4179,28.9588],[-106.4342,28.9226],[-106.4792,28.9253],[-106.4801,28.832],[-106.4525,28.7993],[-106.4046,28.7188],[-106.4256,28.6892],[-106.4657,28.6986],[-106.5538,28.7464],[-106.5502,28.8014],[-106.5974,28.815],[-106.6375,28.7696],[-106.6965,28.7615],[-106.7032,28.7917],[-106.6681,28.8161],[-106.6578,28.8566],[-106.5853,28.928],[-106.6146,28.9664],[-106.5872,28.9911],[-106.5981,29.0282]],[[-106.9853,28.7682],[-106.9828,28.7977],[-106.9536,28.8269],[-106.9173,28.8261],[-106.9063,28.7842],[-106.9853,28.7682]],[[-106.4964,27.832],[-106.4793,27.8334],[-106.4295,27.7665],[-106.4331,27.6923],[-106.4213,27.6411],[-106.4582,27.6234],[-106.4699,27.5977],[-106.4522,27.5596],[-106.4698,27.5318],[-106.5609,27.5587],[-106.5932,27.5823],[-106.6027,27.6195],[-106.5548,27.6731],[-106.5378,27.7133],[-106.56,27.7818],[-106.5524,27.8065],[-106.4932,27.8087],[-106.4964,27.832]],[[-105.6001,26.3302],[-105.5587,26.3598],[-105.5055,26.3506],[-105.4851,26.3079],[-105.4821,26.2521],[-105.5093,26.2266],[-105.6141,26.228],[-105.6051,26.2614],[-105.6235,26.2997],[-105.6001,26.3302]],[[-105.1838,25.3099],[-105.2024,25.3453],[-105.1426,25.3499],[-105.1298,25.3125],[-105.0969,25.3056],[-105.0945,25.2765],[-105.0517,25.2469],[-105.0564,25.1641],[-105.0296,25.1466],[-104.9727,25.0851],[-104.9716,25.1279],[-104.9515,25.1433],[-104.935,25.1911],[-104.9133,25.2067],[-104.909,25.2895],[-104.8777,25.2845],[-104.8466,25.3021],[-104.8017,25.2912],[-104.7598,25.324],[-104.7438,25.312],[-104.7611,25.2676],[-104.753,25.2278],[-104.7268,25.2013],[-104.7241,25.1438],[-104.7604,25.1589],[-104.7882,25.1373],[-104.8204,25.1525],[-104.8593,25.1362],[-104.8861,25.1431],[-104.96,25.084],[-104.9546,25.0555],[-105.0228,25.0814],[-105.085,25.1186],[-105.1807,25.201],[-105.2075,25.2074],[-105.2448,25.2502],[-105.1838,25.3099]],[[-103.9407,24.097],[-103.9556,24.1387],[-103.9391,24.154],[-103.8916,24.1278],[-103.8305,24.1474],[-103.7489,24.083],[-103.7349,24.041],[-103.8476,24.0191],[-103.8646,24.0635],[-103.9144,24.0306],[-103.95,24.0615],[-103.9407,24.097]]]},"properties":{"NA_L1CODE":"12","NA_L1NAME":"SOUTHERN SEMIARID HIGHLANDS","NA_L1KEY":"12  SOUTHERN SEMIARID HIGHLANDS","Shape_Leng":17015193.3814,"Shape_Area":271698173326}},
{"type":"Feature","geometry":{"type":"Polygon","coordinates":[[[-103.9407,24.097],[-103.95,24.0615],[-103.9144,24.0306],[-103.8646,24.0635],[-103.8476,24.0191],[-103.7349,24.041],[-103.7489,24.083],[-103.8305,24.1474],[-103.8916,24.1278],[-103.9391,24.154],[-103.9556,24.1387],[-103.9407,24.097]]]},"properties":{"NA_L1CODE":"13","NA_L1NAME":"TEMPERATE SIERRAS","NA_L1KEY":"13  TEMPERATE SIERRAS","Shape_Leng":89384.5012914,"Shape_Area":204386724.913}},
{"type":"Feature","geometry":{"type":"Polygon","coordinates":[[[-105.1838,25.3099],[-105.2448,25.2502],[-105.2075,25.2074],[-105.1807,25.201],[-105.085,25.1186],[-105.0228,25.0814],[-104.9546,25.0555],[-104.96,25.084],[-104.8861,25.1431],[-104.8593,25.1362],[-104.8204,25.1525],[-104.7882,25.1373],[-104.7604,25.1589],[-104.7241,25.1438],[-104.7268,25.2013],[-104.753,25.2278],[-104.7611,25.2676],[-104.7438,25.312],[-104.7598,25.324],[-104.8017,25.2912],[-104.8466,25.3021],[-104.8777,25.2845],[-104.909,25.2895],[-104.9133,25.2067],[-104.935,25.1911],[-104.9515,25.1433],[-104.9716,25.1279],[-104.9727,25.0851],[-105.0296,25.1466],[-105.0564,25.1641],[-105.0517,25.2469],[-105.0945,25.2765],[-105.0969,25.3056],[-105.1298,25.3125],[-105.1426,25.3499],[-105.2024,25.3453],[-105.1838,25.3099]]]},"properties":{"NA_L1CODE":"13","NA_L1NAME":"TEMPERATE SIERRAS","NA_L1KEY":"13  TEMPERATE SIERRAS","Shape_Leng":210165.953792,"Shape_Area":658994792.686}},
{"type":"Feature","geometry":{"type":"Polygon","coordinates":[[[-100.6112,25.6802],[-100.6568,25.6801],[-100.7021,25.6559],[-100.7153,25.6306],[-100.7047,25.5761],[-100.741,25.5446],[-100.8243,25.5233],[-100.8125,25.4942],[-100.7767,25.465],[-100.7357,25.4529],[-100.786,25.4224],[-100.8569,25.4355],[-100.9622,25.388],[-100.9914,25.3574],[-100.9845,25.3301],[-101.0207,25.2867],[-100.9517,25.3027],[-100.9559,25.2709],[-101.0169,25.2531],[-101.0531,25.2043],[-101.056,25.1733],[-101.1453,25.1339],[-101.1762,25.1395],[-101.1901,25.1741],[-101.2249,25.1851],[-101.2589,25.1707],[-101.2908,25.2017],[-101.2957,25.2298],[-101.3355,25.259],[-101.3824,25.2764],[-101.4664,25.2657],[-101.5822,25.2968],[-101.6182,25.2796],[-101.6382,25.2978],[-101.7211,25.3051],[-101.7151,25.2761],[-101.6801,25.2606],[-101.7205,25.2077],[-101.7473,25.2044],[-101.796,25.2407],[-101.795,25.2752],[-101.832,25.2725],[-101.8549,25.2389],[-101.9013,25.2595],[-101.9409,25.2934],[-101.985,25.3151],[-102,25.3692],[-102.0458,25.3401],[-102.0917,25.3447],[-102.2435,25.4281],[-102.2793,25.4651],[-102.3652,25.4664],[-102.38,25.4355],[-102.3478,25.4235],[-102.2721,25.422],[-102.2664,25.3531],[-102.2248,25.3526],[-102.2029,25.3864],[-102.1068,25.3342],[-102.1041,25.3026],[-102.0751,25.2929],[-102.0291,25.3075],[-101.8833,25.2426],[-101.8619,25.219],[-101.814,25.2099],[-101.776,25.2217],[-101.7451,25.1663],[-101.7121,25.1654],[-101.6762,25.1236],[-101.5874,25.1117],[-101.6033,25.1471],[-101.5315,25.1333],[-101.5155,25.1515],[-101.4617,25.1187],[-101.4027,25.1639],[-101.3598,25.142],[-101.3669,25.1202],[-101.289,25.1327],[-101.1584,25.1068],[-101.0579,25.1553],[-101.0236,25.1261],[-100.9837,25.124],[-100.9789,25.0904],[-100.9079,25.12],[-100.8937,25.158],[-100.8021,25.1302],[-100.7525,25.0909],[-100.7453,25.1171],[-100.6914,25.1204],[-100.6552,25.1482],[-100.656,25.1773],[-100.618,25.1797],[-100.5759,25.0841],[-100.5114,25.05],[-100.4749,25.0133],[-100.4302,24.9912],[-100.3878,24.9517],[-100.3981,24.9192],[-100.3417,24.8805],[-100.2994,24.8265],[-100.249,24.7997],[-100.2443,24.7724],[-100.1973,24.7047],[-100.1879,24.6611],[-100.1572,24.6498],[-100.1615,24.6226],[-100.1199,24.6131],[-100.1282,24.5869],[-100.1751,24.5647],[-100.2415,24.5853],[-100.2381,24.5335],[-100.1959,24.539],[-100.1547,24.5281],[-100.1715,24.4906],[-100.1188,24.4578],[-100.0777,24.4129],[-99.9916,24.3892],[-99.9792,24.3554],[-99.9961,24.2775],[-99.9425,24.2842],[-99.934,24.2541],[-99.9891,24.2066],[-99.9976,24.2367],[-100.0274,24.2325],[-100.0112,24.1878],[-99.9747,24.1728],[-99.9851,24.0622],[-99.9758,24],[-99.3447,24],[-99.4009,24.0133],[-99.4111,24.0507],[-99.4061,24.1123],[-99.4294,24.1381],[-99.4924,24.1609],[-99.5082,24.1057],[-99.4938,24.0801],[-99.5103,24.0404],[-99.5499,24.0419],[-99.5633,24.0693],[-99.5526,24.1191],[-99.5904,24.1051],[-99.6489,24.1641],[-99.6424,24.1976],[-99.6133,24.2199],[-99.6247,24.2536],[-99.5784,24.292],[-99.5842,24.3648],[-99.5559,24.397],[-99.5772,24.4273],[-99.6246,24.4425],[-99.6559,24.4729],[-99.6405,24.5018],[-99.6621,24.5221],[-99.6386,24.5635],[-99.6439,24.6044],[-99.6975,24.6097],[-99.6828,24.6567],[-99.7041,24.697],[-99.7383,24.8019],[-99.7336,24.849],[-99.7766,24.8396],[-99.8269,24.9347],[-99.8661,24.917],[-99.8744,24.9634],[-99.899,24.9819],[-99.8774,25.0324],[-99.919,25.0538],[-99.9275,25.0875],[-99.9631,25.1052],[-99.949,25.1895],[-100.0029,25.1901],[-100.0215,25.2194],[-100.0739,25.2626],[-100.0608,25.3523],[-100.0721,25.406],[-100.1488,25.5067],[-100.1536,25.5303],[-100.2041,25.5762],[-100.2016,25.6161],[-100.2484,25.6429],[-100.2555,25.5852],[-100.2717,25.563],[-100.317,25.5982],[-100.3987,25.6407],[-100.5226,25.669],[-100.6112,25.6802]]]},"properties":{"NA_L1CODE":"13","NA_L1NAME":"TEMPERATE SIERRAS","NA_L1KEY":"13  TEMPERATE SIERRAS","Shape_Leng":19066541.8027,"Shape_Area":230205776449}},
{"type":"Feature","geometry":{"type":"Polygon","coordinates":[[[-105.6001,26.3302],[-105.6235,26.2997],[-105.6051,26.2614],[-105.6141,26.228],[-105.5093,26.2266],[-105.4821,26.2521],[-105.4851,26.3079],[-105.5055,26.3506],[-105.5587,26.3598],[-105.6001,26.3302]]]},"properties":{"NA_L1CODE":"13","NA_L1NAME":"TEMPERATE SIERRAS","NA_L1KEY":"13  TEMPERATE SIERRAS","Shape_Leng":54954.1666363,"Shape_Area":161586157.762}},
{"type":"Feature","geometry":{"type":"Polygon","coordinates":[[[-106.4964,27.832],[-106.4932,27.8087],[-106.5524,27.8065],[-106.56,27.7818],[-106.5378,27.7133],[-106.5548,27.6731],[-106.6027,27.6195],[-106.5932,27.5823],[-106.5609,27.5587],[-106.4698,27.5318],[-106.4522,27.5596],[-106.4699,27.5977],[-106.4582,27.6234],[-106.4213,27.6411],[-106.4331,27.6923],[-106.4295,27.7665],[-106.4793,27.8334],[-106.4964,27.832]]]},"properties":{"NA_L1CODE":"13","NA_L1NAME":"TEMPERATE SIERRAS","NA_L1KEY":"13  TEMPERATE SIERRAS","Shape_Leng":101738.062948,"Shape_Area":367863311.303}},
{"type":"Feature","geometry":{"type":"Polygon","coordinates":[[[-106.9853,28.7682],[-106.9063,28.7842],[-106.9173,28.8261],[-106.9536,28.8269],[-106.9828,28.7977],[-106.9853,28.7682]]]},"properties":{"NA_L1CODE":"13","NA_L1NAME":"TEMPERATE SIERRAS","NA_L1KEY":"13  TEMPERATE SIERRAS","Shape_Leng":26797.0613031,"Shape_Area":38610920.5939}},
{"type":"Feature","geometry":{"type":"Polygon","coordinates":[[[-106.5981,29.0282],[-106.5872,28.9911],[-106.6146,28.9664],[-106.5853,28.928],[-106.6578,28.8566],[-106.6681,28.8161],[-106.7032,28.7917],[-106.6965,28.7615],[-106.6375,28.7696],[-106.5974,28.815],[-106.5502,28.8014],[-106.5538,28.7464],[-106.4657,28.6986],[-106.4256,28.6892],[-106.4046,28.7188],[-106.4525,28.7993],[-106.4801,28.832],[-106.4792,28.9253],[-106.4342,28.9226],[-106.4179,28.9588],[-106.4788,29.0144],[-106.4809,29.0544],[-106.5203,29.054],[-106.54,29.0257],[-106.5981,29.0282]]]},"properties":{"NA_L1CODE":"13","NA_L1NAME":"TEMPERATE SIERRAS","NA_L1KEY":"13  TEMPERATE SIERRAS","Shape_Leng":187763.87962,"Shape_Area":617338298.06}},
{"type":"Feature","geometry":{"type":"Polygon","coordinates":[[[-106.5537,29.3158],[-106.6088,29.2731],[-106.6229,29.2351],[-106.5627,29.2278],[-106.6482,29.1804],[-106.6243,29.1497],[-106.6364,29.1295],[-106.573,29.0893],[-106.5282,29.0801],[-106.51,29.1049],[-106.4899,29.1839],[-106.4605,29.2039],[-106.4351,29.2512],[-106.4756,29.328],[-106.5537,29.3158]]]},"properties":{"NA_L1CODE":"13","NA_L1NAME":"TEMPERATE SIERRAS","NA_L1KEY":"13  TEMPERATE SIERRAS","Shape_Leng":106039.033254,"Shape_Area":341382605.699}},
{"type":"Feature","geometry":{"type":"Polygon","coordinates":[[[-107.1191,29.4291],[-107.1317,29.3686],[-107.1535,29.3559],[-107.1722,29.4349],[-107.2265,29.5053],[-107.2226,29.6165],[-107.2518,29.6156],[-107.2746,29.5878],[-107.2892,29.5258],[-107.2479,29.4821],[-107.2358,29.4389],[-107.2468,29.416],[-107.1863,29.3609],[-107.1762,29.3252],[-107.2442,29.2705],[-107.2081,29.186],[-107.173,29.1631],[-107.2267,29.1388],[-107.2759,29.1005],[-107.3432,29.1541],[-107.3652,29.1169],[-107.366,29.076],[-107.3892,29.0229],[-107.3502,29.0159],[-107.3107,29.0548],[-107.296,29.0392],[-107.31,29.0029],[-107.2652,28.9878],[-107.2549,28.9506],[-107.193,28.9659],[-107.1402,29.0252],[-107.1644,29.0832],[-107.122,29.1222],[-107.1204,29.1549],[-107.1493,29.1659],[-107.1549,29.2432],[-107.1371,29.3098],[-107.0907,29.3452],[-107.0804,29.3821],[-107.0927,29.4173],[-107.1191,29.4291]]]},"properties":{"NA_L1CODE":"13","NA_L1NAME":"TEMPERATE SIERRAS","NA_L1KEY":"13  TEMPERATE SIERRAS","Shape_Leng":296105.435828,"Shape_Area":720695360.319}},
{"type":"Feature","geometry":{"type":"Polygon","coordinates":[[[-106.9042,29.6446],[-106.9208,29.5954],[-106.888,29.5606],[-106.8402,29.5369],[-106.8657,29.5107],[-106.8655,29.4683],[-106.7384,29.4257],[-106.7102,29.393],[-106.6526,29.4098],[-106.606,29.411],[-106.5964,29.4448],[-106.6266,29.4669],[-106.6925,29.4693],[-106.7203,29.5217],[-106.7508,29.5383],[-106.7514,29.5718],[-106.7789,29.585],[-106.8053,29.6256],[-106.8368,29.6105],[-106.9042,29.6446]]]},"properties":{"NA_L1CODE":"13","NA_L1NAME":"TEMPERATE SIERRAS","NA_L1KEY":"13  TEMPERATE SIERRAS","Shape_Leng":126057.909698,"Shape_Area":345603147.258}},
{"type":"Feature","geometry":{"type":"Polygon","coordinates":[[[-106.0616,24],[-104.3736,24],[-104.367,24.0104],[-104.3349,24.0141],[-104.3181,24.0423],[-104.4152,24.0342],[-104.4074,24.0632],[-104.3613,24.0863],[-104.3892,24.1113],[-104.4189,24.1023],[-104.4281,24.1816],[-104.5068,24.1884],[-104.525,24.2073],[-104.4678,24.2288],[-104.4508,24.2634],[-104.4537,24.302],[-104.493,24.2884],[-104.5172,24.3174],[-104.5646,24.3466],[-104.6124,24.3433],[-104.6843,24.3079],[-104.7056,24.2411],[-104.6339,24.2157],[-104.6147,24.189],[-104.6172,24.1509],[-104.6352,24.1323],[-104.6872,24.179],[-104.7129,24.1541],[-104.7484,24.156],[-104.7326,24.2187],[-104.7358,24.2523],[-104.766,24.2901],[-104.8107,24.3185],[-104.7739,24.3676],[-104.7773,24.4214],[-104.7939,24.4802],[-104.8515,24.5577],[-104.8698,24.5518],[-104.9227,24.5938],[-104.8448,24.6691],[-104.8148,24.6267],[-104.8346,24.5956],[-104.8192,24.558],[-104.7769,24.5377],[-104.7668,24.5735],[-104.7118,24.5996],[-104.8141,24.6625],[-104.8646,24.7244],[-104.8903,24.6946],[-104.9444,24.7456],[-104.9413,24.7616],[-105.0136,24.8198],[-105.0831,24.7651],[-105.1177,24.7534],[-105.1336,24.7937],[-105.1386,24.8774],[-105.1861,24.9591],[-105.2143,24.9743],[-105.2675,24.9579],[-105.3113,24.9171],[-105.3238,24.8894],[-105.2914,24.8702],[-105.2862,24.8345],[-105.2504,24.8174],[-105.2137,24.729],[-105.2533,24.7079],[-105.2742,24.7655],[-105.3213,24.7601],[-105.3638,24.7294],[-105.3965,24.7273],[-105.3991,24.7596],[-105.4257,24.8105],[-105.402,24.8323],[-105.4186,24.8569],[-105.3991,24.8855],[-105.409,24.9169],[-105.4496,24.9619],[-105.4717,25.0141],[-105.4906,25.0289],[-105.5051,25.1291],[-105.5724,25.1883],[-105.592,25.2209],[-105.6447,25.2368],[-105.6775,25.3025],[-105.7085,25.3055],[-105.7325,25.3291],[-105.7715,25.3155],[-105.8316,25.348],[-105.816,25.3703],[-105.7778,25.3486],[-105.7506,25.3943],[-105.7032,25.3709],[-105.6323,25.2853],[-105.5277,25.1768],[-105.5187,25.2306],[-105.5333,25.2806],[-105.4827,25.278],[-105.4465,25.3211],[-105.4337,25.3729],[-105.3988,25.4188],[-105.454,25.5196],[-105.4229,25.5184],[-105.3935,25.5421],[-105.3466,25.5145],[-105.3038,25.5219],[-105.3153,25.5556],[-105.3762,25.5801],[-105.4105,25.6288],[-105.4358,25.641],[-105.4767,25.6218],[-105.4571,25.7086],[-105.3595,25.6938],[-105.3164,25.7192],[-105.2513,25.7253],[-105.2499,25.7588],[-105.285,25.7586],[-105.2975,25.8105],[-105.3495,25.8133],[-105.3785,25.8303],[-105.4351,25.8401],[-105.4743,25.8667],[-105.4996,25.9003],[-105.5354,25.8765],[-105.5675,25.8822],[-105.5933,25.9497],[-105.5867,25.9732],[-105.537,25.9741],[-105.5439,26.0415],[-105.5828,26.0734],[-105.586,26.0304],[-105.6168,26.0196],[-105.6438,26.0515],[-105.6852,26.0734],[-105.705,26.1041],[-105.7469,26.1333],[-105.777,26.1753],[-105.7562,26.2176],[-105.7795,26.2262],[-105.762,26.3044],[-105.7663,26.3371],[-105.7927,26.3733],[-105.764,26.3911],[-105.721,26.4447],[-105.6927,26.4312],[-105.6583,26.3926],[-105.639,26.4138],[-105.6898,26.4657],[-105.7179,26.5181],[-105.7191,26.5487],[-105.6705,26.536],[-105.6381,26.5483],[-105.6021,26.5334],[-105.5429,26.5626],[-105.5396,26.6012],[-105.5847,26.5817],[-105.6377,26.6447],[-105.6524,26.6856],[-105.68,26.691],[-105.7075,26.727],[-105.704,26.7584],[-105.764,26.7746],[-105.7467,26.7978],[-105.7666,26.8197],[-105.8147,26.7967],[-105.8479,26.8079],[-105.8784,26.8415],[-105.8543,26.8587],[-105.8511,26.9003],[-105.8995,26.8956],[-105.9215,26.9265],[-105.9571,26.9385],[-106.0541,26.9156],[-106.108,26.9718],[-106.1381,26.9651],[-106.1671,26.9948],[-106.2241,26.9772],[-106.2832,27.0206],[-106.2999,27.0058],[-106.266,26.9599],[-106.1772,26.909],[-106.1545,26.8662],[-106.0861,26.8481],[-106.0942,26.803],[-106.1322,26.8271],[-106.2171,26.8558],[-106.2029,26.8929],[-106.2443,26.895],[-106.2381,26.8541],[-106.2647,26.7933],[-106.2558,26.7656],[-106.2052,26.716],[-106.1456,26.6739],[-106.1452,26.6442],[-106.2059,26.6445],[-106.2368,26.6068],[-106.2759,26.596],[-106.2876,26.6621],[-106.2481,26.7111],[-106.287,26.7394],[-106.3049,26.8063],[-106.3537,26.8242],[-106.35,26.8655],[-106.4324,26.8809],[-106.4778,26.897],[-106.4751,26.9699],[-106.5013,26.9978],[-106.4787,27.0454],[-106.5079,27.0994],[-106.4694,27.1068],[-106.4356,27.1389],[-106.4708,27.1839],[-106.4452,27.2503],[-106.4738,27.2843],[-106.4289,27.2944],[-106.4429,27.3584],[-106.4271,27.3924],[-106.4245,27.4379],[-106.4701,27.4885],[-106.5274,27.4977],[-106.5503,27.5204],[-106.6287,27.5235],[-106.6488,27.5381],[-106.7118,27.5381],[-106.7213,27.499],[-106.6608,27.475],[-106.6273,27.4162],[-106.6547,27.3829],[-106.7169,27.3792],[-106.7584,27.3396],[-106.7568,27.2906],[-106.7242,27.2342],[-106.7576,27.2044],[-106.8231,27.2157],[-106.7763,27.246],[-106.7913,27.2733],[-106.7784,27.3439],[-106.7861,27.3811],[-106.7302,27.398],[-106.7038,27.4301],[-106.7167,27.4522],[-106.7921,27.4576],[-106.8329,27.5599],[-106.8099,27.5827],[-106.7591,27.5563],[-106.7618,27.5905],[-106.743,27.6318],[-106.6939,27.6532],[-106.6488,27.6604],[-106.7267,27.751],[-106.81,27.7335],[-106.8271,27.7469],[-106.8513,27.839],[-106.9025,27.8656],[-106.8627,27.9468],[-106.9051,27.9442],[-106.9083,27.9837],[-106.8478,28.0225],[-106.8653,28.0911],[-106.9245,28.0809],[-106.9457,28.0524],[-106.9581,28.0043],[-107.0094,28.0491],[-107.0452,28.0344],[-107.0575,28.091],[-107.1104,28.0985],[-107.1099,28.1449],[-107.0935,28.1851],[-107.0936,28.224],[-107.1185,28.2369],[-107.1936,28.2214],[-107.1938,28.2658],[-107.236,28.3213],[-107.2815,28.3418],[-107.2886,28.3749],[-107.2505,28.4186],[-107.3169,28.4485],[-107.3466,28.4098],[-107.3827,28.3902],[-107.4284,28.3927],[-107.4388,28.3579],[-107.4001,28.3318],[-107.3794,28.2945],[-107.3538,28.306],[-107.3118,28.2688],[-107.3449,28.2523],[-107.3148,28.2007],[-107.3683,28.2033],[-107.4082,28.2678],[-107.512,28.2556],[-107.5377,28.3007],[-107.5149,28.3591],[-107.5483,28.4122],[-107.5317,28.4779],[-107.4843,28.5036],[-107.5118,28.554],[-107.5582,28.5541],[-107.6127,28.6301],[-107.6657,28.7372],[-107.7008,28.7182],[-107.7317,28.7444],[-107.763,28.8334],[-107.8476,28.9468],[-107.8694,28.9562],[-107.8794,29.0691],[-107.9073,29.1322],[-107.8619,29.1416],[-107.83,29.1283],[-107.8092,29.0799],[-107.7875,29.0596],[-107.7769,29.015],[-107.7301,29.0126],[-107.7355,28.9601],[-107.7725,28.9208],[-107.7502,28.8517],[-107.7182,28.8261],[-107.666,28.8304],[-107.6489,28.7946],[-107.6214,28.7936],[-107.6119,28.7542],[-107.5663,28.682],[-107.5266,28.703],[-107.4848,28.6902],[-107.4405,28.6609],[-107.4172,28.6631],[-107.3485,28.5652],[-107.3012,28.5586],[-107.2896,28.534],[-107.2568,28.5261],[-107.2154,28.5399],[-107.2518,28.5832],[-107.2235,28.6084],[-107.1589,28.5141],[-107.1263,28.4912],[-107.144,28.4586],[-107.133,28.4261],[-107.1039,28.4182],[-107.0861,28.3888],[-107.0682,28.321],[-106.9818,28.2614],[-106.9614,28.2683],[-106.9432,28.3142],[-106.9801,28.3414],[-106.998,28.3734],[-107.0038,28.4254],[-106.9586,28.4271],[-106.9495,28.4646],[-106.976,28.4736],[-106.9716,28.5102],[-106.9989,28.5184],[-107.0098,28.5728],[-107.0403,28.6232],[-107.0804,28.6371],[-107.0865,28.662],[-107.148,28.6965],[-107.1755,28.7289],[-107.1717,28.7542],[-107.1933,28.7897],[-107.221,28.7796],[-107.2532,28.7351],[-107.2779,28.7745],[-107.3383,28.7968],[-107.3799,28.8653],[-107.4188,28.8785],[-107.4668,28.8701],[-107.4854,28.8155],[-107.5479,28.8617],[-107.5794,28.8666],[-107.596,28.9074],[-107.5962,28.994],[-107.5523,29.1118],[-107.5079,29.1589],[-107.5159,29.2],[-107.4768,29.2348],[-107.4773,29.2842],[-107.4985,29.3042],[-107.5043,29.3747],[-107.5655,29.428],[-107.5349,29.4733],[-107.5434,29.4946],[-107.5299,29.5403],[-107.5698,29.628],[-107.5918,29.7267],[-107.5886,29.7564],[-107.6165,29.8369],[-107.6688,29.8787],[-107.6993,29.927],[-107.7642,29.9941],[-107.7872,30.0346],[-107.7762,30.1191],[-107.7809,30.1843],[-107.8254,30.1821],[-107.8432,30.1205],[-107.9175,30.1319],[-107.9731,30.1593],[-107.9982,30.0984],[-108.0229,30.076],[-108.0295,30.0294],[-108.0737,30.0374],[-108.0925,30.0741],[-108.0899,30.1254],[-108.1203,30.1599],[-108.1118,30.2245],[-108.1436,30.2537],[-108.1609,30.3012],[-108.1957,30.3115],[-108.2044,30.3857],[-108.2397,30.4284],[-108.262,30.4815],[-108.2552,30.5146],[-108.2817,30.5453],[-108.3208,30.5548],[-108.3798,30.6047],[-108.3912,30.6267],[-108.4522,30.6361],[-108.4247,30.5819],[-108.4283,30.5497],[-108.4753,30.5459],[-108.518,30.5889],[-108.5009,30.6414],[-108.5578,30.6947],[-108.5882,30.7353],[-108.713,30.7405],[-108.7226,30.6904],[-108.7123,30.6667],[-108.7263,30.6122],[-108.7626,30.5711],[-108.8185,30.6234],[-108.838,30.6529],[-108.8368,30.7015],[-108.8571,30.7813],[-108.8279,30.8497],[-108.8528,30.8775],[-108.9264,30.8871],[-108.8952,30.8393],[-108.9295,30.8188],[-108.9316,30.7487],[-108.876,30.7099],[-108.8712,30.6774],[-108.8965,30.6476],[-108.865,30.6079],[-108.8352,30.5997],[-108.7381,30.5361],[-108.7069,30.5359],[-108.705,30.4872],[-108.6791,30.4864],[-108.6715,30.4483],[-108.7598,30.4278],[-108.7568,30.3575],[-108.7855,30.3215],[-108.7296,30.271],[-108.7429,30.2309],[-108.7844,30.253],[-108.8531,30.2508],[-108.8528,30.2111],[-108.9301,30.1533],[-108.919,30.2403],[-108.9454,30.2763],[-108.9331,30.2967],[-108.8787,30.2823],[-108.8546,30.3094],[-108.8611,30.3492],[-108.9362,30.3427],[-108.9531,30.3144],[-108.9588,30.256],[-108.986,30.2272],[-108.9666,30.1959],[-109.0095,30.0955],[-109.0499,30.1184],[-109.052,30.1419],[-109.0903,30.1684],[-109.016,30.1822],[-109.0384,30.2154],[-109.0316,30.2539],[-109.0036,30.2764],[-109.0165,30.3138],[-109.002,30.3358],[-109.0564,30.3502],[-109.0082,30.4315],[-109.0628,30.4666],[-109.0735,30.5065],[-109.0501,30.5202],[-109.0453,30.557],[-109.0886,30.5665],[-109.1117,30.6104],[-109.101,30.6425],[-109.1602,30.6929],[-109.1672,30.749],[-109.2203,30.7515],[-109.2283,30.6851],[-109.2166,30.6677],[-109.2348,30.6295],[-109.2251,30.5896],[-109.2746,30.5758],[-109.2919,30.4863],[-109.2889,30.4583],[-109.2562,30.4429],[-109.2401,30.4073],[-109.2037,30.4323],[-109.2566,30.4591],[-109.2457,30.5443],[-109.1998,30.5465],[-109.1773,30.5134],[-109.1879,30.4849],[-109.1613,30.4508],[-109.1736,30.3557],[-109.2276,30.3574],[-109.2227,30.2761],[-109.1149,30.1754],[-109.159,30.1642],[-109.1814,30.1262],[-109.1645,30.1076],[-109.172,30.0425],[-109.1626,30.0075],[-109.2303,29.9979],[-109.2381,29.9368],[-109.2555,29.9166],[-109.2595,29.8202],[-109.1868,29.7792],[-109.2002,29.8518],[-109.1886,29.8812],[-109.2077,29.9196],[-109.1705,29.9663],[-109.1266,29.9991],[-109.1019,29.9731],[-109.1032,29.9425],[-109.1494,29.9512],[-109.1476,29.897],[-109.169,29.8562],[-109.1739,29.814],[-109.126,29.7737],[-109.0836,29.6758],[-109.1773,29.686],[-109.1866,29.6123],[-109.1145,29.5351],[-109.0895,29.611],[-109.113,29.6416],[-109.0292,29.6686],[-109.0562,29.7119],[-109.0505,29.7713],[-109.0096,29.7618],[-109.0204,29.727],[-109.0219,29.598],[-108.9625,29.6331],[-108.9586,29.6988],[-108.9788,29.7554],[-108.9078,29.7468],[-108.9064,29.6628],[-108.9479,29.6606],[-108.9186,29.6208],[-108.9404,29.5719],[-108.9126,29.5475],[-108.8852,29.5602],[-108.8396,29.6083],[-108.7903,29.5786],[-108.8313,29.5178],[-108.8729,29.5119],[-108.8564,29.4653],[-108.8171,29.5119],[-108.7153,29.4362],[-108.7385,29.4027],[-108.7295,29.3735],[-108.7997,29.3497],[-108.7866,29.3872],[-108.8043,29.4076],[-108.8034,29.45],[-108.8305,29.4663],[-108.8428,29.4225],[-108.8084,29.3401],[-108.8685,29.3547],[-108.8877,29.3418],[-108.8575,29.3029],[-108.8123,29.2761],[-108.8334,29.2425],[-108.7826,29.2272],[-108.7661,29.1806],[-108.7415,29.1572],[-108.7599,29.0919],[-108.7373,29.0233],[-108.7176,29.0931],[-108.6547,29.1632],[-108.5581,29.1815],[-108.5773,29.1461],[-108.6407,29.132],[-108.6483,29.1016],[-108.692,29.0679],[-108.6468,29.0003],[-108.6645,28.9296],[-108.5907,28.8818],[-108.665,28.8519],[-108.6464,28.8088],[-108.732,28.8],[-108.7376,28.7676],[-108.7837,28.7701],[-108.7344,28.8163],[-108.731,28.846],[-108.7682,28.9322],[-108.8388,28.9148],[-108.8214,28.981],[-108.7915,28.9845],[-108.7828,29.0863],[-108.9231,29.1226],[-108.9351,29.2477],[-108.9281,29.2673],[-108.9646,29.3046],[-108.9561,29.3323],[-108.9797,29.3584],[-109.0057,29.3294],[-109.0397,29.3314],[-109.019,29.2622],[-109.0675,29.2592],[-109.0512,29.2307],[-109.0495,29.1747],[-109.0177,29.1736],[-108.9766,29.2061],[-108.9537,29.1544],[-109.0249,29.1504],[-109.0815,29.0303],[-109.0546,29.0339],[-109.0189,28.9786],[-109.0516,28.9597],[-109.0394,28.934],[-108.9944,28.9281],[-108.9682,28.892],[-108.9804,28.8734],[-108.9293,28.8202],[-109.0586,28.8931],[-109.0576,28.8208],[-109.0725,28.7607],[-109.0548,28.7186],[-109.0822,28.7014],[-109.0619,28.6492],[-109.0638,28.5815],[-109.1376,28.5323],[-109.1958,28.5839],[-109.1754,28.6311],[-109.2048,28.6637],[-109.1714,28.6771],[-109.207,28.7343],[-109.3352,28.6858],[-109.3388,28.7465],[-109.4108,28.7686],[-109.4275,28.7366],[-109.3743,28.7331],[-109.3762,28.6844],[-109.3526,28.6349],[-109.3415,28.5559],[-109.3459,28.5226],[-109.3963,28.5169],[-109.3292,28.4787],[-109.2926,28.5471],[-109.2719,28.5275],[-109.2803,28.4979],[-109.2362,28.5002],[-109.2051,28.5345],[-109.1254,28.5048],[-109.0605,28.4656],[-109.0368,28.4224],[-109.0789,28.3948],[-109.1029,28.4326],[-109.1393,28.3696],[-109.1033,28.3495],[-109.1488,28.3147],[-109.1392,28.2755],[-109.1602,28.2608],[-109.1223,28.19],[-109.137,28.1579],[-109.1789,28.1556],[-109.1967,28.0974],[-109.1707,28.0603],[-109.1429,28.0893],[-109.101,28.0418],[-109.1726,27.9927],[-109.2116,27.9838],[-109.1956,27.9435],[-109.1965,27.882],[-109.1684,27.8387],[-109.1727,27.7999],[-109.1513,27.7844],[-109.114,27.8174],[-109.0862,27.7941],[-109.0337,27.8118],[-109.0333,27.7601],[-108.9742,27.7613],[-108.9394,27.7051],[-108.9136,27.6863],[-108.8841,27.7145],[-108.9129,27.7642],[-108.911,27.7904],[-108.8766,27.8121],[-108.8564,27.8949],[-108.8815,27.9082],[-108.8758,27.9533],[-108.8443,28.0089],[-108.7606,28.0332],[-108.7302,28.0737],[-108.7036,28.0303],[-108.7548,28.004],[-108.7269,27.952],[-108.7016,27.9739],[-108.6251,27.995],[-108.6248,28.0565],[-108.5646,28.0797],[-108.5324,28.0478],[-108.5013,28.0584],[-108.5442,28.0998],[-108.5841,28.1211],[-108.579,28.1652],[-108.5991,28.2166],[-108.5717,28.2564],[-108.4442,28.2925],[-108.4067,28.2866],[-108.4815,28.2178],[-108.4694,28.193],[-108.4833,28.1365],[-108.4469,28.1062],[-108.4242,28.1325],[-108.3887,28.1285],[-108.3833,28.0921],[-108.2806,28.0611],[-108.367,28.0055],[-108.3409,27.9552],[-108.4791,27.972],[-108.5058,27.942],[-108.5766,27.9595],[-108.6339,27.9258],[-108.6102,27.9052],[-108.639,27.8698],[-108.6993,27.867],[-108.7386,27.8509],[-108.7482,27.8131],[-108.7025,27.7774],[-108.7256,27.7591],[-108.7463,27.6944],[-108.6949,27.6514],[-108.6484,27.6401],[-108.595,27.5969],[-108.5595,27.594],[-108.514,27.5592],[-108.482,27.599],[-108.4623,27.5821],[-108.4282,27.621],[-108.4321,27.6781],[-108.3999,27.6699],[-108.3759,27.7091],[-108.3434,27.7334],[-108.3164,27.8259],[-108.2865,27.8603],[-108.2564,27.8467],[-108.2253,27.8856],[-108.207,27.8578],[-108.2065,27.8207],[-108.1448,27.8332],[-108.0931,27.8008],[-108.0852,27.844],[-108.0394,27.7928],[-108.1122,27.7806],[-108.1692,27.8096],[-108.2069,27.7827],[-108.2657,27.7926],[-108.3094,27.7704],[-108.369,27.679],[-108.3628,27.6131],[-108.4013,27.6048],[-108.4327,27.5568],[-108.3824,27.5145],[-108.354,27.5119],[-108.307,27.543],[-108.2779,27.5331],[-108.2699,27.4785],[-108.309,27.4924],[-108.3822,27.4402],[-108.4211,27.4333],[-108.4558,27.456],[-108.4809,27.4387],[-108.3723,27.3801],[-108.3987,27.3293],[-108.433,27.3611],[-108.4853,27.3491],[-108.4279,27.2812],[-108.4363,27.248],[-108.3918,27.243],[-108.3856,27.2736],[-108.3491,27.2988],[-108.3132,27.2814],[-108.3291,27.2384],[-108.4418,27.2092],[-108.467,27.1863],[-108.4798,27.1169],[-108.4496,27.1097],[-108.4493,27.0653],[-108.3485,27.0233],[-108.3297,26.9864],[-108.2948,26.9971],[-108.2877,27.0232],[-108.2498,27.0338],[-108.2144,27.0064],[-108.1756,27.0134],[-108.1032,26.9993],[-108.1289,26.9665],[-108.0991,26.9511],[-108.0895,26.9889],[-108.0169,27.0055],[-107.9485,27.0547],[-107.8838,27.0135],[-107.8742,27.0392],[-107.9031,27.0584],[-107.8805,27.0883],[-107.8895,27.1376],[-107.9411,27.2009],[-107.9465,27.2272],[-107.9217,27.2701],[-107.8619,27.3022],[-107.8497,27.2305],[-107.8256,27.1888],[-107.8326,27.1334],[-107.8034,27.0847],[-107.8418,27.0639],[-107.8124,27.0343],[-107.7861,27.0548],[-107.7546,27.0528],[-107.7618,27.145],[-107.7336,27.1771],[-107.6944,27.1638],[-107.7284,27.124],[-107.69,27.1171],[-107.675,27.1515],[-107.607,27.1682],[-107.5964,27.1389],[-107.6476,27.1313],[-107.6738,27.0896],[-107.6421,27.0639],[-107.6683,27.0116],[-107.671,26.9746],[-107.6904,26.958],[-107.6641,26.9117],[-107.6568,26.8379],[-107.6113,26.8333],[-107.5932,26.8118],[-107.551,26.8172],[-107.5527,26.7724],[-107.5093,26.7559],[-107.4197,26.7433],[-107.3817,26.7118],[-107.3114,26.7038],[-107.2698,26.6454],[-107.1797,26.6562],[-107.1202,26.6817],[-107.0621,26.687],[-106.9669,26.6741],[-106.8951,26.6271],[-106.8917,26.5998],[-106.8143,26.5535],[-106.8358,26.5307],[-106.8762,26.5692],[-106.9087,26.5842],[-106.9274,26.6155],[-106.9883,26.6492],[-107.0436,26.6611],[-107.1052,26.6542],[-107.1522,26.6232],[-107.161,26.5934],[-107.1479,26.5302],[-107.1756,26.5129],[-107.1862,26.5561],[-107.2175,26.6086],[-107.2649,26.6128],[-107.3356,26.6598],[-107.3722,26.6325],[-107.4084,26.6283],[-107.3971,26.6765],[-107.4196,26.7047],[-107.4943,26.704],[-107.5747,26.7236],[-107.6321,26.6803],[-107.6237,26.646],[-107.5953,26.6304],[-107.5602,26.6443],[-107.5395,26.6222],[-107.5823,26.5969],[-107.5486,26.5554],[-107.6278,26.5476],[-107.64,26.5693],[-107.6866,26.5891],[-107.6715,26.6205],[-107.7197,26.6184],[-107.7409,26.646],[-107.7,26.6959],[-107.6907,26.7274],[-107.7472,26.7735],[-107.7974,26.7782],[-107.8017,26.7423],[-107.8626,26.726],[-107.9036,26.7794],[-107.8982,26.8351],[-107.929,26.8451],[-107.9341,26.873],[-108.0072,26.8964],[-108.0077,26.8584],[-108.0764,26.8624],[-108.1157,26.8165],[-108.1817,26.8368],[-108.2176,26.8225],[-108.1247,26.7171],[-108.0727,26.7535],[-108.0292,26.7049],[-108.052,26.6911],[-108.051,26.6421],[-108.1047,26.613],[-108.1287,26.6174],[-108.1341,26.6611],[-108.1785,26.6626],[-108.211,26.6844],[-108.2347,26.6707],[-108.2067,26.5619],[-108.2449,26.5658],[-108.2631,26.5392],[-108.2598,26.4692],[-108.2159,26.4823],[-108.1995,26.5399],[-108.1696,26.5308],[-108.1307,26.5431],[-108.0881,26.5227],[-108.1057,26.4371],[-108.1294,26.4488],[-108.1271,26.4832],[-108.1571,26.4877],[-108.1722,26.4138],[-108.1241,26.3552],[-108.1804,26.2835],[-108.1728,26.2206],[-108.2374,26.19],[-108.2506,26.1632],[-108.2292,26.1444],[-108.2356,26.1083],[-108.1848,26.1203],[-108.1603,26.105],[-108.1275,26.1203],[-108.0934,26.1164],[-108.0581,26.0944],[-108.0256,26.1514],[-107.9925,26.1114],[-107.9374,26.1123],[-107.9108,26.139],[-107.9901,26.1838],[-107.971,26.219],[-107.9947,26.2634],[-107.9678,26.2794],[-107.9356,26.2207],[-107.8966,26.2234],[-107.8827,26.1903],[-107.8312,26.1544],[-107.8121,26.1201],[-107.7775,26.1362],[-107.7736,26.1625],[-107.8215,26.2067],[-107.7963,26.2365],[-107.8472,26.2452],[-107.8691,26.2939],[-107.8407,26.3231],[-107.7966,26.3167],[-107.7428,26.3293],[-107.6934,26.2997],[-107.6596,26.2197],[-107.6068,26.2451],[-107.5771,26.2155],[-107.6351,26.2014],[-107.5793,26.1757],[-107.554,26.1941],[-107.517,26.153],[-107.4457,26.1275],[-107.4083,26.1254],[-107.4116,26.0708],[-107.4513,26.0543],[-107.4544,26.0341],[-107.4238,26.0004],[-107.398,26.0257],[-107.3508,26.0406],[-107.3025,26.0343],[-107.2743,26.0478],[-107.2849,26.1396],[-107.2742,26.1548],[-107.2125,26.1117],[-107.1739,26.1428],[-107.0986,26.1545],[-107.1084,26.1194],[-107.1458,26.1161],[-107.1423,26.0777],[-107.1737,26.0566],[-107.1391,26.0333],[-107.1426,26.0018],[-107.1764,25.9628],[-107.1364,25.9381],[-107.132,25.891],[-107.0723,25.8636],[-106.9835,25.7834],[-106.999,25.7415],[-107.0282,25.7858],[-107.0692,25.8178],[-107.1314,25.8441],[-107.1311,25.8683],[-107.1885,25.9185],[-107.2799,25.8621],[-107.3158,25.8635],[-107.2994,25.8207],[-107.2688,25.8156],[-107.2332,25.7879],[-107.2094,25.7274],[-107.2461,25.6977],[-107.281,25.6983],[-107.3317,25.6779],[-107.3295,25.6448],[-107.3926,25.6197],[-107.4227,25.6849],[-107.3789,25.7452],[-107.3808,25.7857],[-107.4308,25.8371],[-107.4091,25.8759],[-107.4427,25.8932],[-107.4407,25.9329],[-107.4787,25.9638],[-107.4994,26.0063],[-107.5322,25.9899],[-107.5474,26.0269],[-107.6091,26.0025],[-107.6527,26.001],[-107.6911,26.0212],[-107.6893,26.0829],[-107.6784,26.1229],[-107.7587,26.1089],[-107.7967,26.0664],[-107.7626,26.0261],[-107.8119,25.9863],[-107.7673,25.9599],[-107.7853,25.9247],[-107.7419,25.923],[-107.7441,25.8935],[-107.7058,25.8509],[-107.7282,25.84],[-107.7443,25.7906],[-107.6753,25.687],[-107.6474,25.5795],[-107.5994,25.5422],[-107.5818,25.5515],[-107.6322,25.6374],[-107.6,25.679],[-107.5526,25.6924],[-107.5047,25.6567],[-107.5307,25.5904],[-107.5026,25.5692],[-107.5034,25.5355],[-107.4588,25.5381],[-107.4319,25.5855],[-107.3791,25.5735],[-107.29,25.5901],[-107.2645,25.5635],[-107.3019,25.5134],[-107.3374,25.5514],[-107.3747,25.5344],[-107.4262,25.5478],[-107.4613,25.5027],[-107.4204,25.41],[-107.3756,25.3937],[-107.3526,25.4171],[-107.3239,25.4114],[-107.3075,25.3841],[-107.268,25.3814],[-107.2485,25.3428],[-107.2131,25.4516],[-107.1997,25.3508],[-107.1698,25.3419],[-107.1058,25.3669],[-107.1087,25.3335],[-107.0787,25.2971],[-106.9782,25.2904],[-106.9512,25.3358],[-106.9205,25.3264],[-106.8944,25.3477],[-106.8575,25.337],[-106.7986,25.3573],[-106.7288,25.3579],[-106.6949,25.416],[-106.6951,25.4811],[-106.6611,25.5029],[-106.6783,25.3852],[-106.6374,25.3699],[-106.5866,25.3746],[-106.5775,25.3524],[-106.6456,25.3482],[-106.6929,25.3604],[-106.7165,25.3217],[-106.8887,25.3193],[-106.8997,25.2949],[-106.9599,25.2756],[-107.0251,25.243],[-107.0618,25.2574],[-107.0964,25.2221],[-107.1124,25.2597],[-107.1426,25.286],[-107.1512,25.3198],[-107.2021,25.3131],[-107.177,25.2677],[-107.2176,25.1873],[-107.301,25.3059],[-107.3301,25.2934],[-107.2638,25.2135],[-107.2393,25.155],[-107.2519,25.1124],[-107.1886,25.0987],[-107.158,25.0438],[-107.1112,25.0654],[-107.0448,24.9808],[-107.0105,24.9681],[-107.0102,25.03],[-106.9746,25.0425],[-106.9745,25.0716],[-107.0136,25.0911],[-107.0071,25.119],[-106.9762,25.1284],[-106.9044,25.1123],[-106.9378,25.0893],[-106.9461,25.0499],[-106.9153,25.0484],[-106.8956,25.0766],[-106.8592,25.0612],[-106.8139,25.0836],[-106.7791,25.135],[-106.7387,25.0846],[-106.7366,25.0621],[-106.6829,25.0404],[-106.7234,25.0217],[-106.7896,25.0517],[-106.8158,25.0008],[-106.8732,24.9833],[-106.8466,24.956],[-106.8203,24.9824],[-106.744,24.9701],[-106.7064,24.8963],[-106.7512,24.869],[-106.7895,24.9095],[-106.8166,24.914],[-106.9059,24.8569],[-106.8584,24.7927],[-106.8417,24.7541],[-106.8012,24.7541],[-106.7206,24.7327],[-106.6902,24.7027],[-106.6601,24.7519],[-106.6244,24.7212],[-106.5882,24.7143],[-106.5432,24.7252],[-106.5421,24.7804],[-106.5039,24.801],[-106.5626,24.8415],[-106.5672,24.8776],[-106.5166,24.871],[-106.4161,24.9089],[-106.4298,24.9499],[-106.3986,24.9947],[-106.3549,24.9857],[-106.3899,24.9537],[-106.3865,24.9047],[-106.3956,24.8464],[-106.4124,24.8141],[-106.4794,24.7574],[-106.4302,24.7474],[-106.388,24.8166],[-106.3413,24.8294],[-106.3348,24.8555],[-106.2877,24.8718],[-106.2856,24.9279],[-106.2475,24.8958],[-106.1865,24.8811],[-106.1788,24.9153],[-106.1926,24.9557],[-106.1269,24.9393],[-106.1334,24.8752],[-106.1256,24.8408],[-106.1631,24.8434],[-106.2811,24.817],[-106.3297,24.8116],[-106.3757,24.7767],[-106.4098,24.702],[-106.37,24.6767],[-106.328,24.6733],[-106.2823,24.6383],[-106.2456,24.6652],[-106.1967,24.6794],[-106.1358,24.7107],[-106.1082,24.7006],[-106.0785,24.7217],[-106.0386,24.7732],[-105.9753,24.8005],[-105.9928,24.6948],[-106.0291,24.6624],[-106.0578,24.6559],[-106.0864,24.6745],[-106.1496,24.6455],[-106.1671,24.5951],[-106.148,24.559],[-106.0597,24.5485],[-106.0007,24.5787],[-105.9869,24.6073],[-105.9422,24.5673],[-105.8903,24.5637],[-105.8781,24.5877],[-105.8311,24.61],[-105.7781,24.6037],[-105.7843,24.5818],[-105.8249,24.5864],[-105.8306,24.5405],[-105.8773,24.5277],[-105.8939,24.501],[-105.9527,24.5034],[-106.0143,24.5419],[-106.0606,24.5149],[-106.1613,24.5149],[-106.1811,24.5493],[-106.2469,24.5537],[-106.276,24.5316],[-106.3276,24.5406],[-106.3155,24.5759],[-106.3573,24.6092],[-106.3873,24.4876],[-106.3467,24.4521],[-106.4717,24.4505],[-106.4818,24.4153],[-106.5398,24.3893],[-106.5232,24.329],[-106.5362,24.3142],[-106.5424,24.2513],[-106.584,24.2354],[-106.6302,24.1422],[-106.6195,24.1181],[-106.5751,24.1037],[-106.5104,24.1126],[-106.4543,24.1523],[-106.394,24.1262],[-106.3689,24.2158],[-106.3504,24.2469],[-106.305,24.2603],[-106.2774,24.2399],[-106.2336,24.241],[-106.2388,24.2101],[-106.316,24.216],[-106.3558,24.1677],[-106.3124,24.1161],[-106.3269,24.0791],[-106.2896,24.0541],[-106.2614,24.0765],[-106.2323,24.0711],[-106.1612,24.0955],[-106.1399,24.125],[-106.0764,24.1386],[-106.0223,24.1749],[-105.9216,24.1724],[-105.8497,24.207],[-105.856,24.2378],[-105.8203,24.2462],[-105.7941,24.2302],[-105.7424,24.2374],[-105.7422,24.2139],[-105.7764,24.1908],[-105.8154,24.1897],[-105.8521,24.1485],[-105.8992,24.1358],[-105.8811,24.1049],[-105.91,24.0907],[-105.9843,24.0844],[-105.9942,24.0516],[-106.0609,24.0002],[-106.0616,24]]]},"properties":{"NA_L1CODE":"13","NA_L1NAME":"TEMPERATE SIERRAS","NA_L1KEY":"13  TEMPERATE SIERRAS","Shape_Leng":11272584.0995,"Shape_Area":137605456311}},
{"type":"Feature","geometry":{"type":"Polygon","coordinates":[[[-105.0918,32.6469],[-105.1433,32.7134],[-105.1976,32.7287],[-105.2462,32.7563],[-105.2533,32.8089],[-105.1819,32.8988],[-105.1743,32.9993],[-105.1847,33.0413],[-105.1552,33.0839],[-105.1939,33.1817],[-105.1941,33.2196],[-105.2223,33.3253],[-105.2663,33.3699],[-105.307,33.3902],[-105.2282,33.4101],[-105.1738,33.4818],[-105.1517,33.566],[-105.1675,33.6334],[-105.2192,33.6842],[-105.2829,33.7016],[-105.335,33.704],[-105.379,33.7279],[-105.4126,33.6951],[-105.5113,33.6955],[-105.5594,33.7626],[-105.5731,33.8367],[-105.5418,33.9001],[-105.5678,33.9509],[-105.6508,33.9686],[-105.7477,33.9223],[-105.7809,33.8943],[-105.812,33.802],[-105.7905,33.736],[-105.8065,33.703],[-105.7686,33.6596],[-105.7192,33.6265],[-105.7375,33.5933],[-105.7781,33.5909],[-105.8591,33.557],[-105.9023,33.5725],[-105.921,33.4913],[-105.9626,33.4801],[-106.0261,33.4264],[-105.9906,33.3673],[-105.9468,33.3576],[-105.9381,33.3355],[-105.9539,33.2547],[-105.9835,33.1713],[-105.9467,33.1707],[-105.9239,33.1381],[-105.9215,33.0845],[-105.886,32.994],[-105.9283,32.9697],[-105.9122,32.904],[-105.934,32.8137],[-105.9145,32.7485],[-105.8809,32.698],[-105.8404,32.6067],[-105.786,32.6274],[-105.7582,32.6156],[-105.8076,32.5393],[-105.7892,32.5231],[-105.689,32.5147],[-105.6301,32.5351],[-105.5804,32.5187],[-105.5439,32.4678],[-105.4692,32.3989],[-105.4036,32.3532],[-105.3663,32.3725],[-105.3712,32.4379],[-105.3427,32.4586],[-105.3051,32.4362],[-105.2564,32.4803],[-105.1813,32.5041],[-105.1457,32.4829],[-105.1295,32.4129],[-105.0601,32.3732],[-105.0353,32.3373],[-104.99,32.3255],[-104.9415,32.2861],[-104.8968,32.2144],[-104.9719,32.2449],[-105.018,32.222],[-105.0294,32.1531],[-105.002,32.0929],[-105.0075,32.0661],[-104.9643,32.0376],[-104.9347,31.954],[-104.9335,31.9195],[-104.8801,31.8675],[-104.8264,31.8691],[-104.7668,31.9323],[-104.7225,32.0147],[-104.6543,32.065],[-104.5938,32.0902],[-104.4813,32.1584],[-104.3993,32.1713],[-104.426,32.2243],[-104.5013,32.2233],[-104.5799,32.2435],[-104.6459,32.2337],[-104.7203,32.3009],[-104.7528,32.3715],[-104.8129,32.4345],[-104.8399,32.4872],[-104.8733,32.5233],[-104.9612,32.5547],[-105.011,32.587],[-105.0819,32.6196],[-105.0918,32.6469]]]},"properties":{"NA_L1CODE":"13","NA_L1NAME":"TEMPERATE SIERRAS","NA_L1KEY":"13  TEMPERATE SIERRAS","Shape_Leng":798877.714757,"Shape_Area":12017014372.1}},
{"type":"Feature","geometry":{"type":"Polygon","coordinates":[[[-107.1873,34.124],[-107.2296,34.0748],[-107.2566,34.0905],[-107.2901,34.0307],[-107.2218,33.8885],[-107.1936,33.8128],[-107.1523,33.8234],[-107.1319,33.8534],[-107.0907,33.8618],[-107.0456,33.9004],[-107.0317,33.9562],[-107.0073,33.9717],[-107.1128,34.0601],[-107.1758,34.1296],[-107.1873,34.124]]]},"properties":{"NA_L1CODE":"13","NA_L1NAME":"TEMPERATE SIERRAS","NA_L1KEY":"13  TEMPERATE SIERRAS","Shape_Leng":114807.303509,"Shape_Area":537811688.222}},
{"type":"Feature","geometry":{"type":"Polygon","coordinates":[[[-105.7561,34.2736],[-105.792,34.3102],[-105.8506,34.2755],[-105.8694,34.2393],[-105.8101,34.186],[-105.7889,34.1481],[-105.7533,34.1295],[-105.7245,34.1356],[-105.6925,34.1665],[-105.6867,34.2113],[-105.661,34.2558],[-105.6786,34.2779],[-105.7561,34.2736]]]},"properties":{"NA_L1CODE":"13","NA_L1NAME":"TEMPERATE SIERRAS","NA_L1KEY":"13  TEMPERATE SIERRAS","Shape_Leng":65129.2765697,"Shape_Area":229597276.575}},
{"type":"Feature","geometry":{"type":"Polygon","coordinates":[[[-107.7811,34.9655],[-107.8287,34.9101],[-107.8085,34.8452],[-107.8679,34.8608],[-107.9182,34.7683],[-107.9153,34.7445],[-107.8616,34.6884],[-107.8078,34.6866],[-107.7654,34.7051],[-107.717,34.7706],[-107.691,34.7852],[-107.6519,34.8367],[-107.7191,34.885],[-107.7088,34.9195],[-107.7443,34.9357],[-107.7104,34.9699],[-107.7584,34.9844],[-107.7811,34.9655]]]},"properties":{"NA_L1CODE":"13","NA_L1NAME":"TEMPERATE SIERRAS","NA_L1KEY":"13  TEMPERATE SIERRAS","Shape_Leng":113506.267396,"Shape_Area":435862488.365}},
{"type":"Feature","geometry":{"type":"Polygon","coordinates":[[[-106.087,35.2782],[-106.0856,35.3527],[-106.1404,35.401],[-106.1971,35.3907],[-106.2168,35.3642],[-106.2229,35.2884],[-106.2796,35.2674],[-106.3175,35.2792],[-106.3778,35.3172],[-106.4293,35.3077],[-106.5047,35.2632],[-106.5152,35.2255],[-106.4717,35.1514],[-106.4888,35.1187],[-106.4848,35.0617],[-106.4963,35.016],[-106.4683,35.0031],[-106.466,34.9323],[-106.4412,34.9024],[-106.4381,34.863],[-106.4829,34.7737],[-106.4933,34.684],[-106.5241,34.6281],[-106.5208,34.5835],[-106.4977,34.4708],[-106.5219,34.4334],[-106.5814,34.3841],[-106.6622,34.2739],[-106.5568,34.2878],[-106.4849,34.3401],[-106.4615,34.3927],[-106.4176,34.4361],[-106.3425,34.4923],[-106.3193,34.5323],[-106.3446,34.5595],[-106.3439,34.6374],[-106.3078,34.7254],[-106.2433,34.7476],[-106.1909,34.8326],[-106.1688,34.8481],[-106.1351,34.926],[-106.1329,35.0063],[-106.1777,35.0621],[-106.211,35.0814],[-106.234,35.1347],[-106.2738,35.1287],[-106.2802,35.1588],[-106.181,35.174],[-106.117,35.2682],[-106.087,35.2782]]]},"properties":{"NA_L1CODE":"13","NA_L1NAME":"TEMPERATE SIERRAS","NA_L1KEY":"13  TEMPERATE SIERRAS","Shape_Leng":343778.461188,"Shape_Area":2518839643.25}},
{"type":"Feature","geometry":{"type":"Polygon","coordinates":[[[-107.9326,35.0652],[-107.983,35.1098],[-108.0163,35.1532],[-108.0352,35.2047],[-108.0374,35.2591],[-108.0564,35.3202],[-108.1056,35.3532],[-108.1637,35.3717],[-108.2477,35.3865],[-108.3606,35.4351],[-108.4778,35.4665],[-108.5432,35.469],[-108.6399,35.4439],[-108.6507,35.4075],[-108.5961,35.3248],[-108.5056,35.1546],[-108.4597,35.1282],[-108.4016,35.1457],[-108.2902,35.1088],[-108.2228,35.0533],[-108.1523,35.0054],[-108.1779,34.9592],[-108.2627,34.9163],[-108.3051,34.9154],[-108.2963,34.853],[-108.3357,34.7771],[-108.3367,34.7512],[-108.2877,34.7541],[-108.2095,34.7922],[-108.1795,34.8302],[-108.1461,34.8449],[-108.1461,34.8897],[-108.094,34.9016],[-108.1236,34.9778],[-108.0496,35.0015],[-108.0253,34.97],[-108.0495,34.9459],[-108.0195,34.9139],[-107.9413,34.9526],[-107.9229,35.021],[-107.9326,35.0652]]]},"properties":{"NA_L1CODE":"13","NA_L1NAME":"TEMPERATE SIERRAS","NA_L1KEY":"13  TEMPERATE SIERRAS","Shape_Leng":290466.379465,"Shape_Area":2268757879.45}},
{"type":"Feature","geometry":{"type":"Polygon","coordinates":[[[-107.4245,35.5565],[-107.4381,35.5286],[-107.4789,35.5028],[-107.5104,35.4641],[-107.555,35.4713],[-107.636,35.4042],[-107.6318,35.3449],[-107.6826,35.3103],[-107.7367,35.3337],[-107.7863,35.3308],[-107.7817,35.2759],[-107.7547,35.255],[-107.7667,35.2273],[-107.8826,35.1999],[-107.8615,35.1635],[-107.8168,35.1828],[-107.7876,35.1777],[-107.7828,35.1284],[-107.7206,35.084],[-107.6753,35.0923],[-107.6649,35.1197],[-107.5882,35.105],[-107.4995,35.13],[-107.4982,35.0738],[-107.4303,35.0503],[-107.3607,35.0784],[-107.3775,35.145],[-107.3653,35.1636],[-107.3152,35.1657],[-107.2572,35.2103],[-107.2271,35.2659],[-107.2112,35.3183],[-107.1498,35.3776],[-107.1787,35.4308],[-107.1832,35.4626],[-107.2129,35.5227],[-107.2036,35.5498],[-107.2179,35.5861],[-107.2739,35.6107],[-107.3402,35.6131],[-107.4151,35.582],[-107.4245,35.5565]]]},"properties":{"NA_L1CODE":"13","NA_L1NAME":"TEMPERATE SIERRAS","NA_L1KEY":"13  TEMPERATE SIERRAS","Shape_Leng":242360.126766,"Shape_Area":2164530157.52}},
{"type":"Feature","geometry":{"type":"Polygon","coordinates":[[[-109.1101,32.9357],[-109.0321,32.8534],[-108.9911,32.8219],[-108.9769,32.7931],[-108.9048,32.7674],[-108.863,32.7748],[-108.845,32.8089],[-108.7844,32.8047],[-108.7309,32.7315],[-108.679,32.7415],[-108.6465,32.703],[-108.5944,32.6757],[-108.5892,32.6518],[-108.5443,32.6102],[-108.5383,32.5241],[-108.5704,32.4704],[-108.573,32.4398],[-108.5419,32.4169],[-108.482,32.4156],[-108.4521,32.4991],[-108.405,32.5355],[-108.3411,32.542],[-108.3394,32.6079],[-108.3204,32.6567],[-108.354,32.7317],[-108.3491,32.754],[-108.2978,32.7765],[-108.2798,32.8077],[-108.2129,32.8126],[-108.1586,32.8002],[-108.1325,32.7793],[-108.116,32.7239],[-108.0512,32.6575],[-107.9959,32.6568],[-107.9514,32.5823],[-107.897,32.5579],[-107.8362,32.5673],[-107.8341,32.6106],[-107.8036,32.6435],[-107.7533,32.5988],[-107.7744,32.4848],[-107.7219,32.4778],[-107.697,32.461],[-107.6673,32.4941],[-107.6555,32.5566],[-107.5953,32.6687],[-107.567,32.7003],[-107.5778,32.7269],[-107.5716,32.7956],[-107.5989,32.9119],[-107.5994,32.9654],[-107.5578,32.9399],[-107.5182,32.9494],[-107.5147,32.9959],[-107.524,33.0777],[-107.4992,33.0934],[-107.5163,33.1313],[-107.5688,33.1308],[-107.5999,33.1793],[-107.5623,33.192],[-107.5418,33.2246],[-107.5518,33.2568],[-107.5369,33.2954],[-107.4875,33.3449],[-107.4833,33.3667],[-107.5027,33.4528],[-107.4569,33.4379],[-107.3587,33.4345],[-107.3345,33.4195],[-107.2918,33.4841],[-107.2622,33.5483],[-107.2895,33.6079],[-107.2907,33.6376],[-107.267,33.6788],[-107.263,33.7258],[-107.3147,33.7391],[-107.3284,33.8361],[-107.3542,33.8779],[-107.4261,33.948],[-107.4754,33.9501],[-107.557,33.9765],[-107.6702,33.9291],[-107.6928,33.8832],[-107.643,33.8072],[-107.665,33.7672],[-107.6972,33.7605],[-107.721,33.7887],[-107.7684,33.7744],[-107.7904,33.8295],[-107.765,33.8539],[-107.8193,33.8887],[-107.8838,33.879],[-107.9152,33.9026],[-107.9601,33.8467],[-108.0032,33.8403],[-108.0435,33.8023],[-108.2036,33.7807],[-108.2373,33.7588],[-108.2373,33.7091],[-108.2687,33.6848],[-108.3779,33.7856],[-108.3327,33.8128],[-108.3179,33.853],[-108.3541,33.8718],[-108.3479,33.9171],[-108.3111,33.9226],[-108.2735,33.8776],[-108.2355,33.8789],[-108.1977,33.9028],[-108.1758,33.942],[-108.1155,33.9404],[-108.0333,33.9987],[-108.0289,34.0477],[-107.9733,34.071],[-107.8854,34.0709],[-107.8366,34.0474],[-107.776,34.0873],[-107.8129,34.1445],[-107.8053,34.1919],[-107.7764,34.2179],[-107.7297,34.2336],[-107.6805,34.2816],[-107.5764,34.2681],[-107.5396,34.2023],[-107.5692,34.1834],[-107.5223,34.1347],[-107.4776,34.1184],[-107.4627,34.0789],[-107.4002,34.0854],[-107.2974,34.1292],[-107.2641,34.1729],[-107.1991,34.1673],[-107.2274,34.251],[-107.2601,34.2764],[-107.272,34.3279],[-107.3185,34.3667],[-107.3502,34.3676],[-107.4175,34.3429],[-107.4578,34.3672],[-107.4988,34.3569],[-107.5874,34.3882],[-107.6359,34.4477],[-107.7183,34.4373],[-107.8134,34.3473],[-107.8914,34.3539],[-107.931,34.3729],[-108.0381,34.3615],[-108.0799,34.3376],[-108.1143,34.2901],[-108.1677,34.2684],[-108.2141,34.2853],[-108.2444,34.2804],[-108.3005,34.2127],[-108.3404,34.1994],[-108.4296,34.2754],[-108.4846,34.2774],[-108.529,34.2407],[-108.5675,34.2716],[-108.6073,34.2662],[-108.629,34.1926],[-108.6683,34.1643],[-108.7968,34.1279],[-108.8818,34.1554],[-108.9153,34.152],[-108.9675,34.1165],[-109.0046,34.1271],[-109.0296,34.1841],[-109.0485,34.1978],[-109.1651,34.3951],[-109.2239,34.4543],[-109.2908,34.4902],[-109.4331,34.513],[-109.5616,34.5165],[-109.6776,34.5114],[-109.7675,34.515],[-109.8166,34.5049],[-109.9389,34.4588],[-110.0118,34.4113],[-110.078,34.3988],[-110.1389,34.4154],[-110.2404,34.487],[-110.3012,34.5159],[-110.3978,34.5372],[-110.5351,34.5854],[-110.6769,34.6013],[-110.7491,34.6299],[-110.7842,34.6571],[-110.8135,34.7057],[-110.8496,34.7362],[-110.9292,34.774],[-110.9707,34.8179],[-111.0396,34.9172],[-111.1119,34.9969],[-111.1614,35.0801],[-111.2208,35.1468],[-111.277,35.2479],[-111.3667,35.3338],[-111.4591,35.3791],[-111.5817,35.4207],[-111.6109,35.4526],[-111.6092,35.4869],[-111.5283,35.4844],[-111.5023,35.5093],[-111.5165,35.5483],[-111.6404,35.6822],[-111.6027,35.7408],[-111.5908,35.8025],[-111.6139,35.8587],[-111.6789,35.9282],[-111.7641,35.992],[-111.8131,35.9975],[-111.8932,35.9646],[-111.9962,35.9473],[-112.0831,35.9617],[-112.1891,36.0084],[-112.2788,36.0413],[-112.3386,36.0539],[-112.373,36.0487],[-112.392,36.0121],[-112.3248,35.8604],[-112.2356,35.7135],[-112.2316,35.6676],[-112.2497,35.6226],[-112.2827,35.5987],[-112.3447,35.5815],[-112.4771,35.5595],[-112.5383,35.541],[-112.6147,35.5004],[-112.6709,35.4372],[-112.6896,35.3812],[-112.6602,35.2857],[-112.5556,35.2056],[-112.5516,35.1745],[-112.5896,35.088],[-112.5804,35.055],[-112.4892,34.9649],[-112.3844,34.8767],[-112.3567,34.8398],[-112.3653,34.7668],[-112.3907,34.7479],[-112.4528,34.7642],[-112.5335,34.8249],[-112.6405,34.8397],[-112.6782,34.8639],[-112.7142,34.911],[-112.8363,35.1015],[-112.9009,35.1819],[-112.9859,35.2728],[-113.0351,35.308],[-113.0992,35.3113],[-113.1272,35.2904],[-113.1512,35.235],[-113.1539,35.1846],[-113.171,35.124],[-113.237,35.0602],[-113.3246,35.0131],[-113.3627,34.9834],[-113.4027,34.9095],[-113.3028,34.8252],[-113.2687,34.8158],[-113.1623,34.8072],[-113.0964,34.7647],[-112.9988,34.632],[-112.8904,34.5639],[-112.7765,34.5207],[-112.7069,34.5051],[-112.6584,34.4566],[-112.6369,34.3724],[-112.5924,34.315],[-112.5881,34.2879],[-112.6294,34.2559],[-112.6132,34.2085],[-112.5357,34.1671],[-112.3611,34.1483],[-112.3362,34.1494],[-112.2031,34.0853],[-112.1516,34.0505],[-112.0443,33.9479],[-111.9845,33.9181],[-111.9105,33.8921],[-111.8214,33.823],[-111.7683,33.7739],[-111.7245,33.7572],[-111.6578,33.7694],[-111.5895,33.7491],[-111.5727,33.6942],[-111.5923,33.6513],[-111.5906,33.596],[-111.5694,33.5522],[-111.5426,33.531],[-111.4478,33.4894],[-111.3747,33.4436],[-111.2802,33.3316],[-111.1822,33.2802],[-111.1266,33.2258],[-111.0979,33.2115],[-110.9842,33.21],[-110.9421,33.221],[-110.7683,33.2295],[-110.7346,33.2388],[-110.7106,33.2824],[-110.7427,33.3908],[-110.7296,33.4246],[-110.6777,33.4726],[-110.6098,33.5036],[-110.5293,33.5227],[-110.4481,33.5338],[-110.3367,33.5293],[-110.2874,33.5061],[-110.1453,33.4853],[-110.0697,33.4496],[-110.0274,33.4072],[-109.9416,33.3514],[-109.825,33.3055],[-109.7106,33.2401],[-109.6139,33.1903],[-109.5845,33.1916],[-109.5479,33.2309],[-109.527,33.3316],[-109.5076,33.361],[-109.4569,33.3427],[-109.4504,33.2625],[-109.4768,33.1809],[-109.4887,33.1102],[-109.4821,33.0078],[-109.4317,32.9895],[-109.3239,33.05],[-109.2338,33.0333],[-109.1879,33.0095],[-109.1101,32.9357]]]},"properties":{"NA_L1CODE":"13","NA_L1NAME":"TEMPERATE SIERRAS","NA_L1KEY":"13  TEMPERATE SIERRAS","Shape_Leng":2498677.87476,"Shape_Area":83025363402.2}},
{"type":"Feature","geometry":{"type":"Polygon","coordinates":[[[-109.202,36.487],[-109.1888,36.4268],[-109.1935,36.3264],[-109.2431,36.2177],[-109.2102,36.1609],[-109.2269,36.1007],[-109.3092,35.9218],[-109.2599,35.8478],[-109.2612,35.7429],[-109.2946,35.6162],[-109.2811,35.5293],[-109.241,35.5242],[-109.1771,35.6189],[-109.1295,35.723],[-109.1091,35.7822],[-109.1036,35.8406],[-109.1455,35.9128],[-109.117,35.9273],[-109.0706,35.8907],[-109.0507,35.7868],[-109.0119,35.729],[-108.9429,35.7448],[-108.8877,35.7269],[-108.8776,35.7656],[-108.8415,35.7985],[-108.7644,35.8404],[-108.7495,35.8692],[-108.6709,35.8946],[-108.6627,35.9738],[-108.6778,36.0343],[-108.6993,36.0551],[-108.7128,36.1211],[-108.732,36.1537],[-108.7818,36.2015],[-108.8424,36.227],[-108.864,36.2642],[-108.862,36.3424],[-108.8875,36.3746],[-108.8882,36.4534],[-108.9228,36.5317],[-108.9539,36.5438],[-109.0444,36.5183],[-109.081,36.5392],[-109.0902,36.5681],[-109.1296,36.7635],[-109.0761,36.7992],[-109.0772,36.8436],[-109.0992,36.8823],[-109.1392,36.8992],[-109.2136,36.8963],[-109.2964,36.8739],[-109.2411,36.7711],[-109.24,36.6325],[-109.2338,36.5615],[-109.202,36.487]]]},"properties":{"NA_L1CODE":"13","NA_L1NAME":"TEMPERATE SIERRAS","NA_L1KEY":"13  TEMPERATE SIERRAS","Shape_Leng":437031.10143,"Shape_Area":4186323623.62}},
{"type":"Feature","geometry":{"type":"Polygon","coordinates":[[[-112.4045,36.5419],[-112.4218,36.5294],[-112.4476,36.4621],[-112.4325,36.434],[-112.3903,36.4021],[-112.2789,36.3371],[-112.1196,36.2499],[-112.0312,36.1963],[-111.9745,36.1868],[-111.9349,36.2053],[-111.9179,36.2428],[-111.9508,36.3433],[-112.0285,36.4529],[-112.0678,36.5427],[-112.076,36.6088],[-112.1307,36.7215],[-112.1828,36.7381],[-112.2455,36.6976],[-112.3371,36.5777],[-112.4045,36.5419]]]},"properties":{"NA_L1CODE":"13","NA_L1NAME":"TEMPERATE SIERRAS","NA_L1KEY":"13  TEMPERATE SIERRAS","Shape_Leng":164994.908867,"Shape_Area":1483345368.17}},
{"type":"Feature","geometry":{"type":"Polygon","coordinates":[[[-97.7838,24.0781],[-97.8108,24.073],[-97.8418,24.0938],[-97.9103,24.09],[-97.9713,24.0679],[-98.0101,24.028],[-98.066,24.0085],[-98.1473,24.0059],[-98.2129,24.0311],[-98.2368,24.1361],[-98.2152,24.1655],[-98.2944,24.171],[-98.3446,24.2584],[-98.3778,24.241],[-98.4145,24.2418],[-98.4803,24.2659],[-98.5372,24.3307],[-98.5971,24.3556],[-98.6459,24.3511],[-98.6773,24.3227],[-98.7106,24.3407],[-98.7793,24.4192],[-98.8084,24.4025],[-98.8781,24.4375],[-98.8995,24.4624],[-98.9488,24.4742],[-98.9301,24.4212],[-98.9196,24.3093],[-98.9477,24.2934],[-98.977,24.3176],[-98.9672,24.3583],[-99.007,24.3527],[-99.0034,24.4289],[-99.0251,24.4374],[-99.0663,24.4109],[-99.0825,24.4439],[-98.9934,24.4823],[-99.0366,24.5049],[-99.0804,24.502],[-99.1381,24.5439],[-99.1845,24.5601],[-99.211,24.5269],[-99.2561,24.5068],[-99.2765,24.528],[-99.2321,24.5682],[-99.2787,24.5698],[-99.3002,24.5375],[-99.3429,24.5409],[-99.3602,24.5721],[-99.4552,24.5345],[-99.5183,24.5681],[-99.5247,24.5419],[-99.4557,24.5109],[-99.3603,24.5085],[-99.3053,24.4749],[-99.2843,24.4301],[-99.3454,24.3448],[-99.3306,24.2901],[-99.3082,24.2679],[-99.2761,24.1784],[-99.2178,24.122],[-99.2143,24.1026],[-99.1735,24.0577],[-99.1534,24.0183],[-99.1086,24.032],[-99.0403,24.0317],[-99.0521,24],[-98.6836,24],[-98.6838,24.0246],[-98.5961,24.0259],[-98.5429,24.0479],[-98.4979,24.0183],[-98.4452,24.0141],[-98.444,24],[-98.3946,24],[-98.3717,24.0124],[-98.267,24.0117],[-98.2679,24],[-97.7752,24],[-97.7745,24.0236],[-97.7838,24.0781]]]},"properties":{"NA_L1CODE":"14","NA_L1NAME":"TROPICAL DRY FORESTS","NA_L1KEY":"14  TROPICAL DRY FORESTS","Shape_Leng":2794877.49192,"Shape_Area":41524436947.5}},
{"type":"Feature","geometry":{"type":"Polygon","coordinates":[[[-109.7879,24.1504],[-109.8066,24.2078],[-109.8591,24.2795],[-109.9166,24.3741],[-109.9297,24.3306],[-109.9153,24.2694],[-109.8848,24.1927],[-109.8525,24.151],[-109.7879,24.1504]]]},"properties":{"NA_L1CODE":"14","NA_L1NAME":"TROPICAL DRY FORESTS","NA_L1KEY":"14  TROPICAL DRY FORESTS","Shape_Leng":63476.7580722,"Shape_Area":153812448.095}},
{"type":"Feature","geometry":{"type":"Polygon","coordinates":[[[-110.2353,24],[-109.811,24],[-109.8025,24.0207],[-109.8257,24.0593],[-109.9314,24.0309],[-109.9828,24.0462],[-109.994,24.1274],[-110.0087,24.1652],[-110.0846,24.2139],[-110.1684,24.2548],[-110.2286,24.3176],[-110.2412,24.3515],[-110.2886,24.3543],[-110.3305,24.318],[-110.3209,24.2618],[-110.2981,24.2105],[-110.3005,24.1879],[-110.277,24.1478],[-110.2486,24.1624],[-110.2643,24.1972],[-110.2177,24.1982],[-110.2151,24.1405],[-110.2301,24.0719],[-110.2123,24.0163],[-110.2353,24]]]},"properties":{"NA_L1CODE":"14","NA_L1NAME":"TROPICAL DRY FORESTS","NA_L1KEY":"14  TROPICAL DRY FORESTS","Shape_Leng":514418.278414,"Shape_Area":8174477696.13}},
{"type":"Feature","geometry":{"type":"Polygon","coordinates":[[[-108.0489,24.8234],[-108.039,24.9275],[-108.0876,25.0053],[-108.1369,25.02],[-108.1316,24.961],[-108.1013,24.897],[-108.0902,24.8356],[-108.0489,24.8234]]]},"properties":{"NA_L1CODE":"14","NA_L1NAME":"TROPICAL DRY FORESTS","NA_L1KEY":"14  TROPICAL DRY FORESTS","Shape_Leng":52592.8946897,"Shape_Area":127867520.99}},
{"type":"Feature","geometry":{"type":"Polygon","coordinates":[[[-108.0894,24.8166],[-108.1029,24.8806],[-108.2246,25.0192],[-108.1185,24.825],[-108.0894,24.8166]]]},"properties":{"NA_L1CODE":"14","NA_L1NAME":"TROPICAL DRY FORESTS","NA_L1KEY":"14  TROPICAL DRY FORESTS","Shape_Leng":84908.877031,"Shape_Area":92364110.2892}},
{"type":"Feature","geometry":{"type":"Polygon","coordinates":[[[-108.3534,25.209],[-108.3539,25.1661],[-108.2827,25.1663],[-108.3534,25.209]]]},"properties":{"NA_L1CODE":"14","NA_L1NAME":"TROPICAL DRY FORESTS","NA_L1KEY":"14  TROPICAL DRY FORESTS","Shape_Leng":26622.6338814,"Shape_Area":29419040.2564}},
{"type":"Feature","geometry":{"type":"Polygon","coordinates":[[[-108.9451,25.4377],[-108.8346,25.3907],[-108.8275,25.4166],[-108.8932,25.438],[-108.9451,25.4377]]]},"properties":{"NA_L1CODE":"14","NA_L1NAME":"TROPICAL DRY FORESTS","NA_L1KEY":"14  TROPICAL DRY FORESTS","Shape_Leng":52337.5446497,"Shape_Area":41955639.6914}},
{"type":"Feature","geometry":{"type":"Polygon","coordinates":[[[-109.4235,26.689],[-109.4107,26.7439],[-109.4662,26.7186],[-109.4235,26.689]]]},"properties":{"NA_L1CODE":"14","NA_L1NAME":"TROPICAL DRY FORESTS","NA_L1KEY":"14  TROPICAL DRY FORESTS","Shape_Leng":48728.8437154,"Shape_Area":32046350.4364}},
{"type":"Feature","geometry":{"type":"Polygon","coordinates":[[[-109.172,30.0425],[-109.2211,30.0201],[-109.2511,30.022],[-109.2595,29.9699],[-109.2875,29.9437],[-109.2891,29.8554],[-109.2663,29.8078],[-109.2915,29.7734],[-109.3179,29.8347],[-109.3385,29.8371],[-109.3533,29.879],[-109.3222,29.9069],[-109.3471,29.9311],[-109.3471,30.0069],[-109.4008,30.0364],[-109.43,30.031],[-109.4332,29.9535],[-109.4162,29.9386],[-109.4155,29.8904],[-109.3704,29.8426],[-109.3654,29.7369],[-109.4134,29.7519],[-109.4801,29.7114],[-109.4823,29.7602],[-109.4161,29.8115],[-109.412,29.8627],[-109.5057,29.8745],[-109.5525,29.8696],[-109.5724,29.8891],[-109.5773,29.9506],[-109.5957,29.9547],[-109.6061,30.0073],[-109.6363,30.0577],[-109.6685,30.0298],[-109.5998,29.9296],[-109.5993,29.8908],[-109.6257,29.878],[-109.5525,29.8425],[-109.5602,29.8058],[-109.5394,29.7826],[-109.504,29.787],[-109.4947,29.8129],[-109.5331,29.8366],[-109.5178,29.8569],[-109.4614,29.793],[-109.514,29.7702],[-109.5024,29.7238],[-109.4648,29.6821],[-109.4117,29.7175],[-109.433,29.572],[-109.485,29.5375],[-109.4856,29.4969],[-109.5347,29.483],[-109.5858,29.3888],[-109.6028,29.4552],[-109.5847,29.5223],[-109.6273,29.5163],[-109.6608,29.585],[-109.7201,29.6011],[-109.7333,29.6339],[-109.713,29.6496],[-109.661,29.6066],[-109.6366,29.6231],[-109.6705,29.6818],[-109.6936,29.7789],[-109.6771,29.8046],[-109.6895,29.832],[-109.6799,29.8669],[-109.6918,29.9087],[-109.741,29.92],[-109.7624,29.8764],[-109.8211,29.8844],[-109.8394,29.948],[-109.8915,29.9683],[-109.9343,29.9596],[-109.9343,29.9884],[-109.983,30.0167],[-110.0423,30.0102],[-110.0515,29.9834],[-110.0054,29.9407],[-109.9302,29.9297],[-109.9219,29.9006],[-109.8822,29.9122],[-109.8581,29.8917],[-109.8767,29.8625],[-109.796,29.8079],[-109.7635,29.7647],[-109.7678,29.7332],[-109.7457,29.6884],[-109.7489,29.6578],[-109.7966,29.6546],[-109.8515,29.6769],[-109.8671,29.6475],[-109.8635,29.6051],[-109.9174,29.5993],[-109.94,29.5746],[-109.9087,29.5549],[-109.9429,29.4953],[-109.9874,29.4622],[-110.0357,29.4969],[-109.9827,29.564],[-109.997,29.5969],[-109.9726,29.6441],[-110.0137,29.6803],[-109.9878,29.7392],[-110.0337,29.7864],[-110.0341,29.8315],[-110.0899,29.8627],[-110.0803,29.9589],[-110.0937,29.9917],[-110.0935,30.0845],[-110.1235,30.1168],[-110.1015,30.1532],[-110.1442,30.2083],[-110.1525,30.268],[-110.2168,30.2687],[-110.2477,30.247],[-110.3682,30.2445],[-110.3807,30.2097],[-110.4564,30.2142],[-110.459,30.1647],[-110.4778,30.0957],[-110.3971,30.0893],[-110.4386,30.0579],[-110.4366,30.0227],[-110.4542,29.9915],[-110.4179,29.9618],[-110.3602,29.8911],[-110.3133,29.8692],[-110.2935,29.811],[-110.3223,29.7855],[-110.2998,29.7471],[-110.2626,29.7155],[-110.2335,29.6273],[-110.2024,29.5697],[-110.2954,29.5693],[-110.3376,29.6028],[-110.3263,29.6341],[-110.3423,29.6805],[-110.326,29.7054],[-110.3445,29.7383],[-110.3915,29.7241],[-110.3867,29.7754],[-110.4403,29.8443],[-110.4381,29.8803],[-110.5022,29.9179],[-110.4767,29.9353],[-110.4747,29.9992],[-110.5081,29.9901],[-110.5087,30.0379],[-110.5518,30.0497],[-110.5475,30.0874],[-110.6519,30.0988],[-110.705,30.091],[-110.7547,30.0948],[-110.803,30.0733],[-110.8134,30.0005],[-110.7591,29.9453],[-110.7872,29.9071],[-110.7787,29.879],[-110.7906,29.8251],[-110.7619,29.8164],[-110.7107,29.7666],[-110.7381,29.714],[-110.716,29.6937],[-110.7372,29.64],[-110.665,29.569],[-110.6912,29.5051],[-110.6592,29.4886],[-110.6615,29.448],[-110.6321,29.3968],[-110.6443,29.333],[-110.6061,29.3024],[-110.5776,29.3261],[-110.5403,29.2648],[-110.5682,29.2302],[-110.5652,29.1949],[-110.6097,29.1869],[-110.5825,29.1348],[-110.6391,29.1343],[-110.6704,29.1188],[-110.7055,29.0798],[-110.665,29.06],[-110.6502,29.1084],[-110.6213,29.077],[-110.6104,29.0289],[-110.6487,28.9864],[-110.6331,28.959],[-110.5614,28.9845],[-110.553,28.9572],[-110.5903,28.9499],[-110.5801,28.9126],[-110.5947,28.8723],[-110.6246,28.8333],[-110.6402,28.727],[-110.6204,28.6714],[-110.5949,28.6672],[-110.5846,28.6345],[-110.6127,28.5547],[-110.5976,28.5101],[-110.5233,28.4957],[-110.5074,28.5134],[-110.4714,28.4881],[-110.4513,28.5093],[-110.3678,28.4612],[-110.3459,28.5059],[-110.3114,28.4978],[-110.324,28.4565],[-110.3865,28.3577],[-110.3547,28.3307],[-110.3915,28.2041],[-110.3619,28.141],[-110.3208,28.1165],[-110.2986,28.0797],[-110.2998,28.0427],[-110.3224,28.007],[-110.3077,27.991],[-110.2402,27.9952],[-110.2029,27.9755],[-110.1607,27.991],[-110.1007,27.9808],[-110.0831,27.9506],[-110.046,27.9653],[-110.033,27.994],[-109.9821,27.9893],[-109.9347,27.9286],[-109.9776,27.8897],[-109.9609,27.8649],[-109.9792,27.8282],[-109.9667,27.7998],[-109.9857,27.7749],[-109.9685,27.7302],[-110.0111,27.7356],[-110.0278,27.8011],[-110.077,27.8301],[-110.1328,27.8393],[-110.132,27.8719],[-110.2058,27.8552],[-110.1309,27.794],[-110.1611,27.7693],[-110.1382,27.7462],[-110.1501,27.7184],[-110.1278,27.6709],[-110.1341,27.6248],[-110.175,27.6138],[-110.2503,27.6569],[-110.2499,27.6741],[-110.3104,27.7005],[-110.3208,27.736],[-110.3548,27.7176],[-110.3936,27.7599],[-110.4174,27.8319],[-110.4423,27.8585],[-110.4481,27.9175],[-110.4795,27.8845],[-110.5456,27.868],[-110.526,27.8431],[-110.6169,27.8235],[-110.6188,27.7911],[-110.6028,27.7236],[-110.6056,27.6761],[-110.6291,27.6607],[-110.627,27.5931],[-110.6003,27.5659],[-110.5753,27.4411],[-110.5596,27.4332],[-110.5571,27.3703],[-110.4979,27.3862],[-110.4742,27.3662],[-110.4846,27.3046],[-110.4233,27.2636],[-110.3282,27.171],[-110.2951,27.1514],[-110.1049,27.1122],[-110.0546,27.0887],[-110.018,27.113],[-109.9628,27.1022],[-109.9162,27.0592],[-109.9026,26.9584],[-109.8716,26.844],[-109.8395,26.7685],[-109.7904,26.7251],[-109.6917,26.6779],[-109.6477,26.6986],[-109.5563,26.6935],[-109.558,26.7299],[-109.5264,26.7647],[-109.5079,26.7414],[-109.4642,26.7806],[-109.3838,26.7968],[-109.4348,26.8524],[-109.3988,27.0038],[-109.4006,27.0782],[-109.3693,27.0738],[-109.305,27.0894],[-109.2999,27.0558],[-109.241,27.0308],[-109.2284,27.0114],[-109.1645,27.0143],[-109.1512,26.9877],[-109.1903,26.9361],[-109.1566,26.9126],[-109.0378,26.9222],[-109.0719,26.8416],[-109.1141,26.8182],[-109.1139,26.7928],[-109.0048,26.7609],[-109.0286,26.7117],[-108.937,26.6131],[-108.9418,26.4999],[-108.9147,26.4348],[-108.8895,26.406],[-108.9065,26.3792],[-108.8765,26.3131],[-108.8401,26.2876],[-108.8083,26.2169],[-108.7794,26.2088],[-108.7609,26.133],[-108.7784,26.0927],[-108.8131,26.08],[-108.8908,26.0132],[-108.9169,26.0157],[-108.9433,25.9756],[-109.0664,25.9626],[-109.1358,25.9898],[-109.2061,25.9943],[-109.2398,26.0414],[-109.3139,26.0514],[-109.3132,26.0723],[-109.2761,26.1574],[-109.2987,26.1812],[-109.3294,26.1676],[-109.3877,26.094],[-109.4162,26.042],[-109.4487,25.947],[-109.4417,25.9184],[-109.4132,25.8919],[-109.4326,25.8192],[-109.4092,25.7673],[-109.3674,25.7759],[-109.2606,25.6968],[-109.2362,25.6982],[-109.1804,25.6564],[-109.1409,25.5922],[-109.068,25.5962],[-109.0291,25.6253],[-109.0101,25.6621],[-108.8963,25.7039],[-108.876,25.6703],[-108.971,25.5707],[-109.0071,25.564],[-109.0247,25.583],[-109.1122,25.5498],[-109.0419,25.4689],[-109.0204,25.5009],[-108.9851,25.5075],[-108.9463,25.4955],[-108.9255,25.4572],[-108.8957,25.4885],[-108.9092,25.5548],[-108.8637,25.5689],[-108.7785,25.5473],[-108.7685,25.5242],[-108.7696,25.4406],[-108.7512,25.4017],[-108.7768,25.3719],[-108.634,25.3406],[-108.5196,25.2976],[-108.4511,25.2589],[-108.3927,25.1862],[-108.3743,25.2159],[-108.3678,25.2596],[-108.3204,25.2482],[-108.2545,25.1984],[-108.164,25.1078],[-108.1104,25.1148],[-108.0458,25.0668],[-107.9937,24.9958],[-107.9992,24.9343],[-108.0136,24.8906],[-107.9932,24.8082],[-107.9705,24.7866],[-107.9986,24.7477],[-108.0175,24.6811],[-107.986,24.6388],[-107.9413,24.6315],[-107.9175,24.6424],[-107.866,24.614],[-107.7791,24.5482],[-107.7442,24.5064],[-107.6731,24.4913],[-107.6225,24.4723],[-107.6,24.4808],[-107.5978,24.516],[-107.5551,24.5187],[-107.5049,24.4512],[-107.4935,24.4126],[-107.4956,24.3544],[-107.5138,24.3418],[-107.6238,24.4037],[-107.7468,24.4883],[-107.7848,24.4871],[-107.6336,24.3957],[-107.5125,24.3176],[-107.414,24.2399],[-107.2591,24.1426],[-107.1579,24.0683],[-107.0729,24],[-106.0616,24],[-106.0609,24.0002],[-105.9942,24.0516],[-105.9843,24.0844],[-105.91,24.0907],[-105.8811,24.1049],[-105.8992,24.1358],[-105.8521,24.1485],[-105.8154,24.1897],[-105.7764,24.1908],[-105.7422,24.2139],[-105.7424,24.2374],[-105.7941,24.2302],[-105.8203,24.2462],[-105.856,24.2378],[-105.8497,24.207],[-105.9216,24.1724],[-106.0223,24.1749],[-106.0764,24.1386],[-106.1399,24.125],[-106.1612,24.0955],[-106.2323,24.0711],[-106.2614,24.0765],[-106.2896,24.0541],[-106.3269,24.0791],[-106.3124,24.1161],[-106.3558,24.1677],[-106.316,24.216],[-106.2388,24.2101],[-106.2336,24.241],[-106.2774,24.2399],[-106.305,24.2603],[-106.3504,24.2469],[-106.3689,24.2158],[-106.394,24.1262],[-106.4543,24.1523],[-106.5104,24.1126],[-106.5751,24.1037],[-106.6195,24.1181],[-106.6302,24.1422],[-106.584,24.2354],[-106.5424,24.2513],[-106.5362,24.3142],[-106.5232,24.329],[-106.5398,24.3893],[-106.4818,24.4153],[-106.4717,24.4505],[-106.3467,24.4521],[-106.3873,24.4876],[-106.3573,24.6092],[-106.3155,24.5759],[-106.3276,24.5406],[-106.276,24.5316],[-106.2469,24.5537],[-106.1811,24.5493],[-106.1613,24.5149],[-106.0606,24.5149],[-106.0143,24.5419],[-105.9527,24.5034],[-105.8939,24.501],[-105.8773,24.5277],[-105.8306,24.5405],[-105.8249,24.5864],[-105.7843,24.5818],[-105.7781,24.6037],[-105.8311,24.61],[-105.8781,24.5877],[-105.8903,24.5637],[-105.9422,24.5673],[-105.9869,24.6073],[-106.0007,24.5787],[-106.0597,24.5485],[-106.148,24.559],[-106.1671,24.5951],[-106.1496,24.6455],[-106.0864,24.6745],[-106.0578,24.6559],[-106.0291,24.6624],[-105.9928,24.6948],[-105.9753,24.8005],[-106.0386,24.7732],[-106.0785,24.7217],[-106.1082,24.7006],[-106.1358,24.7107],[-106.1967,24.6794],[-106.2456,24.6652],[-106.2823,24.6383],[-106.328,24.6733],[-106.37,24.6767],[-106.4098,24.702],[-106.3757,24.7767],[-106.3297,24.8116],[-106.2811,24.817],[-106.1631,24.8434],[-106.1256,24.8408],[-106.1334,24.8752],[-106.1269,24.9393],[-106.1926,24.9557],[-106.1788,24.9153],[-106.1865,24.8811],[-106.2475,24.8958],[-106.2856,24.9279],[-106.2877,24.8718],[-106.3348,24.8555],[-106.3413,24.8294],[-106.388,24.8166],[-106.4302,24.7474],[-106.4794,24.7574],[-106.4124,24.8141],[-106.3956,24.8464],[-106.3865,24.9047],[-106.3899,24.9537],[-106.3549,24.9857],[-106.3986,24.9947],[-106.4298,24.9499],[-106.4161,24.9089],[-106.5166,24.871],[-106.5672,24.8776],[-106.5626,24.8415],[-106.5039,24.801],[-106.5421,24.7804],[-106.5432,24.7252],[-106.5882,24.7143],[-106.6244,24.7212],[-106.6601,24.7519],[-106.6902,24.7027],[-106.7206,24.7327],[-106.8012,24.7541],[-106.8417,24.7541],[-106.8584,24.7927],[-106.9059,24.8569],[-106.8166,24.914],[-106.7895,24.9095],[-106.7512,24.869],[-106.7064,24.8963],[-106.744,24.9701],[-106.8203,24.9824],[-106.8466,24.956],[-106.8732,24.9833],[-106.8158,25.0008],[-106.7896,25.0517],[-106.7234,25.0217],[-106.6829,25.0404],[-106.7366,25.0621],[-106.7387,25.0846],[-106.7791,25.135],[-106.8139,25.0836],[-106.8592,25.0612],[-106.8956,25.0766],[-106.9153,25.0484],[-106.9461,25.0499],[-106.9378,25.0893],[-106.9044,25.1123],[-106.9762,25.1284],[-107.0071,25.119],[-107.0136,25.0911],[-106.9745,25.0716],[-106.9746,25.0425],[-107.0102,25.03],[-107.0105,24.9681],[-107.0448,24.9808],[-107.1112,25.0654],[-107.158,25.0438],[-107.1886,25.0987],[-107.2519,25.1124],[-107.2393,25.155],[-107.2638,25.2135],[-107.3301,25.2934],[-107.301,25.3059],[-107.2176,25.1873],[-107.177,25.2677],[-107.2021,25.3131],[-107.1512,25.3198],[-107.1426,25.286],[-107.1124,25.2597],[-107.0964,25.2221],[-107.0618,25.2574],[-107.0251,25.243],[-106.9599,25.2756],[-106.8997,25.2949],[-106.8887,25.3193],[-106.7165,25.3217],[-106.6929,25.3604],[-106.6456,25.3482],[-106.5775,25.3524],[-106.5866,25.3746],[-106.6374,25.3699],[-106.6783,25.3852],[-106.6611,25.5029],[-106.6951,25.4811],[-106.6949,25.416],[-106.7288,25.3579],[-106.7986,25.3573],[-106.8575,25.337],[-106.8944,25.3477],[-106.9205,25.3264],[-106.9512,25.3358],[-106.9782,25.2904],[-107.0787,25.2971],[-107.1087,25.3335],[-107.1058,25.3669],[-107.1698,25.3419],[-107.1997,25.3508],[-107.2131,25.4516],[-107.2485,25.3428],[-107.268,25.3814],[-107.3075,25.3841],[-107.3239,25.4114],[-107.3526,25.4171],[-107.3756,25.3937],[-107.4204,25.41],[-107.4613,25.5027],[-107.4262,25.5478],[-107.3747,25.5344],[-107.3374,25.5514],[-107.3019,25.5134],[-107.2645,25.5635],[-107.29,25.5901],[-107.3791,25.5735],[-107.4319,25.5855],[-107.4588,25.5381],[-107.5034,25.5355],[-107.5026,25.5692],[-107.5307,25.5904],[-107.5047,25.6567],[-107.5526,25.6924],[-107.6,25.679],[-107.6322,25.6374],[-107.5818,25.5515],[-107.5994,25.5422],[-107.6474,25.5795],[-107.6753,25.687],[-107.7443,25.7906],[-107.7282,25.84],[-107.7058,25.8509],[-107.7441,25.8935],[-107.7419,25.923],[-107.7853,25.9247],[-107.7673,25.9599],[-107.8119,25.9863],[-107.7626,26.0261],[-107.7967,26.0664],[-107.7587,26.1089],[-107.6784,26.1229],[-107.6893,26.0829],[-107.6911,26.0212],[-107.6527,26.001],[-107.6091,26.0025],[-107.5474,26.0269],[-107.5322,25.9899],[-107.4994,26.0063],[-107.4787,25.9638],[-107.4407,25.9329],[-107.4427,25.8932],[-107.4091,25.8759],[-107.4308,25.8371],[-107.3808,25.7857],[-107.3789,25.7452],[-107.4227,25.6849],[-107.3926,25.6197],[-107.3295,25.6448],[-107.3317,25.6779],[-107.281,25.6983],[-107.2461,25.6977],[-107.2094,25.7274],[-107.2332,25.7879],[-107.2688,25.8156],[-107.2994,25.8207],[-107.3158,25.8635],[-107.2799,25.8621],[-107.1885,25.9185],[-107.1311,25.8683],[-107.1314,25.8441],[-107.0692,25.8178],[-107.0282,25.7858],[-106.999,25.7415],[-106.9835,25.7834],[-107.0723,25.8636],[-107.132,25.891],[-107.1364,25.9381],[-107.1764,25.9628],[-107.1426,26.0018],[-107.1391,26.0333],[-107.1737,26.0566],[-107.1423,26.0777],[-107.1458,26.1161],[-107.1084,26.1194],[-107.0986,26.1545],[-107.1739,26.1428],[-107.2125,26.1117],[-107.2742,26.1548],[-107.2849,26.1396],[-107.2743,26.0478],[-107.3025,26.0343],[-107.3508,26.0406],[-107.398,26.0257],[-107.4238,26.0004],[-107.4544,26.0341],[-107.4513,26.0543],[-107.4116,26.0708],[-107.4083,26.1254],[-107.4457,26.1275],[-107.517,26.153],[-107.554,26.1941],[-107.5793,26.1757],[-107.6351,26.2014],[-107.5771,26.2155],[-107.6068,26.2451],[-107.6596,26.2197],[-107.6934,26.2997],[-107.7428,26.3293],[-107.7966,26.3167],[-107.8407,26.3231],[-107.8691,26.2939],[-107.8472,26.2452],[-107.7963,26.2365],[-107.8215,26.2067],[-107.7736,26.1625],[-107.7775,26.1362],[-107.8121,26.1201],[-107.8312,26.1544],[-107.8827,26.1903],[-107.8966,26.2234],[-107.9356,26.2207],[-107.9678,26.2794],[-107.9947,26.2634],[-107.971,26.219],[-107.9901,26.1838],[-107.9108,26.139],[-107.9374,26.1123],[-107.9925,26.1114],[-108.0256,26.1514],[-108.0581,26.0944],[-108.0934,26.1164],[-108.1275,26.1203],[-108.1603,26.105],[-108.1848,26.1203],[-108.2356,26.1083],[-108.2292,26.1444],[-108.2506,26.1632],[-108.2374,26.19],[-108.1728,26.2206],[-108.1804,26.2835],[-108.1241,26.3552],[-108.1722,26.4138],[-108.1571,26.4877],[-108.1271,26.4832],[-108.1294,26.4488],[-108.1057,26.4371],[-108.0881,26.5227],[-108.1307,26.5431],[-108.1696,26.5308],[-108.1995,26.5399],[-108.2159,26.4823],[-108.2598,26.4692],[-108.2631,26.5392],[-108.2449,26.5658],[-108.2067,26.5619],[-108.2347,26.6707],[-108.211,26.6844],[-108.1785,26.6626],[-108.1341,26.6611],[-108.1287,26.6174],[-108.1047,26.613],[-108.051,26.6421],[-108.052,26.6911],[-108.0292,26.7049],[-108.0727,26.7535],[-108.1247,26.7171],[-108.2176,26.8225],[-108.1817,26.8368],[-108.1157,26.8165],[-108.0764,26.8624],[-108.0077,26.8584],[-108.0072,26.8964],[-107.9341,26.873],[-107.929,26.8451],[-107.8982,26.8351],[-107.9036,26.7794],[-107.8626,26.726],[-107.8017,26.7423],[-107.7974,26.7782],[-107.7472,26.7735],[-107.6907,26.7274],[-107.7,26.6959],[-107.7409,26.646],[-107.7197,26.6184],[-107.6715,26.6205],[-107.6866,26.5891],[-107.64,26.5693],[-107.6278,26.5476],[-107.5486,26.5554],[-107.5823,26.5969],[-107.5395,26.6222],[-107.5602,26.6443],[-107.5953,26.6304],[-107.6237,26.646],[-107.6321,26.6803],[-107.5747,26.7236],[-107.4943,26.704],[-107.4196,26.7047],[-107.3971,26.6765],[-107.4084,26.6283],[-107.3722,26.6325],[-107.3356,26.6598],[-107.2649,26.6128],[-107.2175,26.6086],[-107.1862,26.5561],[-107.1756,26.5129],[-107.1479,26.5302],[-107.161,26.5934],[-107.1522,26.6232],[-107.1052,26.6542],[-107.0436,26.6611],[-106.9883,26.6492],[-106.9274,26.6155],[-106.9087,26.5842],[-106.8762,26.5692],[-106.8358,26.5307],[-106.8143,26.5535],[-106.8917,26.5998],[-106.8951,26.6271],[-106.9669,26.6741],[-107.0621,26.687],[-107.1202,26.6817],[-107.1797,26.6562],[-107.2698,26.6454],[-107.3114,26.7038],[-107.3817,26.7118],[-107.4197,26.7433],[-107.5093,26.7559],[-107.5527,26.7724],[-107.551,26.8172],[-107.5932,26.8118],[-107.6113,26.8333],[-107.6568,26.8379],[-107.6641,26.9117],[-107.6904,26.958],[-107.671,26.9746],[-107.6683,27.0116],[-107.6421,27.0639],[-107.6738,27.0896],[-107.6476,27.1313],[-107.5964,27.1389],[-107.607,27.1682],[-107.675,27.1515],[-107.69,27.1171],[-107.7284,27.124],[-107.6944,27.1638],[-107.7336,27.1771],[-107.7618,27.145],[-107.7546,27.0528],[-107.7861,27.0548],[-107.8124,27.0343],[-107.8418,27.0639],[-107.8034,27.0847],[-107.8326,27.1334],[-107.8256,27.1888],[-107.8497,27.2305],[-107.8619,27.3022],[-107.9217,27.2701],[-107.9465,27.2272],[-107.9411,27.2009],[-107.8895,27.1376],[-107.8805,27.0883],[-107.9031,27.0584],[-107.8742,27.0392],[-107.8838,27.0135],[-107.9485,27.0547],[-108.0169,27.0055],[-108.0895,26.9889],[-108.0991,26.9511],[-108.1289,26.9665],[-108.1032,26.9993],[-108.1756,27.0134],[-108.2144,27.0064],[-108.2498,27.0338],[-108.2877,27.0232],[-108.2948,26.9971],[-108.3297,26.9864],[-108.3485,27.0233],[-108.4493,27.0653],[-108.4496,27.1097],[-108.4798,27.1169],[-108.467,27.1863],[-108.4418,27.2092],[-108.3291,27.2384],[-108.3132,27.2814],[-108.3491,27.2988],[-108.3856,27.2736],[-108.3918,27.243],[-108.4363,27.248],[-108.4279,27.2812],[-108.4853,27.3491],[-108.433,27.3611],[-108.3987,27.3293],[-108.3723,27.3801],[-108.4809,27.4387],[-108.4558,27.456],[-108.4211,27.4333],[-108.3822,27.4402],[-108.309,27.4924],[-108.2699,27.4785],[-108.2779,27.5331],[-108.307,27.543],[-108.354,27.5119],[-108.3824,27.5145],[-108.4327,27.5568],[-108.4013,27.6048],[-108.3628,27.6131],[-108.369,27.679],[-108.3094,27.7704],[-108.2657,27.7926],[-108.2069,27.7827],[-108.1692,27.8096],[-108.1122,27.7806],[-108.0394,27.7928],[-108.0852,27.844],[-108.0931,27.8008],[-108.1448,27.8332],[-108.2065,27.8207],[-108.207,27.8578],[-108.2253,27.8856],[-108.2564,27.8467],[-108.2865,27.8603],[-108.3164,27.8259],[-108.3434,27.7334],[-108.3759,27.7091],[-108.3999,27.6699],[-108.4321,27.6781],[-108.4282,27.621],[-108.4623,27.5821],[-108.482,27.599],[-108.514,27.5592],[-108.5595,27.594],[-108.595,27.5969],[-108.6484,27.6401],[-108.6949,27.6514],[-108.7463,27.6944],[-108.7256,27.7591],[-108.7025,27.7774],[-108.7482,27.8131],[-108.7386,27.8509],[-108.6993,27.867],[-108.639,27.8698],[-108.6102,27.9052],[-108.6339,27.9258],[-108.5766,27.9595],[-108.5058,27.942],[-108.4791,27.972],[-108.3409,27.9552],[-108.367,28.0055],[-108.2806,28.0611],[-108.3833,28.0921],[-108.3887,28.1285],[-108.4242,28.1325],[-108.4469,28.1062],[-108.4833,28.1365],[-108.4694,28.193],[-108.4815,28.2178],[-108.4067,28.2866],[-108.4442,28.2925],[-108.5717,28.2564],[-108.5991,28.2166],[-108.579,28.1652],[-108.5841,28.1211],[-108.5442,28.0998],[-108.5013,28.0584],[-108.5324,28.0478],[-108.5646,28.0797],[-108.6248,28.0565],[-108.6251,27.995],[-108.7016,27.9739],[-108.7269,27.952],[-108.7548,28.004],[-108.7036,28.0303],[-108.7302,28.0737],[-108.7606,28.0332],[-108.8443,28.0089],[-108.8758,27.9533],[-108.8815,27.9082],[-108.8564,27.8949],[-108.8766,27.8121],[-108.911,27.7904],[-108.9129,27.7642],[-108.8841,27.7145],[-108.9136,27.6863],[-108.9394,27.7051],[-108.9742,27.7613],[-109.0333,27.7601],[-109.0337,27.8118],[-109.0862,27.7941],[-109.114,27.8174],[-109.1513,27.7844],[-109.1727,27.7999],[-109.1684,27.8387],[-109.1965,27.882],[-109.1956,27.9435],[-109.2116,27.9838],[-109.1726,27.9927],[-109.101,28.0418],[-109.1429,28.0893],[-109.1707,28.0603],[-109.1967,28.0974],[-109.1789,28.1556],[-109.137,28.1579],[-109.1223,28.19],[-109.1602,28.2608],[-109.1392,28.2755],[-109.1488,28.3147],[-109.1033,28.3495],[-109.1393,28.3696],[-109.1029,28.4326],[-109.0789,28.3948],[-109.0368,28.4224],[-109.0605,28.4656],[-109.1254,28.5048],[-109.2051,28.5345],[-109.2362,28.5002],[-109.2803,28.4979],[-109.2719,28.5275],[-109.2926,28.5471],[-109.3292,28.4787],[-109.3963,28.5169],[-109.3459,28.5226],[-109.3415,28.5559],[-109.3526,28.6349],[-109.3762,28.6844],[-109.3743,28.7331],[-109.4275,28.7366],[-109.4108,28.7686],[-109.3388,28.7465],[-109.3352,28.6858],[-109.207,28.7343],[-109.1714,28.6771],[-109.2048,28.6637],[-109.1754,28.6311],[-109.1958,28.5839],[-109.1376,28.5323],[-109.0638,28.5815],[-109.0619,28.6492],[-109.0822,28.7014],[-109.0548,28.7186],[-109.0725,28.7607],[-109.0576,28.8208],[-109.0586,28.8931],[-108.9293,28.8202],[-108.9804,28.8734],[-108.9682,28.892],[-108.9944,28.9281],[-109.0394,28.934],[-109.0516,28.9597],[-109.0189,28.9786],[-109.0546,29.0339],[-109.0815,29.0303],[-109.0249,29.1504],[-108.9537,29.1544],[-108.9766,29.2061],[-109.0177,29.1736],[-109.0495,29.1747],[-109.0512,29.2307],[-109.0675,29.2592],[-109.019,29.2622],[-109.0397,29.3314],[-109.0057,29.3294],[-108.9797,29.3584],[-108.9561,29.3323],[-108.9646,29.3046],[-108.9281,29.2673],[-108.9351,29.2477],[-108.9231,29.1226],[-108.7828,29.0863],[-108.7915,28.9845],[-108.8214,28.981],[-108.8388,28.9148],[-108.7682,28.9322],[-108.731,28.846],[-108.7344,28.8163],[-108.7837,28.7701],[-108.7376,28.7676],[-108.732,28.8],[-108.6464,28.8088],[-108.665,28.8519],[-108.5907,28.8818],[-108.6645,28.9296],[-108.6468,29.0003],[-108.692,29.0679],[-108.6483,29.1016],[-108.6407,29.132],[-108.5773,29.1461],[-108.5581,29.1815],[-108.6547,29.1632],[-108.7176,29.0931],[-108.7373,29.0233],[-108.7599,29.0919],[-108.7415,29.1572],[-108.7661,29.1806],[-108.7826,29.2272],[-108.8334,29.2425],[-108.8123,29.2761],[-108.8575,29.3029],[-108.8877,29.3418],[-108.8685,29.3547],[-108.8084,29.3401],[-108.8428,29.4225],[-108.8305,29.4663],[-108.8034,29.45],[-108.8043,29.4076],[-108.7866,29.3872],[-108.7997,29.3497],[-108.7295,29.3735],[-108.7385,29.4027],[-108.7153,29.4362],[-108.8171,29.5119],[-108.8564,29.4653],[-108.8729,29.5119],[-108.8313,29.5178],[-108.7903,29.5786],[-108.8396,29.6083],[-108.8852,29.5602],[-108.9126,29.5475],[-108.9404,29.5719],[-108.9186,29.6208],[-108.9479,29.6606],[-108.9064,29.6628],[-108.9078,29.7468],[-108.9788,29.7554],[-108.9586,29.6988],[-108.9625,29.6331],[-109.0219,29.598],[-109.0204,29.727],[-109.0096,29.7618],[-109.0505,29.7713],[-109.0562,29.7119],[-109.0292,29.6686],[-109.113,29.6416],[-109.0895,29.611],[-109.1145,29.5351],[-109.1866,29.6123],[-109.1773,29.686],[-109.0836,29.6758],[-109.126,29.7737],[-109.1739,29.814],[-109.169,29.8562],[-109.1476,29.897],[-109.1494,29.9512],[-109.1032,29.9425],[-109.1019,29.9731],[-109.1266,29.9991],[-109.1705,29.9663],[-109.2077,29.9196],[-109.1886,29.8812],[-109.2002,29.8518],[-109.1868,29.7792],[-109.2595,29.8202],[-109.2555,29.9166],[-109.2381,29.9368],[-109.2303,29.9979],[-109.1626,30.0075],[-109.172,30.0425]],[[-108.745,26.0999],[-108.6982,26.085],[-108.6741,26.058],[-108.686,26.0338],[-108.6479,26.0028],[-108.6782,25.9692],[-108.7245,25.9959],[-108.7531,25.9849],[-108.7822,26.0148],[-108.7845,26.0647],[-108.745,26.0999]]]},"properties":{"NA_L1CODE":"14","NA_L1NAME":"TROPICAL DRY FORESTS","NA_L1KEY":"14  TROPICAL DRY FORESTS","Shape_Leng":10921051.6101,"Shape_Area":106751616588}},
{"type":"Feature","geometry":{"type":"Polygon","coordinates":[[[-81.6475,24.6083],[-81.7098,24.589],[-81.7116,24.5562],[-81.6676,24.5698],[-81.6475,24.6083]]]},"properties":{"NA_L1CODE":"15","NA_L1NAME":"TROPICAL WET FORESTS","NA_L1KEY":"15  TROPICAL WET FORESTS","Shape_Leng":60095.5566658,"Shape_Area":20103305.2936}},
{"type":"Feature","geometry":{"type":"Polygon","coordinates":[[[-81.5528,24.6898],[-81.5626,24.6062],[-81.5112,24.6253],[-81.5154,24.6579],[-81.5528,24.6898]]]},"properties":{"NA_L1CODE":"15","NA_L1NAME":"TROPICAL WET FORESTS","NA_L1KEY":"15  TROPICAL WET FORESTS","Shape_Leng":94957.3403751,"Shape_Area":24289435.6935}},
{"type":"Feature","geometry":{"type":"Polygon","coordinates":[[[-81.3833,24.7241],[-81.3712,24.6558],[-81.3386,24.6707],[-81.3833,24.7241]]]},"properties":{"NA_L1CODE":"15","NA_L1NAME":"TROPICAL WET FORESTS","NA_L1KEY":"15  TROPICAL WET FORESTS","Shape_Leng":59888.6583001,"Shape_Area":25589855.7555}},
{"type":"Feature","geometry":{"type":"Polygon","coordinates":[[[-81.2946,25.8013],[-81.3091,25.7846],[-81.3333,25.779],[-81.3344,25.7157],[-81.3053,25.6987],[-81.2714,25.7459],[-81.2753,25.7759],[-81.2841,25.7985],[-81.2946,25.8013]]]},"properties":{"NA_L1CODE":"15","NA_L1NAME":"TROPICAL WET FORESTS","NA_L1KEY":"15  TROPICAL WET FORESTS","Shape_Leng":90895.188229,"Shape_Area":54906310.025}},
{"type":"Feature","geometry":{"type":"Polygon","coordinates":[[[-81.7286,25.9736],[-81.7501,25.9595],[-81.7174,25.9123],[-81.6502,25.904],[-81.6547,25.9417],[-81.6767,25.9518],[-81.6955,25.9467],[-81.7286,25.9736]]]},"properties":{"NA_L1CODE":"15","NA_L1NAME":"TROPICAL WET FORESTS","NA_L1KEY":"15  TROPICAL WET FORESTS","Shape_Leng":52748.4155751,"Shape_Area":45748235.1655}},
{"type":"Feature","geometry":{"type":"Polygon","coordinates":[[[-80.046,26.8556],[-80.0976,26.8216],[-80.1297,26.7595],[-80.1445,26.7031],[-80.2112,26.6684],[-80.2685,26.6638],[-80.3086,26.6768],[-80.371,26.7514],[-80.4832,26.8603],[-80.5715,26.9377],[-80.5805,26.9768],[-80.611,27.0074],[-80.6341,27.0724],[-80.6778,27.1352],[-80.7528,27.2002],[-80.8261,27.2012],[-80.8951,27.1315],[-80.9693,27.0688],[-81.0137,27.0203],[-81.0736,26.9992],[-81.1363,26.9658],[-81.1182,26.9191],[-81.1262,26.8859],[-81.1774,26.8644],[-81.1796,26.8087],[-81.1584,26.7615],[-81.0927,26.7212],[-81.0728,26.6937],[-80.9983,26.6434],[-80.9673,26.5632],[-80.9639,26.4608],[-80.922,26.3892],[-80.9345,26.3572],[-80.976,26.3121],[-81.0579,26.3369],[-81.0521,26.4036],[-81.1062,26.4226],[-81.191,26.408],[-81.2222,26.3867],[-81.208,26.3456],[-81.1678,26.2943],[-81.169,26.264],[-81.2082,26.2488],[-81.2583,26.2619],[-81.3054,26.3061],[-81.3531,26.3214],[-81.3885,26.3075],[-81.3975,26.2745],[-81.4905,26.2898],[-81.5317,26.2591],[-81.5884,26.2737],[-81.5986,26.3291],[-81.5491,26.3836],[-81.587,26.4267],[-81.6467,26.416],[-81.6766,26.4404],[-81.7174,26.4936],[-81.7515,26.5194],[-81.7859,26.5111],[-81.7986,26.4452],[-81.8001,26.3871],[-81.7853,26.3539],[-81.7919,26.306],[-81.7786,26.2747],[-81.7841,26.169],[-81.7718,26.1487],[-81.7848,26.1021],[-81.8021,26.0958],[-81.7832,26.0506],[-81.7444,26.0364],[-81.7251,25.9829],[-81.684,25.9531],[-81.6673,25.9515],[-81.6545,25.9439],[-81.6505,25.9365],[-81.6321,25.8961],[-81.6135,25.9083],[-81.5686,25.8923],[-81.509,25.9023],[-81.4579,25.8694],[-81.3948,25.8543],[-81.3474,25.8161],[-81.3266,25.7845],[-81.311,25.7945],[-81.3044,25.8111],[-81.2912,25.8021],[-81.2653,25.7999],[-81.2682,25.7774],[-81.2352,25.7606],[-81.2229,25.7212],[-81.2821,25.6816],[-81.2346,25.6059],[-81.232,25.574],[-81.2039,25.5335],[-81.2097,25.5067],[-81.1792,25.4754],[-81.1463,25.4059],[-81.1497,25.388],[-81.0728,25.3589],[-81.017,25.33],[-80.9726,25.3321],[-80.9362,25.2731],[-80.9051,25.2512],[-80.9191,25.2175],[-80.9653,25.2067],[-81.0181,25.2174],[-81.047,25.2357],[-81.0683,25.2788],[-81.1278,25.3314],[-81.159,25.2982],[-81.172,25.2272],[-81.1215,25.1529],[-81.0875,25.1165],[-81.0536,25.1281],[-81.0029,25.1243],[-80.9234,25.1424],[-80.8755,25.1745],[-80.8271,25.1609],[-80.7563,25.1601],[-80.7415,25.1425],[-80.6288,25.198],[-80.5306,25.2147],[-80.4986,25.2002],[-80.4756,25.231],[-80.4414,25.244],[-80.4191,25.1984],[-80.3839,25.1676],[-80.4192,25.1205],[-80.3999,25.1061],[-80.3714,25.1369],[-80.3674,25.1706],[-80.2809,25.2956],[-80.3068,25.3008],[-80.332,25.2628],[-80.3478,25.2138],[-80.4009,25.1915],[-80.4321,25.2305],[-80.4237,25.2605],[-80.3655,25.3269],[-80.3357,25.3398],[-80.31,25.3821],[-80.327,25.3947],[-80.3408,25.4984],[-80.3027,25.5714],[-80.3088,25.608],[-80.2754,25.638],[-80.2384,25.727],[-80.1891,25.7578],[-80.1853,25.8144],[-80.1709,25.8677],[-80.1213,25.9173],[-80.1092,26.0887],[-80.0873,26.2422],[-80.0801,26.2626],[-80.0627,26.4263],[-80.0368,26.5944],[-80.046,26.6156],[-80.0544,26.8307],[-80.046,26.8556]]]},"properties":{"NA_L1CODE":"15","NA_L1NAME":"TROPICAL WET FORESTS","NA_L1KEY":"15  TROPICAL WET FORESTS","Shape_Leng":1827216.7439,"Shape_Area":22169505708.7}},
{"type":"Feature","geometry":{"type":"Polygon","coordinates":[[[-76.0937,40.315],[-76.1519,40.35],[-76.194,40.3453],[-76.2267,40.3136],[-76.2065,40.2964],[-76.1414,40.2992],[-76.0937,40.315]]]},"properties":{"NA_L1CODE":"5","NA_L1NAME":"NORTHERN FORESTS","NA_L1KEY":"5  NORTHERN FORESTS","Shape_Leng":36109.3218276,"Shape_Area":59927315.9052}},
{"type":"Feature","geometry":{"type":"Polygon","coordinates":[[[-78.3606,42.2466],[-78.4628,42.3167],[-78.5304,42.2886],[-78.6945,42.2761],[-78.774,42.2944],[-78.8439,42.2627],[-78.8501,42.2291],[-78.8833,42.1769],[-78.8807,42.1256],[-78.9156,42.1256],[-78.9736,42.1],[-79.0425,42.0993],[-79.0757,41.9993],[-79.1153,41.9832],[-79.1055,41.9393],[-79.1613,41.909],[-79.2538,41.9472],[-79.2633,41.9114],[-79.3147,41.9128],[-79.3373,41.9311],[-79.4221,41.8852],[-79.4976,41.8908],[-79.5494,41.8392],[-79.5358,41.8167],[-79.5816,41.7765],[-79.6323,41.6615],[-79.68,41.6208],[-79.685,41.572],[-79.8116,41.5744],[-79.8536,41.5537],[-79.8677,41.4895],[-79.8949,41.4297],[-79.9832,41.4559],[-79.9429,41.4095],[-79.8811,41.404],[-79.8215,41.3709],[-79.744,41.3596],[-79.6949,41.3931],[-79.5153,41.3862],[-79.4525,41.3716],[-79.396,41.3908],[-79.4024,41.4245],[-79.3592,41.4322],[-79.3046,41.3725],[-79.3536,41.2911],[-79.3068,41.2207],[-79.2454,41.2089],[-79.1811,41.2254],[-79.1425,41.2487],[-79.0912,41.2382],[-79.0795,41.19],[-79.0355,41.2103],[-78.9636,41.2198],[-78.9279,41.246],[-78.8347,41.262],[-78.767,41.2538],[-78.703,41.2724],[-78.7214,41.2329],[-78.7809,41.1846],[-78.7971,41.1465],[-78.7708,41.1224],[-78.6857,41.0988],[-78.6316,41.1108],[-78.6062,41.0649],[-78.5646,41.0461],[-78.5027,41.0543],[-78.418,41.0869],[-78.0458,41.1842],[-77.9881,41.1953],[-77.9179,41.1455],[-77.8281,41.1618],[-77.7628,41.1865],[-77.7467,41.1162],[-77.6093,41.1061],[-77.3115,41.2268],[-77.3519,41.2321],[-77.3447,41.2684],[-77.2231,41.2999],[-77.1328,41.3451],[-77.088,41.3552],[-77.061,41.337],[-76.9965,41.3432],[-76.8656,41.3168],[-76.7648,41.3211],[-76.6359,41.3032],[-76.5616,41.3075],[-76.5029,41.2871],[-76.249,41.3109],[-76.1716,41.3287],[-76.1161,41.3628],[-76.101,41.3998],[-76.0232,41.4166],[-75.9501,41.4673],[-75.9507,41.5128],[-76.0233,41.4993],[-76.0782,41.5083],[-76.1307,41.4939],[-76.1882,41.5227],[-76.2405,41.5014],[-76.3157,41.5213],[-76.4195,41.492],[-76.4745,41.4991],[-76.6324,41.5056],[-76.7532,41.5242],[-76.7621,41.5505],[-76.6888,41.5677],[-76.5833,41.5754],[-76.5186,41.5896],[-76.3741,41.6556],[-76.3845,41.6684],[-76.4713,41.6834],[-76.5661,41.6844],[-76.6537,41.6708],[-76.7785,41.629],[-76.8042,41.6074],[-76.891,41.5744],[-77.0619,41.5207],[-77.1093,41.5106],[-77.1676,41.5239],[-77.1825,41.5514],[-77.2287,41.5486],[-77.303,41.5125],[-77.3005,41.5547],[-77.1855,41.5848],[-77.0309,41.5885],[-76.9884,41.6035],[-76.8727,41.6801],[-76.8324,41.736],[-76.8426,41.7795],[-76.9256,41.7641],[-76.9676,41.7388],[-77.1201,41.7089],[-77.1867,41.7143],[-77.2655,41.6768],[-77.3818,41.6368],[-77.4281,41.6387],[-77.4436,41.6955],[-77.364,41.7586],[-77.2217,41.8037],[-77.1391,41.8125],[-77.1189,41.832],[-77.016,41.8574],[-76.9704,41.9046],[-77.0105,41.9238],[-77.1188,41.9135],[-77.1559,41.8908],[-77.2418,41.8801],[-77.2638,41.8638],[-77.3949,41.8292],[-77.4665,41.8388],[-77.52,41.8207],[-77.6344,41.8134],[-77.6376,41.8517],[-77.5913,41.8801],[-77.4408,41.9236],[-77.4229,41.9416],[-77.3584,41.9565],[-77.3522,41.9808],[-77.4311,41.9944],[-77.5065,41.981],[-77.5311,41.9631],[-77.5968,41.9463],[-77.7177,41.9293],[-77.7281,41.8819],[-77.7538,41.859],[-77.8484,41.831],[-77.9131,41.8759],[-77.9358,41.8798],[-78.0373,41.9829],[-77.9796,42.0216],[-78.0812,42.0633],[-78.1401,42.0966],[-78.2143,42.1587],[-78.3075,42.1887],[-78.3101,42.2412],[-78.3606,42.2466]]]},"properties":{"NA_L1CODE":"5","NA_L1NAME":"NORTHERN FORESTS","NA_L1KEY":"5  NORTHERN FORESTS","Shape_Leng":1357092.4693,"Shape_Area":21835391920.3}},
{"type":"Feature","geometry":{"type":"Polygon","coordinates":[[[-74.4403,41.6569],[-74.5455,41.6787],[-74.6924,41.6228],[-74.7318,41.6255],[-74.7316,41.6606],[-74.7548,41.6789],[-74.797,41.6735],[-74.8356,41.6907],[-74.9123,41.6808],[-74.9703,41.659],[-74.9966,41.7252],[-75.0352,41.7542],[-75.0522,41.7114],[-75.0816,41.6973],[-75.0847,41.641],[-75.105,41.5905],[-75.185,41.5323],[-75.2347,41.552],[-75.244,41.5027],[-75.2963,41.507],[-75.2448,41.4473],[-75.3107,41.3767],[-75.402,41.3328],[-75.4517,41.3462],[-75.5339,41.2996],[-75.6166,41.3014],[-75.6051,41.2506],[-75.6795,41.283],[-75.7837,41.2117],[-75.8744,41.1782],[-75.895,41.1499],[-75.9764,41.0912],[-75.9291,41.0936],[-75.89,41.1145],[-75.8599,41.0786],[-75.7736,41.0611],[-75.7366,41.0097],[-75.7044,40.9909],[-75.6636,40.998],[-75.6537,40.9669],[-75.6837,40.8963],[-75.6563,40.8687],[-75.5242,40.9137],[-75.4004,40.9628],[-75.3839,40.9566],[-75.3023,40.9841],[-75.2192,41.0257],[-75.1037,41.0614],[-75.0285,41.0781],[-74.9339,41.1402],[-74.8667,41.2152],[-74.8326,41.2876],[-74.7928,41.323],[-74.7157,41.3568],[-74.6409,41.4173],[-74.5432,41.5302],[-74.4611,41.5998],[-74.4403,41.6569]]]},"properties":{"NA_L1CODE":"5","NA_L1NAME":"NORTHERN FORESTS","NA_L1KEY":"5  NORTHERN FORESTS","Shape_Leng":466309.632614,"Shape_Area":4854004413.29}},
{"type":"Feature","geometry":{"type":"Polygon","coordinates":[[[-74.0328,42.2396],[-74.0611,42.2998],[-74.1239,42.3405],[-74.1535,42.3333],[-74.2214,42.2814],[-74.2518,42.2306],[-74.3684,42.2404],[-74.398,42.2578],[-74.4583,42.2578],[-74.4763,42.2033],[-74.5166,42.1648],[-74.6375,42.1476],[-74.6739,42.1233],[-74.7591,42.111],[-74.7965,42.0898],[-74.872,42.0735],[-74.8922,42.0041],[-74.8743,41.9585],[-74.84,41.9718],[-74.8081,41.9587],[-74.7378,41.9801],[-74.6664,41.9452],[-74.6624,41.916],[-74.6111,41.8662],[-74.5833,41.8091],[-74.5553,41.8275],[-74.5172,41.8121],[-74.4566,41.8166],[-74.3893,41.8907],[-74.3118,41.8874],[-74.253,41.9284],[-74.2845,41.9662],[-74.2171,41.9768],[-74.1215,42.006],[-74.0447,42.1317],[-74.0084,42.2205],[-74.0328,42.2396]]]},"properties":{"NA_L1CODE":"5","NA_L1NAME":"NORTHERN FORESTS","NA_L1KEY":"5  NORTHERN FORESTS","Shape_Leng":249395.830849,"Shape_Area":2113238252.5}},
{"type":"Feature","geometry":{"type":"Polygon","coordinates":[[[-75.8642,43.9618],[-75.9236,43.9343],[-75.9756,43.886],[-75.9917,43.8556],[-75.9887,43.799],[-76.0137,43.7696],[-76.0446,43.6501],[-76.0242,43.5989],[-76.0133,43.5182],[-75.9638,43.4569],[-75.8981,43.4094],[-75.7893,43.3556],[-75.7148,43.2948],[-75.6555,43.282],[-75.5558,43.34],[-75.4453,43.3107],[-75.3847,43.3192],[-75.3595,43.3616],[-75.3146,43.3377],[-75.2485,43.3359],[-75.2151,43.3624],[-75.2726,43.4474],[-75.3113,43.4709],[-75.3636,43.481],[-75.3705,43.5178],[-75.4157,43.5687],[-75.4255,43.655],[-75.4606,43.6994],[-75.579,43.8106],[-75.5961,43.8423],[-75.7316,43.9299],[-75.8642,43.9618]]]},"properties":{"NA_L1CODE":"5","NA_L1NAME":"NORTHERN FORESTS","NA_L1KEY":"5  NORTHERN FORESTS","Shape_Leng":235417.03029,"Shape_Area":2956313738.63}},
{"type":"Feature","geometry":{"type":"Polygon","coordinates":[[[-85.502,45.7543],[-85.5685,45.7583],[-85.5743,45.7084],[-85.6049,45.6819],[-85.6042,45.6409],[-85.63,45.5982],[-85.56,45.5718],[-85.495,45.6055],[-85.4903,45.6521],[-85.502,45.7543]]]},"properties":{"NA_L1CODE":"5","NA_L1NAME":"NORTHERN FORESTS","NA_L1KEY":"5  NORTHERN FORESTS","Shape_Leng":65101.0305572,"Shape_Area":148515392.995}},
{"type":"Feature","geometry":{"type":"Polygon","coordinates":[[[-83.8383,43.9947],[-83.7638,43.9852],[-83.7403,44.0053],[-83.678,43.9897],[-83.6895,44.0266],[-83.6501,44.0524],[-83.6035,44.0552],[-83.5644,44.1098],[-83.5674,44.1576],[-83.5426,44.2408],[-83.5088,44.2737],[-83.4262,44.2719],[-83.3724,44.3285],[-83.3327,44.3394],[-83.3199,44.4061],[-83.3274,44.4298],[-83.3071,44.5425],[-83.3145,44.6087],[-83.2911,44.6497],[-83.2734,44.7139],[-83.2983,44.7549],[-83.2938,44.8084],[-83.3217,44.8546],[-83.3196,44.8807],[-83.3651,44.8907],[-83.4389,44.9408],[-83.4534,45.0354],[-83.3891,45.0758],[-83.3403,45.0415],[-83.3072,45.049],[-83.3039,45.096],[-83.3219,45.133],[-83.368,45.1725],[-83.4124,45.2389],[-83.3817,45.2699],[-83.4508,45.3182],[-83.5383,45.3582],[-83.5833,45.3487],[-83.7002,45.3979],[-83.8114,45.4209],[-83.9095,45.4858],[-84.035,45.4978],[-84.0744,45.4902],[-84.1125,45.5079],[-84.1265,45.5566],[-84.2162,45.6351],[-84.3303,45.6645],[-84.4345,45.6464],[-84.4798,45.6574],[-84.5736,45.7104],[-84.7729,45.7893],[-84.7849,45.7562],[-84.8406,45.7447],[-84.8828,45.7567],[-84.9756,45.7561],[-84.9433,45.7105],[-85.0144,45.6523],[-85.061,45.6397],[-85.1172,45.5794],[-85.0935,45.4816],[-85.0413,45.4365],[-84.9172,45.4189],[-84.8493,45.3796],[-84.8335,45.3518],[-84.897,45.3484],[-84.9113,45.3272],[-84.8818,45.2668],[-84.9153,45.2531],[-84.9047,45.1897],[-84.9109,45.1255],[-84.985,45.1396],[-85.0707,45.1307],[-85.104,45.0904],[-85.1348,45.1017],[-85.1892,45.0808],[-85.1613,45.0568],[-85.1857,45.032],[-85.178,44.9918],[-85.1915,44.8972],[-85.2543,44.889],[-85.2917,44.7787],[-85.3966,44.7635],[-85.4391,44.7679],[-85.5092,44.7505],[-85.5585,44.7135],[-85.6085,44.7075],[-85.6428,44.6565],[-85.8938,44.5058],[-85.924,44.4792],[-85.9278,44.384],[-85.9827,44.3425],[-86.0444,44.326],[-86.0597,44.298],[-86.1335,44.2984],[-86.2687,44.2563],[-86.2857,44.239],[-86.2737,44.1763],[-86.2523,44.1403],[-86.2011,44.1072],[-86.1905,44.07],[-86.1205,44.0339],[-86.1074,44.0054],[-86.2135,43.8909],[-86.1739,43.8584],[-86.1901,43.8099],[-86.2455,43.7875],[-86.2442,43.7411],[-86.2236,43.7043],[-86.297,43.7115],[-86.3109,43.6992],[-86.1782,43.5838],[-86.1085,43.588],[-86.0661,43.5361],[-86.0184,43.5177],[-85.9445,43.5152],[-85.9463,43.4816],[-85.8782,43.4177],[-85.886,43.3482],[-85.7972,43.3358],[-85.7342,43.3627],[-85.6879,43.3672],[-85.6601,43.4224],[-85.6235,43.4275],[-85.5574,43.3801],[-85.5943,43.3398],[-85.5667,43.3144],[-85.5208,43.3154],[-85.4018,43.2611],[-85.3436,43.2004],[-85.3282,43.1624],[-85.2068,43.1246],[-85.1327,43.1435],[-85.1286,43.1888],[-85.1007,43.2214],[-84.9902,43.25],[-84.8956,43.3187],[-84.8865,43.3481],[-84.9147,43.3898],[-84.9349,43.4518],[-84.9089,43.4937],[-84.8965,43.5431],[-84.9046,43.5865],[-84.9475,43.6359],[-84.9483,43.7173],[-84.8918,43.7763],[-84.8921,43.8127],[-84.7432,43.8354],[-84.6851,43.8259],[-84.6518,43.8491],[-84.5932,43.8493],[-84.4399,43.8936],[-84.4119,43.8523],[-84.3031,43.8029],[-84.2099,43.8055],[-84.1565,43.869],[-84.1253,43.8916],[-83.9809,43.9475],[-83.9358,43.9902],[-83.8383,43.9947]]]},"properties":{"NA_L1CODE":"5","NA_L1NAME":"NORTHERN FORESTS","NA_L1KEY":"5  NORTHERN FORESTS","Shape_Leng":1222701.54127,"Shape_Area":38097420463.7}},
{"type":"Feature","geometry":{"type":"Polygon","coordinates":[[[-84.4248,45.8112],[-84.4282,45.7875],[-84.5037,45.8106],[-84.5583,45.7948],[-84.5009,45.7373],[-84.4059,45.7224],[-84.3563,45.7695],[-84.405,45.7857],[-84.4248,45.8112]]]},"properties":{"NA_L1CODE":"5","NA_L1NAME":"NORTHERN FORESTS","NA_L1KEY":"5  NORTHERN FORESTS","Shape_Leng":56382.617791,"Shape_Area":95732838.9166}},
{"type":"Feature","geometry":{"type":"Polygon","coordinates":[[[-84.3777,45.9326],[-84.3433,45.9444],[-84.3495,45.9572],[-84.3672,45.9656],[-84.3678,45.9717],[-84.3844,45.9875],[-84.4037,45.9826],[-84.4147,45.9756],[-84.417,45.9523],[-84.3777,45.9326]]]},"properties":{"NA_L1CODE":"5","NA_L1NAME":"NORTHERN FORESTS","NA_L1KEY":"5  NORTHERN FORESTS","Shape_Leng":18342.1045981,"Shape_Area":21759380.635}},
{"type":"Feature","geometry":{"type":"Polygon","coordinates":[[[-80.108,45.3163],[-80.1634,45.3222],[-80.2204,45.2894],[-80.1764,45.2278],[-80.1588,45.2633],[-80.0854,45.2823],[-80.0453,45.3271],[-80.0727,45.3415],[-80.108,45.3163]]]},"properties":{"NA_L1CODE":"5","NA_L1NAME":"NORTHERN FORESTS","NA_L1KEY":"5  NORTHERN FORESTS","Shape_Leng":42368.9560337,"Shape_Area":76805412.6965}},
{"type":"Feature","geometry":{"type":"Polygon","coordinates":[[[-90.6086,46.8739],[-90.7349,46.7996],[-90.7836,46.7887],[-90.7607,46.7563],[-90.6752,46.8196],[-90.5688,46.8475],[-90.6086,46.8739]]]},"properties":{"NA_L1CODE":"5","NA_L1NAME":"NORTHERN FORESTS","NA_L1KEY":"5  NORTHERN FORESTS","Shape_Leng":58498.5211601,"Shape_Area":58722292.0014}},
{"type":"Feature","geometry":{"type":"Polygon","coordinates":[[[-83.7919,45.9341],[-83.6898,45.9356],[-83.6264,45.956],[-83.5883,45.9199],[-83.528,45.9182],[-83.4732,45.9844],[-83.5409,46.017],[-83.5761,46.0835],[-83.6256,46.1022],[-83.718,46.1014],[-83.6743,46.0715],[-83.6882,46.0347],[-83.7583,46.0266],[-83.8064,45.9836],[-83.7919,45.9341]]]},"properties":{"NA_L1CODE":"5","NA_L1NAME":"NORTHERN FORESTS","NA_L1KEY":"5  NORTHERN FORESTS","Shape_Leng":195028.568066,"Shape_Area":335124902.36}},
{"type":"Feature","geometry":{"type":"Polygon","coordinates":[[[-86.6554,46.559],[-86.7099,46.5446],[-86.6845,46.4994],[-86.6874,46.4557],[-86.623,46.4562],[-86.647,46.4869],[-86.6291,46.5178],[-86.6554,46.559]]]},"properties":{"NA_L1CODE":"5","NA_L1NAME":"NORTHERN FORESTS","NA_L1KEY":"5  NORTHERN FORESTS","Shape_Leng":46062.7540668,"Shape_Area":54713315.6393}},
{"type":"Feature","geometry":{"type":"Polygon","coordinates":[[[-90.6165,46.9468],[-90.639,46.9081],[-90.5554,46.9157],[-90.5107,46.954],[-90.525,46.9705],[-90.6165,46.9468]]]},"properties":{"NA_L1CODE":"5","NA_L1NAME":"NORTHERN FORESTS","NA_L1KEY":"5  NORTHERN FORESTS","Shape_Leng":32967.9978877,"Shape_Area":41987298.1157}},
{"type":"Feature","geometry":{"type":"Polygon","coordinates":[[[-84.1443,46.2265],[-84.102,46.2548],[-84.1447,46.3198],[-84.2034,46.3215],[-84.2123,46.2916],[-84.1443,46.2265]]]},"properties":{"NA_L1CODE":"5","NA_L1NAME":"NORTHERN FORESTS","NA_L1KEY":"5  NORTHERN FORESTS","Shape_Leng":51721.0323847,"Shape_Area":55653639.0465}},
{"type":"Feature","geometry":{"type":"Polygon","coordinates":[[[-90.3954,47.0772],[-90.4373,47.0735],[-90.4571,47.0441],[-90.4035,47.0254],[-90.3954,47.0772]]]},"properties":{"NA_L1CODE":"5","NA_L1NAME":"NORTHERN FORESTS","NA_L1KEY":"5  NORTHERN FORESTS","Shape_Leng":27805.4146665,"Shape_Area":31723577.4016}},
{"type":"Feature","geometry":{"type":"Polygon","coordinates":[[[-84.2729,46.4923],[-84.2289,46.3934],[-84.1811,46.3653],[-84.175,46.335],[-84.1136,46.3237],[-84.1595,46.3909],[-84.1904,46.4119],[-84.1787,46.457],[-84.1512,46.4675],[-84.1347,46.5107],[-84.2162,46.5342],[-84.254,46.4963],[-84.2729,46.4923]]]},"properties":{"NA_L1CODE":"5","NA_L1NAME":"NORTHERN FORESTS","NA_L1KEY":"5  NORTHERN FORESTS","Shape_Leng":95307.6073991,"Shape_Area":127400370.179}},
{"type":"Feature","geometry":{"type":"Polygon","coordinates":[[[-84.5365,46.8685],[-84.4633,46.8906],[-84.5054,46.9129],[-84.5365,46.8685]]]},"properties":{"NA_L1CODE":"5","NA_L1NAME":"NORTHERN FORESTS","NA_L1KEY":"5  NORTHERN FORESTS","Shape_Leng":26125.2539533,"Shape_Area":23663997.2808}},
{"type":"Feature","geometry":{"type":"Polygon","coordinates":[[[-73.6318,44.9117],[-73.7499,44.8798],[-73.8439,44.8816],[-73.9107,44.8407],[-73.957,44.8762],[-74.0037,44.8698],[-74.0409,44.8381],[-74.0898,44.8545],[-74.1563,44.8448],[-74.1868,44.793],[-74.2162,44.7824],[-74.2823,44.8078],[-74.3482,44.8046],[-74.4053,44.7796],[-74.4982,44.7572],[-74.6085,44.6834],[-74.6827,44.6504],[-74.7547,44.6461],[-74.8679,44.5934],[-74.9168,44.5483],[-74.987,44.5098],[-75.0171,44.4678],[-75.0956,44.4422],[-75.142,44.3914],[-75.1923,44.3605],[-75.2282,44.3193],[-75.2972,44.286],[-75.3441,44.2073],[-75.4128,44.1821],[-75.479,44.1404],[-75.5083,44.0698],[-75.5342,44.0389],[-75.5402,44.0007],[-75.5179,43.9642],[-75.4783,43.9359],[-75.4326,43.8839],[-75.4406,43.8239],[-75.4275,43.7917],[-75.3688,43.7466],[-75.3416,43.6814],[-75.3454,43.6242],[-75.3131,43.5769],[-75.3093,43.5435],[-75.2816,43.5119],[-75.2132,43.4665],[-75.1736,43.4044],[-75.1293,43.3807],[-75.0725,43.3246],[-75.0322,43.3001],[-74.9926,43.2449],[-74.9159,43.2269],[-74.8689,43.1999],[-74.8509,43.1574],[-74.8173,43.1283],[-74.7454,43.1174],[-74.6796,43.0395],[-74.5842,43.0201],[-74.5347,43.0301],[-74.4367,43.0328],[-74.3912,43.0824],[-74.3456,43.0981],[-74.3004,43.1301],[-74.2498,43.0788],[-74.1961,43.0708],[-74.1556,43.088],[-74.0526,43.0705],[-74.0058,43.0741],[-73.9611,43.0956],[-73.9193,43.1406],[-73.9124,43.1791],[-73.8707,43.2113],[-73.8677,43.2525],[-73.8319,43.2901],[-73.7282,43.2738],[-73.7346,43.3324],[-73.6881,43.3746],[-73.6564,43.3854],[-73.6506,43.4394],[-73.602,43.4036],[-73.5336,43.4183],[-73.4395,43.4702],[-73.4087,43.5548],[-73.4526,43.5622],[-73.4321,43.5951],[-73.4482,43.6932],[-73.4135,43.7525],[-73.4353,43.7694],[-73.4056,43.8251],[-73.4405,43.8291],[-73.4569,43.8902],[-73.4364,43.8997],[-73.4993,43.9623],[-73.524,44.0451],[-73.575,44.0531],[-73.5618,44.1081],[-73.5343,44.1224],[-73.4913,44.0748],[-73.4706,44.0817],[-73.4666,44.1321],[-73.4856,44.1621],[-73.5432,44.1897],[-73.5196,44.2418],[-73.5432,44.2601],[-73.6019,44.2491],[-73.5684,44.3403],[-73.5076,44.4068],[-73.5227,44.4535],[-73.5665,44.4777],[-73.6136,44.5227],[-73.5973,44.5758],[-73.6317,44.6134],[-73.6326,44.6632],[-73.7105,44.655],[-73.71,44.683],[-73.6469,44.703],[-73.6007,44.7407],[-73.5773,44.7902],[-73.5908,44.8897],[-73.6318,44.9117]]]},"properties":{"NA_L1CODE":"5","NA_L1NAME":"NORTHERN FORESTS","NA_L1KEY":"5  NORTHERN FORESTS","Shape_Leng":774506.875292,"Shape_Area":24651854882.6}},
{"type":"Feature","geometry":{"type":"Polygon","coordinates":[[[-85.7558,47.7949],[-85.8186,47.8007],[-85.8809,47.7805],[-85.9364,47.7484],[-85.932,47.7139],[-85.712,47.7072],[-85.5972,47.7339],[-85.6262,47.7743],[-85.7558,47.7949]]]},"properties":{"NA_L1CODE":"5","NA_L1NAME":"NORTHERN FORESTS","NA_L1KEY":"5  NORTHERN FORESTS","Shape_Leng":62186.0265019,"Shape_Area":201032568.453}},
{"type":"Feature","geometry":{"type":"Polygon","coordinates":[[[-88.4392,48.1855],[-88.5166,48.1565],[-88.6764,48.1249],[-88.8234,48.0503],[-88.8661,48.0452],[-89.0706,47.9765],[-89.1716,47.9383],[-89.2206,47.9088],[-89.1927,47.8334],[-89.1241,47.8286],[-88.9535,47.8903],[-89.0025,47.9089],[-88.811,47.9845],[-88.7618,47.9837],[-88.6682,48.0123],[-88.5743,48.0634],[-88.5814,48.0905],[-88.5385,48.1283],[-88.4392,48.1855]]]},"properties":{"NA_L1CODE":"5","NA_L1NAME":"NORTHERN FORESTS","NA_L1KEY":"5  NORTHERN FORESTS","Shape_Leng":302121.002471,"Shape_Area":556893814.329}},
{"type":"Feature","geometry":{"type":"Polygon","coordinates":[[[-89.1554,48.2169],[-89.1026,48.2104],[-89.0315,48.2337],[-89.0702,48.27],[-89.1593,48.241],[-89.1554,48.2169]]]},"properties":{"NA_L1CODE":"5","NA_L1NAME":"NORTHERN FORESTS","NA_L1KEY":"5  NORTHERN FORESTS","Shape_Leng":28668.3763525,"Shape_Area":44069928.8949}},
{"type":"Feature","geometry":{"type":"Polygon","coordinates":[[[-86.9926,48.6628],[-87.0559,48.644],[-86.9902,48.6151],[-86.9499,48.6561],[-86.9926,48.6628]]]},"properties":{"NA_L1CODE":"5","NA_L1NAME":"NORTHERN FORESTS","NA_L1KEY":"5  NORTHERN FORESTS","Shape_Leng":22257.2078178,"Shape_Area":30400774.9514}},
{"type":"Feature","geometry":{"type":"Polygon","coordinates":[[[-87.7192,48.77],[-87.7359,48.7429],[-87.6587,48.7385],[-87.5984,48.7544],[-87.6453,48.7835],[-87.6914,48.8362],[-87.7416,48.8106],[-87.7192,48.77]]]},"properties":{"NA_L1CODE":"5","NA_L1NAME":"NORTHERN FORESTS","NA_L1KEY":"5  NORTHERN FORESTS","Shape_Leng":39496.4476023,"Shape_Area":72733371.8156}},
{"type":"Feature","geometry":{"type":"Polygon","coordinates":[[[-87.8475,48.8524],[-87.9764,48.8547],[-88.0754,48.8208],[-88.0872,48.7941],[-88.0665,48.7006],[-88.0146,48.6893],[-87.9979,48.7333],[-87.8889,48.7577],[-87.8174,48.7347],[-87.7589,48.7787],[-87.76,48.837],[-87.8475,48.8524]]]},"properties":{"NA_L1CODE":"5","NA_L1NAME":"NORTHERN FORESTS","NA_L1KEY":"5  NORTHERN FORESTS","Shape_Leng":79006.4774558,"Shape_Area":285129664.384}},
{"type":"Feature","geometry":{"type":"Polygon","coordinates":[[[-88.0761,48.9456],[-88.0936,48.931],[-88.0417,48.8952],[-88.0218,48.9375],[-88.0761,48.9456]]]},"properties":{"NA_L1CODE":"5","NA_L1NAME":"NORTHERN FORESTS","NA_L1KEY":"5  NORTHERN FORESTS","Shape_Leng":19725.7106866,"Shape_Area":22333409.12}},
{"type":"Feature","geometry":{"type":"Polygon","coordinates":[[[-70.399,47.3678],[-70.333,47.419],[-70.3923,47.4232],[-70.4377,47.3813],[-70.399,47.3678]]]},"properties":{"NA_L1CODE":"5","NA_L1NAME":"NORTHERN FORESTS","NA_L1KEY":"5  NORTHERN FORESTS","Shape_Leng":24098.9818021,"Shape_Area":31332917.6263}},
{"type":"Feature","geometry":{"type":"Polygon","coordinates":[[[-66,43.7012],[-66,44.4604],[-66.033,44.4323],[-66.1229,44.3388],[-66.1419,44.2242],[-66.1831,44.1749],[-66.2115,44.1093],[-66.1683,44.0551],[-66.1606,43.9888],[-66.1644,43.8843],[-66.1261,43.7407],[-66.0441,43.726],[-66,43.7012]]]},"properties":{"NA_L1CODE":"5","NA_L1NAME":"NORTHERN FORESTS","NA_L1KEY":"5  NORTHERN FORESTS","Shape_Leng":2253259.42745,"Shape_Area":34832590316.9}},
{"type":"Feature","geometry":{"type":"Polygon","coordinates":[[[-66,48.2036],[-66,49.2181],[-66.2467,49.189],[-66.4356,49.1472],[-66.48,49.1231],[-66.6047,49.1054],[-66.7558,49.0722],[-66.9129,49.0252],[-66.9983,48.9874],[-67.2902,48.9004],[-67.4697,48.8507],[-67.5544,48.8413],[-67.6012,48.811],[-67.8574,48.733],[-67.9685,48.6754],[-68.176,48.6402],[-68.299,48.5861],[-68.367,48.5478],[-68.409,48.5474],[-68.4712,48.5157],[-68.5385,48.4491],[-68.6077,48.4274],[-68.7565,48.3647],[-68.7987,48.3598],[-68.9539,48.3011],[-69.1186,48.1967],[-69.1517,48.1581],[-69.2153,48.1304],[-69.3648,48.0209],[-69.4111,48.0221],[-69.4457,47.9999],[-69.5475,47.8689],[-69.5614,47.8273],[-69.6331,47.7408],[-69.701,47.7022],[-69.8046,47.597],[-69.8049,47.5435],[-69.7892,47.4942],[-69.8615,47.4669],[-69.9466,47.4035],[-69.9507,47.3655],[-70.0626,47.2903],[-70.0926,47.2489],[-70.1752,47.1792],[-70.178,47.1472],[-70.2242,47.1232],[-70.2398,47.0834],[-70.3019,47.0391],[-70.3494,47.0292],[-70.3814,46.9892],[-70.4717,46.9725],[-70.585,46.8796],[-70.7337,46.7972],[-70.7449,46.7765],[-70.8198,46.7278],[-70.8475,46.5732],[-70.9023,46.5591],[-70.9301,46.5209],[-71.0006,46.4968],[-71.0756,46.4573],[-71.0545,46.4288],[-71.1335,46.4032],[-71.2885,46.4226],[-71.4446,46.3639],[-71.5989,46.2835],[-71.7488,46.1777],[-71.8696,46.0584],[-71.987,45.863],[-72.106,45.8334],[-72.256,45.7546],[-72.3218,45.6662],[-72.3195,45.5635],[-72.3778,45.4883],[-72.4828,45.383],[-72.5492,45.2829],[-72.6815,45.2324],[-72.723,45.1749],[-72.7541,45.1711],[-72.8474,45.1042],[-72.9451,44.9833],[-72.9926,44.8841],[-73.0252,44.8592],[-73.0561,44.8045],[-73.0838,44.7032],[-73.0811,44.6485],[-73.1315,44.561],[-73.1234,44.5119],[-73.0661,44.5317],[-73.0237,44.5231],[-73.0167,44.441],[-73.1191,44.4328],[-73.1368,44.4128],[-73.1289,44.3723],[-73.0492,44.2858],[-73.0391,44.2092],[-73.0768,44.1447],[-73.0732,44.0961],[-73.0876,44.0616],[-73.0916,43.9353],[-73.0637,43.9147],[-73.0548,43.8081],[-73.104,43.7717],[-73.1865,43.8119],[-73.1959,43.7798],[-73.2625,43.8027],[-73.3003,43.786],[-73.3082,43.7453],[-73.2528,43.7047],[-73.2927,43.6582],[-73.2921,43.6118],[-73.3438,43.5527],[-73.3394,43.4572],[-73.3693,43.421],[-73.3709,43.3805],[-73.4162,43.3278],[-73.4394,43.273],[-73.4797,43.2256],[-73.5249,43.1451],[-73.511,43.1082],[-73.5284,43.0417],[-73.5703,42.9691],[-73.5838,42.9253],[-73.5688,42.9067],[-73.5858,42.8603],[-73.6316,42.8392],[-73.6681,42.7651],[-73.6677,42.6941],[-73.6907,42.6627],[-73.702,42.6054],[-73.6674,42.507],[-73.564,42.4592],[-73.541,42.4289],[-73.5496,42.3859],[-73.5861,42.3616],[-73.6228,42.3164],[-73.6369,42.2461],[-73.6751,42.2333],[-73.6687,42.1948],[-73.7225,42.1686],[-73.7412,42.0993],[-73.7739,42.0844],[-73.7919,42.0341],[-73.7963,41.9772],[-73.7812,41.9383],[-73.7939,41.8822],[-73.7577,41.8462],[-73.7958,41.79],[-73.8059,41.722],[-73.7887,41.6613],[-73.7478,41.6116],[-73.6783,41.643],[-73.6631,41.6143],[-73.7023,41.5688],[-73.827,41.5135],[-73.8714,41.5362],[-73.95,41.5032],[-73.9837,41.4482],[-74.0929,41.3946],[-74.0948,41.4207],[-74.144,41.4169],[-74.2249,41.3459],[-74.2586,41.3503],[-74.2809,41.311],[-74.2901,41.2519],[-74.3554,41.2351],[-74.4091,41.2356],[-74.4713,41.2067],[-74.5132,41.2125],[-74.4847,41.2473],[-74.5112,41.2811],[-74.5424,41.2522],[-74.5797,41.1712],[-74.5445,41.1452],[-74.5762,41.1049],[-74.6267,41.0954],[-74.6842,41.0401],[-74.712,41.0303],[-74.7517,40.9779],[-74.8115,40.9268],[-74.8537,40.9112],[-74.8891,40.8432],[-74.9185,40.8494],[-74.946,40.8875],[-74.8958,40.9058],[-74.9119,40.9275],[-75.0172,40.8609],[-75.0236,40.8293],[-75.0565,40.8147],[-75.1326,40.7546],[-75.1324,40.7123],[-75.087,40.7161],[-74.9742,40.7906],[-74.9384,40.769],[-74.8632,40.8277],[-74.8251,40.8232],[-74.9266,40.7537],[-74.9378,40.7203],[-75.0407,40.6661],[-75.1412,40.6474],[-75.1893,40.6213],[-75.2233,40.6698],[-75.3123,40.6292],[-75.323,40.5701],[-75.3849,40.5344],[-75.4505,40.5233],[-75.442,40.5567],[-75.3983,40.5738],[-75.4402,40.5975],[-75.4987,40.5267],[-75.5487,40.5089],[-75.7015,40.5018],[-75.8026,40.4578],[-75.9108,40.4243],[-75.9147,40.3372],[-75.8117,40.3302],[-75.8129,40.3696],[-75.7794,40.4022],[-75.723,40.3789],[-75.7346,40.3234],[-75.6529,40.3226],[-75.6126,40.3911],[-75.5621,40.4404],[-75.4669,40.4662],[-75.4243,40.4675],[-75.398,40.4953],[-75.3989,40.5243],[-75.3198,40.5123],[-75.305,40.5399],[-75.2189,40.5363],[-75.1775,40.5842],[-75.0589,40.6194],[-74.9864,40.6585],[-74.8951,40.6705],[-74.8457,40.6592],[-74.774,40.6847],[-74.6874,40.7532],[-74.6444,40.7035],[-74.5935,40.7079],[-74.4882,40.7894],[-74.4788,40.8401],[-74.4541,40.8849],[-74.3485,40.9432],[-74.2915,41.0015],[-74.2395,41.0369],[-74.1621,41.1133],[-74.121,41.1401],[-74.0454,41.2148],[-74.0321,41.2483],[-73.9682,41.2644],[-73.8989,41.325],[-73.8296,41.3419],[-73.7942,41.3812],[-73.7315,41.3734],[-73.6838,41.3894],[-73.6395,41.3888],[-73.5944,41.4225],[-73.551,41.4375],[-73.5245,41.47],[-73.4589,41.4741],[-73.4385,41.5037],[-73.4223,41.5937],[-73.3792,41.6608],[-73.2137,41.7552],[-73.1697,41.7505],[-73.1391,41.7284],[-73.1025,41.7303],[-73.0521,41.7862],[-73.0099,41.8131],[-72.8832,41.837],[-72.8801,41.8809],[-72.8436,41.9382],[-72.8241,41.9992],[-72.8239,42.1323],[-72.7484,42.232],[-72.6885,42.3518],[-72.6485,42.3584],[-72.6344,42.4225],[-72.645,42.4644],[-72.627,42.5557],[-72.6389,42.6179],[-72.6285,42.6382],[-72.5807,42.6484],[-72.5522,42.6727],[-72.5052,42.6685],[-72.4671,42.7222],[-72.5176,42.7353],[-72.5433,42.7995],[-72.5991,42.8865],[-72.5608,42.9055],[-72.5603,42.9627],[-72.5131,42.9731],[-72.5232,42.8991],[-72.551,42.8545],[-72.5013,42.841],[-72.4857,42.7756],[-72.4339,42.7251],[-72.4421,42.6689],[-72.4853,42.5776],[-72.5574,42.4829],[-72.5063,42.4673],[-72.4819,42.4373],[-72.4606,42.3478],[-72.3907,42.3034],[-72.3409,42.3145],[-72.3217,42.3432],[-72.323,42.4657],[-72.3153,42.4826],[-72.3257,42.5758],[-72.3005,42.6219],[-72.2594,42.631],[-72.2178,42.6068],[-72.192,42.5479],[-72.1959,42.4875],[-72.1704,42.4408],[-72.1863,42.4157],[-72.1347,42.4014],[-72.0931,42.4273],[-72.0603,42.4682],[-71.9807,42.4708],[-71.9595,42.4467],[-71.9828,42.3796],[-71.9828,42.3311],[-71.9503,42.281],[-71.8966,42.2694],[-71.8673,42.2806],[-71.8544,42.3206],[-71.8778,42.3454],[-71.8912,42.4133],[-71.8613,42.4331],[-71.8209,42.5],[-71.8496,42.5553],[-71.8102,42.661],[-71.7568,42.6992],[-71.7596,42.7614],[-71.7292,42.8101],[-71.7045,42.8768],[-71.6128,42.9111],[-71.5859,42.9491],[-71.5811,42.9881],[-71.6581,43.0221],[-71.6685,43.0835],[-71.7257,43.1012],[-71.781,43.1954],[-71.7683,43.2375],[-71.7332,43.2638],[-71.6238,43.2758],[-71.6183,43.2983],[-71.6538,43.3551],[-71.6247,43.3723],[-71.5807,43.329],[-71.527,43.307],[-71.4739,43.3159],[-71.3422,43.2873],[-71.3407,43.233],[-71.3533,43.1887],[-71.265,43.1301],[-71.2325,43.1253],[-71.1919,43.0899],[-71.1524,43.1127],[-71.1629,43.1699],[-71.153,43.2276],[-71.1652,43.267],[-71.1052,43.3338],[-71.0731,43.3884],[-71.0004,43.3875],[-70.9353,43.437],[-70.8923,43.4458],[-70.8778,43.4713],[-70.836,43.4662],[-70.7434,43.521],[-70.7227,43.5705],[-70.7511,43.636],[-70.8025,43.6596],[-70.7712,43.6892],[-70.703,43.7164],[-70.6911,43.7455],[-70.701,43.7858],[-70.7384,43.8043],[-70.6716,43.8416],[-70.5906,43.8122],[-70.5301,43.7609],[-70.5024,43.7721],[-70.4608,43.8223],[-70.4182,43.8409],[-70.3581,43.9018],[-70.3453,43.9555],[-70.3149,43.9851],[-70.2694,44.0019],[-70.3198,44.0725],[-70.2829,44.133],[-70.2627,44.1963],[-70.2799,44.2632],[-70.2766,44.3295],[-70.254,44.4144],[-70.2682,44.5115],[-70.2557,44.5474],[-70.1722,44.6542],[-70.1468,44.6756],[-70.0581,44.7092],[-70.0113,44.7603],[-69.9943,44.8285],[-70.0383,44.891],[-70.0361,44.9266],[-69.9799,44.916],[-69.9639,44.9775],[-69.9124,45.066],[-69.8631,45.0882],[-69.8291,45.0453],[-69.7987,45.0387],[-69.7328,45.0725],[-69.6056,45.151],[-69.5736,45.1849],[-69.5418,45.2613],[-69.5482,45.2893],[-69.4945,45.3303],[-69.4475,45.3468],[-69.3155,45.3732],[-69.2383,45.369],[-69.1707,45.3973],[-69.0595,45.4311],[-68.9974,45.4771],[-68.9799,45.5806],[-69.0157,45.6367],[-69.0551,45.6551],[-68.9888,45.7011],[-69.0281,45.7333],[-68.9546,45.7563],[-68.9719,45.7953],[-68.9532,45.8134],[-68.9025,45.8128],[-68.8296,45.7885],[-68.7676,45.8025],[-68.7162,45.7875],[-68.676,45.7948],[-68.6298,45.8664],[-68.6292,45.8968],[-68.6608,45.9627],[-68.7113,45.9934],[-68.7546,46.0563],[-68.799,46.0972],[-68.8029,46.154],[-68.8727,46.1679],[-68.9022,46.1587],[-68.9724,46.2004],[-69.0341,46.2243],[-69.0334,46.2637],[-68.9758,46.2806],[-68.9966,46.3194],[-68.9686,46.3373],[-68.9728,46.3701],[-68.8676,46.3897],[-68.7652,46.444],[-68.7212,46.443],[-68.6908,46.4776],[-68.671,46.5553],[-68.6111,46.6117],[-68.6326,46.6749],[-68.6869,46.7167],[-68.6773,46.7508],[-68.6141,46.8003],[-68.5898,46.8536],[-68.5917,46.9093],[-68.7049,46.9236],[-68.6334,46.9879],[-68.6105,47.0623],[-68.6032,47.122],[-68.6388,47.1957],[-68.6104,47.215],[-68.6134,47.2456],[-68.7179,47.2409],[-68.8122,47.2155],[-68.9024,47.1788],[-68.9203,47.195],[-69.0416,47.2464],[-69.0546,47.3159],[-69.0539,47.3779],[-69.0346,47.4149],[-69.0552,47.4322],[-69.0015,47.5035],[-68.9671,47.522],[-68.9015,47.588],[-68.8237,47.5903],[-68.7949,47.5767],[-68.7519,47.5936],[-68.6293,47.6781],[-68.6257,47.7146],[-68.5765,47.7184],[-68.4961,47.7036],[-68.4432,47.7189],[-68.4105,47.7536],[-68.3695,47.7429],[-68.2975,47.6557],[-68.2697,47.6473],[-68.197,47.7289],[-68.2162,47.7601],[-68.1629,47.778],[-68.1122,47.7655],[-68.0657,47.7722],[-68.0716,47.7052],[-68.0872,47.6672],[-68.0387,47.6351],[-68.008,47.5689],[-68.009,47.5155],[-67.9571,47.511],[-67.9267,47.5507],[-67.7848,47.5751],[-67.7761,47.5957],[-67.7083,47.6301],[-67.6652,47.6313],[-67.6124,47.6798],[-67.5744,47.6755],[-67.5621,47.7177],[-67.4913,47.795],[-67.4414,47.7646],[-67.3754,47.8444],[-67.3873,47.8758],[-67.3602,47.9],[-67.2737,47.9186],[-67.2098,47.9157],[-67.1867,47.9347],[-67.1379,47.9333],[-67.0433,47.9675],[-67.008,48.0306],[-66.8349,48.0843],[-66.752,48.1258],[-66.6532,48.1585],[-66.5533,48.1743],[-66.5078,48.1652],[-66.4384,48.1142],[-66.3549,48.0998],[-66.2984,48.0577],[-66.2437,48.1011],[-66.1683,48.1057],[-66.1257,48.0798],[-66.0605,48.0993],[-66.0249,48.1401],[-66.0399,48.1738],[-66.0147,48.2013],[-66,48.2036]]]},"properties":{"NA_L1CODE":"5","NA_L1NAME":"NORTHERN FORESTS","NA_L1KEY":"5  NORTHERN FORESTS","Shape_Leng":4392637.73784,"Shape_Area":160162093148}},
{"type":"Feature","geometry":{"type":"MultiPolygon","coordinates":[[[[-66.9053,50],[-96.6717,50],[-96.6475,49.9826],[-96.6911,49.9607],[-96.6872,49.8842],[-96.6312,49.8431],[-96.5788,49.8448],[-96.5573,49.8769],[-96.5866,49.9189],[-96.5722,49.941],[-96.4636,49.956],[-96.4139,49.904],[-96.3833,49.9269],[-96.4088,49.9797],[-96.3005,49.9243],[-96.3176,49.8328],[-96.3987,49.7515],[-96.4683,49.6413],[-96.4268,49.5229],[-96.461,49.2523],[-96.4474,49.1599],[-96.4154,49.0559],[-96.4547,49.0241],[-96.641,49],[-96.6102,48.9544],[-96.5097,48.9056],[-96.5372,48.8684],[-96.6187,48.9028],[-96.6384,48.863],[-96.5727,48.8415],[-96.5392,48.7872],[-96.5573,48.7472],[-96.5034,48.7157],[-96.4621,48.7075],[-96.3485,48.7257],[-96.3133,48.7755],[-96.2053,48.8116],[-96.0815,48.8244],[-96.0042,48.8943],[-95.8946,48.9052],[-95.7902,48.9052],[-95.7004,48.8928],[-95.609,48.8615],[-95.6051,48.832],[-95.7287,48.8048],[-95.7236,48.7712],[-95.6606,48.7377],[-95.6336,48.7045],[-95.6375,48.6668],[-95.7102,48.5941],[-95.61,48.5521],[-95.5723,48.52],[-95.57,48.4728],[-95.6008,48.4604],[-95.8212,48.5047],[-95.818,48.4623],[-95.7662,48.4392],[-95.5626,48.3973],[-95.4972,48.379],[-95.4974,48.332],[-95.6076,48.2641],[-95.6597,48.2157],[-95.6576,48.1787],[-95.6084,48.154],[-95.6005,48.1205],[-95.6202,48.0942],[-95.6267,48.0388],[-95.533,47.9233],[-95.4536,47.8479],[-95.474,47.7986],[-95.4725,47.7015],[-95.3079,47.72],[-95.0649,47.7364],[-94.9588,47.73],[-94.9021,47.6971],[-94.9194,47.6661],[-94.9573,47.6584],[-95.1204,47.6598],[-95.2233,47.6489],[-95.3584,47.6069],[-95.4448,47.5667],[-95.5292,47.5169],[-95.5774,47.4624],[-95.6295,47.3558],[-95.6462,47.2855],[-95.6892,47.1725],[-95.7097,47.0536],[-95.6841,46.9326],[-95.6892,46.7761],[-95.681,46.7219],[-95.6628,46.7033],[-95.5917,46.7092],[-95.5404,46.7549],[-95.4839,46.7887],[-95.4179,46.8095],[-95.3494,46.8185],[-95.2923,46.8383],[-95.2119,46.9267],[-95.1812,46.9469],[-95.116,46.9582],[-94.9625,46.9315],[-94.8391,46.8939],[-94.6868,46.8224],[-94.6652,46.7687],[-94.6933,46.6729],[-94.695,46.6338],[-94.6615,46.5516],[-94.6704,46.4622],[-94.6694,46.3581],[-94.6961,46.2946],[-94.7281,46.1636],[-94.7534,46.0854],[-94.7361,46.056],[-94.6777,46.044],[-94.5681,46.0647],[-94.4352,46.1267],[-94.3952,46.1389],[-94.3328,46.1273],[-94.3019,46.0505],[-94.2422,46.0214],[-94.1835,46.0296],[-94.096,46.0874],[-94.0234,46.1106],[-93.9937,46.1033],[-93.9783,46.0619],[-93.9862,45.9673],[-93.9734,45.9165],[-93.8505,45.8495],[-93.7547,45.8419],[-93.6858,45.855],[-93.5655,45.8407],[-93.4511,45.8727],[-93.3674,45.9312],[-93.3375,45.9635],[-93.3183,46.0101],[-93.2579,46.0369],[-93.1469,46.0396],[-93.0732,46.0562],[-93.0098,46.0567],[-92.9336,46.0361],[-92.8731,45.9859],[-92.8681,45.9201],[-92.8425,45.886],[-92.834,45.8009],[-92.8643,45.7434],[-92.8881,45.6284],[-92.8838,45.5755],[-92.8233,45.5609],[-92.7734,45.5682],[-92.7325,45.5446],[-92.6832,45.6214],[-92.663,45.6817],[-92.6932,45.7464],[-92.6837,45.7795],[-92.5812,45.8278],[-92.5473,45.8237],[-92.5093,45.79],[-92.4684,45.8207],[-92.4166,45.7979],[-92.3702,45.7621],[-92.3771,45.7241],[-92.3191,45.6989],[-92.2949,45.7133],[-92.1722,45.7282],[-92.1384,45.7455],[-92.13,45.7842],[-92.0463,45.8406],[-91.9983,45.8122],[-91.8751,45.8009],[-91.7787,45.7065],[-91.7493,45.7027],[-91.6579,45.6381],[-91.6504,45.5912],[-91.6049,45.587],[-91.5713,45.5547],[-91.6198,45.5078],[-91.658,45.5034],[-91.6679,45.4717],[-91.706,45.4528],[-91.7225,45.3862],[-91.6067,45.2867],[-91.5463,45.283],[-91.4728,45.2454],[-91.4386,45.211],[-91.3818,45.1808],[-91.3646,45.0761],[-91.3809,45.0352],[-91.3489,45.0111],[-91.2682,45.055],[-91.2056,45.0147],[-91.2006,44.9941],[-91.0313,44.9836],[-90.8255,44.9937],[-90.7804,45.011],[-90.7086,45.02],[-90.6681,45.0391],[-90.6428,45.0782],[-90.5832,45.1259],[-90.5237,45.1359],[-90.399,45.1776],[-90.3121,45.2177],[-90.257,45.2886],[-90.1552,45.3059],[-90.1195,45.2584],[-90.0202,45.2359],[-89.9834,45.243],[-89.8625,45.2081],[-89.8012,45.2311],[-89.7536,45.2227],[-89.7044,45.2625],[-89.6093,45.2649],[-89.5725,45.2824],[-89.5464,45.3373],[-89.4861,45.3438],[-89.4264,45.4041],[-89.3247,45.371],[-89.2143,45.2917],[-89.1264,45.2563],[-89.0087,45.2446],[-88.8746,45.166],[-88.7323,45.1268],[-88.6672,45.1244],[-88.5489,45.0364],[-88.443,45.0088],[-88.2492,45.0999],[-88.173,45.1568],[-88.1136,45.1349],[-88.1151,45.1748],[-88.0945,45.1977],[-88.0364,45.1954],[-87.98,45.1619],[-87.924,45.0913],[-87.8756,45.1291],[-87.834,45.1438],[-87.7998,45.1776],[-87.763,45.1908],[-87.7589,45.1385],[-87.8099,45.0398],[-87.8063,45.02],[-87.8885,44.9389],[-87.8948,44.907],[-87.9551,44.8534],[-87.9662,44.8048],[-87.9231,44.785],[-87.9011,44.8274],[-87.8662,44.8405],[-87.8286,44.8961],[-87.8417,44.9284],[-87.8131,44.954],[-87.6301,44.9836],[-87.6257,45.0452],[-87.5908,45.0969],[-87.612,45.1234],[-87.6002,45.1499],[-87.5362,45.2028],[-87.4433,45.2911],[-87.3945,45.3657],[-87.3261,45.4302],[-87.2645,45.5496],[-87.1972,45.6385],[-87.0994,45.6986],[-87.0448,45.7436],[-87.0635,45.7546],[-87.0574,45.8125],[-86.9737,45.9152],[-86.9481,45.8765],[-87.0051,45.8317],[-86.9753,45.7541],[-86.9846,45.7058],[-86.9414,45.7026],[-86.8391,45.722],[-86.845,45.7376],[-86.7733,45.8114],[-86.7821,45.8602],[-86.6493,45.8354],[-86.585,45.8971],[-86.533,45.8827],[-86.5806,45.7774],[-86.6628,45.729],[-86.6785,45.6909],[-86.7168,45.6655],[-86.6484,45.616],[-86.617,45.6218],[-86.6279,45.6601],[-86.592,45.6654],[-86.5858,45.7049],[-86.5333,45.7108],[-86.533,45.7476],[-86.474,45.7651],[-86.4382,45.7604],[-86.4213,45.7918],[-86.3508,45.7983],[-86.3493,45.8317],[-86.309,45.9201],[-86.276,45.9432],[-86.1966,45.9632],[-86.0555,45.9631],[-85.9263,45.9329],[-85.8924,45.9672],[-85.8176,45.9794],[-85.6959,45.9589],[-85.6533,45.9684],[-85.6038,46.0304],[-85.5127,46.0947],[-85.4269,46.102],[-85.3278,46.0909],[-85.2606,46.0624],[-85.1861,46.0613],[-85.0935,46.0273],[-84.9954,46.0011],[-84.9134,45.9258],[-84.8815,45.9212],[-84.8214,45.8681],[-84.7509,45.8391],[-84.7197,45.867],[-84.7394,45.9418],[-84.6907,45.9889],[-84.6948,46.0245],[-84.6554,46.0527],[-84.6127,46.0287],[-84.5603,46.0313],[-84.5304,45.9901],[-84.465,46.0092],[-84.413,46.0052],[-84.3924,45.9977],[-84.3921,45.9917],[-84.3834,45.9879],[-84.3714,45.9792],[-84.3453,45.9971],[-84.2013,45.9755],[-84.117,45.9833],[-84.0109,45.956],[-83.9789,45.9692],[-83.9052,45.9748],[-83.9098,46.0122],[-84.025,46.0508],[-84.0717,46.0924],[-84.0283,46.133],[-84.0919,46.1466],[-84.1781,46.1846],[-84.2225,46.1632],[-84.2512,46.1772],[-84.2511,46.2189],[-84.1807,46.2411],[-84.2219,46.2911],[-84.2226,46.349],[-84.2517,46.3897],[-84.2607,46.432],[-84.3062,46.489],[-84.356,46.4967],[-84.4167,46.4884],[-84.4554,46.4695],[-84.4627,46.4408],[-84.5994,46.4173],[-84.6317,46.4849],[-84.679,46.4875],[-84.8001,46.4462],[-84.8614,46.4699],[-84.9033,46.4657],[-85.024,46.4824],[-85.053,46.5328],[-85.0255,46.5453],[-85.0363,46.6177],[-85.0283,46.6948],[-84.9868,46.7727],[-85.0363,46.7604],[-85.1753,46.7635],[-85.2617,46.7522],[-85.4834,46.6801],[-85.5448,46.6742],[-85.6701,46.6804],[-85.7398,46.677],[-85.8779,46.6909],[-86.1199,46.6573],[-86.1383,46.6729],[-86.3499,46.578],[-86.4444,46.5481],[-86.5512,46.4945],[-86.6383,46.4112],[-86.6685,46.4452],[-86.7032,46.4394],[-86.731,46.4716],[-86.7874,46.4775],[-86.8152,46.4386],[-86.8752,46.4373],[-86.9277,46.4646],[-86.9643,46.5161],[-87.0055,46.5337],[-87.1274,46.494],[-87.1625,46.5054],[-87.2418,46.4882],[-87.349,46.4999],[-87.3937,46.5325],[-87.3773,46.5469],[-87.4116,46.5918],[-87.4602,46.6112],[-87.503,46.6475],[-87.5292,46.6942],[-87.584,46.7327],[-87.5953,46.783],[-87.6317,46.8111],[-87.7329,46.833],[-87.7433,46.866],[-87.8168,46.8912],[-87.8462,46.8839],[-87.8973,46.9087],[-87.9932,46.9047],[-88.0819,46.9205],[-88.1825,46.9054],[-88.147,46.9466],[-88.1557,46.965],[-88.2413,46.9312],[-88.3625,46.8564],[-88.415,46.8123],[-88.4621,46.7895],[-88.4811,46.8231],[-88.4746,46.8886],[-88.445,46.9701],[-88.4054,46.9816],[-88.3676,47.0192],[-88.35,47.0764],[-88.297,47.0993],[-88.2817,47.1382],[-88.244,47.1371],[-88.2379,47.1878],[-88.2112,47.2098],[-88.1631,47.2163],[-88.0548,47.2982],[-88.0169,47.3059],[-87.9377,47.3437],[-87.9571,47.3873],[-87.8822,47.3956],[-87.8134,47.3851],[-87.7533,47.4048],[-87.7129,47.4012],[-87.7159,47.4398],[-87.8012,47.4733],[-87.8766,47.4675],[-87.9024,47.477],[-88.0387,47.4763],[-88.2179,47.4497],[-88.4217,47.3709],[-88.4998,47.2942],[-88.5756,47.2451],[-88.6564,47.2256],[-88.7297,47.1858],[-88.7644,47.1558],[-88.8216,47.1373],[-88.8891,47.1006],[-88.9245,47.0422],[-88.9724,47.0021],[-89.1426,46.9849],[-89.2279,46.913],[-89.4176,46.8432],[-89.5134,46.8418],[-89.6285,46.8185],[-89.6606,46.8311],[-89.73,46.8291],[-89.832,46.8041],[-89.9245,46.7364],[-90.0284,46.6744],[-90.1619,46.6462],[-90.3053,46.6031],[-90.3306,46.6088],[-90.4154,46.5667],[-90.4586,46.568],[-90.5036,46.5889],[-90.5518,46.584],[-90.7095,46.6727],[-90.759,46.6431],[-90.9131,46.5826],[-90.9515,46.6006],[-90.9114,46.6633],[-90.8527,46.6996],[-90.885,46.7563],[-90.7983,46.8238],[-90.752,46.8864],[-90.7876,46.9296],[-90.8304,46.9362],[-90.8559,46.9622],[-90.9243,46.9312],[-90.9644,46.9436],[-91.0481,46.8837],[-91.097,46.861],[-91.188,46.8474],[-91.2323,46.8604],[-91.258,46.8364],[-91.3114,46.8282],[-91.3642,46.7959],[-91.5128,46.7572],[-91.5773,46.757],[-91.7901,46.6947],[-92.0027,46.6823],[-92.0994,46.748],[-92.0861,46.7943],[-91.8462,46.9231],[-91.78,46.9436],[-91.7526,46.9711],[-91.5847,47.0738],[-91.5716,47.0913],[-91.4813,47.1243],[-91.3266,47.2383],[-91.2575,47.282],[-91.1286,47.3993],[-91.0444,47.4569],[-91.0121,47.4692],[-90.867,47.558],[-90.7301,47.6274],[-90.662,47.6491],[-90.5268,47.7065],[-90.4374,47.7315],[-90.3342,47.748],[-90.1651,47.7919],[-90.1178,47.7945],[-90.0241,47.8175],[-89.8905,47.8643],[-89.8093,47.8867],[-89.7399,47.9159],[-89.64,47.9865],[-89.5891,47.9806],[-89.5023,48.0438],[-89.4716,48.0363],[-89.4358,48.0868],[-89.3392,48.0982],[-89.3075,48.1358],[-89.3082,48.1872],[-89.2672,48.1928],[-89.2629,48.2498],[-89.2313,48.3056],[-89.1964,48.3143],[-89.2415,48.3648],[-89.218,48.4181],[-89.1594,48.4706],[-88.9598,48.5161],[-88.9103,48.5408],[-88.8052,48.5686],[-88.7571,48.5521],[-88.8318,48.4737],[-88.8495,48.4021],[-88.8891,48.3694],[-88.9122,48.322],[-88.8186,48.3311],[-88.7508,48.3474],[-88.6823,48.4648],[-88.6387,48.5144],[-88.6185,48.6186],[-88.554,48.6268],[-88.559,48.6765],[-88.5408,48.714],[-88.5445,48.77],[-88.485,48.8404],[-88.4472,48.8495],[-88.3499,48.8263],[-88.3032,48.7533],[-88.3461,48.6671],[-88.3853,48.6553],[-88.4737,48.5834],[-88.5532,48.5383],[-88.5926,48.479],[-88.5538,48.4231],[-88.5267,48.42],[-88.4993,48.4869],[-88.4356,48.5535],[-88.3844,48.5348],[-88.3385,48.5712],[-88.3392,48.6443],[-88.2925,48.6058],[-88.2358,48.582],[-88.0995,48.6948],[-88.1102,48.7359],[-88.1044,48.7926],[-88.2058,48.8348],[-88.2387,48.8575],[-88.2275,48.954],[-88.1645,48.9605],[-88.1106,48.9994],[-88.0274,48.9861],[-87.9398,48.9292],[-87.875,48.9286],[-87.832,48.912],[-87.7881,48.9167],[-87.6689,48.8838],[-87.6414,48.8519],[-87.5706,48.8781],[-87.5525,48.8266],[-87.4203,48.832],[-87.3917,48.8044],[-87.2981,48.7644],[-87.2122,48.7526],[-87.1826,48.7657],[-87.0759,48.7708],[-86.9811,48.8049],[-86.9477,48.7705],[-86.8493,48.7437],[-86.7808,48.7772],[-86.6968,48.8023],[-86.6226,48.7844],[-86.6214,48.7354],[-86.5372,48.73],[-86.4933,48.7654],[-86.4357,48.7684],[-86.3956,48.7419],[-86.3822,48.6993],[-86.3322,48.618],[-86.2657,48.5757],[-86.2661,48.5501],[-86.2234,48.4235],[-86.1859,48.3824],[-86.1857,48.3414],[-86.1328,48.2675],[-86.1414,48.2473],[-86.1018,48.209],[-86.0798,48.161],[-86.0203,48.1016],[-86.0213,48.0777],[-85.9647,48.0626],[-85.8392,47.9679],[-85.7411,47.9328],[-85.5858,47.9188],[-85.4205,47.9193],[-85.2836,47.9562],[-84.9609,47.9598],[-84.8469,47.9455],[-84.8313,47.9155],[-84.9294,47.8451],[-84.9384,47.8166],[-84.903,47.7788],[-84.9455,47.7295],[-85.0025,47.7071],[-84.9737,47.668],[-85.0126,47.6364],[-85.0297,47.6015],[-84.9726,47.5647],[-84.9489,47.5348],[-84.8581,47.4906],[-84.7865,47.4703],[-84.712,47.4134],[-84.6856,47.3622],[-84.6194,47.3432],[-84.5917,47.2836],[-84.6369,47.2547],[-84.703,47.1611],[-84.7382,47.1437],[-84.7135,47.1093],[-84.7742,47.0524],[-84.7938,46.9987],[-84.7823,46.9766],[-84.7253,46.9543],[-84.6662,46.9532],[-84.6553,46.9147],[-84.5772,46.9397],[-84.5218,46.9238],[-84.4367,46.9299],[-84.3507,46.8787],[-84.3786,46.8388],[-84.4185,46.8215],[-84.4484,46.8431],[-84.5347,46.796],[-84.57,46.7371],[-84.5721,46.699],[-84.5251,46.6951],[-84.4888,46.7568],[-84.4286,46.7367],[-84.4188,46.6918],[-84.4644,46.6666],[-84.5399,46.6074],[-84.5873,46.5832],[-84.5993,46.544],[-84.5352,46.5039],[-84.5269,46.4755],[-84.4132,46.5138],[-84.3444,46.5148],[-84.2843,46.4958],[-84.2605,46.5008],[-84.2214,46.5403],[-84.123,46.5302],[-84.0584,46.506],[-84.097,46.4646],[-84.1072,46.4115],[-84.1309,46.3987],[-84.1194,46.343],[-84.0517,46.3136],[-83.9111,46.3328],[-83.866,46.2957],[-83.7621,46.2915],[-83.7055,46.2676],[-83.6108,46.2777],[-83.5721,46.2588],[-83.4398,46.2397],[-83.3557,46.2208],[-83.1716,46.1969],[-83.104,46.194],[-83.0591,46.1654],[-82.9401,46.1797],[-82.9064,46.1732],[-82.7356,46.1898],[-82.6896,46.1581],[-82.5224,46.1727],[-82.4516,46.1934],[-82.3326,46.1856],[-82.3441,46.153],[-82.3162,46.135],[-82.2356,46.1402],[-82.1463,46.1047],[-82.1197,46.1151],[-82.0293,46.1083],[-81.9792,46.0917],[-81.9225,46.0901],[-81.7606,46.1029],[-81.7249,46.0796],[-81.8234,46.0586],[-81.9305,46.0465],[-81.951,46.0035],[-81.8941,45.9835],[-81.8465,45.9946],[-81.8075,45.9773],[-81.741,46.0174],[-81.7356,46.0543],[-81.6494,46.0672],[-81.6536,46.1053],[-81.5449,46.0908],[-81.5404,46.0431],[-81.6156,46.031],[-81.5766,46.0033],[-81.4938,46.0102],[-81.4784,45.9688],[-81.4423,45.9854],[-81.2854,45.9681],[-81.2687,45.9505],[-81.1863,45.9564],[-81.1814,45.9288],[-81.0712,45.9393],[-81.0518,45.9511],[-80.9723,45.9473],[-80.9608,45.9314],[-80.8876,45.9376],[-80.845,45.9185],[-80.804,45.9527],[-80.7723,45.9178],[-80.7342,45.9142],[-80.709,45.8131],[-80.6693,45.8085],[-80.6359,45.7787],[-80.6237,45.7142],[-80.5855,45.6937],[-80.5904,45.6648],[-80.4902,45.5843],[-80.488,45.5619],[-80.4128,45.581],[-80.3799,45.5465],[-80.3911,45.4826],[-80.3802,45.4355],[-80.3056,45.4189],[-80.2909,45.3542],[-80.2073,45.3493],[-80.158,45.3983],[-80.0696,45.3928],[-80.0305,45.3267],[-80.0719,45.2613],[-80.1248,45.2468],[-80.1091,45.182],[-80.0712,45.2018],[-80.0326,45.1778],[-79.9941,45.1327],[-80.0171,45.1108],[-80.0833,45.1201],[-80.0812,45.0799],[-79.9986,45.0463],[-80.0024,45.0211],[-79.9234,44.9934],[-79.9172,44.9325],[-79.8669,44.9543],[-79.8246,44.9321],[-79.8432,44.9026],[-79.8018,44.8865],[-79.812,44.8554],[-79.7708,44.8367],[-79.7891,44.8075],[-79.714,44.7669],[-79.519,44.7651],[-79.3348,44.7506],[-79.1885,44.7255],[-79.0903,44.6742],[-78.7663,44.6933],[-78.6451,44.69],[-78.363,44.5925],[-78.1918,44.5875],[-78.0005,44.5693],[-77.8401,44.5069],[-77.7065,44.4823],[-77.5466,44.4903],[-77.3884,44.5044],[-77.2735,44.4655],[-77.1394,44.4518],[-76.9579,44.4899],[-76.8258,44.4615],[-76.6972,44.484],[-76.5334,44.4602],[-76.3866,44.5139],[-76.2759,44.6199],[-76.2894,44.7147],[-76.2464,44.8207],[-76.245,44.9389],[-76.3445,45.0141],[-76.2565,45.1815],[-76.31,45.2732],[-76.4191,45.3473],[-76.5481,45.3871],[-76.7944,45.4842],[-76.9524,45.5178],[-76.9937,45.6005],[-77.0649,45.7042],[-77.1394,45.7908],[-77.1871,45.8274],[-77.1443,45.8374],[-77.0824,45.8249],[-77.0032,45.775],[-76.9239,45.7826],[-76.885,45.8174],[-76.8967,45.8683],[-76.8716,45.8893],[-76.7729,45.8546],[-76.7692,45.8106],[-76.787,45.7566],[-76.7634,45.7288],[-76.7171,45.7208],[-76.693,45.6913],[-76.7158,45.6638],[-76.6778,45.6216],[-76.6626,45.5635],[-76.5924,45.5269],[-76.4393,45.4957],[-76.3427,45.4416],[-76.2939,45.4376],[-76.2725,45.4607],[-76.2115,45.4779],[-76.2137,45.5075],[-76.1439,45.5145],[-76.0594,45.4828],[-76.0217,45.4863],[-75.9576,45.4491],[-75.8926,45.3923],[-75.8913,45.3708],[-75.8242,45.3537],[-75.7446,45.4066],[-75.7037,45.422],[-75.6357,45.4918],[-75.5747,45.4954],[-75.5565,45.5154],[-75.4979,45.5233],[-75.4284,45.5549],[-75.4052,45.5527],[-75.2429,45.6028],[-75.1677,45.6145],[-75.1001,45.6111],[-75.0772,45.6692],[-74.9871,45.6541],[-74.9049,45.681],[-74.8648,45.6643],[-74.8103,45.6668],[-74.7716,45.6458],[-74.6735,45.6508],[-74.4636,45.6769],[-74.3222,45.6701],[-74.0982,45.7127],[-74.0125,45.7702],[-73.9789,45.7795],[-73.904,45.8359],[-73.7792,45.8828],[-73.7409,45.9128],[-73.7292,45.9551],[-73.6869,45.9707],[-73.6512,46.0025],[-73.6661,46.0407],[-73.6523,46.0675],[-73.5576,46.1434],[-73.459,46.2057],[-73.4109,46.2809],[-73.3659,46.254],[-73.4045,46.2089],[-73.3454,46.1589],[-73.2439,46.1883],[-73.139,46.2308],[-73.0766,46.2974],[-72.9779,46.3669],[-72.9421,46.4748],[-72.7877,46.5341],[-72.658,46.598],[-72.6579,46.7072],[-72.5805,46.7795],[-72.3864,46.8429],[-72.3092,46.8326],[-72.3496,46.7327],[-72.4255,46.7092],[-72.3198,46.6132],[-72.1847,46.6361],[-72.2145,46.7229],[-72.1052,46.7684],[-71.9872,46.7691],[-71.8376,46.8002],[-71.7261,46.7725],[-71.6382,46.734],[-71.5387,46.7605],[-71.3343,46.8814],[-71.0486,46.949],[-70.9753,46.9995],[-70.8652,47.0488],[-70.8183,47.0507],[-70.7169,47.1099],[-70.6216,47.2249],[-70.5881,47.253],[-70.564,47.3173],[-70.4785,47.4293],[-70.2404,47.4869],[-70.2094,47.5098],[-70.1987,47.5692],[-70.1212,47.6518],[-69.9829,47.7057],[-69.9438,47.7523],[-69.903,47.7728],[-69.8622,47.8608],[-69.8021,47.912],[-69.775,47.9837],[-69.7808,48.0551],[-69.7351,48.131],[-69.6994,48.1411],[-69.6285,48.1871],[-69.5789,48.2343],[-69.537,48.2428],[-69.44,48.3066],[-69.41,48.3553],[-69.3358,48.4216],[-69.301,48.4702],[-69.2915,48.5182],[-69.2312,48.5862],[-69.1503,48.5733],[-69.0982,48.6529],[-69.0975,48.7036],[-69.0648,48.7715],[-68.9838,48.7741],[-68.9466,48.8111],[-68.8816,48.8297],[-68.7945,48.8856],[-68.71,48.9038],[-68.638,48.9364],[-68.6353,48.9977],[-68.6001,49.0436],[-68.5301,49.0694],[-68.4313,49.0772],[-68.3978,49.0469],[-68.3127,49.0921],[-68.2453,49.0885],[-68.1834,49.1081],[-68.1817,49.1454],[-68.2693,49.1689],[-68.2505,49.1856],[-68.1484,49.2023],[-68.1275,49.2654],[-68.0463,49.2822],[-67.9397,49.2768],[-67.8796,49.289],[-67.8059,49.266],[-67.7486,49.3014],[-67.6724,49.3025],[-67.5725,49.3209],[-67.3729,49.3157],[-67.3401,49.342],[-67.2789,49.42],[-67.2181,49.4736],[-67.2221,49.5674],[-67.2089,49.6073],[-67.1544,49.6657],[-67.1553,49.7658],[-67.0936,49.835],[-67.0294,49.8193],[-66.993,49.8582],[-66.9502,49.9711],[-66.9135,49.9975],[-66.9053,50]]],[[[-96.8112,50],[-96.9278,50],[-96.9306,49.9899],[-96.8185,49.991],[-96.8112,50]]]]},"properties":{"NA_L1CODE":"5","NA_L1NAME":"NORTHERN FORESTS","NA_L1KEY":"5  NORTHERN FORESTS","Shape_Leng":24424622.0085,"Shape_Area":2623546197520}},
{"type":"Feature","geometry":{"type":"Polygon","coordinates":[[[-113.374,37.495],[-113.4322,37.4724],[-113.511,37.4058],[-113.5093,37.3791],[-113.6176,37.3883],[-113.6009,37.3398],[-113.5688,37.3463],[-113.5497,37.2945],[-113.5765,37.276],[-113.5409,37.2383],[-113.4687,37.2164],[-113.3845,37.2364],[-113.3284,37.2634],[-113.2608,37.342],[-113.2379,37.4024],[-113.2864,37.4569],[-113.3306,37.4917],[-113.374,37.495]]]},"properties":{"NA_L1CODE":"6","NA_L1NAME":"NORTHWESTERN FORESTED MOUNTAINS","NA_L1KEY":"6  NORTHWESTERN FORESTED MOUNTAINS","Shape_Leng":113038.527156,"Shape_Area":625814702.174}},
{"type":"Feature","geometry":{"type":"Polygon","coordinates":[[[-109.3723,37.8383],[-109.3584,37.8719],[-109.3964,37.884],[-109.4538,37.9215],[-109.507,37.9254],[-109.5278,37.9612],[-109.5781,37.9569],[-109.6079,37.924],[-109.5622,37.9019],[-109.6085,37.8649],[-109.609,37.8184],[-109.5407,37.7536],[-109.4836,37.7232],[-109.4548,37.7214],[-109.3981,37.7487],[-109.3499,37.7852],[-109.3482,37.8178],[-109.3723,37.8383]]]},"properties":{"NA_L1CODE":"6","NA_L1NAME":"NORTHWESTERN FORESTED MOUNTAINS","NA_L1KEY":"6  NORTHWESTERN FORESTED MOUNTAINS","Shape_Leng":88044.9367627,"Shape_Area":405303052.586}},
{"type":"Feature","geometry":{"type":"Polygon","coordinates":[[[-110.6829,37.9301],[-110.7403,37.946],[-110.7471,37.9994],[-110.7158,38.0226],[-110.7424,38.0768],[-110.7428,38.1142],[-110.7627,38.1491],[-110.8244,38.1746],[-110.8711,38.1308],[-110.8805,38.0797],[-110.8609,38.0264],[-110.8279,37.9851],[-110.8404,37.9714],[-110.8068,37.9226],[-110.7332,37.8925],[-110.7219,37.8618],[-110.6586,37.8672],[-110.6455,37.9191],[-110.6829,37.9301]]]},"properties":{"NA_L1CODE":"6","NA_L1NAME":"NORTHWESTERN FORESTED MOUNTAINS","NA_L1KEY":"6  NORTHWESTERN FORESTED MOUNTAINS","Shape_Leng":104522.085842,"Shape_Area":343446567.646}},
{"type":"Feature","geometry":{"type":"Polygon","coordinates":[[[-109.1725,38.3654],[-109.1363,38.3935],[-109.0825,38.4135],[-109.0648,38.4647],[-109.1144,38.4908],[-109.1153,38.5199],[-109.1459,38.5481],[-109.1082,38.5839],[-109.1708,38.6146],[-109.2218,38.6222],[-109.2936,38.591],[-109.3363,38.5306],[-109.3407,38.4588],[-109.3279,38.3889],[-109.2875,38.3445],[-109.2142,38.3306],[-109.1725,38.3654]]]},"properties":{"NA_L1CODE":"6","NA_L1NAME":"NORTHWESTERN FORESTED MOUNTAINS","NA_L1KEY":"6  NORTHWESTERN FORESTED MOUNTAINS","Shape_Leng":111342.497226,"Shape_Area":540520969.992}},
{"type":"Feature","geometry":{"type":"Polygon","coordinates":[[[-108.9092,38.7711],[-108.8482,38.8063],[-108.8201,38.7904],[-108.7607,38.786],[-108.6748,38.811],[-108.6347,38.8384],[-108.6539,38.8786],[-108.7027,38.9332],[-108.7961,38.8818],[-108.8056,38.8527],[-108.8454,38.8168],[-108.9498,38.8579],[-108.9833,38.8547],[-109.0007,38.8],[-108.9736,38.7566],[-108.9092,38.7711]]]},"properties":{"NA_L1CODE":"6","NA_L1NAME":"NORTHWESTERN FORESTED MOUNTAINS","NA_L1KEY":"6  NORTHWESTERN FORESTED MOUNTAINS","Shape_Leng":108523.952992,"Shape_Area":293181723.906}},
{"type":"Feature","geometry":{"type":"Polygon","coordinates":[[[-105.8529,35.5035],[-105.829,35.5052],[-105.7796,35.5405],[-105.6967,35.4648],[-105.6568,35.4363],[-105.62,35.3642],[-105.5645,35.3022],[-105.4885,35.2875],[-105.4709,35.2967],[-105.5125,35.3557],[-105.4991,35.3909],[-105.5236,35.4289],[-105.4358,35.4347],[-105.3543,35.4174],[-105.3282,35.4708],[-105.3368,35.497],[-105.3088,35.5411],[-105.2359,35.5326],[-105.2354,35.5707],[-105.264,35.6297],[-105.2584,35.6924],[-105.2694,35.7352],[-105.2368,35.8077],[-105.2326,35.8588],[-105.1904,35.907],[-105.2005,35.9359],[-105.2446,35.9521],[-105.2235,35.9994],[-105.196,36.0263],[-105.1803,36.086],[-105.1354,36.0908],[-105.1067,36.1335],[-105.1093,36.1928],[-105.0765,36.2204],[-105.0423,36.1764],[-105.0437,36.1433],[-104.9921,36.1501],[-104.9937,36.2005],[-104.8865,36.2542],[-104.8661,36.286],[-104.8167,36.2991],[-104.766,36.2802],[-104.7429,36.2963],[-104.7641,36.3263],[-104.8524,36.3448],[-104.9282,36.3282],[-104.9775,36.3541],[-104.9476,36.4035],[-105.0191,36.4705],[-105.0172,36.4823],[-104.9413,36.5183],[-104.9079,36.5473],[-104.8809,36.5381],[-104.8245,36.5644],[-104.7718,36.6212],[-104.7125,36.6278],[-104.6976,36.6521],[-104.6258,36.6982],[-104.6114,36.7397],[-104.5478,36.7568],[-104.5414,36.8032],[-104.493,36.8006],[-104.4974,36.8378],[-104.476,36.8802],[-104.4229,36.9147],[-104.3621,36.9142],[-104.3447,36.8652],[-104.3145,36.8561],[-104.2845,36.8122],[-104.2333,36.8072],[-104.1921,36.7832],[-104.1564,36.8053],[-104.1662,36.8383],[-104.0925,36.8347],[-104.0602,36.8512],[-104.0632,36.8825],[-104.0273,36.8897],[-104.0035,36.8719],[-103.9162,36.8609],[-103.9216,36.9055],[-103.8757,36.9098],[-103.8811,36.9454],[-103.9161,36.948],[-103.9011,36.9945],[-103.9643,36.9945],[-104.0201,36.9648],[-104.094,36.9678],[-104.1355,36.9877],[-104.1662,37.0249],[-104.2258,37.0685],[-104.3715,37.1005],[-104.449,37.1377],[-104.4845,37.1279],[-104.5312,37.1625],[-104.5051,37.1962],[-104.497,37.2475],[-104.5438,37.28],[-104.5905,37.3367],[-104.5955,37.3587],[-104.6611,37.4125],[-104.6584,37.4398],[-104.684,37.5045],[-104.7355,37.5571],[-104.7979,37.5856],[-104.863,37.5315],[-104.9908,37.4839],[-105.0293,37.4879],[-105.0676,37.5107],[-105.0833,37.5413],[-105.0424,37.5934],[-105.0526,37.6613],[-105.0146,37.7257],[-104.9663,37.7711],[-104.9395,37.8211],[-104.9214,37.9121],[-104.8861,37.9211],[-104.8683,37.953],[-104.8963,37.9981],[-104.9437,38.0282],[-104.9346,38.0677],[-104.9776,38.1007],[-104.9914,38.1649],[-105.0256,38.187],[-105.0946,38.1966],[-105.1152,38.2563],[-105.2038,38.3056],[-105.2633,38.3989],[-105.2641,38.4952],[-105.2151,38.5205],[-105.1762,38.491],[-105.1265,38.476],[-105.0524,38.4953],[-104.9832,38.4888],[-104.9103,38.4954],[-104.8628,38.4595],[-104.8392,38.4802],[-104.849,38.59],[-104.821,38.6285],[-104.8394,38.6772],[-104.8287,38.7433],[-104.8578,38.7889],[-104.8853,38.866],[-104.871,38.9077],[-104.8384,38.9232],[-104.8231,38.9895],[-104.8764,39.1068],[-104.9055,39.1377],[-104.9175,39.1868],[-104.9516,39.2306],[-105.0227,39.3935],[-105.0722,39.4471],[-105.1266,39.577],[-105.1686,39.644],[-105.2097,39.7527],[-105.2343,39.7863],[-105.2693,39.8834],[-105.2904,40.0386],[-105.2791,40.1467],[-105.2347,40.2215],[-105.196,40.2229],[-105.2032,40.2668],[-105.1926,40.3112],[-105.2048,40.4037],[-105.1911,40.4462],[-105.1431,40.4402],[-105.1377,40.5283],[-105.1577,40.6185],[-105.1429,40.6486],[-105.1629,40.6869],[-105.1512,40.7733],[-105.1616,40.8086],[-105.12,40.8813],[-105.1333,40.9679],[-105.0957,40.9954],[-105.0901,41.0682],[-105.1524,41.0993],[-105.1742,41.1458],[-105.1686,41.2008],[-105.1057,41.2034],[-105.0813,41.2309],[-105.1028,41.2554],[-105.1086,41.319],[-105.1491,41.355],[-105.1441,41.3898],[-105.0301,41.4254],[-104.9912,41.466],[-105.0192,41.5279],[-104.9863,41.6256],[-104.9386,41.6573],[-104.9298,41.6796],[-104.9545,41.729],[-104.8989,41.7879],[-104.9362,41.8197],[-105.0038,41.8401],[-105.0697,41.8397],[-105.1609,41.797],[-105.1944,41.8257],[-105.2529,41.8102],[-105.234,41.8654],[-105.2093,41.8843],[-105.1859,41.9432],[-105.2524,41.9854],[-105.1597,42.0723],[-105.1556,42.0979],[-105.2225,42.1188],[-105.2298,42.1709],[-105.1881,42.1824],[-105.1752,42.2185],[-105.1979,42.2771],[-105.1169,42.2917],[-105.0526,42.331],[-105.0398,42.3828],[-105.0737,42.4218],[-105.1267,42.4413],[-105.1531,42.4721],[-105.1413,42.5266],[-105.1893,42.5702],[-105.2019,42.6032],[-105.235,42.6164],[-105.2975,42.5881],[-105.3512,42.5988],[-105.4023,42.5585],[-105.4292,42.5111],[-105.4256,42.4625],[-105.4653,42.4724],[-105.502,42.568],[-105.442,42.5582],[-105.4139,42.5759],[-105.4079,42.643],[-105.4767,42.6927],[-105.4798,42.733],[-105.5028,42.7507],[-105.5549,42.7551],[-105.5992,42.7398],[-105.6915,42.7688],[-105.7544,42.7789],[-105.9121,42.7779],[-105.9873,42.7312],[-106.065,42.702],[-106.1442,42.6819],[-106.1801,42.7044],[-106.1618,42.7483],[-106.2081,42.7735],[-106.4025,42.7691],[-106.4664,42.7638],[-106.4946,42.7486],[-106.571,42.7484],[-106.5697,42.723],[-106.5184,42.7142],[-106.458,42.6834],[-106.4224,42.65],[-106.3971,42.5709],[-106.4102,42.532],[-106.4126,42.459],[-106.3399,42.4415],[-106.3091,42.3962],[-106.2728,42.3943],[-106.19,42.4302],[-106.1076,42.4495],[-105.9961,42.424],[-105.9497,42.4032],[-105.9395,42.3687],[-105.8882,42.3106],[-105.8059,42.2673],[-105.7841,42.2186],[-105.7494,42.1913],[-105.7127,42.2057],[-105.6647,42.1905],[-105.698,42.1383],[-105.6421,42.103],[-105.6393,42.0563],[-105.5543,42.0369],[-105.4504,41.9979],[-105.483,41.9761],[-105.4927,41.8718],[-105.4382,41.8549],[-105.4325,41.8368],[-105.5041,41.7654],[-105.5266,41.7246],[-105.5401,41.655],[-105.5205,41.4784],[-105.4954,41.4134],[-105.5134,41.3739],[-105.5109,41.2815],[-105.5389,41.2101],[-105.499,41.1291],[-105.494,41.0637],[-105.5108,41.0205],[-105.544,41.0119],[-105.585,41.0697],[-105.6273,41.078],[-105.6641,41.0454],[-105.7095,40.9679],[-105.7632,40.9323],[-105.8025,40.9243],[-105.8463,40.9699],[-105.9163,40.957],[-105.9143,40.9254],[-105.8786,40.9124],[-105.8502,40.8812],[-105.8787,40.8164],[-105.9487,40.8442],[-105.9614,40.8768],[-106.0446,40.9141],[-106.0513,40.9491],[-106.0814,40.9702],[-105.9855,41.0479],[-105.948,41.1085],[-105.9985,41.1317],[-106.0094,41.1767],[-105.9866,41.21],[-106.0304,41.2789],[-106.0678,41.2737],[-106.087,41.2063],[-106.1209,41.2101],[-106.143,41.2432],[-106.1323,41.322],[-106.0716,41.3103],[-106.0391,41.3609],[-106.051,41.3884],[-106.0203,41.4181],[-106.0664,41.4768],[-106.1548,41.5568],[-106.1628,41.5774],[-106.25,41.6183],[-106.3861,41.5963],[-106.415,41.5735],[-106.4703,41.5606],[-106.4875,41.5106],[-106.5307,41.5149],[-106.5506,41.5368],[-106.5445,41.5765],[-106.4801,41.5996],[-106.4898,41.6629],[-106.516,41.7011],[-106.5579,41.7277],[-106.6572,41.6695],[-106.6155,41.603],[-106.6443,41.5514],[-106.6442,41.4816],[-106.6196,41.4401],[-106.582,41.4173],[-106.5703,41.3729],[-106.6099,41.2583],[-106.5559,41.213],[-106.5058,41.1168],[-106.4414,41.0616],[-106.4554,41.0446],[-106.5427,41.0744],[-106.5899,41.1132],[-106.6866,41.1455],[-106.7706,41.189],[-106.8363,41.1883],[-106.9285,41.2652],[-107.0226,41.3241],[-107.0406,41.3519],[-107.0872,41.3374],[-107.1466,41.3515],[-107.2011,41.3833],[-107.2258,41.422],[-107.2877,41.4668],[-107.3177,41.5308],[-107.3448,41.5506],[-107.4,41.5432],[-107.4634,41.4924],[-107.4813,41.4542],[-107.4584,41.402],[-107.4605,41.3558],[-107.4985,41.3031],[-107.5071,41.2454],[-107.4847,41.2051],[-107.4789,41.1229],[-107.458,41.082],[-107.3849,40.9847],[-107.4229,40.9605],[-107.5049,40.9603],[-107.5252,40.9333],[-107.5187,40.8832],[-107.5455,40.8487],[-107.5128,40.7313],[-107.4759,40.7191],[-107.4386,40.6858],[-107.3752,40.6869],[-107.3305,40.6753],[-107.3045,40.638],[-107.2884,40.5767],[-107.2247,40.5443],[-107.1698,40.5367],[-107.1525,40.4949],[-107.1396,40.4021],[-107.0887,40.3968],[-107.0673,40.4325],[-107.0152,40.4175],[-107.0308,40.3876],[-107.1224,40.3537],[-107.161,40.4018],[-107.2433,40.4318],[-107.2882,40.3839],[-107.3276,40.3891],[-107.4253,40.4597],[-107.4638,40.47],[-107.5044,40.4492],[-107.5428,40.4528],[-107.5773,40.4307],[-107.6375,40.4218],[-107.6956,40.3657],[-107.6201,40.3551],[-107.5977,40.3365],[-107.6318,40.3116],[-107.635,40.2861],[-107.6061,40.2317],[-107.6467,40.2081],[-107.6896,40.2032],[-107.7351,40.1716],[-107.7417,40.1161],[-107.7191,40.081],[-107.6713,40.0374],[-107.6806,39.9856],[-107.7224,39.9659],[-107.8464,39.9444],[-107.9006,39.9173],[-107.9238,39.8636],[-107.8991,39.7963],[-107.8907,39.7251],[-107.8693,39.6996],[-107.8103,39.6853],[-107.696,39.6855],[-107.6515,39.6647],[-107.5644,39.6694],[-107.5263,39.6197],[-107.4364,39.5931],[-107.4082,39.5706],[-107.4127,39.5439],[-107.4725,39.4901],[-107.4952,39.4921],[-107.6116,39.3582],[-107.6654,39.3672],[-107.7192,39.3626],[-107.7196,39.423],[-107.7496,39.4396],[-107.7629,39.4726],[-107.8142,39.4902],[-107.9737,39.4536],[-108.0285,39.396],[-108.0344,39.3693],[-108.0702,39.3342],[-108.0786,39.2936],[-108.1197,39.2885],[-108.1136,39.2534],[-108.054,39.2585],[-107.9902,39.2833],[-107.95,39.3158],[-107.8765,39.3114],[-107.7837,39.2762],[-107.8816,39.2244],[-107.9051,39.19],[-107.9668,39.1838],[-108.0186,39.1535],[-108.1017,39.1326],[-108.1348,39.1048],[-108.2409,39.1164],[-108.2862,39.0571],[-108.2313,38.9881],[-108.1872,38.9681],[-108.2283,38.9337],[-108.2001,38.8748],[-108.1234,38.8747],[-108.0488,38.9281],[-108.0438,38.9479],[-107.936,38.9734],[-107.7542,38.8866],[-107.6928,38.8835],[-107.5426,38.9267],[-107.5455,38.8837],[-107.5037,38.8641],[-107.571,38.8037],[-107.5801,38.7716],[-107.5385,38.729],[-107.5539,38.7003],[-107.5477,38.6567],[-107.568,38.6163],[-107.5455,38.5751],[-107.5707,38.5117],[-107.5459,38.469],[-107.4936,38.4511],[-107.4339,38.3968],[-107.4627,38.3555],[-107.5499,38.3489],[-107.5807,38.4168],[-107.6288,38.4075],[-107.67,38.4216],[-107.6999,38.4028],[-107.722,38.2828],[-107.6932,38.2457],[-107.6844,38.2065],[-107.6987,38.1552],[-107.724,38.1356],[-107.7731,38.1484],[-107.7971,38.1105],[-107.8452,38.117],[-107.8632,38.1515],[-107.9102,38.171],[-107.8088,38.1936],[-107.8737,38.259],[-107.9135,38.2635],[-107.934,38.2853],[-108.0264,38.333],[-108.0642,38.39],[-108.1297,38.4075],[-108.17,38.3963],[-108.1801,38.4332],[-108.26,38.5143],[-108.2858,38.5131],[-108.3308,38.554],[-108.3725,38.5375],[-108.4169,38.5421],[-108.4262,38.5645],[-108.4741,38.5543],[-108.4906,38.6022],[-108.5891,38.6052],[-108.6161,38.6482],[-108.5859,38.7552],[-108.6391,38.7759],[-108.7186,38.7707],[-108.771,38.7502],[-108.8542,38.7762],[-108.8861,38.7549],[-108.8792,38.7237],[-108.8399,38.7222],[-108.8003,38.6945],[-108.831,38.6711],[-108.8328,38.6228],[-108.7956,38.6159],[-108.7502,38.5875],[-108.7436,38.5552],[-108.6756,38.5048],[-108.6338,38.4613],[-108.5674,38.426],[-108.5044,38.4098],[-108.5106,38.3723],[-108.3596,38.297],[-108.2952,38.271],[-108.167,38.2013],[-108.2214,38.1874],[-108.2376,38.1579],[-108.1827,38.1062],[-108.2118,38.0744],[-108.2125,38.0339],[-108.1948,38.0127],[-108.1742,37.947],[-108.217,37.9475],[-108.2444,37.9681],[-108.2808,37.9625],[-108.3104,37.9285],[-108.3462,37.9238],[-108.3903,37.9755],[-108.4166,37.9803],[-108.4658,37.9546],[-108.5105,37.987],[-108.5104,37.9328],[-108.4575,37.8919],[-108.3898,37.8631],[-108.4318,37.8328],[-108.4728,37.8348],[-108.5281,37.7708],[-108.5652,37.7954],[-108.6314,37.8152],[-108.6868,37.8617],[-108.725,37.8627],[-108.7754,37.8896],[-108.7988,37.8656],[-108.7481,37.817],[-108.7652,37.7966],[-108.7246,37.7632],[-108.6927,37.7124],[-108.6978,37.6466],[-108.6297,37.6173],[-108.5846,37.5817],[-108.5246,37.5729],[-108.4721,37.5892],[-108.4848,37.5481],[-108.4539,37.4955],[-108.4904,37.4781],[-108.4893,37.4475],[-108.421,37.4436],[-108.4033,37.4038],[-108.3506,37.4238],[-108.326,37.4004],[-108.2682,37.3882],[-108.2262,37.3938],[-108.1986,37.3493],[-108.1587,37.3199],[-108.0784,37.3114],[-108.0241,37.2785],[-108.0073,37.2472],[-107.9975,37.1849],[-107.967,37.1828],[-107.9061,37.2065],[-107.8843,37.2506],[-107.8954,37.2857],[-107.8485,37.322],[-107.7931,37.3045],[-107.7799,37.2635],[-107.7318,37.2504],[-107.6545,37.2786],[-107.5853,37.2371],[-107.5029,37.2189],[-107.5144,37.1857],[-107.5497,37.1461],[-107.5235,37.0604],[-107.4419,37.0404],[-107.4083,36.9712],[-107.3748,36.9416],[-107.3313,36.9527],[-107.2846,36.9292],[-107.2684,36.8554],[-107.3297,36.8184],[-107.3335,36.773],[-107.3139,36.7072],[-107.3334,36.7001],[-107.327,36.617],[-107.3467,36.5789],[-107.2824,36.5954],[-107.242,36.5908],[-107.3286,36.5186],[-107.3278,36.4847],[-107.2806,36.4963],[-107.2567,36.4709],[-107.3206,36.4104],[-107.2333,36.3509],[-107.1793,36.3332],[-107.1635,36.3111],[-107.2166,36.2809],[-107.2248,36.2405],[-107.1745,36.2129],[-107.1655,36.173],[-107.1121,36.1743],[-107.0999,36.1427],[-107.0283,36.0656],[-107.0238,36.0154],[-106.9447,36.0448],[-106.9153,35.9746],[-106.9095,35.8927],[-106.9189,35.8545],[-106.9603,35.843],[-106.9111,35.802],[-106.899,35.7601],[-106.9207,35.697],[-106.8896,35.6688],[-106.854,35.5666],[-106.8293,35.5532],[-106.7766,35.5791],[-106.7394,35.628],[-106.7458,35.6598],[-106.6752,35.6443],[-106.6677,35.5935],[-106.568,35.5439],[-106.5433,35.5663],[-106.5001,35.5661],[-106.4289,35.6123],[-106.407,35.6414],[-106.3372,35.6863],[-106.3043,35.7233],[-106.2755,35.7327],[-106.2117,35.7944],[-106.1716,35.8487],[-106.1527,35.9312],[-106.1667,35.9716],[-106.1404,35.99],[-106.1473,36.0359],[-106.1755,36.0495],[-106.2157,36.1015],[-106.2452,36.159],[-106.3107,36.1988],[-106.3478,36.1972],[-106.3718,36.2176],[-106.4312,36.2312],[-106.4566,36.2027],[-106.5217,36.205],[-106.5664,36.1792],[-106.5986,36.176],[-106.6117,36.2088],[-106.5671,36.2761],[-106.5551,36.3207],[-106.5165,36.346],[-106.4392,36.3167],[-106.3499,36.3116],[-106.3134,36.2762],[-106.2631,36.3002],[-106.2035,36.3643],[-106.1564,36.3357],[-106.0992,36.3402],[-106.0623,36.3196],[-105.9837,36.3826],[-105.9639,36.4159],[-105.919,36.3975],[-105.9123,36.449],[-105.9324,36.534],[-105.9569,36.5646],[-105.9857,36.6962],[-106.0377,36.6963],[-106.0472,36.7332],[-106.0794,36.7654],[-106.108,36.8272],[-106.0888,36.8448],[-106.0397,36.8231],[-105.9839,36.8319],[-105.9746,36.8638],[-106.0017,36.895],[-106.0743,36.8782],[-106.0874,36.9187],[-106.126,36.9433],[-106.1601,36.9964],[-106.106,37.0501],[-106.1812,37.0578],[-106.1684,37.0932],[-106.218,37.1269],[-106.2031,37.1725],[-106.2032,37.2266],[-106.2193,37.2371],[-106.2352,37.305],[-106.2225,37.3379],[-106.2481,37.3801],[-106.2139,37.4097],[-106.2121,37.4683],[-106.237,37.5265],[-106.2756,37.5573],[-106.2999,37.634],[-106.3651,37.6654],[-106.4181,37.6167],[-106.5516,37.7005],[-106.478,37.7209],[-106.45,37.7405],[-106.3853,37.7501],[-106.3301,37.7338],[-106.3113,37.8113],[-106.2788,37.8412],[-106.2332,37.9367],[-106.1437,38.0516],[-106.2234,38.0711],[-106.2763,38.1259],[-106.2627,38.148],[-106.2201,38.1306],[-106.1777,38.1464],[-106.138,38.1194],[-106.0916,38.1204],[-106.0186,38.162],[-105.9791,38.16],[-105.9557,38.1884],[-106.0214,38.2345],[-106.0342,38.3207],[-106.0898,38.4157],[-106.0509,38.429],[-105.98,38.3777],[-105.8547,38.2694],[-105.8176,38.214],[-105.7981,38.1545],[-105.7476,38.0466],[-105.7074,38.0234],[-105.7042,37.9894],[-105.6386,37.892],[-105.5589,37.8303],[-105.507,37.8084],[-105.5042,37.7516],[-105.5923,37.6237],[-105.5895,37.5497],[-105.5584,37.514],[-105.4866,37.4957],[-105.475,37.4511],[-105.4212,37.4213],[-105.3962,37.3679],[-105.3527,37.3695],[-105.4005,37.2768],[-105.3801,37.2168],[-105.3774,37.1755],[-105.3444,37.1288],[-105.3565,37.0838],[-105.388,37.0402],[-105.3858,36.9902],[-105.4541,36.928],[-105.4984,36.9621],[-105.5325,36.9434],[-105.5698,36.7939],[-105.574,36.7014],[-105.6226,36.6782],[-105.665,36.5708],[-105.562,36.5418],[-105.5383,36.5153],[-105.5411,36.4724],[-105.5165,36.4477],[-105.5606,36.3641],[-105.6005,36.3297],[-105.718,36.3046],[-105.8196,36.2392],[-105.8344,36.2008],[-105.8176,36.1662],[-105.8711,36.1728],[-105.8739,36.1377],[-105.9044,36.0547],[-105.8529,36.0175],[-105.911,35.9205],[-105.9169,35.8888],[-105.897,35.8415],[-105.9227,35.7713],[-105.9017,35.6677],[-105.9179,35.6537],[-105.9303,35.5996],[-105.8974,35.546],[-105.8529,35.5035]]]},"properties":{"NA_L1CODE":"6","NA_L1NAME":"NORTHWESTERN FORESTED MOUNTAINS","NA_L1KEY":"6  NORTHWESTERN FORESTED MOUNTAINS","Shape_Leng":5411522.86333,"Shape_Area":144349339863}},
{"type":"Feature","geometry":{"type":"Polygon","coordinates":[[[-103.9939,44.6249],[-104.0278,44.6407],[-104.0963,44.7199],[-104.1309,44.7477],[-104.1589,44.7972],[-104.213,44.8423],[-104.3263,44.8989],[-104.4131,44.9708],[-104.5386,44.9468],[-104.7012,44.8629],[-104.8514,44.8089],[-104.8933,44.7838],[-104.9066,44.7489],[-104.883,44.669],[-104.9127,44.5765],[-104.8965,44.4528],[-104.849,44.4005],[-104.8168,44.3444],[-104.7604,44.3084],[-104.7118,44.2447],[-104.6841,44.1705],[-104.6396,44.1429],[-104.6046,44.1424],[-104.5891,44.1808],[-104.5071,44.1681],[-104.421,44.0347],[-104.336,43.9885],[-104.3093,43.9614],[-104.3044,43.8961],[-104.251,43.8587],[-104.17,43.8435],[-104.1274,43.8022],[-104.1156,43.7728],[-104.1214,43.7054],[-104.1021,43.6606],[-104.035,43.5578],[-103.9868,43.5194],[-103.9053,43.4028],[-103.8663,43.3923],[-103.812,43.4153],[-103.7407,43.2566],[-103.689,43.2564],[-103.6412,43.2811],[-103.6036,43.3166],[-103.5604,43.3104],[-103.504,43.2366],[-103.469,43.2566],[-103.4922,43.2871],[-103.4702,43.3314],[-103.4295,43.358],[-103.3439,43.5017],[-103.3483,43.5576],[-103.3091,43.6472],[-103.2822,43.6676],[-103.28,43.7107],[-103.2301,43.8132],[-103.2169,43.9872],[-103.2418,44.1572],[-103.3006,44.2206],[-103.3136,44.2485],[-103.3752,44.2933],[-103.3999,44.3444],[-103.4562,44.3998],[-103.5677,44.4782],[-103.6,44.5091],[-103.6214,44.5667],[-103.6613,44.6185],[-103.7406,44.6461],[-103.7717,44.638],[-103.8107,44.5926],[-103.8732,44.6453],[-103.9472,44.6226],[-103.9939,44.6249]]]},"properties":{"NA_L1CODE":"6","NA_L1NAME":"NORTHWESTERN FORESTED MOUNTAINS","NA_L1KEY":"6  NORTHWESTERN FORESTED MOUNTAINS","Shape_Leng":563598.339827,"Shape_Area":13907669449.5}},
{"type":"Feature","geometry":{"type":"Polygon","coordinates":[[[-106.8124,43.9058],[-106.8293,44.0044],[-106.7979,44.0811],[-106.8276,44.1733],[-106.808,44.2362],[-106.8169,44.3089],[-106.7877,44.3379],[-106.8589,44.347],[-106.8713,44.3815],[-106.9221,44.4576],[-106.904,44.5003],[-106.9145,44.5461],[-106.8941,44.576],[-106.9254,44.615],[-107.0368,44.6226],[-107.109,44.6643],[-107.1876,44.6961],[-107.2199,44.7388],[-107.3115,44.8253],[-107.3027,44.8493],[-107.3827,44.8744],[-107.4718,44.9337],[-107.5498,44.9513],[-107.5964,44.9433],[-107.6384,44.9586],[-107.6516,44.9871],[-107.735,45.0039],[-107.801,45.0696],[-107.9617,45.2496],[-108.0047,45.2639],[-108.073,45.2382],[-108.1114,45.2122],[-108.11,45.167],[-108.0441,45.0637],[-108.009,45.0271],[-108.0165,44.9984],[-107.9636,44.9704],[-107.989,44.9272],[-108.0236,44.9172],[-107.9726,44.8742],[-108.0126,44.8228],[-107.9204,44.7691],[-107.9001,44.7446],[-107.8321,44.7303],[-107.7977,44.6914],[-107.7905,44.6445],[-107.6998,44.6042],[-107.683,44.5821],[-107.6293,44.5616],[-107.6476,44.5339],[-107.6211,44.494],[-107.552,44.4633],[-107.5193,44.4362],[-107.502,44.3934],[-107.4654,44.3574],[-107.48,44.3052],[-107.4155,44.2671],[-107.3958,44.2409],[-107.4098,44.178],[-107.3379,44.149],[-107.3114,44.1172],[-107.3119,44.0641],[-107.2276,44.0127],[-107.1888,44.0033],[-107.1232,43.9211],[-107.1105,43.8731],[-107.1363,43.7663],[-107.1287,43.7259],[-107.0638,43.7149],[-107,43.7621],[-106.9987,43.8079],[-106.9651,43.8151],[-106.9452,43.9075],[-106.9125,43.9354],[-106.9506,43.974],[-106.9364,43.9974],[-106.8577,43.9053],[-106.8124,43.9058]]]},"properties":{"NA_L1CODE":"6","NA_L1NAME":"NORTHWESTERN FORESTED MOUNTAINS","NA_L1KEY":"6  NORTHWESTERN FORESTED MOUNTAINS","Shape_Leng":510094.722253,"Shape_Area":6319353110.23}},
{"type":"Feature","geometry":{"type":"Polygon","coordinates":[[[-108.2753,45.0303],[-108.2825,45.0931],[-108.2678,45.1367],[-108.3219,45.1843],[-108.3608,45.233],[-108.4093,45.3609],[-108.4491,45.3675],[-108.5623,45.3348],[-108.6659,45.3543],[-108.6951,45.3465],[-108.6953,45.2765],[-108.6418,45.254],[-108.6516,45.2317],[-108.6821,45.1985],[-108.6191,45.1094],[-108.5293,45.0675],[-108.4669,45.0596],[-108.4385,45.0416],[-108.3628,45.0493],[-108.2753,45.0303]]]},"properties":{"NA_L1CODE":"6","NA_L1NAME":"NORTHWESTERN FORESTED MOUNTAINS","NA_L1KEY":"6  NORTHWESTERN FORESTED MOUNTAINS","Shape_Leng":129502.865786,"Shape_Area":834697197.784}},
{"type":"Feature","geometry":{"type":"Polygon","coordinates":[[[-110.544,46.3862],[-110.5774,46.3837],[-110.595,46.3022],[-110.577,46.1793],[-110.4921,46.1796],[-110.4594,46.1587],[-110.4886,46.0875],[-110.4941,46.0399],[-110.4821,45.9856],[-110.3703,45.9564],[-110.3651,45.9326],[-110.2751,45.9262],[-110.2067,45.954],[-110.1366,45.9603],[-110.1655,46.0526],[-110.1571,46.1116],[-110.2021,46.1224],[-110.2422,46.1583],[-110.2315,46.2085],[-110.242,46.2669],[-110.2721,46.2961],[-110.3295,46.3057],[-110.3917,46.2722],[-110.425,46.3125],[-110.4628,46.3085],[-110.544,46.3862]]]},"properties":{"NA_L1CODE":"6","NA_L1NAME":"NORTHWESTERN FORESTED MOUNTAINS","NA_L1KEY":"6  NORTHWESTERN FORESTED MOUNTAINS","Shape_Leng":177130.838956,"Shape_Area":1020074081.76}},
{"type":"Feature","geometry":{"type":"Polygon","coordinates":[[[-109.4114,47.0334],[-109.445,46.9944],[-109.5452,46.9401],[-109.5897,46.8927],[-109.5279,46.8369],[-109.563,46.819],[-109.6344,46.811],[-109.6523,46.7792],[-109.6222,46.7584],[-109.5501,46.7347],[-109.5478,46.6892],[-109.5223,46.6801],[-109.3671,46.6832],[-109.2682,46.6509],[-109.2088,46.6535],[-109.1467,46.67],[-109.0816,46.6655],[-109.0444,46.7196],[-108.9618,46.7532],[-108.857,46.7546],[-108.8725,46.7822],[-108.9636,46.8124],[-108.9874,46.8432],[-108.8882,46.8866],[-108.8962,46.9357],[-108.9483,46.9524],[-109.0136,46.9279],[-109.0494,46.9666],[-109.1247,46.9598],[-109.2208,46.9306],[-109.304,46.9226],[-109.3267,46.9906],[-109.3777,47.0321],[-109.4114,47.0334]]]},"properties":{"NA_L1CODE":"6","NA_L1NAME":"NORTHWESTERN FORESTED MOUNTAINS","NA_L1KEY":"6  NORTHWESTERN FORESTED MOUNTAINS","Shape_Leng":213315.728563,"Shape_Area":1546874423.6}},
{"type":"Feature","geometry":{"type":"Polygon","coordinates":[[[-109.5058,47.1901],[-109.5591,47.1938],[-109.5439,47.1248],[-109.4931,47.1602],[-109.5058,47.1901]]]},"properties":{"NA_L1CODE":"6","NA_L1NAME":"NORTHWESTERN FORESTED MOUNTAINS","NA_L1KEY":"6  NORTHWESTERN FORESTED MOUNTAINS","Shape_Leng":27223.7573623,"Shape_Area":35028100.2312}},
{"type":"Feature","geometry":{"type":"Polygon","coordinates":[[[-109.2052,47.2497],[-109.2803,47.2415],[-109.3794,47.1447],[-109.3558,47.1051],[-109.2734,47.0803],[-109.2556,47.0548],[-109.2844,47.0313],[-109.173,47.0219],[-109.2602,47.0787],[-109.2011,47.0808],[-109.2152,47.1321],[-109.1476,47.2115],[-109.0582,47.2164],[-109.0194,47.251],[-109.0685,47.262],[-109.1057,47.2381],[-109.2052,47.2497]]]},"properties":{"NA_L1CODE":"6","NA_L1NAME":"NORTHWESTERN FORESTED MOUNTAINS","NA_L1KEY":"6  NORTHWESTERN FORESTED MOUNTAINS","Shape_Leng":117124.630773,"Shape_Area":280278151.778}},
{"type":"Feature","geometry":{"type":"Polygon","coordinates":[[[-111.149,47.0976],[-111.1877,47.1651],[-111.2384,47.1688],[-111.2925,47.1529],[-111.2971,47.0613],[-111.3182,46.96],[-111.3013,46.9352],[-111.3237,46.8986],[-111.2528,46.8205],[-111.1883,46.791],[-111.1706,46.8654],[-111.0842,46.8593],[-111.0673,46.8267],[-111.1467,46.7986],[-111.1506,46.7532],[-111.1039,46.7248],[-110.9956,46.7202],[-110.8896,46.6684],[-110.7896,46.6567],[-110.7176,46.7099],[-110.6204,46.6795],[-110.5967,46.657],[-110.5152,46.639],[-110.5051,46.5925],[-110.5207,46.5616],[-110.4518,46.5396],[-110.4722,46.503],[-110.5939,46.5552],[-110.5964,46.5848],[-110.6517,46.5928],[-110.6524,46.5587],[-110.6859,46.5334],[-110.7755,46.5605],[-110.7965,46.5261],[-110.8439,46.5002],[-110.8465,46.4435],[-110.7595,46.3909],[-110.7142,46.3914],[-110.6884,46.4178],[-110.5803,46.4923],[-110.5301,46.495],[-110.4399,46.4473],[-110.4251,46.4651],[-110.4438,46.5653],[-110.3547,46.6242],[-110.3117,46.6304],[-110.2349,46.6197],[-110.1614,46.6269],[-110.0069,46.6936],[-109.9481,46.6933],[-109.9063,46.7123],[-109.938,46.7572],[-110.1916,46.7734],[-110.2485,46.7978],[-110.3371,46.8683],[-110.2908,46.9833],[-110.3472,46.9994],[-110.3924,47.0268],[-110.4422,47.0254],[-110.46,47.1165],[-110.528,47.1247],[-110.5909,47.1515],[-110.639,47.1087],[-110.6967,47.1326],[-110.7725,47.1082],[-110.8126,47.1241],[-110.8632,47.1164],[-110.9343,47.1476],[-111.0345,47.1387],[-111.0778,47.153],[-111.1135,47.1414],[-111.1111,47.1125],[-111.149,47.0976]]]},"properties":{"NA_L1CODE":"6","NA_L1NAME":"NORTHWESTERN FORESTED MOUNTAINS","NA_L1KEY":"6  NORTHWESTERN FORESTED MOUNTAINS","Shape_Leng":530045.289868,"Shape_Area":4314040881.31}},
{"type":"Feature","geometry":{"type":"Polygon","coordinates":[[[-109.4635,47.3239],[-109.5161,47.3148],[-109.5274,47.2679],[-109.4933,47.2392],[-109.4411,47.259],[-109.4635,47.3239]]]},"properties":{"NA_L1CODE":"6","NA_L1NAME":"NORTHWESTERN FORESTED MOUNTAINS","NA_L1KEY":"6  NORTHWESTERN FORESTED MOUNTAINS","Shape_Leng":27438.2626681,"Shape_Area":51896465.858}},
{"type":"Feature","geometry":{"type":"Polygon","coordinates":[[[-111.9747,47.307],[-112.0094,47.3006],[-112.0181,47.2465],[-112.0674,47.1996],[-111.9974,47.1556],[-111.9518,47.1494],[-111.9197,47.1079],[-111.9315,47.0758],[-111.875,47.017],[-111.848,46.9681],[-111.7471,46.957],[-111.707,46.9829],[-111.724,47.0198],[-111.6669,47.0341],[-111.5786,47.0406],[-111.5993,47.0781],[-111.567,47.1134],[-111.6273,47.1354],[-111.6359,47.1604],[-111.7039,47.1818],[-111.764,47.1601],[-111.8225,47.1731],[-111.7918,47.2402],[-111.8283,47.2633],[-111.924,47.2756],[-111.9183,47.2436],[-111.973,47.2331],[-111.9925,47.2729],[-111.9747,47.307]]]},"properties":{"NA_L1CODE":"6","NA_L1NAME":"NORTHWESTERN FORESTED MOUNTAINS","NA_L1KEY":"6  NORTHWESTERN FORESTED MOUNTAINS","Shape_Leng":164192.927617,"Shape_Area":675137476.161}},
{"type":"Feature","geometry":{"type":"Polygon","coordinates":[[[-110.502,47.5623],[-110.5898,47.5513],[-110.6221,47.5644],[-110.6732,47.5073],[-110.6628,47.4657],[-110.7298,47.4501],[-110.7052,47.4228],[-110.6615,47.4104],[-110.6629,47.3671],[-110.6338,47.3597],[-110.5733,47.4052],[-110.5056,47.3806],[-110.4713,47.4611],[-110.4007,47.4764],[-110.5158,47.5447],[-110.502,47.5623]]]},"properties":{"NA_L1CODE":"6","NA_L1NAME":"NORTHWESTERN FORESTED MOUNTAINS","NA_L1KEY":"6  NORTHWESTERN FORESTED MOUNTAINS","Shape_Leng":116990.633279,"Shape_Area":311193872.642}},
{"type":"Feature","geometry":{"type":"Polygon","coordinates":[[[-108.5848,48.0277],[-108.6424,48.0356],[-108.6778,47.9942],[-108.7129,47.9253],[-108.663,47.8929],[-108.6667,47.8757],[-108.5671,47.8791],[-108.5171,47.9117],[-108.4722,47.9119],[-108.41,47.9421],[-108.4,47.967],[-108.4727,47.9956],[-108.5263,47.988],[-108.5434,48.0216],[-108.5848,48.0277]]]},"properties":{"NA_L1CODE":"6","NA_L1NAME":"NORTHWESTERN FORESTED MOUNTAINS","NA_L1KEY":"6  NORTHWESTERN FORESTED MOUNTAINS","Shape_Leng":84884.1356858,"Shape_Area":263901635.787}},
{"type":"Feature","geometry":{"type":"Polygon","coordinates":[[[-109.0397,48.2617],[-109.1071,48.2525],[-109.1471,48.2026],[-109.1806,48.2218],[-109.2471,48.2048],[-109.1142,48.1489],[-109.0812,48.169],[-109.0888,48.2082],[-109.0604,48.2161],[-109.0397,48.2617]]]},"properties":{"NA_L1CODE":"6","NA_L1NAME":"NORTHWESTERN FORESTED MOUNTAINS","NA_L1KEY":"6  NORTHWESTERN FORESTED MOUNTAINS","Shape_Leng":57311.5400231,"Shape_Area":89945924.25}},
{"type":"Feature","geometry":{"type":"Polygon","coordinates":[[[-109.7135,48.343],[-109.7878,48.318],[-109.743,48.2887],[-109.8423,48.2572],[-109.8777,48.195],[-109.8302,48.1771],[-109.8129,48.1232],[-109.836,48.1118],[-109.7825,48.0636],[-109.7258,48.0937],[-109.5943,48.1369],[-109.5914,48.1767],[-109.479,48.1985],[-109.4469,48.1831],[-109.4029,48.202],[-109.43,48.266],[-109.4732,48.299],[-109.5425,48.2481],[-109.6062,48.2402],[-109.6614,48.2656],[-109.6727,48.2987],[-109.7135,48.343]]]},"properties":{"NA_L1CODE":"6","NA_L1NAME":"NORTHWESTERN FORESTED MOUNTAINS","NA_L1KEY":"6  NORTHWESTERN FORESTED MOUNTAINS","Shape_Leng":154928.69795,"Shape_Area":529780584.011}},
{"type":"Feature","geometry":{"type":"Polygon","coordinates":[[[-111.0982,48.8726],[-111.1749,48.8724],[-111.1734,48.8463],[-111.1083,48.8369],[-111.0982,48.8726]]]},"properties":{"NA_L1CODE":"6","NA_L1NAME":"NORTHWESTERN FORESTED MOUNTAINS","NA_L1KEY":"6  NORTHWESTERN FORESTED MOUNTAINS","Shape_Leng":24322.8367389,"Shape_Area":22781161.826}},
{"type":"Feature","geometry":{"type":"Polygon","coordinates":[[[-123.6598,47.9428],[-123.7558,47.971],[-123.779,47.9516],[-123.7885,47.8915],[-123.7017,47.8964],[-123.6928,47.8598],[-123.7495,47.854],[-123.7695,47.8011],[-123.7483,47.7687],[-123.7624,47.7337],[-123.643,47.7746],[-123.6626,47.718],[-123.6998,47.6925],[-123.6283,47.6735],[-123.5862,47.6855],[-123.5391,47.6547],[-123.5329,47.6176],[-123.4762,47.6298],[-123.4532,47.6573],[-123.378,47.6541],[-123.424,47.6164],[-123.346,47.586],[-123.329,47.5389],[-123.2864,47.5744],[-123.1741,47.6047],[-123.1252,47.6464],[-123.3161,47.664],[-123.178,47.693],[-123.2293,47.717],[-123.2273,47.744],[-123.3064,47.7744],[-123.2761,47.7987],[-123.2301,47.7653],[-123.1128,47.7413],[-123.0866,47.7592],[-123.1035,47.7932],[-123.0249,47.8104],[-123.0345,47.8908],[-123.0612,47.8927],[-123.1153,47.9356],[-123.1566,47.9145],[-123.2108,47.9163],[-123.241,47.8827],[-123.2996,47.9452],[-123.4438,47.9601],[-123.4531,47.9831],[-123.4027,48.0158],[-123.4661,48.0237],[-123.486,48.0028],[-123.5442,48.0111],[-123.5726,47.9847],[-123.4746,47.9367],[-123.4165,47.8561],[-123.4521,47.8424],[-123.5064,47.9035],[-123.5577,47.8524],[-123.5698,47.9081],[-123.599,47.9309],[-123.6429,47.9114],[-123.6598,47.9428]]]},"properties":{"NA_L1CODE":"6","NA_L1NAME":"NORTHWESTERN FORESTED MOUNTAINS","NA_L1KEY":"6  NORTHWESTERN FORESTED MOUNTAINS","Shape_Leng":464969.308751,"Shape_Area":1523688546.77}},
{"type":"Feature","geometry":{"type":"Polygon","coordinates":[[[-110.1839,49.9273],[-110.2518,49.9282],[-110.3306,49.9067],[-110.4775,49.9029],[-110.5596,49.8783],[-110.6465,49.8689],[-110.7278,49.8365],[-110.825,49.7559],[-110.8889,49.7237],[-110.9203,49.6735],[-110.8995,49.6381],[-110.8538,49.6142],[-110.7612,49.635],[-110.7189,49.5793],[-110.7267,49.5155],[-110.6846,49.4893],[-110.6071,49.4746],[-110.5842,49.4397],[-110.5899,49.3946],[-110.5678,49.3626],[-110.4409,49.3336],[-110.3024,49.341],[-110.189,49.3386],[-110.0825,49.3953],[-110.0003,49.4226],[-109.9561,49.3921],[-109.8153,49.4012],[-109.7577,49.3804],[-109.638,49.4157],[-109.455,49.4299],[-109.2891,49.4183],[-109.1984,49.3945],[-109.095,49.4043],[-109.0957,49.4353],[-109.0079,49.4127],[-108.9003,49.4439],[-108.8948,49.4705],[-108.8508,49.478],[-108.7769,49.5186],[-108.7653,49.5521],[-108.6448,49.6203],[-108.5946,49.6844],[-108.5787,49.7561],[-108.5382,49.8071],[-108.5386,49.8479],[-108.5614,49.8949],[-108.6452,49.9139],[-108.6869,49.8948],[-108.8326,49.9267],[-108.9326,49.8654],[-108.9886,49.8741],[-109.099,49.8556],[-109.1453,49.8967],[-109.2265,49.9107],[-109.3529,49.8877],[-109.5212,49.8344],[-109.5575,49.8498],[-109.62,49.8516],[-109.6927,49.8755],[-109.7491,49.8578],[-109.7974,49.8824],[-109.9598,49.9162],[-109.9998,49.9092],[-110.0573,49.9213],[-110.1839,49.9273]]]},"properties":{"NA_L1CODE":"6","NA_L1NAME":"NORTHWESTERN FORESTED MOUNTAINS","NA_L1KEY":"6  NORTHWESTERN FORESTED MOUNTAINS","Shape_Leng":476942.343825,"Shape_Area":8242555721.98}},
{"type":"Feature","geometry":{"type":"Polygon","coordinates":[[[-113.9409,50],[-118.5124,50],[-118.5371,49.9194],[-118.616,49.8113],[-118.7316,49.6918],[-118.7718,49.604],[-118.7131,49.4959],[-118.6779,49.4136],[-118.6783,49.3288],[-118.5694,49.2429],[-118.4539,49.1871],[-118.3548,49.1259],[-118.3947,49.0237],[-118.5891,49.0122],[-118.7144,49.046],[-118.8433,49.0644],[-119.0425,49.1079],[-119.1912,49.0899],[-119.331,49.09],[-119.3499,49.005],[-119.328,48.9453],[-119.3902,48.9301],[-119.4069,48.8836],[-119.3638,48.8387],[-119.3479,48.7865],[-119.218,48.6698],[-119.2828,48.6342],[-119.3527,48.6491],[-119.3422,48.6158],[-119.3859,48.6062],[-119.4229,48.6208],[-119.4565,48.5864],[-119.3869,48.5808],[-119.3045,48.5607],[-119.2598,48.5287],[-119.2488,48.501],[-119.3372,48.4954],[-119.4697,48.5532],[-119.4916,48.5067],[-119.3932,48.4316],[-119.3682,48.3938],[-119.2782,48.3684],[-119.2903,48.3308],[-119.3572,48.3601],[-119.4257,48.3453],[-119.298,48.23],[-119.2409,48.194],[-119.312,48.1884],[-119.3224,48.1633],[-119.2812,48.1274],[-119.1857,48.1762],[-119.1561,48.1646],[-118.9907,48.1796],[-118.9851,48.2031],[-118.922,48.2005],[-118.8825,48.2221],[-118.8336,48.2197],[-118.8372,48.1639],[-118.8616,48.1031],[-118.8541,48.0786],[-118.8698,48.0177],[-118.9454,47.9879],[-118.933,47.9537],[-118.8487,47.9696],[-118.7883,47.9321],[-118.7199,47.9279],[-118.6651,47.951],[-118.6205,47.9375],[-118.5382,47.9329],[-118.5212,47.8949],[-118.4549,47.8791],[-118.4211,47.8439],[-118.3904,47.8497],[-118.3445,47.9107],[-118.2211,47.9517],[-118.1858,47.935],[-118.0999,47.8472],[-118.0546,47.8175],[-117.9739,47.8368],[-117.9215,47.8338],[-117.8617,47.8517],[-117.8149,47.8841],[-117.7649,47.8497],[-117.6915,47.8665],[-117.6308,47.801],[-117.555,47.761],[-117.5433,47.7202],[-117.5109,47.7118],[-117.438,47.6104],[-117.366,47.5397],[-117.3226,47.547],[-117.2821,47.5078],[-117.169,47.5231],[-117.1067,47.5397],[-117.0289,47.4819],[-117.0027,47.4288],[-116.9311,47.4155],[-116.9295,47.3958],[-116.9769,47.3718],[-116.9481,47.3121],[-116.87,47.2453],[-116.872,47.1852],[-116.7988,47.1374],[-116.7753,47.1104],[-116.7814,47.0655],[-116.8539,47.0535],[-116.878,47.0937],[-116.9473,47.1431],[-117.0182,47.124],[-116.9802,47.0669],[-117.0135,47.0143],[-116.9669,47.0119],[-116.8838,47.0337],[-116.8404,46.9638],[-116.7664,46.9387],[-116.6747,46.9697],[-116.6556,46.9527],[-116.6921,46.9193],[-116.8609,46.9123],[-116.9012,46.9155],[-116.9309,46.8938],[-117.0029,46.8744],[-116.9981,46.8354],[-117.027,46.8019],[-116.978,46.7825],[-116.9341,46.7463],[-116.9359,46.7076],[-116.9949,46.6807],[-116.9012,46.6694],[-116.888,46.6408],[-116.8327,46.6229],[-116.766,46.5333],[-116.727,46.5133],[-116.6688,46.445],[-116.6601,46.4016],[-116.6254,46.3789],[-116.7205,46.3015],[-116.7428,46.2322],[-116.7928,46.2326],[-116.8174,46.2023],[-116.9035,46.1763],[-116.9545,46.1746],[-116.9872,46.1211],[-117.0377,46.0959],[-117.1086,46.0835],[-117.1657,46.1307],[-117.2186,46.1454],[-117.2536,46.173],[-117.2979,46.1612],[-117.3426,46.1804],[-117.355,46.2093],[-117.3945,46.2188],[-117.4182,46.2857],[-117.4911,46.2752],[-117.5479,46.361],[-117.618,46.3105],[-117.6741,46.3247],[-117.738,46.3269],[-117.7937,46.31],[-117.799,46.2766],[-117.8401,46.2735],[-117.8201,46.2359],[-117.8615,46.2143],[-117.9608,46.2102],[-117.9722,46.1691],[-118.0452,46.1111],[-118.1524,46.081],[-118.1416,46.0353],[-118.1484,45.9523],[-118.1707,45.9209],[-118.154,45.8929],[-118.1827,45.8384],[-118.2723,45.8371],[-118.3503,45.8107],[-118.3921,45.7517],[-118.3962,45.6904],[-118.4294,45.647],[-118.5228,45.6297],[-118.5995,45.5902],[-118.6207,45.5612],[-118.5615,45.5561],[-118.5616,45.4801],[-118.5042,45.4826],[-118.5104,45.451],[-118.6092,45.4133],[-118.6144,45.372],[-118.6785,45.3599],[-118.724,45.3683],[-118.8356,45.3519],[-118.8421,45.3308],[-118.9226,45.3291],[-118.9452,45.2927],[-119.0048,45.2653],[-119.0416,45.27],[-119.0664,45.2369],[-119.1096,45.2236],[-119.1552,45.2632],[-119.1976,45.2503],[-119.3065,45.2581],[-119.397,45.2296],[-119.5238,45.1315],[-119.673,45.0981],[-119.7378,45.0974],[-119.7538,45.0712],[-119.8339,45.0673],[-119.8525,45.054],[-119.9453,45.0561],[-120.0775,45.0226],[-120.1795,45.041],[-120.287,45.0331],[-120.3302,45.0524],[-120.3494,45.027],[-120.3919,45.0493],[-120.4098,45.0115],[-120.3886,44.993],[-120.4373,44.9649],[-120.4814,45.067],[-120.5139,45.0413],[-120.5487,44.969],[-120.6184,44.9437],[-120.6414,44.966],[-120.7427,44.9256],[-120.7867,44.9247],[-120.8347,44.8843],[-120.8901,44.8852],[-120.9269,44.8655],[-120.963,44.8012],[-121.0682,44.8097],[-121.0579,44.8424],[-120.9874,44.8819],[-120.9788,44.9138],[-121.0617,44.967],[-121.0997,45.025],[-121.1555,45.0145],[-121.2488,45.0479],[-121.2705,45.078],[-121.3704,45.1028],[-121.3685,45.1415],[-121.3339,45.172],[-121.3241,45.2156],[-121.2621,45.226],[-121.2501,45.2473],[-121.262,45.3049],[-121.2329,45.3385],[-121.2039,45.4014],[-121.1455,45.4532],[-121.214,45.4656],[-121.1636,45.5139],[-121.1952,45.5606],[-121.2471,45.5789],[-121.2819,45.6147],[-121.2012,45.6701],[-121.2016,45.6974],[-121.0919,45.7186],[-121.0438,45.7751],[-121.0532,45.8122],[-120.964,45.8395],[-120.8999,45.8893],[-120.8724,45.8901],[-120.8269,45.842],[-120.79,45.8356],[-120.6717,45.8422],[-120.6017,45.7957],[-120.5716,45.7936],[-120.5046,45.852],[-120.4144,45.8391],[-120.4228,45.8733],[-120.3955,45.8897],[-120.3995,45.9658],[-120.3529,45.9862],[-120.3514,46.0206],[-120.3841,46.0284],[-120.483,46.0141],[-120.5152,46.0411],[-120.6206,46.0395],[-120.6579,46.0536],[-120.6714,46.0942],[-120.7081,46.13],[-120.7467,46.1438],[-120.7546,46.1771],[-120.7916,46.1995],[-120.7754,46.2442],[-120.8361,46.2519],[-120.8865,46.2968],[-120.8644,46.3219],[-120.98,46.4336],[-120.9143,46.4591],[-120.9053,46.4853],[-120.9347,46.5536],[-120.8769,46.6047],[-120.8865,46.6295],[-120.9569,46.6516],[-120.9074,46.7633],[-120.8517,46.772],[-120.7463,46.8062],[-120.7798,46.8309],[-120.7998,46.8803],[-120.7851,46.9178],[-120.7471,46.9287],[-120.7458,46.9731],[-120.7725,46.9927],[-120.7635,47.075],[-120.7913,47.1091],[-120.7924,47.1536],[-120.7411,47.1572],[-120.6442,47.182],[-120.5672,47.1689],[-120.5103,47.1716],[-120.4371,47.147],[-120.3937,47.149],[-120.3045,47.1177],[-120.2382,47.1079],[-120.2198,47.1908],[-120.2432,47.2246],[-120.2563,47.2885],[-120.3606,47.3349],[-120.421,47.3987],[-120.4161,47.4414],[-120.4913,47.4918],[-120.5033,47.5181],[-120.4124,47.5537],[-120.3705,47.54],[-120.2729,47.5991],[-120.2708,47.6535],[-120.3036,47.657],[-120.3465,47.6904],[-120.3126,47.7033],[-120.2435,47.6991],[-120.2346,47.7592],[-120.1774,47.8001],[-120.1407,47.8041],[-120.1225,47.8531],[-120.1763,47.8877],[-120.195,47.92],[-120.1838,47.9495],[-120.051,47.9159],[-120.0386,47.8777],[-119.9691,47.8479],[-119.9719,47.8896],[-119.8841,47.9569],[-119.9236,47.9897],[-119.9369,48.0364],[-120.0259,48.0947],[-120.1408,48.2247],[-120.1604,48.2568],[-120.2498,48.2806],[-120.2238,48.3112],[-120.1329,48.3106],[-120.1345,48.3392],[-120.259,48.347],[-120.2357,48.3756],[-120.2681,48.4082],[-120.2596,48.4625],[-120.3062,48.5304],[-120.2061,48.5663],[-120.1662,48.5657],[-120.1362,48.5079],[-120.0879,48.4636],[-119.9979,48.4151],[-119.9811,48.3765],[-119.9812,48.3267],[-120.0526,48.267],[-120.0573,48.2154],[-120.0099,48.2048],[-119.8979,48.1583],[-119.8087,48.1634],[-119.771,48.2248],[-119.7736,48.2498],[-119.8144,48.2794],[-119.792,48.3079],[-119.7221,48.3071],[-119.7221,48.3373],[-119.652,48.3624],[-119.6368,48.4342],[-119.6848,48.5123],[-119.7691,48.5409],[-119.7341,48.579],[-119.6759,48.5479],[-119.5633,48.5197],[-119.5402,48.5342],[-119.5437,48.5773],[-119.5915,48.5946],[-119.5363,48.6194],[-119.5203,48.6509],[-119.5845,48.7708],[-119.6091,48.8372],[-119.5429,48.8648],[-119.4478,48.8411],[-119.4733,48.9021],[-119.5,48.9144],[-119.512,48.9732],[-119.5836,48.9793],[-119.6686,48.9338],[-119.7103,48.9584],[-119.708,49.0003],[-119.6261,49.0384],[-119.6192,49.1578],[-119.6595,49.2576],[-119.7654,49.3822],[-120.038,49.438],[-120.1022,49.4202],[-120.0876,49.3448],[-120.0246,49.2133],[-120.0647,49.1737],[-120.1296,49.2342],[-120.1808,49.2553],[-120.2555,49.3052],[-120.4977,49.2525],[-120.5361,49.1853],[-120.5904,49.188],[-120.5895,49.2282],[-120.6598,49.2597],[-120.6663,49.2992],[-120.752,49.4018],[-120.8116,49.4356],[-120.8324,49.5432],[-120.9521,49.4956],[-121.0423,49.4757],[-121.0974,49.4766],[-121.4932,49.4065],[-121.5016,49.3886],[-121.5976,49.3654],[-121.6913,49.3072],[-121.6731,49.281],[-121.6986,49.2147],[-121.7326,49.2079],[-121.8389,49.1289],[-121.8579,49.105],[-121.8078,49.0757],[-121.9162,49.0616],[-122.0285,49.016],[-122.0806,49.002],[-122.1754,49.0023],[-122.2693,48.9479],[-122.2901,48.8892],[-122.2709,48.8219],[-122.3141,48.8193],[-122.3486,48.7471],[-122.3007,48.7203],[-122.2665,48.6719],[-122.2842,48.6031],[-122.2155,48.5953],[-122.2059,48.5319],[-122.1202,48.5247],[-122.0605,48.5294],[-122.0231,48.5136],[-122.0303,48.4856],[-122.167,48.4837],[-122.205,48.4219],[-122.1518,48.3437],[-122.1138,48.3356],[-122.107,48.2863],[-122.0299,48.2688],[-122.0274,48.2142],[-121.9838,48.22],[-122.0079,48.1661],[-121.985,48.1227],[-121.9325,48.1258],[-121.9,48.0111],[-121.7862,47.996],[-121.796,47.9395],[-121.7192,47.9198],[-121.6446,47.8678],[-121.6634,47.8373],[-121.7468,47.8338],[-121.8083,47.7838],[-121.7643,47.6949],[-121.7679,47.6362],[-121.7446,47.6164],[-121.7221,47.5601],[-121.7659,47.5151],[-121.7278,47.4746],[-121.7385,47.4369],[-121.7753,47.4435],[-121.8196,47.5073],[-121.8938,47.4926],[-121.9224,47.5229],[-121.97,47.5361],[-122.0614,47.5224],[-122.0767,47.5001],[-122.0069,47.4923],[-121.939,47.4107],[-121.8652,47.4279],[-121.8365,47.4079],[-121.8864,47.3656],[-121.918,47.3583],[-121.8939,47.3194],[-121.9203,47.2988],[-121.9296,47.225],[-121.8834,47.1585],[-121.9444,47.1206],[-121.9871,47.135],[-122.0454,47.1235],[-122.0312,47.0735],[-122.088,47.0824],[-122.186,47.0407],[-122.1986,46.9878],[-122.2313,46.9838],[-122.2659,46.9483],[-122.2903,46.8633],[-122.3314,46.8614],[-122.3513,46.8285],[-122.45,46.8306],[-122.4625,46.7819],[-122.6127,46.8386],[-122.644,46.8354],[-122.7114,46.8716],[-122.8219,46.8597],[-122.8299,46.8204],[-122.7376,46.7941],[-122.6771,46.754],[-122.7195,46.716],[-122.7057,46.6666],[-122.6614,46.6594],[-122.6169,46.6297],[-122.4916,46.6013],[-122.5574,46.5424],[-122.545,46.4651],[-122.6418,46.4107],[-122.655,46.3859],[-122.6467,46.3169],[-122.6702,46.2764],[-122.7267,46.2341],[-122.7903,46.2498],[-122.8227,46.2173],[-122.8331,46.1399],[-122.7784,46.1402],[-122.7727,46.0767],[-122.7351,46.0622],[-122.7546,46.0255],[-122.805,46.0088],[-122.7685,45.9787],[-122.7469,45.9394],[-122.5998,45.9539],[-122.5612,45.9069],[-122.5157,45.9122],[-122.5158,45.8614],[-122.4639,45.8165],[-122.4397,45.7661],[-122.4548,45.6977],[-122.429,45.6716],[-122.3544,45.6352],[-122.2568,45.6198],[-122.1922,45.6217],[-122.2003,45.5642],[-122.24,45.5436],[-122.3103,45.5392],[-122.2906,45.4775],[-122.2602,45.4528],[-122.266,45.3869],[-122.293,45.3622],[-122.266,45.3151],[-122.3073,45.2855],[-122.3476,45.2833],[-122.3752,45.178],[-122.4115,45.1527],[-122.475,45.1319],[-122.506,45.0823],[-122.5588,45.0827],[-122.5948,45.0458],[-122.7026,45.0067],[-122.6945,44.9146],[-122.7203,44.871],[-122.6682,44.8148],[-122.5818,44.8024],[-122.5804,44.757],[-122.6276,44.7378],[-122.611,44.7126],[-122.7019,44.6721],[-122.6922,44.5906],[-122.7269,44.5516],[-122.7038,44.487],[-122.7037,44.453],[-122.6512,44.3814],[-122.7139,44.3638],[-122.724,44.3277],[-122.7953,44.3122],[-122.8131,44.2926],[-122.869,44.3146],[-122.918,44.3001],[-122.9457,44.2511],[-123.0032,44.2078],[-123.0194,44.1767],[-122.9799,44.1153],[-122.957,44.1575],[-122.9199,44.1871],[-122.8709,44.1894],[-122.8255,44.2181],[-122.778,44.1951],[-122.7838,44.1691],[-122.8488,44.1515],[-122.7938,44.1181],[-122.7718,44.0882],[-122.7296,44.1011],[-122.7097,44.0787],[-122.8585,44.0269],[-122.8335,44.0038],[-122.7627,44.0109],[-122.7135,43.9514],[-122.6577,43.9119],[-122.7301,43.8865],[-122.7849,43.8893],[-122.7652,43.8549],[-122.8318,43.8567],[-122.8896,43.9202],[-122.9464,43.8921],[-122.9841,43.8997],[-123.0017,43.8686],[-122.985,43.8218],[-122.8693,43.7835],[-122.8987,43.7434],[-122.9563,43.7738],[-122.9575,43.6925],[-122.9905,43.7061],[-123.0005,43.7491],[-123.0415,43.772],[-123.0408,43.7067],[-123.1242,43.6056],[-123.2135,43.6366],[-123.2182,43.6505],[-123.293,43.6676],[-123.3478,43.666],[-123.3347,43.7076],[-123.3954,43.719],[-123.4549,43.6712],[-123.3973,43.6524],[-123.4102,43.6078],[-123.3647,43.5881],[-123.385,43.535],[-123.445,43.4961],[-123.4633,43.4098],[-123.5257,43.3774],[-123.5492,43.327],[-123.5256,43.2841],[-123.5877,43.1782],[-123.6368,43.1471],[-123.6654,43.1089],[-123.7077,43.0989],[-123.7355,43.0729],[-123.7597,42.9951],[-123.6479,42.8872],[-123.6556,42.8537],[-123.6915,42.838],[-123.7155,42.792],[-123.7751,42.8084],[-123.8422,42.803],[-123.9014,42.784],[-123.9432,42.7289],[-124.0117,42.6902],[-124.0445,42.6864],[-124.1132,42.6547],[-124.1092,42.6216],[-124.1334,42.5861],[-124.1813,42.5569],[-124.2281,42.5441],[-124.2234,42.477],[-124.2962,42.4841],[-124.3307,42.409],[-124.2998,42.3781],[-124.3176,42.3473],[-124.3161,42.3061],[-124.2786,42.2538],[-124.3376,42.2687],[-124.3688,42.2524],[-124.3135,42.135],[-124.2747,42.092],[-124.2107,42.1087],[-124.1948,42.1526],[-124.1326,42.1924],[-124.1282,42.1276],[-124.1076,42.0388],[-124.0713,42.047],[-124.0297,42.0002],[-124.0639,41.9233],[-123.9563,41.6618],[-123.9526,41.6258],[-123.9209,41.5756],[-123.888,41.3865],[-123.8744,41.2177],[-123.853,41.1243],[-123.8526,40.9608],[-123.8625,40.8768],[-123.8543,40.8296],[-123.8737,40.7557],[-123.8656,40.7084],[-123.8875,40.6544],[-123.8894,40.6049],[-123.868,40.4707],[-123.8399,40.3872],[-123.8119,40.3444],[-123.8148,40.3111],[-123.7639,40.2245],[-123.7509,40.1784],[-123.5911,39.9123],[-123.5467,39.7998],[-123.5587,39.7481],[-123.5549,39.6836],[-123.5315,39.5419],[-123.4889,39.4332],[-123.3563,39.2714],[-123.3249,39.2465],[-123.2246,39.2772],[-123.1936,39.3206],[-123.1295,39.3382],[-123.0585,39.281],[-122.9895,39.2042],[-122.952,39.202],[-122.9069,39.2304],[-122.8886,39.2871],[-122.9129,39.3754],[-122.8872,39.4025],[-122.8211,39.3507],[-122.7396,39.2417],[-122.7081,39.1799],[-122.6766,39.1677],[-122.6566,39.2123],[-122.6926,39.3142],[-122.7009,39.4178],[-122.6728,39.5159],[-122.6854,39.5597],[-122.7529,39.6463],[-122.7603,39.7092],[-122.7453,39.7599],[-122.777,39.7884],[-122.7663,39.836],[-122.7192,39.881],[-122.7084,39.9403],[-122.7199,40.0275],[-122.78,40.1396],[-122.7989,40.2395],[-122.8406,40.3118],[-122.8572,40.3759],[-122.8457,40.4167],[-122.7952,40.4594],[-122.7138,40.4821],[-122.6011,40.545],[-122.5805,40.5868],[-122.5842,40.617],[-122.6144,40.6711],[-122.6018,40.716],[-122.5697,40.7325],[-122.4882,40.7392],[-122.4378,40.7764],[-122.3989,40.8273],[-122.3537,40.8303],[-122.2727,40.7953],[-122.1752,40.8036],[-122.0744,40.7295],[-121.9608,40.7125],[-121.9227,40.6738],[-121.9212,40.6396],[-121.9523,40.588],[-121.9375,40.5341],[-121.9036,40.501],[-121.8474,40.4814],[-121.7688,40.3142],[-121.7445,40.2509],[-121.7137,40.2147],[-121.7078,40.1643],[-121.7319,40.0878],[-121.734,40.0265],[-121.6966,39.933],[-121.6071,39.8474],[-121.554,39.7607],[-121.485,39.7141],[-121.4484,39.6199],[-121.4053,39.5594],[-121.3061,39.4808],[-121.284,39.4358],[-121.2707,39.3567],[-121.2064,39.2719],[-121.1404,39.2002],[-121.0775,39.0969],[-121.0551,38.9838],[-121.0334,38.9663],[-120.9589,38.9382],[-120.9192,38.8633],[-120.8814,38.833],[-120.7972,38.7326],[-120.7643,38.6471],[-120.6864,38.6429],[-120.6568,38.6017],[-120.6661,38.5487],[-120.7672,38.436],[-120.7633,38.4017],[-120.7261,38.3672],[-120.6371,38.3415],[-120.6165,38.3015],[-120.6131,38.23],[-120.5701,38.1619],[-120.5246,38.1367],[-120.4598,38.1333],[-120.4025,38.1089],[-120.3762,38.0692],[-120.3076,38.0125],[-120.2269,37.9154],[-120.18,37.8868],[-120.1482,37.8405],[-120.1523,37.8044],[-120.1851,37.775],[-120.136,37.7251],[-119.9915,37.6698],[-119.8388,37.6061],[-119.8344,37.5609],[-119.8938,37.5525],[-119.8783,37.5052],[-119.8422,37.4611],[-119.7103,37.3877],[-119.6531,37.3218],[-119.57,37.2663],[-119.5223,37.2195],[-119.4716,37.1931],[-119.3387,37.19],[-119.298,37.1336],[-119.3749,37.0734],[-119.3827,37.036],[-119.3291,36.998],[-119.2472,36.9762],[-119.1418,36.9185],[-119.0084,36.8843],[-118.9391,36.8312],[-118.9297,36.8014],[-118.9427,36.7602],[-118.976,36.7188],[-118.964,36.6571],[-118.938,36.6241],[-118.8352,36.5463],[-118.7885,36.4727],[-118.7621,36.3616],[-118.7462,36.2441],[-118.7166,36.1874],[-118.6968,36.1059],[-118.698,35.949],[-118.6698,35.7312],[-118.6493,35.6378],[-118.6286,35.6115],[-118.5906,35.6184],[-118.5597,35.648],[-118.4969,35.822],[-118.4583,35.8455],[-118.4162,35.835],[-118.3292,35.7678],[-118.2621,35.7412],[-118.1879,35.7369],[-118.1344,35.732],[-118.0396,35.7062],[-118.0083,35.715],[-117.9671,35.7886],[-117.9662,35.8673],[-117.986,36.0176],[-118.0396,36.175],[-118.0964,36.3727],[-118.173,36.5423],[-118.2389,36.6328],[-118.2823,36.7259],[-118.3314,36.8728],[-118.3877,36.9828],[-118.4363,37.0626],[-118.472,37.1065],[-118.484,37.1711],[-118.5011,37.1975],[-118.5886,37.2387],[-118.6134,37.26],[-118.6353,37.3128],[-118.6443,37.3767],[-118.6789,37.4398],[-118.7596,37.4911],[-118.8423,37.5098],[-118.8703,37.5311],[-118.912,37.5949],[-118.9313,37.6729],[-118.9025,37.729],[-118.8689,37.7344],[-118.7626,37.7174],[-118.7283,37.7321],[-118.7336,37.7642],[-118.7863,37.8178],[-118.8614,37.8463],[-118.9259,37.8491],[-119.0295,37.8196],[-119.1113,37.7494],[-119.1324,37.7509],[-119.1765,37.8166],[-119.2125,37.913],[-119.2724,38.0185],[-119.3594,38.0848],[-119.3775,38.1462],[-119.3224,38.1924],[-119.3295,38.2214],[-119.3889,38.2623],[-119.4593,38.2779],[-119.505,38.3295],[-119.5013,38.4201],[-119.5497,38.4927],[-119.6065,38.5472],[-119.6392,38.5967],[-119.6719,38.6699],[-119.7239,38.7306],[-119.773,38.7673],[-119.8312,38.8893],[-119.8489,38.9413],[-119.8478,39.0084],[-119.8334,39.0354],[-119.8464,39.0927],[-119.8108,39.1658],[-119.8156,39.2219],[-119.8432,39.2427],[-119.8433,39.2859],[-119.8135,39.3316],[-119.8325,39.4077],[-119.8364,39.4606],[-119.8819,39.4932],[-119.9615,39.5091],[-119.9469,39.5426],[-119.8922,39.5558],[-119.8794,39.5836],[-119.9321,39.6177],[-120.0385,39.6344],[-120.0954,39.6823],[-120.1715,39.6378],[-120.2121,39.656],[-120.2921,39.6294],[-120.344,39.67],[-120.3244,39.7431],[-120.2793,39.7603],[-120.2132,39.7646],[-120.1463,39.7805],[-120.0957,39.8384],[-120.0874,39.8912],[-120.1424,40.0131],[-120.2124,40.0749],[-120.2432,40.087],[-120.3112,40.1491],[-120.4281,40.2008],[-120.5062,40.2653],[-120.5206,40.3245],[-120.5036,40.4099],[-120.5236,40.4955],[-120.5559,40.5375],[-120.6857,40.6138],[-120.7312,40.6752],[-120.7804,40.6908],[-120.8178,40.7842],[-120.8812,40.8532],[-120.9657,40.8999],[-120.9762,40.9348],[-120.9609,40.9638],[-120.8862,40.9835],[-120.8286,40.9582],[-120.7853,40.9057],[-120.7555,40.8993],[-120.4629,40.92],[-120.3498,40.9381],[-120.1879,40.9388],[-120.1168,40.9942],[-120.1056,41.1164],[-120.1325,41.2582],[-120.155,41.3224],[-120.1785,41.4648],[-120.2496,41.6667],[-120.2566,41.7241],[-120.2478,41.7615],[-120.2647,41.8315],[-120.1279,41.9146],[-120.0808,41.9894],[-120.0714,42.0311],[-120.0937,42.0693],[-120.1361,42.0698],[-120.1583,42.1012],[-120.152,42.1406],[-120.1726,42.166],[-120.1439,42.2121],[-120.1574,42.2334],[-120.1057,42.2695],[-120.0909,42.3042],[-120.1342,42.3479],[-120.1251,42.3875],[-120.1712,42.4318],[-120.2271,42.4346],[-120.2846,42.4114],[-120.3002,42.4614],[-120.4277,42.4546],[-120.4737,42.5017],[-120.4941,42.5462],[-120.5297,42.6767],[-120.5908,42.718],[-120.672,42.6989],[-120.7555,42.7354],[-120.7982,42.7923],[-120.82,42.9084],[-120.7831,42.9921],[-120.7919,43.027],[-120.848,43.0283],[-120.9808,43.0664],[-121.0209,43.0518],[-121.0941,43.0603],[-121.2116,43.0462],[-121.2316,43.0771],[-121.2802,43.0846],[-121.2638,43.1116],[-121.2086,43.1363],[-121.24,43.1697],[-121.2119,43.1975],[-121.1603,43.2025],[-121.1823,43.2361],[-121.1958,43.3685],[-121.1603,43.4272],[-121.0877,43.4634],[-121.0282,43.5145],[-120.9765,43.5461],[-120.8958,43.5448],[-120.8388,43.533],[-120.7925,43.5444],[-120.7624,43.5688],[-120.7622,43.6236],[-120.8036,43.6574],[-120.779,43.7262],[-120.7993,43.7561],[-120.8857,43.7662],[-120.9066,43.7835],[-120.858,43.82],[-120.8694,43.8369],[-120.9419,43.8405],[-121.0079,43.8197],[-121.0904,43.8693],[-120.9224,43.94],[-120.854,43.9314],[-120.8005,43.9357],[-120.7604,43.9233],[-120.7135,43.9609],[-120.6494,43.9184],[-120.5653,43.8837],[-120.4876,43.8868],[-120.4421,43.9051],[-120.3899,43.8819],[-120.3357,43.876],[-120.3164,43.8398],[-120.3358,43.8154],[-120.3204,43.7606],[-120.2277,43.6993],[-120.1614,43.7134],[-120.1295,43.7535],[-120.1306,43.7952],[-120.1127,43.8439],[-120.0523,43.9099],[-120.0192,43.839],[-119.9675,43.8354],[-119.9432,43.7578],[-119.8854,43.6982],[-119.8728,43.6439],[-119.794,43.6151],[-119.7712,43.6316],[-119.7649,43.6728],[-119.6709,43.6866],[-119.5964,43.6207],[-119.4727,43.645],[-119.4234,43.6398],[-119.4094,43.6025],[-119.377,43.5712],[-119.2898,43.5375],[-119.1249,43.5252],[-119.0933,43.5391],[-119.1116,43.637],[-119.0823,43.6505],[-119.0278,43.628],[-118.9954,43.6405],[-118.9565,43.6221],[-118.8009,43.6551],[-118.7665,43.6368],[-118.6933,43.633],[-118.611,43.6579],[-118.5719,43.7079],[-118.5682,43.7396],[-118.5983,43.8082],[-118.6308,43.8163],[-118.6573,43.8752],[-118.6396,43.895],[-118.6583,43.9451],[-118.5475,43.943],[-118.4968,43.9263],[-118.5182,43.8924],[-118.4993,43.8769],[-118.4189,43.8677],[-118.3979,43.8242],[-118.3634,43.8552],[-118.3886,43.8886],[-118.3551,43.9196],[-118.2683,43.8638],[-118.231,43.8743],[-118.2129,43.8161],[-118.1542,43.8177],[-118.1064,43.7963],[-118.0549,43.8103],[-118.0224,43.8739],[-117.9836,43.8918],[-117.897,43.8465],[-117.8202,43.8545],[-117.8014,43.9049],[-117.8315,43.9232],[-117.8301,43.9726],[-117.8865,44.0027],[-117.8227,44.0365],[-117.7721,44.0348],[-117.7654,44.0721],[-117.5982,44.0611],[-117.5647,44.0413],[-117.4499,44.0715],[-117.579,44.1902],[-117.5709,44.2748],[-117.5134,44.2675],[-117.4567,44.2419],[-117.3868,44.2376],[-117.2937,44.2758],[-117.3134,44.3232],[-117.3092,44.358],[-117.2688,44.3592],[-117.1836,44.3287],[-117.1796,44.2969],[-117.1381,44.2903],[-117.1158,44.3449],[-117.0656,44.3606],[-116.9968,44.3217],[-116.9035,44.3956],[-116.8314,44.3964],[-116.7725,44.4184],[-116.7989,44.456],[-116.8001,44.5171],[-116.7598,44.5489],[-116.7047,44.5453],[-116.7349,44.6079],[-116.7128,44.6197],[-116.6344,44.6166],[-116.5097,44.6807],[-116.473,44.7255],[-116.5022,44.791],[-116.4713,44.8354],[-116.4002,44.8201],[-116.3796,44.779],[-116.4009,44.7306],[-116.3598,44.7185],[-116.3234,44.6855],[-116.3426,44.6063],[-116.2975,44.5212],[-116.3197,44.3882],[-116.2904,44.3608],[-116.2273,44.3519],[-116.2043,44.3311],[-116.2537,44.2267],[-116.2601,44.1828],[-116.2356,44.0946],[-116.2915,44.0108],[-116.2966,43.9657],[-116.2834,43.9119],[-116.4042,43.9076],[-116.3651,43.8634],[-116.3802,43.8211],[-116.2804,43.7863],[-116.2085,43.7027],[-116.15,43.6686],[-116.1022,43.6148],[-116.1022,43.5705],[-116.061,43.5121],[-116.0072,43.5114],[-115.9256,43.462],[-115.8691,43.4098],[-115.7358,43.3071],[-115.6498,43.2612],[-115.5811,43.2825],[-115.5441,43.3047],[-115.4483,43.3286],[-115.3825,43.3277],[-115.3145,43.2972],[-115.2423,43.3474],[-115.052,43.3378],[-114.9977,43.3559],[-115.0106,43.3802],[-114.946,43.39],[-114.893,43.4152],[-114.8747,43.392],[-114.7928,43.4216],[-114.6939,43.3959],[-114.6536,43.3999],[-114.5619,43.3819],[-114.4804,43.3499],[-114.4406,43.3489],[-114.4229,43.3981],[-114.3818,43.3471],[-114.3424,43.325],[-114.2928,43.3758],[-114.3065,43.3997],[-114.2737,43.4506],[-114.3486,43.5589],[-114.3184,43.5712],[-114.2862,43.4984],[-114.2521,43.4686],[-114.1774,43.3705],[-114.0611,43.3304],[-113.9734,43.2721],[-113.9538,43.2796],[-113.9828,43.3375],[-113.9505,43.3387],[-113.8413,43.3859],[-113.7958,43.3721],[-113.6727,43.3919],[-113.6326,43.4109],[-113.6201,43.4396],[-113.5494,43.4927],[-113.5598,43.5265],[-113.5031,43.5361],[-113.4313,43.5754],[-113.4154,43.554],[-113.2764,43.5777],[-113.2492,43.5949],[-113.1963,43.5994],[-113.0955,43.6315],[-113.0113,43.6769],[-112.9361,43.7473],[-112.8383,43.81],[-112.7881,43.8612],[-112.7675,43.9137],[-112.7049,43.9748],[-112.6963,44.018],[-112.6534,44.0377],[-112.5847,44.0867],[-112.5565,44.1237],[-112.4995,44.1475],[-112.4494,44.1992],[-112.4147,44.2171],[-112.4033,44.2739],[-112.385,44.2936],[-112.2942,44.3232],[-112.2146,44.3248],[-112.1813,44.3618],[-112.1385,44.3523],[-112.0624,44.3563],[-111.9965,44.3488],[-111.9382,44.3859],[-111.9377,44.4358],[-111.8904,44.4803],[-111.8447,44.4786],[-111.7785,44.4462],[-111.6499,44.492],[-111.6047,44.4967],[-111.499,44.4665],[-111.4324,44.4632],[-111.4655,44.426],[-111.5616,44.4102],[-111.6227,44.4111],[-111.688,44.3913],[-111.7087,44.3612],[-111.6659,44.3417],[-111.6793,44.3088],[-111.6159,44.2779],[-111.5997,44.2381],[-111.5616,44.2157],[-111.5585,44.1868],[-111.5078,44.1401],[-111.3879,44.1052],[-111.3374,44.123],[-111.2791,44.1058],[-111.2231,44.0618],[-111.1766,44.0432],[-111.16,43.9966],[-111.0965,43.8666],[-111.0484,43.8188],[-111.0086,43.8079],[-111.0096,43.7618],[-111.0826,43.624],[-111.1019,43.569],[-111.164,43.5766],[-111.187,43.5972],[-111.2079,43.6581],[-111.2914,43.7816],[-111.3413,43.821],[-111.3728,43.8147],[-111.4655,43.7236],[-111.5395,43.6966],[-111.6229,43.6793],[-111.6607,43.6591],[-111.6433,43.6048],[-111.5994,43.5943],[-111.5463,43.6063],[-111.4895,43.6003],[-111.4354,43.5548],[-111.4328,43.4986],[-111.4829,43.5028],[-111.5526,43.534],[-111.6363,43.549],[-111.6518,43.5121],[-111.6885,43.5093],[-111.6782,43.4644],[-111.6986,43.4175],[-111.6478,43.3942],[-111.6508,43.3671],[-111.6983,43.3489],[-111.7204,43.2127],[-111.675,43.1731],[-111.5948,43.075],[-111.5706,43.0315],[-111.4773,42.9932],[-111.4652,42.9429],[-111.4942,42.9055],[-111.5054,42.8147],[-111.5288,42.7796],[-111.5394,42.7204],[-111.491,42.6301],[-111.4323,42.5797],[-111.4284,42.5231],[-111.4735,42.5263],[-111.5413,42.5963],[-111.6294,42.6186],[-111.6874,42.6456],[-111.7038,42.6332],[-111.6834,42.5421],[-111.6574,42.4934],[-111.653,42.442],[-111.6801,42.3257],[-111.6784,42.2687],[-111.7036,42.2455],[-111.7386,42.158],[-111.7177,42.0727],[-111.7294,42.0163],[-111.767,41.961],[-111.7862,41.8358],[-111.7721,41.7712],[-111.7956,41.7261],[-111.8038,41.6628],[-111.7736,41.5188],[-111.8001,41.4679],[-111.8225,41.5356],[-111.8999,41.5896],[-111.9236,41.5946],[-111.985,41.6673],[-112.0209,41.725],[-112.0602,41.7612],[-112.0821,41.7452],[-112.0714,41.6929],[-112.0506,41.6606],[-112.049,41.6139],[-111.9874,41.5086],[-112.0316,41.4461],[-112.0246,41.366],[-111.9526,41.3376],[-111.9444,41.2715],[-111.924,41.2375],[-111.9245,41.1641],[-111.8946,41.1347],[-111.9069,41.0964],[-111.9022,41.0484],[-111.8517,40.8912],[-111.8706,40.8566],[-111.9154,40.8234],[-111.8883,40.7879],[-111.8511,40.7851],[-111.8129,40.7514],[-111.7806,40.6782],[-111.8028,40.6545],[-111.7891,40.5844],[-111.8459,40.4972],[-111.8949,40.4722],[-111.8528,40.4449],[-111.7794,40.4733],[-111.753,40.4629],[-111.7433,40.4095],[-111.6526,40.3097],[-111.6257,40.2166],[-111.5518,40.135],[-111.5827,40.0799],[-111.616,40.07],[-111.6518,40.0236],[-111.7245,40.0189],[-111.7976,39.9493],[-111.8094,39.8484],[-111.8295,39.7843],[-111.8082,39.7112],[-111.8395,39.6558],[-111.8237,39.6215],[-111.8289,39.5562],[-111.9021,39.4358],[-111.9155,39.3981],[-111.8633,39.3837],[-111.874,39.3009],[-111.8442,39.2705],[-111.8203,39.2142],[-111.7619,39.2095],[-111.728,39.2468],[-111.688,39.237],[-111.7119,39.1987],[-111.6945,39.1759],[-111.705,39.0959],[-111.7487,39.0046],[-111.7953,38.996],[-111.8333,38.9512],[-111.8255,38.928],[-111.8557,38.8635],[-111.8946,38.8254],[-111.9254,38.7464],[-112.0142,38.7036],[-112.0712,38.6476],[-112.0942,38.5998],[-112.1609,38.5171],[-112.2093,38.5296],[-112.2261,38.5718],[-112.2774,38.5945],[-112.2334,38.6656],[-112.1867,38.7023],[-112.1099,38.7935],[-112.0254,38.869],[-112.0214,38.9063],[-112.0979,39.0269],[-112.0885,39.1397],[-112.1216,39.2164],[-112.1479,39.2253],[-112.1792,39.199],[-112.1678,39.1515],[-112.19,39.1194],[-112.175,39.0821],[-112.2351,39.0002],[-112.3091,38.9645],[-112.372,38.8791],[-112.3818,38.8466],[-112.3706,38.8088],[-112.3863,38.7717],[-112.4369,38.749],[-112.5047,38.7409],[-112.5752,38.6956],[-112.5625,38.658],[-112.5824,38.6369],[-112.5772,38.5781],[-112.5989,38.5058],[-112.5796,38.4208],[-112.5398,38.3269],[-112.5832,38.2552],[-112.5434,38.1839],[-112.5044,38.1496],[-112.5215,38.112],[-112.5737,38.1285],[-112.611,38.1212],[-112.665,38.0833],[-112.6654,38.0526],[-112.7526,37.8877],[-112.8154,37.8361],[-112.8977,37.8071],[-112.9843,37.7682],[-113.0463,37.7201],[-113.0558,37.6714],[-113.1033,37.6111],[-113.1546,37.6054],[-113.1556,37.5638],[-113.1765,37.5338],[-113.1331,37.5052],[-113.1409,37.4696],[-113.1057,37.4659],[-113.0717,37.4399],[-113.0838,37.3832],[-113.0434,37.3647],[-113.0415,37.4405],[-113.0117,37.4593],[-112.9769,37.4387],[-112.9602,37.4717],[-112.8948,37.4735],[-112.8884,37.407],[-112.8323,37.4142],[-112.8087,37.4903],[-112.7778,37.5017],[-112.7001,37.4187],[-112.6414,37.4112],[-112.6134,37.4589],[-112.5766,37.4566],[-112.5691,37.4111],[-112.5293,37.4115],[-112.5074,37.4311],[-112.4621,37.415],[-112.4225,37.433],[-112.3911,37.4052],[-112.3258,37.4191],[-112.2518,37.4608],[-112.2646,37.5103],[-112.2254,37.5813],[-112.1767,37.5829],[-112.1415,37.6727],[-112.0861,37.6963],[-112.0446,37.737],[-111.9908,37.717],[-111.9817,37.7413],[-111.9927,37.8082],[-111.9716,37.8662],[-111.9551,37.8764],[-111.9087,37.8378],[-111.9354,37.7601],[-111.9269,37.7275],[-111.8816,37.6798],[-111.85,37.7482],[-111.8502,37.8059],[-111.7922,37.8582],[-111.7923,37.8968],[-111.728,37.8823],[-111.6647,37.9361],[-111.6187,37.9505],[-111.4872,37.962],[-111.4524,37.9922],[-111.3907,37.9757],[-111.3461,37.9852],[-111.2903,38.0139],[-111.2726,38.0572],[-111.3053,38.1042],[-111.3118,38.1449],[-111.3447,38.1869],[-111.428,38.252],[-111.4746,38.2717],[-111.4743,38.3078],[-111.4334,38.3213],[-111.4128,38.3475],[-111.4216,38.4566],[-111.4652,38.5801],[-111.407,38.6315],[-111.42,38.67],[-111.4089,38.7013],[-111.4239,38.8466],[-111.4397,38.878],[-111.3783,38.9179],[-111.3918,38.96],[-111.2946,38.9652],[-111.2915,38.9908],[-111.237,39.0169],[-111.2303,39.0758],[-111.2487,39.112],[-111.188,39.1338],[-111.2142,39.1902],[-111.1684,39.1902],[-111.1413,39.211],[-111.1765,39.2624],[-111.204,39.3256],[-111.2371,39.3678],[-111.2076,39.3814],[-111.1556,39.3021],[-111.1058,39.3407],[-111.1787,39.391],[-111.2155,39.4543],[-111.2275,39.538],[-111.1894,39.6022],[-111.1374,39.6076],[-111.1284,39.6525],[-111.0841,39.6926],[-111.0243,39.7263],[-110.9406,39.8038],[-110.8405,39.7662],[-110.7789,39.7568],[-110.7349,39.7235],[-110.6509,39.7536],[-110.6486,39.7297],[-110.5703,39.7218],[-110.5407,39.749],[-110.4751,39.753],[-110.4842,39.7905],[-110.4555,39.8196],[-110.5785,39.8698],[-110.7503,39.9125],[-110.8163,39.965],[-110.8133,40.0267],[-110.8561,40.0171],[-110.9336,40.0205],[-110.9097,40.0503],[-110.9728,40.0913],[-110.9773,40.1346],[-110.9269,40.1405],[-110.897,40.1707],[-110.9485,40.1885],[-110.9841,40.2387],[-111.0298,40.2459],[-111.0447,40.2662],[-111.0438,40.3431],[-110.9553,40.2902],[-110.8925,40.297],[-110.8653,40.3699],[-110.8214,40.3325],[-110.7843,40.3224],[-110.7451,40.363],[-110.818,40.407],[-110.8493,40.3964],[-110.928,40.4147],[-110.963,40.4552],[-110.8979,40.4777],[-110.8189,40.4874],[-110.6965,40.4775],[-110.6209,40.3844],[-110.5732,40.399],[-110.5858,40.4856],[-110.5771,40.5205],[-110.4925,40.4968],[-110.4798,40.5347],[-110.5263,40.5693],[-110.5027,40.5856],[-110.4341,40.5351],[-110.3754,40.5279],[-110.3328,40.5553],[-110.301,40.5418],[-110.1543,40.5532],[-110.0922,40.6143],[-110.053,40.5775],[-110.0172,40.5649],[-109.984,40.5885],[-109.93,40.5977],[-109.8867,40.5742],[-109.8251,40.6081],[-109.7956,40.5976],[-109.6135,40.5889],[-109.5361,40.676],[-109.5097,40.6789],[-109.4451,40.7284],[-109.3687,40.7388],[-109.3583,40.7927],[-109.3052,40.7892],[-109.2544,40.868],[-109.2681,40.9102],[-109.3217,40.907],[-109.3832,40.9423],[-109.3825,40.9723],[-109.4719,40.9638],[-109.5376,40.9484],[-109.6143,40.9749],[-109.711,40.937],[-109.8082,40.9671],[-109.8664,40.9593],[-109.8788,40.9922],[-109.9498,40.9874],[-110.0016,40.9437],[-110.1563,40.9416],[-110.2071,40.9319],[-110.2397,40.9629],[-110.297,40.9909],[-110.2529,41.0343],[-110.1984,41.0689],[-110.1873,41.1166],[-110.2282,41.1283],[-110.2569,41.0988],[-110.3111,41.1023],[-110.3422,41.0807],[-110.3965,41.0677],[-110.4305,41.0819],[-110.4883,41.0585],[-110.528,41.1281],[-110.5711,41.0969],[-110.5892,41.1311],[-110.6347,41.1189],[-110.6466,41.0837],[-110.7337,41.0615],[-110.7756,41.0674],[-110.841,41.0065],[-110.8073,40.9575],[-110.8501,40.945],[-110.9011,40.9917],[-110.9836,40.9535],[-111.0048,40.9636],[-111.0766,40.9622],[-111.0869,41.0807],[-111.0825,41.1828],[-111.1289,41.1902],[-111.2118,41.1426],[-111.2482,41.141],[-111.2221,41.2046],[-111.2611,41.2423],[-111.252,41.3109],[-111.2743,41.3956],[-111.3203,41.4377],[-111.314,41.4637],[-111.3276,41.5436],[-111.3287,41.6378],[-111.32,41.6823],[-111.34,41.7674],[-111.3857,41.807],[-111.3882,41.8446],[-111.3631,41.8945],[-111.3942,41.9236],[-111.4104,41.9892],[-111.3923,42.0488],[-111.416,42.273],[-111.3554,42.3786],[-111.3574,42.4454],[-111.3198,42.4594],[-111.2733,42.3698],[-111.2418,42.3533],[-111.1797,42.3448],[-111.1733,42.3646],[-111.193,42.442],[-111.1482,42.4132],[-111.1187,42.4439],[-111.0481,42.42],[-111.0439,42.377],[-111.0207,42.3303],[-111.0216,42.2399],[-110.9395,42.1075],[-110.9075,42.2023],[-110.8627,42.2477],[-110.8393,42.2112],[-110.8505,42.1722],[-110.8473,42.1038],[-110.8568,42.015],[-110.7809,42.0029],[-110.7523,42.0607],[-110.7676,42.1361],[-110.7342,42.1673],[-110.6724,42.1479],[-110.619,42.0999],[-110.6068,41.9569],[-110.5577,41.9844],[-110.5499,42.0615],[-110.5787,42.1721],[-110.5566,42.1948],[-110.5149,42.1638],[-110.4803,42.1892],[-110.4072,42.159],[-110.4228,42.2236],[-110.4133,42.2839],[-110.3926,42.2995],[-110.3032,42.2624],[-110.3031,42.3305],[-110.3583,42.345],[-110.372,42.4157],[-110.4113,42.5057],[-110.4121,42.5478],[-110.4359,42.5893],[-110.3724,42.6102],[-110.4167,42.6892],[-110.4435,42.7763],[-110.4654,42.817],[-110.4415,42.8853],[-110.3617,42.9398],[-110.389,42.9773],[-110.386,43.0222],[-110.3014,43.0681],[-110.1964,43.0864],[-110.1864,43.1407],[-110.1271,43.164],[-110.1216,43.1892],[-110.0427,43.1839],[-110.0286,43.2095],[-110.0524,43.2839],[-110.0398,43.3462],[-109.9932,43.3474],[-110.0139,43.269],[-110.0115,43.2414],[-109.9741,43.1886],[-109.9709,43.1249],[-109.9982,43.0997],[-109.9869,43.0715],[-109.8831,43.0494],[-109.8693,42.9921],[-109.8363,42.9618],[-109.7968,42.9715],[-109.7577,42.8982],[-109.712,42.8875],[-109.6749,42.8591],[-109.6301,42.8545],[-109.6106,42.8299],[-109.5477,42.8169],[-109.5533,42.7661],[-109.5104,42.7589],[-109.4967,42.7343],[-109.4007,42.6711],[-109.3579,42.6307],[-109.3553,42.6022],[-109.3204,42.5872],[-109.218,42.574],[-109.1645,42.5531],[-109.0696,42.5515],[-109.0344,42.5099],[-108.8966,42.4819],[-108.8322,42.4846],[-108.766,42.5127],[-108.7157,42.4989],[-108.6342,42.5168],[-108.5851,42.4734],[-108.5361,42.4926],[-108.5667,42.5437],[-108.6872,42.6125],[-108.7655,42.6229],[-108.7575,42.6663],[-108.7984,42.7406],[-108.887,42.7804],[-108.8986,42.8146],[-108.9317,42.8427],[-108.9366,42.8868],[-109.0403,42.9688],[-109.0807,42.9803],[-109.1178,43.0375],[-109.1417,43.119],[-109.202,43.1603],[-109.2393,43.1528],[-109.2797,43.2284],[-109.3151,43.2604],[-109.3875,43.3016],[-109.3943,43.3216],[-109.4647,43.3785],[-109.5158,43.4501],[-109.6343,43.4907],[-109.7198,43.5376],[-109.8054,43.6032],[-109.8833,43.6214],[-109.8866,43.6464],[-109.8248,43.6555],[-109.8464,43.7099],[-109.8089,43.7242],[-109.7784,43.6854],[-109.7303,43.6564],[-109.6671,43.6448],[-109.6184,43.6722],[-109.5291,43.6581],[-109.4701,43.6891],[-109.4013,43.6539],[-109.3654,43.6644],[-109.2959,43.5881],[-109.2649,43.6258],[-109.1963,43.5988],[-109.1196,43.6687],[-109.113,43.6885],[-109.0321,43.6728],[-109.0119,43.7063],[-109.0385,43.7336],[-108.9692,43.7516],[-108.9498,43.8225],[-108.9042,43.824],[-108.9342,43.865],[-108.8939,43.8757],[-108.8925,43.9089],[-109.0033,43.9094],[-109.0365,43.9305],[-109.0706,43.9226],[-109.107,43.9464],[-109.0761,43.9855],[-109.1407,44.0385],[-109.2395,44.0588],[-109.317,44.1275],[-109.2507,44.1846],[-109.1649,44.2324],[-109.1321,44.3141],[-109.1947,44.3452],[-109.2759,44.3244],[-109.327,44.2796],[-109.413,44.2715],[-109.473,44.2294],[-109.5274,44.2047],[-109.6138,44.1314],[-109.6153,44.1633],[-109.5402,44.2345],[-109.5531,44.2641],[-109.4913,44.3262],[-109.4109,44.3551],[-109.3786,44.3973],[-109.3272,44.3974],[-109.3179,44.429],[-109.2818,44.4438],[-109.2906,44.4743],[-109.3463,44.4741],[-109.3913,44.4556],[-109.3955,44.4153],[-109.4437,44.4331],[-109.5232,44.4428],[-109.5246,44.488],[-109.4297,44.5084],[-109.3913,44.4961],[-109.2823,44.5105],[-109.2805,44.5451],[-109.2009,44.5081],[-109.1716,44.5512],[-109.2709,44.6091],[-109.2881,44.6298],[-109.263,44.6684],[-109.2897,44.7053],[-109.3288,44.7309],[-109.3342,44.7604],[-109.2832,44.8266],[-109.3022,44.8485],[-109.2785,44.9071],[-109.3057,44.9529],[-109.3078,44.9992],[-109.2418,45.0197],[-109.2147,45.0413],[-109.2167,45.1138],[-109.2855,45.1299],[-109.3032,45.1866],[-109.3562,45.2127],[-109.4575,45.2306],[-109.5882,45.2767],[-109.6375,45.2754],[-109.6789,45.3177],[-109.7742,45.3595],[-109.7753,45.4166],[-109.8097,45.4236],[-109.8573,45.3999],[-109.9048,45.4075],[-109.9284,45.4503],[-109.8597,45.4616],[-109.817,45.4483],[-109.7458,45.463],[-109.7087,45.4289],[-109.668,45.4434],[-109.6554,45.4731],[-109.6088,45.513],[-109.7117,45.5198],[-109.7513,45.5388],[-109.7721,45.5705],[-109.7424,45.6129],[-109.754,45.69],[-109.8209,45.6571],[-109.8739,45.696],[-109.8941,45.6497],[-109.9291,45.6468],[-109.9496,45.6749],[-110.0072,45.6765],[-110.0164,45.6367],[-110.0538,45.632],[-110.0875,45.5972],[-110.0578,45.5459],[-110.1945,45.561],[-110.2484,45.5409],[-110.3309,45.577],[-110.3542,45.6037],[-110.4102,45.612],[-110.4684,45.6408],[-110.509,45.6136],[-110.6049,45.6052],[-110.6414,45.6172],[-110.7517,45.6209],[-110.7968,45.6655],[-110.7834,45.6957],[-110.7323,45.7021],[-110.6952,45.7459],[-110.7125,45.8049],[-110.7859,45.8496],[-110.7568,45.9291],[-110.7764,45.9474],[-110.8681,45.9102],[-110.9167,45.9352],[-110.9679,45.9824],[-110.8942,46.0237],[-110.8473,46.0676],[-110.8426,46.089],[-110.8865,46.13],[-110.893,46.1986],[-110.9723,46.1663],[-110.9878,46.1971],[-111.0356,46.2044],[-111.0561,46.2385],[-111.1071,46.1999],[-111.1808,46.2318],[-111.1164,46.2514],[-111.0547,46.2954],[-111.0833,46.327],[-111.0276,46.4169],[-111.0918,46.4708],[-111.1979,46.5135],[-111.2117,46.558],[-111.2458,46.5651],[-111.3118,46.6395],[-111.3299,46.6778],[-111.3761,46.6732],[-111.3871,46.7044],[-111.4633,46.7469],[-111.5468,46.7682],[-111.6742,46.82],[-111.696,46.8411],[-111.6674,46.8703],[-111.6944,46.8952],[-111.7668,46.9133],[-111.7855,46.9352],[-111.8539,46.9217],[-111.8491,46.8969],[-111.8911,46.859],[-111.81,46.8059],[-111.7885,46.7526],[-111.8477,46.7227],[-111.9112,46.7707],[-111.9465,46.814],[-111.9684,46.9211],[-112.0135,46.9349],[-112.0044,46.9666],[-112.069,47.0119],[-112.1158,47.031],[-112.1527,47.0657],[-112.1955,47.081],[-112.1894,47.1362],[-112.2381,47.1416],[-112.2632,47.1718],[-112.3143,47.1693],[-112.3723,47.183],[-112.3749,47.2364],[-112.4234,47.2886],[-112.4681,47.2885],[-112.5151,47.3464],[-112.5887,47.383],[-112.6651,47.4027],[-112.689,47.4509],[-112.6321,47.4803],[-112.5957,47.5227],[-112.6139,47.5544],[-112.7013,47.5862],[-112.7121,47.6128],[-112.6555,47.6807],[-112.6411,47.7659],[-112.6132,47.7981],[-112.6406,47.8597],[-112.6402,47.9435],[-112.6766,47.9869],[-112.7101,48.0754],[-112.7053,48.1098],[-112.7948,48.1523],[-112.8328,48.1805],[-112.7679,48.2111],[-112.7895,48.2424],[-112.8635,48.2091],[-112.9134,48.2747],[-112.9629,48.318],[-113.0246,48.3487],[-113.0988,48.3281],[-113.1399,48.3652],[-113.1202,48.3959],[-113.1701,48.421],[-113.2035,48.4651],[-113.2623,48.5026],[-113.1748,48.5193],[-113.2334,48.553],[-113.3204,48.5746],[-113.2687,48.6109],[-113.3165,48.6633],[-113.333,48.719],[-113.3253,48.7718],[-113.3748,48.8065],[-113.3753,48.8301],[-113.323,48.9029],[-113.3645,48.936],[-113.4141,48.9367],[-113.4404,48.9715],[-113.4344,49.0384],[-113.4527,49.0711],[-113.5389,49.1106],[-113.6658,49.1195],[-113.718,49.1395],[-113.7734,49.1847],[-113.801,49.2316],[-113.8729,49.2524],[-113.8945,49.2942],[-113.9228,49.3078],[-113.9215,49.3624],[-114.0098,49.4421],[-114.1112,49.5169],[-114.1623,49.5747],[-114.1942,49.6348],[-114.2031,49.7015],[-114.1769,49.7868],[-114.152,49.9834],[-114.1199,49.9784],[-114.1046,49.9321],[-114.0241,49.7965],[-113.9795,49.7428],[-113.9296,49.7387],[-113.9169,49.7844],[-113.8836,49.776],[-113.8547,49.8055],[-113.9153,49.9239],[-113.9538,49.9691],[-113.9409,50]],[[-115.8938,46.1351],[-115.869,46.126],[-115.8416,46.0632],[-115.8714,46.0023],[-115.9209,45.9618],[-115.9622,46.0672],[-115.925,46.0966],[-115.9292,46.1294],[-115.8938,46.1351]],[[-116.3923,46.4858],[-116.2979,46.4691],[-116.2441,46.4386],[-116.2058,46.3636],[-116.17,46.3225],[-116.1944,46.3039],[-116.1284,46.2717],[-116.1311,46.2413],[-116.203,46.1902],[-116.1776,46.1593],[-116.1256,46.2038],[-116.0385,46.1921],[-116.0069,46.1324],[-116.016,46.1085],[-116.1366,46.0748],[-116.1115,46.0491],[-116.0602,46.0816],[-116.0107,46.047],[-115.9672,45.9994],[-115.9679,45.9607],[-116.0168,45.9623],[-116.0775,45.9159],[-116.1934,45.879],[-116.2691,45.8617],[-116.3143,45.9083],[-116.3687,45.9257],[-116.3558,45.9478],[-116.3677,45.9944],[-116.4187,45.9537],[-116.436,46.0111],[-116.4729,46.0029],[-116.5399,46.0125],[-116.5616,46.0612],[-116.6248,46.1385],[-116.6599,46.2118],[-116.6235,46.2256],[-116.5975,46.1889],[-116.5216,46.1879],[-116.5125,46.218],[-116.5191,46.2908],[-116.4933,46.3133],[-116.427,46.3381],[-116.3364,46.3312],[-116.3161,46.3557],[-116.3587,46.4253],[-116.3419,46.4426],[-116.3923,46.4858]]]},"properties":{"NA_L1CODE":"6","NA_L1NAME":"NORTHWESTERN FORESTED MOUNTAINS","NA_L1KEY":"6  NORTHWESTERN FORESTED MOUNTAINS","Shape_Leng":26481991.0674,"Shape_Area":1766447361040}},
{"type":"Feature","geometry":{"type":"Polygon","coordinates":[[[-122.4952,37.6264],[-122.5171,37.5891],[-122.5167,37.5217],[-122.4715,37.5012],[-122.4481,37.4723],[-122.4456,37.4375],[-122.4028,37.3615],[-122.4175,37.234],[-122.4057,37.1955],[-122.3594,37.1498],[-122.2885,37.1044],[-122.2226,37.0249],[-122.1327,36.968],[-122.0682,37.0006],[-121.9646,37.0147],[-121.9158,37.0099],[-121.8306,36.984],[-121.749,36.948],[-121.69,36.9397],[-121.6833,36.958],[-121.7537,37.0264],[-121.8314,37.0824],[-121.9427,37.1433],[-122.0403,37.2194],[-122.1389,37.3199],[-122.1923,37.4159],[-122.2463,37.4915],[-122.3394,37.5649],[-122.4258,37.6115],[-122.4952,37.6264]]]},"properties":{"NA_L1CODE":"7","NA_L1NAME":"MARINE WEST COAST FOREST","NA_L1KEY":"7  MARINE WEST COAST FOREST","Shape_Leng":274419.830763,"Shape_Area":1918300063.65}},
{"type":"Feature","geometry":{"type":"Polygon","coordinates":[[[-123.9837,46.4985],[-123.9923,46.4477],[-123.9452,46.4658],[-123.9837,46.4985]]]},"properties":{"NA_L1CODE":"7","NA_L1NAME":"MARINE WEST COAST FOREST","NA_L1KEY":"7  MARINE WEST COAST FOREST","Shape_Leng":50170.0237956,"Shape_Area":21610701.586}},
{"type":"Feature","geometry":{"type":"Polygon","coordinates":[[[-122.6985,47.1846],[-122.7394,47.1488],[-122.7021,47.1238],[-122.6737,47.1745],[-122.6985,47.1846]]]},"properties":{"NA_L1CODE":"7","NA_L1NAME":"MARINE WEST COAST FOREST","NA_L1KEY":"7  MARINE WEST COAST FOREST","Shape_Leng":28471.9242322,"Shape_Area":21708388.9796}},
{"type":"Feature","geometry":{"type":"Polygon","coordinates":[[[-122.6683,47.2779],[-122.6153,47.2222],[-122.5888,47.2362],[-122.6683,47.2779]]]},"properties":{"NA_L1CODE":"7","NA_L1NAME":"MARINE WEST COAST FOREST","NA_L1KEY":"7  MARINE WEST COAST FOREST","Shape_Leng":23783.6380295,"Shape_Area":13929034.7224}},
{"type":"Feature","geometry":{"type":"Polygon","coordinates":[[[-122.8489,47.3005],[-122.9182,47.2766],[-122.9258,47.2362],[-122.8878,47.1981],[-122.8425,47.2103],[-122.8714,47.248],[-122.8489,47.3005]]]},"properties":{"NA_L1CODE":"7","NA_L1NAME":"MARINE WEST COAST FOREST","NA_L1KEY":"7  MARINE WEST COAST FOREST","Shape_Leng":47499.8329672,"Shape_Area":48495647.4176}},
{"type":"Feature","geometry":{"type":"Polygon","coordinates":[[[-122.4602,47.4873],[-122.4981,47.4761],[-122.5139,47.4479],[-122.5156,47.3773],[-122.4628,47.4007],[-122.4172,47.3749],[-122.4602,47.4873]]]},"properties":{"NA_L1CODE":"7","NA_L1NAME":"MARINE WEST COAST FOREST","NA_L1KEY":"7  MARINE WEST COAST FOREST","Shape_Leng":79729.0177706,"Shape_Area":96565564.9755}},
{"type":"Feature","geometry":{"type":"Polygon","coordinates":[[[-122.5288,47.7029],[-122.5793,47.6445],[-122.5774,47.6001],[-122.4974,47.5972],[-122.4895,47.6338],[-122.5288,47.7029]]]},"properties":{"NA_L1CODE":"7","NA_L1NAME":"MARINE WEST COAST FOREST","NA_L1KEY":"7  MARINE WEST COAST FOREST","Shape_Leng":65449.1321241,"Shape_Area":75521807.6166}},
{"type":"Feature","geometry":{"type":"Polygon","coordinates":[[[-122.6916,48.1031],[-122.703,48.0701],[-122.7432,48.0484],[-122.6855,48.0087],[-122.6916,48.1031]]]},"properties":{"NA_L1CODE":"7","NA_L1NAME":"MARINE WEST COAST FOREST","NA_L1KEY":"7  MARINE WEST COAST FOREST","Shape_Leng":48967.1244699,"Shape_Area":28264930.1802}},
{"type":"Feature","geometry":{"type":"Polygon","coordinates":[[[-122.6547,48.4018],[-122.6736,48.355],[-122.7229,48.3041],[-122.7699,48.2275],[-122.6883,48.1768],[-122.6794,48.1545],[-122.6116,48.1546],[-122.599,48.1076],[-122.6136,48.0717],[-122.5995,48.0271],[-122.5416,47.9945],[-122.4794,47.9927],[-122.4467,47.9632],[-122.4454,47.9299],[-122.3937,47.9074],[-122.3587,47.9371],[-122.3535,47.9841],[-122.3765,48.0343],[-122.4451,48.0517],[-122.4911,48.094],[-122.5391,48.0504],[-122.5716,48.1051],[-122.5676,48.1473],[-122.6064,48.2083],[-122.6737,48.2237],[-122.663,48.2763],[-122.6045,48.2977],[-122.5563,48.2809],[-122.5064,48.31],[-122.5513,48.3421],[-122.6094,48.4119],[-122.6547,48.4018]]]},"properties":{"NA_L1CODE":"7","NA_L1NAME":"MARINE WEST COAST FOREST","NA_L1KEY":"7  MARINE WEST COAST FOREST","Shape_Leng":238936.656657,"Shape_Area":440766145.047}},
{"type":"Feature","geometry":{"type":"Polygon","coordinates":[[[-122.5811,48.5498],[-122.652,48.5851],[-122.6493,48.5288],[-122.5811,48.5498]]]},"properties":{"NA_L1CODE":"7","NA_L1NAME":"MARINE WEST COAST FOREST","NA_L1KEY":"7  MARINE WEST COAST FOREST","Shape_Leng":23576.0069162,"Shape_Area":21460930.9284}},
{"type":"Feature","geometry":{"type":"Polygon","coordinates":[[[-122.8839,48.5729],[-122.9207,48.5351],[-122.9455,48.4658],[-122.8141,48.4213],[-122.8056,48.4531],[-122.8561,48.4735],[-122.8733,48.5062],[-122.8617,48.5428],[-122.8839,48.5729]]]},"properties":{"NA_L1CODE":"7","NA_L1NAME":"MARINE WEST COAST FOREST","NA_L1KEY":"7  MARINE WEST COAST FOREST","Shape_Leng":99716.3881372,"Shape_Area":77152956.0652}},
{"type":"Feature","geometry":{"type":"Polygon","coordinates":[[[-122.8095,48.5875],[-122.8217,48.546],[-122.7725,48.5521],[-122.8095,48.5875]]]},"properties":{"NA_L1CODE":"7","NA_L1NAME":"MARINE WEST COAST FOREST","NA_L1KEY":"7  MARINE WEST COAST FOREST","Shape_Leng":19360.4206416,"Shape_Area":17340438.5766}},
{"type":"Feature","geometry":{"type":"Polygon","coordinates":[[[-122.7106,48.6068],[-122.7388,48.5722],[-122.7224,48.5406],[-122.6685,48.5662],[-122.7106,48.6068]]]},"properties":{"NA_L1CODE":"7","NA_L1NAME":"MARINE WEST COAST FOREST","NA_L1KEY":"7  MARINE WEST COAST FOREST","Shape_Leng":26931.3011813,"Shape_Area":21796549.2182}},
{"type":"Feature","geometry":{"type":"Polygon","coordinates":[[[-123.0135,48.5869],[-122.9451,48.5478],[-122.9049,48.582],[-123.0135,48.5869]]]},"properties":{"NA_L1CODE":"7","NA_L1NAME":"MARINE WEST COAST FOREST","NA_L1KEY":"7  MARINE WEST COAST FOREST","Shape_Leng":38229.8984018,"Shape_Area":19892648.7401}},
{"type":"Feature","geometry":{"type":"Polygon","coordinates":[[[-123.1516,48.6237],[-123.1774,48.5643],[-123.1321,48.498],[-123.0369,48.4581],[-123.009,48.473],[-123.0145,48.5608],[-123.0497,48.5704],[-123.0986,48.6114],[-123.1516,48.6237]]]},"properties":{"NA_L1CODE":"7","NA_L1NAME":"MARINE WEST COAST FOREST","NA_L1KEY":"7  MARINE WEST COAST FOREST","Shape_Leng":111650.334014,"Shape_Area":143661525.13}},
{"type":"Feature","geometry":{"type":"Polygon","coordinates":[[[-122.9385,48.71],[-123.0301,48.6302],[-122.9363,48.5939],[-122.8306,48.6056],[-122.743,48.662],[-122.8946,48.715],[-122.9385,48.71]]]},"properties":{"NA_L1CODE":"7","NA_L1NAME":"MARINE WEST COAST FOREST","NA_L1KEY":"7  MARINE WEST COAST FOREST","Shape_Leng":117594.277785,"Shape_Area":149919755.461}},
{"type":"Feature","geometry":{"type":"Polygon","coordinates":[[[-123.179,48.8135],[-123.2087,48.7905],[-123.1575,48.7648],[-123.0915,48.7654],[-123.0885,48.7885],[-123.179,48.8135]]]},"properties":{"NA_L1CODE":"7","NA_L1NAME":"MARINE WEST COAST FOREST","NA_L1KEY":"7  MARINE WEST COAST FOREST","Shape_Leng":30651.0871572,"Shape_Area":36156115.8196}},
{"type":"Feature","geometry":{"type":"Polygon","coordinates":[[[-123.255,48.7935],[-123.3061,48.8213],[-123.3117,48.7708],[-123.255,48.7935]]]},"properties":{"NA_L1CODE":"7","NA_L1NAME":"MARINE WEST COAST FOREST","NA_L1KEY":"7  MARINE WEST COAST FOREST","Shape_Leng":30224.5036651,"Shape_Area":28203050.0529}},
{"type":"Feature","geometry":{"type":"Polygon","coordinates":[[[-123.2883,48.8745],[-123.328,48.8323],[-123.2468,48.8264],[-123.2487,48.8589],[-123.2883,48.8745]]]},"properties":{"NA_L1CODE":"7","NA_L1NAME":"MARINE WEST COAST FOREST","NA_L1KEY":"7  MARINE WEST COAST FOREST","Shape_Leng":22753.8565753,"Shape_Area":23732219.741}},
{"type":"Feature","geometry":{"type":"Polygon","coordinates":[[[-123.5884,48.9408],[-123.5515,48.8108],[-123.5628,48.7663],[-123.4849,48.7132],[-123.3808,48.7557],[-123.3909,48.796],[-123.4652,48.8315],[-123.432,48.8549],[-123.5884,48.9408]]]},"properties":{"NA_L1CODE":"7","NA_L1NAME":"MARINE WEST COAST FOREST","NA_L1KEY":"7  MARINE WEST COAST FOREST","Shape_Leng":73968.2085016,"Shape_Area":200053401.641}},
{"type":"Feature","geometry":{"type":"Polygon","coordinates":[[[-123.3114,48.8624],[-123.3443,48.9024],[-123.3933,48.8931],[-123.3621,48.861],[-123.3114,48.8624]]]},"properties":{"NA_L1CODE":"7","NA_L1NAME":"MARINE WEST COAST FOREST","NA_L1KEY":"7  MARINE WEST COAST FOREST","Shape_Leng":55858.3305335,"Shape_Area":60016459.3555}},
{"type":"Feature","geometry":{"type":"Polygon","coordinates":[[[-123.6238,48.9394],[-123.6328,48.9795],[-123.6824,49.0195],[-123.7054,49.0149],[-123.6531,48.9476],[-123.6238,48.9394]]]},"properties":{"NA_L1CODE":"7","NA_L1NAME":"MARINE WEST COAST FOREST","NA_L1KEY":"7  MARINE WEST COAST FOREST","Shape_Leng":23879.9451337,"Shape_Area":25021300.9718}},
{"type":"Feature","geometry":{"type":"Polygon","coordinates":[[[-123.0963,49.1142],[-123.0149,49.1626],[-123.1413,49.1924],[-123.2031,49.1598],[-123.193,49.1263],[-123.1502,49.1078],[-123.0963,49.1142]]]},"properties":{"NA_L1CODE":"7","NA_L1NAME":"MARINE WEST COAST FOREST","NA_L1KEY":"7  MARINE WEST COAST FOREST","Shape_Leng":35653.1871926,"Shape_Area":87527314.591}},
{"type":"Feature","geometry":{"type":"Polygon","coordinates":[[[-123.5917,49.0157],[-123.6255,49.0645],[-123.683,49.1166],[-123.7055,49.1091],[-123.6403,49.0393],[-123.5917,49.0157]]]},"properties":{"NA_L1CODE":"7","NA_L1NAME":"MARINE WEST COAST FOREST","NA_L1KEY":"7  MARINE WEST COAST FOREST","Shape_Leng":31561.3756473,"Shape_Area":28799034.1816}},
{"type":"Feature","geometry":{"type":"Polygon","coordinates":[[[-123.6933,49.1293],[-123.7018,49.1562],[-123.7607,49.1646],[-123.8571,49.1978],[-123.8664,49.1696],[-123.8361,49.1475],[-123.7288,49.1225],[-123.6933,49.1293]]]},"properties":{"NA_L1CODE":"7","NA_L1NAME":"MARINE WEST COAST FOREST","NA_L1KEY":"7  MARINE WEST COAST FOREST","Shape_Leng":34266.6890736,"Shape_Area":55788256.4039}},
{"type":"Feature","geometry":{"type":"Polygon","coordinates":[[[-123.3441,49.3444],[-123.3131,49.4167],[-123.3611,49.4106],[-123.4291,49.3631],[-123.4213,49.3319],[-123.3441,49.3444]]]},"properties":{"NA_L1CODE":"7","NA_L1NAME":"MARINE WEST COAST FOREST","NA_L1KEY":"7  MARINE WEST COAST FOREST","Shape_Leng":29415.0507774,"Shape_Area":54147830.2302}},
{"type":"Feature","geometry":{"type":"Polygon","coordinates":[[[-123.3327,49.4907],[-123.363,49.5299],[-123.4205,49.5271],[-123.45,49.5056],[-123.4185,49.4582],[-123.3155,49.4439],[-123.3327,49.4907]]]},"properties":{"NA_L1CODE":"7","NA_L1NAME":"MARINE WEST COAST FOREST","NA_L1KEY":"7  MARINE WEST COAST FOREST","Shape_Leng":39923.1037453,"Shape_Area":75096635.0301}},
{"type":"Feature","geometry":{"type":"Polygon","coordinates":[[[-124.2738,49.4982],[-124.346,49.5127],[-124.3779,49.5015],[-124.3146,49.4596],[-124.243,49.4584],[-124.183,49.4393],[-124.1577,49.4509],[-124.2386,49.5041],[-124.2738,49.4982]]]},"properties":{"NA_L1CODE":"7","NA_L1NAME":"MARINE WEST COAST FOREST","NA_L1KEY":"7  MARINE WEST COAST FOREST","Shape_Leng":41461.671208,"Shape_Area":66316947.6734}},
{"type":"Feature","geometry":{"type":"Polygon","coordinates":[[[-124.5889,49.516],[-124.6694,49.5492],[-124.7095,49.5338],[-124.6622,49.4928],[-124.5889,49.516]]]},"properties":{"NA_L1CODE":"7","NA_L1NAME":"MARINE WEST COAST FOREST","NA_L1KEY":"7  MARINE WEST COAST FOREST","Shape_Leng":23072.818661,"Shape_Area":33260473.1842}},
{"type":"Feature","geometry":{"type":"Polygon","coordinates":[[[-124.7253,49.5029],[-124.7724,49.5676],[-124.8326,49.6014],[-124.8327,49.5451],[-124.7635,49.504],[-124.7253,49.5029]]]},"properties":{"NA_L1CODE":"7","NA_L1NAME":"MARINE WEST COAST FOREST","NA_L1KEY":"7  MARINE WEST COAST FOREST","Shape_Leng":38449.7901212,"Shape_Area":49126960.9155}},
{"type":"Feature","geometry":{"type":"Polygon","coordinates":[[[-124.2039,49.7486],[-124.1888,49.7137],[-124.1997,49.6794],[-124.088,49.6467],[-124.0493,49.7422],[-124.0061,49.7849],[-124.0812,49.7791],[-124.2039,49.7486]]]},"properties":{"NA_L1CODE":"7","NA_L1NAME":"MARINE WEST COAST FOREST","NA_L1KEY":"7  MARINE WEST COAST FOREST","Shape_Leng":59533.7196902,"Shape_Area":119637857.95}},
{"type":"Feature","geometry":{"type":"Polygon","coordinates":[[[-124.1249,49.4931],[-124.1643,49.5546],[-124.2567,49.6128],[-124.3625,49.7136],[-124.4958,49.738],[-124.636,49.8004],[-124.639,49.7487],[-124.6201,49.7232],[-124.4736,49.6769],[-124.4193,49.6195],[-124.3051,49.5698],[-124.1459,49.4905],[-124.1249,49.4931]]]},"properties":{"NA_L1CODE":"7","NA_L1NAME":"MARINE WEST COAST FOREST","NA_L1KEY":"7  MARINE WEST COAST FOREST","Shape_Leng":107723.706472,"Shape_Area":311331717.154}},
{"type":"Feature","geometry":{"type":"Polygon","coordinates":[[[-125,49.7942],[-125,48.708],[-124.8946,48.6763],[-124.835,48.6721],[-124.7056,48.5919],[-124.6121,48.5655],[-124.4951,48.5482],[-124.361,48.5123],[-124.3114,48.5084],[-124.2865,48.4856],[-124.2132,48.4613],[-124.0333,48.4178],[-123.9344,48.3812],[-123.834,48.3655],[-123.7665,48.3677],[-123.7241,48.3553],[-123.6504,48.3135],[-123.5664,48.3121],[-123.5402,48.3593],[-123.4506,48.432],[-123.3661,48.4068],[-123.2923,48.4108],[-123.2632,48.4505],[-123.3617,48.5207],[-123.3674,48.5884],[-123.4046,48.6253],[-123.4021,48.6835],[-123.4415,48.7006],[-123.4707,48.6673],[-123.4664,48.5826],[-123.5156,48.5612],[-123.5332,48.693],[-123.5943,48.7374],[-123.5623,48.794],[-123.5889,48.844],[-123.6741,48.8862],[-123.7464,48.9527],[-123.7931,48.973],[-123.7546,48.9983],[-123.7452,49.0372],[-123.804,49.1217],[-123.8677,49.1428],[-123.9259,49.1485],[-123.9654,49.2016],[-123.9741,49.2363],[-124.1176,49.2521],[-124.1175,49.279],[-124.1883,49.3095],[-124.2158,49.3047],[-124.3617,49.3516],[-124.4576,49.3541],[-124.5778,49.3796],[-124.6316,49.402],[-124.6926,49.4504],[-124.7919,49.4662],[-124.8718,49.5544],[-124.9208,49.6399],[-124.8633,49.705],[-124.9302,49.7436],[-125,49.7942]]]},"properties":{"NA_L1CODE":"7","NA_L1NAME":"MARINE WEST COAST FOREST","NA_L1KEY":"7  MARINE WEST COAST FOREST","Shape_Leng":1811716.05871,"Shape_Area":32027665250.5}},
{"type":"Feature","geometry":{"type":"MultiPolygon","coordinates":[[[[-121.8146,50],[-123.9512,50],[-123.9553,49.9987],[-123.978,49.9587],[-123.9309,49.9182],[-123.8836,49.9061],[-123.8748,49.8458],[-123.9391,49.7687],[-124.0251,49.7426],[-124.0714,49.661],[-124.0617,49.6111],[-124.0195,49.6043],[-123.9966,49.5535],[-123.9615,49.5168],[-123.8881,49.471],[-123.745,49.469],[-123.7185,49.4365],[-123.6814,49.4322],[-123.5374,49.3834],[-123.5017,49.3935],[-123.4679,49.4495],[-123.493,49.4991],[-123.4656,49.5306],[-123.3151,49.5813],[-123.2751,49.5834],[-123.2514,49.6095],[-123.2577,49.6615],[-123.1825,49.6958],[-123.1832,49.6625],[-123.2652,49.5169],[-123.2373,49.4191],[-123.283,49.3545],[-123.2475,49.3367],[-122.9526,49.3025],[-122.9102,49.3048],[-122.8635,49.2829],[-123.0255,49.2794],[-123.1028,49.2828],[-123.1271,49.2683],[-123.2417,49.2767],[-123.2534,49.2502],[-123.14,49.1994],[-123.0383,49.203],[-122.9401,49.1546],[-123.0446,49.1281],[-123.1431,49.0568],[-123.1051,49.0441],[-123.084,48.9715],[-123.0187,48.9795],[-123.0539,49.0198],[-123.0456,49.0453],[-122.8848,49.0906],[-122.8678,49.023],[-122.809,49.0206],[-122.7565,49.0034],[-122.8182,48.9391],[-122.7456,48.9282],[-122.7868,48.8858],[-122.7151,48.8437],[-122.7067,48.8024],[-122.6474,48.774],[-122.5358,48.7761],[-122.4888,48.7501],[-122.5193,48.7127],[-122.4929,48.6894],[-122.4867,48.6431],[-122.4257,48.6004],[-122.4664,48.5555],[-122.4925,48.5594],[-122.4831,48.488],[-122.5143,48.4577],[-122.5568,48.4977],[-122.6121,48.522],[-122.6699,48.5042],[-122.6543,48.4075],[-122.5586,48.426],[-122.5334,48.3751],[-122.3898,48.3168],[-122.3697,48.2897],[-122.3958,48.25],[-122.4671,48.2691],[-122.5303,48.2495],[-122.5361,48.1841],[-122.511,48.1325],[-122.4425,48.1309],[-122.479,48.1757],[-122.4301,48.2361],[-122.3926,48.2306],[-122.3678,48.1954],[-122.3684,48.1352],[-122.3425,48.0975],[-122.2728,48.0477],[-122.2051,48.0265],[-122.2197,47.9807],[-122.2507,47.9592],[-122.3065,47.949],[-122.3354,47.8529],[-122.3955,47.8071],[-122.3768,47.7123],[-122.4361,47.6618],[-122.4155,47.6402],[-122.3388,47.6039],[-122.4119,47.5708],[-122.3994,47.5173],[-122.3613,47.4807],[-122.3677,47.4596],[-122.3257,47.392],[-122.3239,47.3514],[-122.4299,47.3191],[-122.4079,47.2872],[-122.4397,47.2621],[-122.5326,47.3166],[-122.535,47.2744],[-122.5633,47.2443],[-122.5911,47.1767],[-122.677,47.1023],[-122.7217,47.0953],[-122.8268,47.1642],[-122.9076,47.1387],[-122.8944,47.0983],[-122.9354,47.0809],[-122.9824,47.101],[-122.9329,47.1498],[-122.9665,47.1688],[-122.9271,47.2508],[-122.928,47.2806],[-122.8464,47.3114],[-122.8244,47.3632],[-122.7905,47.3377],[-122.787,47.2996],[-122.8309,47.2436],[-122.7715,47.1678],[-122.7539,47.1722],[-122.7241,47.2448],[-122.7568,47.2722],[-122.7259,47.3359],[-122.6718,47.3418],[-122.6973,47.2858],[-122.6286,47.2776],[-122.5884,47.2546],[-122.5484,47.2839],[-122.5735,47.3272],[-122.5386,47.3771],[-122.5309,47.471],[-122.4949,47.5107],[-122.547,47.5245],[-122.5498,47.5721],[-122.6065,47.5483],[-122.592,47.6382],[-122.617,47.6508],[-122.6197,47.705],[-122.5819,47.7036],[-122.5522,47.7447],[-122.474,47.7471],[-122.5003,47.788],[-122.5249,47.9118],[-122.5942,47.9244],[-122.5729,47.8685],[-122.6072,47.8572],[-122.6828,47.8012],[-122.7489,47.7192],[-122.7553,47.6653],[-122.9147,47.6219],[-122.922,47.5985],[-122.9674,47.5805],[-123.0175,47.5271],[-123.0336,47.4941],[-123.0821,47.446],[-123.114,47.3757],[-123.0241,47.3614],[-123.013,47.3791],[-122.8836,47.4255],[-122.9122,47.3887],[-122.9725,47.3797],[-123.0365,47.3504],[-123.1596,47.3546],[-123.1113,47.4502],[-123.0572,47.5028],[-123.0343,47.5508],[-122.9418,47.632],[-122.8895,47.6911],[-122.8839,47.73],[-122.8222,47.7907],[-122.8072,47.7308],[-122.83,47.6902],[-122.7708,47.6932],[-122.7816,47.7246],[-122.7585,47.7459],[-122.7437,47.8093],[-122.7193,47.8135],[-122.6151,47.8851],[-122.6549,47.9048],[-122.6753,47.9578],[-122.7181,47.988],[-122.7336,48.0326],[-122.7651,48.0407],[-122.7878,48.08],[-122.7489,48.117],[-122.7547,48.1445],[-122.8348,48.1346],[-122.8812,48.1089],[-122.8785,48.047],[-122.928,48.0667],[-122.919,48.0961],[-123.0227,48.0827],[-123.1248,48.1535],[-123.1854,48.1473],[-123.2486,48.1157],[-123.395,48.1142],[-123.5072,48.1318],[-123.5606,48.1507],[-123.5949,48.1351],[-123.6724,48.1627],[-123.865,48.1545],[-123.981,48.1648],[-124.0507,48.1777],[-124.1013,48.2166],[-124.2364,48.2622],[-124.3809,48.2847],[-124.5648,48.3679],[-124.6204,48.367],[-124.6595,48.3913],[-124.7319,48.3809],[-124.6964,48.344],[-124.6589,48.3311],[-124.687,48.2905],[-124.6909,48.2126],[-124.7319,48.1698],[-124.6871,48.0987],[-124.6853,48.0488],[-124.6612,47.947],[-124.6431,47.9092],[-124.5146,47.8224],[-124.4753,47.7757],[-124.4284,47.7439],[-124.3684,47.5906],[-124.3432,47.4778],[-124.3368,47.4055],[-124.3189,47.3566],[-124.2798,47.3083],[-124.2363,47.2873],[-124.2047,47.2052],[-124.1768,47.0928],[-124.169,46.9919],[-124.1748,46.9277],[-124.1268,46.945],[-124.1514,47.0223],[-124.1221,47.0416],[-124.0599,47.0435],[-124.0263,47.0302],[-123.9983,46.9809],[-123.944,46.983],[-123.8597,46.9675],[-123.8766,46.9408],[-123.9851,46.9219],[-124.0913,46.8637],[-124.0945,46.9024],[-124.136,46.9053],[-124.0973,46.7891],[-124.0945,46.737],[-123.9875,46.7075],[-123.9487,46.7254],[-123.8767,46.7307],[-123.846,46.7026],[-123.9202,46.6686],[-123.9578,46.6241],[-123.9047,46.5514],[-123.9435,46.4744],[-123.9076,46.4367],[-123.9523,46.4025],[-123.9538,46.378],[-124.0143,46.3786],[-124.0314,46.4982],[-124.0236,46.5826],[-124.0696,46.6307],[-124.0566,46.4909],[-124.0584,46.3865],[-124.0674,46.3184],[-123.9691,46.2997],[-123.9103,46.2459],[-123.8755,46.2398],[-123.7956,46.2845],[-123.6897,46.3062],[-123.6695,46.2668],[-123.5477,46.2591],[-123.4796,46.2691],[-123.4276,46.2293],[-123.4366,46.198],[-123.5007,46.2351],[-123.5351,46.2363],[-123.6146,46.1868],[-123.6553,46.1716],[-123.7328,46.1732],[-123.7768,46.1976],[-123.8453,46.1927],[-123.8908,46.1647],[-123.9529,46.207],[-123.9883,46.1921],[-123.9337,46.0736],[-123.9279,46.0096],[-123.9375,45.9773],[-123.9936,45.9462],[-123.9676,45.9078],[-123.9614,45.8441],[-123.9704,45.7801],[-123.9247,45.67],[-123.94,45.6524],[-123.9564,45.5699],[-123.9069,45.5486],[-123.889,45.5092],[-123.9434,45.5071],[-123.9735,45.4623],[-123.9318,45.4026],[-123.9793,45.3481],[-123.9629,45.2802],[-123.9746,45.2178],[-123.9737,45.1549],[-123.9895,45.094],[-124.0154,45.0661],[-124.0044,45.0391],[-124.0251,44.9282],[-124.0069,44.9077],[-124.0404,44.8786],[-124.0667,44.8312],[-124.0719,44.792],[-124.0591,44.7377],[-124.0727,44.6786],[-124.0493,44.632],[-124.0673,44.608],[-124.0831,44.5048],[-124.084,44.4169],[-124.116,44.2746],[-124.1224,44.1051],[-124.1487,43.9204],[-124.182,43.7473],[-124.2312,43.5639],[-124.2504,43.5134],[-124.3189,43.3715],[-124.2544,43.4257],[-124.2148,43.4438],[-124.1994,43.4072],[-124.2613,43.4161],[-124.3228,43.3491],[-124.3858,43.3298],[-124.3986,43.3079],[-124.3823,43.2715],[-124.4048,43.1755],[-124.4241,43.1268],[-124.4486,43.0277],[-124.5001,42.9175],[-124.558,42.8335],[-124.5361,42.8142],[-124.5134,42.7451],[-124.4708,42.7291],[-124.4498,42.6751],[-124.4158,42.6611],[-124.39,42.5748],[-124.4224,42.4965],[-124.4346,42.4411],[-124.4271,42.3363],[-124.4105,42.3071],[-124.4115,42.2529],[-124.3778,42.2188],[-124.352,42.1013],[-124.2818,42.0444],[-124.215,42.0049],[-124.1968,41.9413],[-124.2181,41.8488],[-124.2558,41.7829],[-124.215,41.7521],[-124.1638,41.7397],[-124.1199,41.6405],[-124.0648,41.4635],[-124.0737,41.369],[-124.1103,41.2205],[-124.1406,41.1484],[-124.1587,41.1429],[-124.1596,41.0737],[-124.111,41.0288],[-124.1354,40.9294],[-124.163,40.867],[-124.0852,40.8495],[-124.0896,40.8228],[-124.1869,40.7953],[-124.1977,40.752],[-124.2329,40.6924],[-124.2807,40.6915],[-124.3333,40.6072],[-124.4089,40.4426],[-124.3727,40.3929],[-124.3476,40.3154],[-124.3604,40.2577],[-124.2901,40.2039],[-124.2156,40.1625],[-124.1854,40.1307],[-124.1098,40.1038],[-124.0799,40.0664],[-124.0802,40.0304],[-124.0376,40.0153],[-123.93,39.91],[-123.8983,39.8556],[-123.8544,39.8345],[-123.8304,39.7232],[-123.7944,39.6902],[-123.7669,39.5653],[-123.7834,39.5094],[-123.8137,39.453],[-123.8265,39.3492],[-123.7939,39.3017],[-123.8036,39.2805],[-123.7771,39.2382],[-123.7705,39.1941],[-123.7189,39.1319],[-123.6912,39.0513],[-123.7073,38.9822],[-123.7399,38.954],[-123.6518,38.8543],[-123.5889,38.8031],[-123.5411,38.7764],[-123.5145,38.7416],[-123.4563,38.7132],[-123.3692,38.6029],[-123.3333,38.5655],[-123.2499,38.5097],[-123.1953,38.4906],[-123.131,38.4525],[-123.0991,38.4041],[-123.0745,38.4046],[-123.0083,38.3596],[-122.9755,38.3589],[-122.9325,38.3806],[-122.8898,38.4291],[-122.8851,38.4756],[-122.9259,38.5361],[-122.9608,38.5686],[-123.0699,38.6423],[-123.1791,38.7895],[-123.2001,38.8697],[-123.1719,38.9184],[-123.1895,38.9857],[-123.2192,39.025],[-123.321,39.1264],[-123.3401,39.1747],[-123.3388,39.2306],[-123.3249,39.2465],[-123.3563,39.2714],[-123.4889,39.4332],[-123.5315,39.5419],[-123.5549,39.6836],[-123.5587,39.7481],[-123.5467,39.7998],[-123.5911,39.9123],[-123.7509,40.1784],[-123.7639,40.2245],[-123.8148,40.3111],[-123.8119,40.3444],[-123.8399,40.3872],[-123.868,40.4707],[-123.8894,40.6049],[-123.8875,40.6544],[-123.8656,40.7084],[-123.8737,40.7557],[-123.8543,40.8296],[-123.8625,40.8768],[-123.8526,40.9608],[-123.853,41.1243],[-123.8744,41.2177],[-123.888,41.3865],[-123.9209,41.5756],[-123.9526,41.6258],[-123.9563,41.6618],[-124.0639,41.9233],[-124.0297,42.0002],[-124.0713,42.047],[-124.1076,42.0388],[-124.1282,42.1276],[-124.1326,42.1924],[-124.1948,42.1526],[-124.2107,42.1087],[-124.2747,42.092],[-124.3135,42.135],[-124.3688,42.2524],[-124.3376,42.2687],[-124.2786,42.2538],[-124.3161,42.3061],[-124.3176,42.3473],[-124.2998,42.3781],[-124.3307,42.409],[-124.2962,42.4841],[-124.2234,42.477],[-124.2281,42.5441],[-124.1813,42.5569],[-124.1334,42.5861],[-124.1092,42.6216],[-124.1132,42.6547],[-124.0445,42.6864],[-124.0117,42.6902],[-123.9432,42.7289],[-123.9014,42.784],[-123.8422,42.803],[-123.7751,42.8084],[-123.7155,42.792],[-123.6915,42.838],[-123.6556,42.8537],[-123.6479,42.8872],[-123.7597,42.9951],[-123.7355,43.0729],[-123.7077,43.0989],[-123.6654,43.1089],[-123.6368,43.1471],[-123.5877,43.1782],[-123.5256,43.2841],[-123.5492,43.327],[-123.5257,43.3774],[-123.4633,43.4098],[-123.445,43.4961],[-123.385,43.535],[-123.3647,43.5881],[-123.4102,43.6078],[-123.3973,43.6524],[-123.4549,43.6712],[-123.3954,43.719],[-123.3347,43.7076],[-123.3478,43.666],[-123.293,43.6676],[-123.2182,43.6505],[-123.2135,43.6366],[-123.1242,43.6056],[-123.0408,43.7067],[-123.0415,43.772],[-123.0005,43.7491],[-122.9905,43.7061],[-122.9575,43.6925],[-122.9563,43.7738],[-122.8987,43.7434],[-122.8693,43.7835],[-122.985,43.8218],[-123.0017,43.8686],[-122.9841,43.8997],[-122.9464,43.8921],[-122.8896,43.9202],[-122.8318,43.8567],[-122.7652,43.8549],[-122.7849,43.8893],[-122.7301,43.8865],[-122.6577,43.9119],[-122.7135,43.9514],[-122.7627,44.0109],[-122.8335,44.0038],[-122.8585,44.0269],[-122.7097,44.0787],[-122.7296,44.1011],[-122.7718,44.0882],[-122.7938,44.1181],[-122.8488,44.1515],[-122.7838,44.1691],[-122.778,44.1951],[-122.8255,44.2181],[-122.8709,44.1894],[-122.9199,44.1871],[-122.957,44.1575],[-122.9799,44.1153],[-123.0194,44.1767],[-123.0032,44.2078],[-122.9457,44.2511],[-122.918,44.3001],[-122.869,44.3146],[-122.8131,44.2926],[-122.7953,44.3122],[-122.724,44.3277],[-122.7139,44.3638],[-122.6512,44.3814],[-122.7037,44.453],[-122.7038,44.487],[-122.7269,44.5516],[-122.6922,44.5906],[-122.7019,44.6721],[-122.611,44.7126],[-122.6276,44.7378],[-122.5804,44.757],[-122.5818,44.8024],[-122.6682,44.8148],[-122.7203,44.871],[-122.6945,44.9146],[-122.7026,45.0067],[-122.5948,45.0458],[-122.5588,45.0827],[-122.506,45.0823],[-122.475,45.1319],[-122.4115,45.1527],[-122.3752,45.178],[-122.3476,45.2833],[-122.3073,45.2855],[-122.266,45.3151],[-122.293,45.3622],[-122.266,45.3869],[-122.2602,45.4528],[-122.2906,45.4775],[-122.3103,45.5392],[-122.24,45.5436],[-122.2003,45.5642],[-122.1922,45.6217],[-122.2568,45.6198],[-122.3544,45.6352],[-122.429,45.6716],[-122.4548,45.6977],[-122.4397,45.7661],[-122.4639,45.8165],[-122.5158,45.8614],[-122.5157,45.9122],[-122.5612,45.9069],[-122.5998,45.9539],[-122.7469,45.9394],[-122.7685,45.9787],[-122.805,46.0088],[-122.7546,46.0255],[-122.7351,46.0622],[-122.7727,46.0767],[-122.7784,46.1402],[-122.8331,46.1399],[-122.8227,46.2173],[-122.7903,46.2498],[-122.7267,46.2341],[-122.6702,46.2764],[-122.6467,46.3169],[-122.655,46.3859],[-122.6418,46.4107],[-122.545,46.4651],[-122.5574,46.5424],[-122.4916,46.6013],[-122.6169,46.6297],[-122.6614,46.6594],[-122.7057,46.6666],[-122.7195,46.716],[-122.6771,46.754],[-122.7376,46.7941],[-122.8299,46.8204],[-122.8219,46.8597],[-122.7114,46.8716],[-122.644,46.8354],[-122.6127,46.8386],[-122.4625,46.7819],[-122.45,46.8306],[-122.3513,46.8285],[-122.3314,46.8614],[-122.2903,46.8633],[-122.2659,46.9483],[-122.2313,46.9838],[-122.1986,46.9878],[-122.186,47.0407],[-122.088,47.0824],[-122.0312,47.0735],[-122.0454,47.1235],[-121.9871,47.135],[-121.9444,47.1206],[-121.8834,47.1585],[-121.9296,47.225],[-121.9203,47.2988],[-121.8939,47.3194],[-121.918,47.3583],[-121.8864,47.3656],[-121.8365,47.4079],[-121.8652,47.4279],[-121.939,47.4107],[-122.0069,47.4923],[-122.0767,47.5001],[-122.0614,47.5224],[-121.97,47.5361],[-121.9224,47.5229],[-121.8938,47.4926],[-121.8196,47.5073],[-121.7753,47.4435],[-121.7385,47.4369],[-121.7278,47.4746],[-121.7659,47.5151],[-121.7221,47.5601],[-121.7446,47.6164],[-121.7679,47.6362],[-121.7643,47.6949],[-121.8083,47.7838],[-121.7468,47.8338],[-121.6634,47.8373],[-121.6446,47.8678],[-121.7192,47.9198],[-121.796,47.9395],[-121.7862,47.996],[-121.9,48.0111],[-121.9325,48.1258],[-121.985,48.1227],[-122.0079,48.1661],[-121.9838,48.22],[-122.0274,48.2142],[-122.0299,48.2688],[-122.107,48.2863],[-122.1138,48.3356],[-122.1518,48.3437],[-122.205,48.4219],[-122.167,48.4837],[-122.0303,48.4856],[-122.0231,48.5136],[-122.0605,48.5294],[-122.1202,48.5247],[-122.2059,48.5319],[-122.2155,48.5953],[-122.2842,48.6031],[-122.2665,48.6719],[-122.3007,48.7203],[-122.3486,48.7471],[-122.3141,48.8193],[-122.2709,48.8219],[-122.2901,48.8892],[-122.2693,48.9479],[-122.1754,49.0023],[-122.0806,49.002],[-122.0285,49.016],[-121.9162,49.0616],[-121.8078,49.0757],[-121.8579,49.105],[-121.8389,49.1289],[-121.7326,49.2079],[-121.6986,49.2147],[-121.6731,49.281],[-121.6913,49.3072],[-121.5976,49.3654],[-121.5016,49.3886],[-121.4932,49.4065],[-121.0974,49.4766],[-121.0826,49.5301],[-121.1432,49.6286],[-121.1773,49.7403],[-121.3072,49.8476],[-121.438,49.881],[-121.6103,49.913],[-121.787,49.9853],[-121.8146,50]],[[-123.6598,47.9428],[-123.6429,47.9114],[-123.599,47.9309],[-123.5698,47.9081],[-123.5577,47.8524],[-123.5064,47.9035],[-123.4521,47.8424],[-123.4165,47.8561],[-123.4746,47.9367],[-123.5726,47.9847],[-123.5442,48.0111],[-123.486,48.0028],[-123.4661,48.0237],[-123.4027,48.0158],[-123.4531,47.9831],[-123.4438,47.9601],[-123.2996,47.9452],[-123.241,47.8827],[-123.2108,47.9163],[-123.1566,47.9145],[-123.1153,47.9356],[-123.0612,47.8927],[-123.0345,47.8908],[-123.0249,47.8104],[-123.1035,47.7932],[-123.0866,47.7592],[-123.1128,47.7413],[-123.2301,47.7653],[-123.2761,47.7987],[-123.3064,47.7744],[-123.2273,47.744],[-123.2293,47.717],[-123.178,47.693],[-123.3161,47.664],[-123.1252,47.6464],[-123.1741,47.6047],[-123.2864,47.5744],[-123.329,47.5389],[-123.346,47.586],[-123.424,47.6164],[-123.378,47.6541],[-123.4532,47.6573],[-123.4762,47.6298],[-123.5329,47.6176],[-123.5391,47.6547],[-123.5862,47.6855],[-123.6283,47.6735],[-123.6998,47.6925],[-123.6626,47.718],[-123.643,47.7746],[-123.7624,47.7337],[-123.7483,47.7687],[-123.7695,47.8011],[-123.7495,47.854],[-123.6928,47.8598],[-123.7017,47.8964],[-123.7885,47.8915],[-123.779,47.9516],[-123.7558,47.971],[-123.6598,47.9428]]],[[[-124.0061,50],[-124.7867,50],[-124.753,49.9727],[-124.5515,49.8737],[-124.5173,49.8066],[-124.3974,49.7703],[-124.1508,49.7789],[-124.0894,49.8014],[-124.0694,49.8722],[-124.0307,49.8827],[-123.9599,49.8076],[-123.8993,49.8776],[-123.9578,49.9074],[-123.9986,49.9638],[-124.0061,50]]]]},"properties":{"NA_L1CODE":"7","NA_L1NAME":"MARINE WEST COAST FOREST","NA_L1KEY":"7  MARINE WEST COAST FOREST","Shape_Leng":20534378.9878,"Shape_Area":390934938013}},
{"type":"Feature","geometry":{"type":"Polygon","coordinates":[[[-82.1905,26.5408],[-82.1841,26.4825],[-82.1292,26.4379],[-82.0684,26.4236],[-82.0217,26.447],[-82.0583,26.4688],[-82.102,26.4643],[-82.1816,26.4877],[-82.1905,26.5408]]]},"properties":{"NA_L1CODE":"8","NA_L1NAME":"EASTERN TEMPERATE FORESTS","NA_L1KEY":"8  EASTERN TEMPERATE FORESTS","Shape_Leng":71500.8975129,"Shape_Area":51084033.6669}},
{"type":"Feature","geometry":{"type":"Polygon","coordinates":[[[-82.1242,26.6979],[-82.1774,26.6858],[-82.1343,26.6352],[-82.1035,26.5155],[-82.0758,26.5112],[-82.0857,26.5799],[-82.0654,26.611],[-82.1106,26.6446],[-82.1242,26.6979]]]},"properties":{"NA_L1CODE":"8","NA_L1NAME":"EASTERN TEMPERATE FORESTS","NA_L1KEY":"8  EASTERN TEMPERATE FORESTS","Shape_Leng":137330.429307,"Shape_Area":96386881.7952}},
{"type":"Feature","geometry":{"type":"Polygon","coordinates":[[[-89.1256,29.2323],[-89.1734,29.2285],[-89.2295,29.1991],[-89.2644,29.192],[-89.2239,29.1463],[-89.1767,29.1609],[-89.1296,29.2022],[-89.1256,29.2323]]]},"properties":{"NA_L1CODE":"8","NA_L1NAME":"EASTERN TEMPERATE FORESTS","NA_L1KEY":"8  EASTERN TEMPERATE FORESTS","Shape_Leng":67964.0873731,"Shape_Area":71899165.8081}},
{"type":"Feature","geometry":{"type":"Polygon","coordinates":[[[-89.3454,29.2681],[-89.3414,29.2124],[-89.3089,29.1481],[-89.2624,29.1563],[-89.2977,29.2221],[-89.3454,29.2681]]]},"properties":{"NA_L1CODE":"8","NA_L1NAME":"EASTERN TEMPERATE FORESTS","NA_L1KEY":"8  EASTERN TEMPERATE FORESTS","Shape_Leng":63658.9253349,"Shape_Area":51208640.38}},
{"type":"Feature","geometry":{"type":"Polygon","coordinates":[[[-89.1809,29.3286],[-89.1877,29.303],[-89.2395,29.2421],[-89.2131,29.2136],[-89.1451,29.28],[-89.1809,29.3286]]]},"properties":{"NA_L1CODE":"8","NA_L1NAME":"EASTERN TEMPERATE FORESTS","NA_L1KEY":"8  EASTERN TEMPERATE FORESTS","Shape_Leng":45966.0144858,"Shape_Area":58037596.9404}},
{"type":"Feature","geometry":{"type":"Polygon","coordinates":[[[-92.1337,29.5844],[-92.0576,29.5819],[-92.1059,29.6204],[-92.1337,29.5844]]]},"properties":{"NA_L1CODE":"8","NA_L1NAME":"EASTERN TEMPERATE FORESTS","NA_L1KEY":"8  EASTERN TEMPERATE FORESTS","Shape_Leng":39199.9412718,"Shape_Area":29166239.9904}},
{"type":"Feature","geometry":{"type":"Polygon","coordinates":[[[-91.9001,29.6387],[-91.9341,29.613],[-92.0057,29.6049],[-92.0268,29.5668],[-91.8784,29.503],[-91.8212,29.474],[-91.7725,29.499],[-91.7654,29.5208],[-91.7117,29.5543],[-91.8409,29.6199],[-91.9001,29.6387]]]},"properties":{"NA_L1CODE":"8","NA_L1NAME":"EASTERN TEMPERATE FORESTS","NA_L1KEY":"8  EASTERN TEMPERATE FORESTS","Shape_Leng":106349.410644,"Shape_Area":295875404.316}},
{"type":"Feature","geometry":{"type":"Polygon","coordinates":[[[-90.0771,29.5115],[-90.1203,29.5067],[-90.1025,29.468],[-90.0583,29.4867],[-90.0771,29.5115]]]},"properties":{"NA_L1CODE":"8","NA_L1NAME":"EASTERN TEMPERATE FORESTS","NA_L1KEY":"8  EASTERN TEMPERATE FORESTS","Shape_Leng":41311.9642025,"Shape_Area":18527101.2765}},
{"type":"Feature","geometry":{"type":"Polygon","coordinates":[[[-80.6631,28.4087],[-80.7191,28.406],[-80.7032,28.3418],[-80.6619,28.359],[-80.6631,28.4087]]]},"properties":{"NA_L1CODE":"8","NA_L1NAME":"EASTERN TEMPERATE FORESTS","NA_L1KEY":"8  EASTERN TEMPERATE FORESTS","Shape_Leng":162106.096492,"Shape_Area":46599388.6437}},
{"type":"Feature","geometry":{"type":"Polygon","coordinates":[[[-80.5917,28.4081],[-80.61,28.3882],[-80.6201,28.3181],[-80.6082,28.2624],[-80.6171,28.2428],[-80.6141,28.1774],[-80.5923,28.187],[-80.6041,28.2573],[-80.6075,28.3329],[-80.5917,28.4081]]]},"properties":{"NA_L1CODE":"8","NA_L1NAME":"EASTERN TEMPERATE FORESTS","NA_L1KEY":"8  EASTERN TEMPERATE FORESTS","Shape_Leng":208507.81536,"Shape_Area":74497859.9183}},
{"type":"Feature","geometry":{"type":"Polygon","coordinates":[[[-82.6717,28.8643],[-82.7011,28.862],[-82.7214,28.8354],[-82.6922,28.8189],[-82.6616,28.8301],[-82.6717,28.8643]]]},"properties":{"NA_L1CODE":"8","NA_L1NAME":"EASTERN TEMPERATE FORESTS","NA_L1KEY":"8  EASTERN TEMPERATE FORESTS","Shape_Leng":38594.8471303,"Shape_Area":20728340.9592}},
{"type":"Feature","geometry":{"type":"Polygon","coordinates":[[[-85.1144,29.6884],[-85.1546,29.679],[-85.2147,29.6813],[-85.1427,29.6354],[-85.098,29.6327],[-85.0798,29.6743],[-85.1144,29.6884]]]},"properties":{"NA_L1CODE":"8","NA_L1NAME":"EASTERN TEMPERATE FORESTS","NA_L1KEY":"8  EASTERN TEMPERATE FORESTS","Shape_Leng":36726.1717473,"Shape_Area":51133943.3037}},
{"type":"Feature","geometry":{"type":"Polygon","coordinates":[[[-81.2743,29.9041],[-81.3065,29.8583],[-81.3008,29.832],[-81.2624,29.8158],[-81.2743,29.9041]]]},"properties":{"NA_L1CODE":"8","NA_L1NAME":"EASTERN TEMPERATE FORESTS","NA_L1KEY":"8  EASTERN TEMPERATE FORESTS","Shape_Leng":68256.0875796,"Shape_Area":40917464.911}},
{"type":"Feature","geometry":{"type":"Polygon","coordinates":[[[-81.4639,30.9685],[-81.4911,30.9561],[-81.5079,30.9567],[-81.4978,30.9423],[-81.5064,30.9344],[-81.4659,30.9256],[-81.4639,30.9685]]]},"properties":{"NA_L1CODE":"8","NA_L1NAME":"EASTERN TEMPERATE FORESTS","NA_L1KEY":"8  EASTERN TEMPERATE FORESTS","Shape_Leng":27324.815936,"Shape_Area":19286844.1813}},
{"type":"Feature","geometry":{"type":"Polygon","coordinates":[[[-81.4044,30.9582],[-81.5053,30.8775],[-81.4767,30.8481],[-81.4533,30.7964],[-81.4308,30.8312],[-81.4052,30.9082],[-81.4044,30.9582]]]},"properties":{"NA_L1CODE":"8","NA_L1NAME":"EASTERN TEMPERATE FORESTS","NA_L1KEY":"8  EASTERN TEMPERATE FORESTS","Shape_Leng":73050.4189477,"Shape_Area":109377808.777}},
{"type":"Feature","geometry":{"type":"Polygon","coordinates":[[[-81.4043,31.0609],[-81.407,31.1184],[-81.44,31.0927],[-81.4043,31.0609]]]},"properties":{"NA_L1CODE":"8","NA_L1NAME":"EASTERN TEMPERATE FORESTS","NA_L1KEY":"8  EASTERN TEMPERATE FORESTS","Shape_Leng":30008.7864443,"Shape_Area":23690400.9466}},
{"type":"Feature","geometry":{"type":"Polygon","coordinates":[[[-81.3133,31.3026],[-81.3839,31.3141],[-81.3819,31.2892],[-81.3934,31.2608],[-81.3995,31.2132],[-81.4175,31.186],[-81.4089,31.1357],[-81.3728,31.1349],[-81.3371,31.1887],[-81.2908,31.2165],[-81.2747,31.2895],[-81.3133,31.3026]]]},"properties":{"NA_L1CODE":"8","NA_L1NAME":"EASTERN TEMPERATE FORESTS","NA_L1KEY":"8  EASTERN TEMPERATE FORESTS","Shape_Leng":76172.4274509,"Shape_Area":164121292.024}},
{"type":"Feature","geometry":{"type":"Polygon","coordinates":[[[-81.2898,31.3668],[-81.3195,31.3696],[-81.3367,31.36],[-81.3264,31.3459],[-81.3244,31.3317],[-81.2843,31.3212],[-81.2898,31.3668]]]},"properties":{"NA_L1CODE":"8","NA_L1NAME":"EASTERN TEMPERATE FORESTS","NA_L1KEY":"8  EASTERN TEMPERATE FORESTS","Shape_Leng":25824.8347368,"Shape_Area":21067623.4387}},
{"type":"Feature","geometry":{"type":"Polygon","coordinates":[[[-81.1896,31.5336],[-81.239,31.5272],[-81.2916,31.4804],[-81.3086,31.4266],[-81.2804,31.3837],[-81.2049,31.4732],[-81.1773,31.5171],[-81.1896,31.5336]]]},"properties":{"NA_L1CODE":"8","NA_L1NAME":"EASTERN TEMPERATE FORESTS","NA_L1KEY":"8  EASTERN TEMPERATE FORESTS","Shape_Leng":54478.7137065,"Shape_Area":101965049.875}},
{"type":"Feature","geometry":{"type":"Polygon","coordinates":[[[-81.1076,31.8532],[-81.1351,31.852],[-81.1757,31.8168],[-81.1586,31.7796],[-81.1698,31.7562],[-81.1306,31.7227],[-81.0771,31.7613],[-81.0369,31.8127],[-81.1076,31.8532]]]},"properties":{"NA_L1CODE":"8","NA_L1NAME":"EASTERN TEMPERATE FORESTS","NA_L1KEY":"8  EASTERN TEMPERATE FORESTS","Shape_Leng":53233.6797772,"Shape_Area":112411525.037}},
{"type":"Feature","geometry":{"type":"Polygon","coordinates":[[[-80.8399,32.129],[-80.8608,32.1419],[-80.8986,32.1191],[-80.8753,32.0805],[-80.8399,32.129]]]},"properties":{"NA_L1CODE":"8","NA_L1NAME":"EASTERN TEMPERATE FORESTS","NA_L1KEY":"8  EASTERN TEMPERATE FORESTS","Shape_Leng":24357.0157066,"Shape_Area":25927595.4452}},
{"type":"Feature","geometry":{"type":"Polygon","coordinates":[[[-80.7239,32.2706],[-80.7559,32.2274],[-80.7843,32.2214],[-80.7925,32.1572],[-80.8183,32.1348],[-80.8125,32.1098],[-80.7215,32.1604],[-80.669,32.2238],[-80.7239,32.2706]]]},"properties":{"NA_L1CODE":"8","NA_L1NAME":"EASTERN TEMPERATE FORESTS","NA_L1KEY":"8  EASTERN TEMPERATE FORESTS","Shape_Leng":52991.3218387,"Shape_Area":113363669.391}},
{"type":"Feature","geometry":{"type":"Polygon","coordinates":[[[-80.6831,32.3633],[-80.7339,32.3502],[-80.6976,32.3043],[-80.6638,32.3288],[-80.6831,32.3633]]]},"properties":{"NA_L1CODE":"8","NA_L1NAME":"EASTERN TEMPERATE FORESTS","NA_L1KEY":"8  EASTERN TEMPERATE FORESTS","Shape_Leng":27661.9629511,"Shape_Area":32797664.3931}},
{"type":"Feature","geometry":{"type":"Polygon","coordinates":[[[-80.4393,32.3644],[-80.501,32.3437],[-80.5562,32.3101],[-80.569,32.2736],[-80.4525,32.3239],[-80.4393,32.3644]]]},"properties":{"NA_L1CODE":"8","NA_L1NAME":"EASTERN TEMPERATE FORESTS","NA_L1KEY":"8  EASTERN TEMPERATE FORESTS","Shape_Leng":66712.4796858,"Shape_Area":50471083.5549}},
{"type":"Feature","geometry":{"type":"Polygon","coordinates":[[[-80.5521,32.4772],[-80.6122,32.5005],[-80.6723,32.5032],[-80.6868,32.4938],[-80.6911,32.4761],[-80.6855,32.4571],[-80.6565,32.453],[-80.6723,32.3677],[-80.6483,32.3571],[-80.6464,32.2645],[-80.5979,32.2713],[-80.5429,32.3322],[-80.5594,32.3539],[-80.4959,32.3948],[-80.4582,32.4083],[-80.4802,32.447],[-80.543,32.4548],[-80.5521,32.4772]]]},"properties":{"NA_L1CODE":"8","NA_L1NAME":"EASTERN TEMPERATE FORESTS","NA_L1KEY":"8  EASTERN TEMPERATE FORESTS","Shape_Leng":117210.703594,"Shape_Area":305153054.758}},
{"type":"Feature","geometry":{"type":"Polygon","coordinates":[[[-80.7394,32.5358],[-80.7613,32.5375],[-80.78,32.5255],[-80.7851,32.4931],[-80.8094,32.4777],[-80.8015,32.4412],[-80.7594,32.3666],[-80.6936,32.3623],[-80.6771,32.3806],[-80.6869,32.4186],[-80.6684,32.4522],[-80.7017,32.4568],[-80.692,32.4651],[-80.7034,32.5254],[-80.7394,32.5358]]]},"properties":{"NA_L1CODE":"8","NA_L1NAME":"EASTERN TEMPERATE FORESTS","NA_L1KEY":"8  EASTERN TEMPERATE FORESTS","Shape_Leng":80562.5346991,"Shape_Area":180118862.822}},
{"type":"Feature","geometry":{"type":"Polygon","coordinates":[[[-76.3326,35.0253],[-76.3477,34.972],[-76.3746,34.9665],[-76.3823,34.9309],[-76.3346,34.9356],[-76.2972,34.9237],[-76.276,34.96],[-76.3326,35.0253]]]},"properties":{"NA_L1CODE":"8","NA_L1NAME":"EASTERN TEMPERATE FORESTS","NA_L1KEY":"8  EASTERN TEMPERATE FORESTS","Shape_Leng":81793.1962782,"Shape_Area":54328992.1027}},
{"type":"Feature","geometry":{"type":"Polygon","coordinates":[[[-75.7648,35.1863],[-75.7778,35.1903],[-75.9375,35.1273],[-75.9865,35.1181],[-75.9843,35.0847],[-75.9184,35.1252],[-75.7648,35.1863]]]},"properties":{"NA_L1CODE":"8","NA_L1NAME":"EASTERN TEMPERATE FORESTS","NA_L1KEY":"8  EASTERN TEMPERATE FORESTS","Shape_Leng":76716.8835842,"Shape_Area":24762301.109}},
{"type":"Feature","geometry":{"type":"Polygon","coordinates":[[[-75.5218,35.7728],[-75.5095,35.7079],[-75.4809,35.6726],[-75.4686,35.5736],[-75.4869,35.5214],[-75.4821,35.4862],[-75.4944,35.3934],[-75.5124,35.3592],[-75.5129,35.3143],[-75.5356,35.2732],[-75.5975,35.2573],[-75.5772,35.2353],[-75.5287,35.2237],[-75.487,35.3947],[-75.4806,35.4734],[-75.4604,35.5921],[-75.4897,35.7119],[-75.5218,35.7728]]]},"properties":{"NA_L1CODE":"8","NA_L1NAME":"EASTERN TEMPERATE FORESTS","NA_L1KEY":"8  EASTERN TEMPERATE FORESTS","Shape_Leng":227077.353643,"Shape_Area":84681787.2828}},
{"type":"Feature","geometry":{"type":"Polygon","coordinates":[[[-75.8661,35.9741],[-75.9472,35.9593],[-75.9213,35.9364],[-75.8661,35.9741]]]},"properties":{"NA_L1CODE":"8","NA_L1NAME":"EASTERN TEMPERATE FORESTS","NA_L1KEY":"8  EASTERN TEMPERATE FORESTS","Shape_Leng":25125.9807109,"Shape_Area":15282266.8669}},
{"type":"Feature","geometry":{"type":"Polygon","coordinates":[[[-75.6868,35.9343],[-75.7224,35.9249],[-75.6728,35.8827],[-75.6503,35.8252],[-75.6163,35.8271],[-75.6211,35.868],[-75.6452,35.9063],[-75.6868,35.9343]]]},"properties":{"NA_L1CODE":"8","NA_L1NAME":"EASTERN TEMPERATE FORESTS","NA_L1KEY":"8  EASTERN TEMPERATE FORESTS","Shape_Leng":79018.1822417,"Shape_Area":46314528.8836}},
{"type":"Feature","geometry":{"type":"Polygon","coordinates":[[[-75.5877,37.6776],[-75.6373,37.6435],[-75.6119,37.6116],[-75.5877,37.6776]]]},"properties":{"NA_L1CODE":"8","NA_L1NAME":"EASTERN TEMPERATE FORESTS","NA_L1KEY":"8  EASTERN TEMPERATE FORESTS","Shape_Leng":29662.1829843,"Shape_Area":17841486.6374}},
{"type":"Feature","geometry":{"type":"Polygon","coordinates":[[[-76.0484,38.2034],[-76.0851,38.1902],[-76.0896,38.1607],[-76.0516,38.1473],[-76.0214,38.1742],[-76.0484,38.2034]]]},"properties":{"NA_L1CODE":"8","NA_L1NAME":"EASTERN TEMPERATE FORESTS","NA_L1KEY":"8  EASTERN TEMPERATE FORESTS","Shape_Leng":41891.6525141,"Shape_Area":20047826.4595}},
{"type":"Feature","geometry":{"type":"Polygon","coordinates":[[[-76.2856,38.9935],[-76.3226,39.0002],[-76.3546,38.9558],[-76.3655,38.9093],[-76.3387,38.8923],[-76.3136,38.9486],[-76.2731,38.9419],[-76.2479,38.973],[-76.2856,38.9935]]]},"properties":{"NA_L1CODE":"8","NA_L1NAME":"EASTERN TEMPERATE FORESTS","NA_L1KEY":"8  EASTERN TEMPERATE FORESTS","Shape_Leng":169187.481886,"Shape_Area":82726867.1547}},
{"type":"Feature","geometry":{"type":"Polygon","coordinates":[[[-74.5552,39.298],[-74.6009,39.2761],[-74.6236,39.2502],[-74.6322,39.243],[-74.64,39.2424],[-74.6474,39.2365],[-74.6458,39.2327],[-74.6497,39.2276],[-74.6543,39.2274],[-74.6539,39.2174],[-74.645,39.2104],[-74.5552,39.298]]]},"properties":{"NA_L1CODE":"8","NA_L1NAME":"EASTERN TEMPERATE FORESTS","NA_L1KEY":"8  EASTERN TEMPERATE FORESTS","Shape_Leng":41037.8117642,"Shape_Area":16010106.4855}},
{"type":"Feature","geometry":{"type":"Polygon","coordinates":[[[-82.6492,41.8374],[-82.6898,41.811],[-82.6896,41.7476],[-82.619,41.7477],[-82.6269,41.8094],[-82.6492,41.8374]]]},"properties":{"NA_L1CODE":"8","NA_L1NAME":"EASTERN TEMPERATE FORESTS","NA_L1KEY":"8  EASTERN TEMPERATE FORESTS","Shape_Leng":32356.882658,"Shape_Area":51171277.2409}},
{"type":"Feature","geometry":{"type":"Polygon","coordinates":[[[-83.1411,42.2004],[-83.17,42.1417],[-83.1379,42.1344],[-83.1411,42.2004]]]},"properties":{"NA_L1CODE":"8","NA_L1NAME":"EASTERN TEMPERATE FORESTS","NA_L1KEY":"8  EASTERN TEMPERATE FORESTS","Shape_Leng":31711.2692682,"Shape_Area":22693336.6184}},
{"type":"Feature","geometry":{"type":"Polygon","coordinates":[[[-74.0765,40.6471],[-74.2003,40.6314],[-74.1973,40.5972],[-74.2126,40.5573],[-74.2479,40.5434],[-74.2467,40.4961],[-74.1128,40.5478],[-74.0529,40.5998],[-74.0765,40.6471]]]},"properties":{"NA_L1CODE":"8","NA_L1NAME":"EASTERN TEMPERATE FORESTS","NA_L1KEY":"8  EASTERN TEMPERATE FORESTS","Shape_Leng":81494.2013343,"Shape_Area":150198160.631}},
{"type":"Feature","geometry":{"type":"Polygon","coordinates":[[[-82.527,42.6153],[-82.5376,42.6051],[-82.5499,42.6047],[-82.5613,42.6143],[-82.5935,42.6133],[-82.619,42.5788],[-82.608,42.5507],[-82.5796,42.5701],[-82.5469,42.5964],[-82.5303,42.6053],[-82.527,42.6153]]]},"properties":{"NA_L1CODE":"8","NA_L1NAME":"EASTERN TEMPERATE FORESTS","NA_L1KEY":"8  EASTERN TEMPERATE FORESTS","Shape_Leng":58786.64209,"Shape_Area":30732144.3164}},
{"type":"Feature","geometry":{"type":"Polygon","coordinates":[[[-72.3242,41.1012],[-72.3656,41.0742],[-72.3099,41.054],[-72.3242,41.1012]]]},"properties":{"NA_L1CODE":"8","NA_L1NAME":"EASTERN TEMPERATE FORESTS","NA_L1KEY":"8  EASTERN TEMPERATE FORESTS","Shape_Leng":72956.4471565,"Shape_Area":31795722.4542}},
{"type":"Feature","geometry":{"type":"Polygon","coordinates":[[[-73.5629,40.6302],[-73.4316,40.6563],[-73.3798,40.6585],[-73.311,40.6872],[-73.2779,40.6845],[-73.2329,40.718],[-73.1487,40.6988],[-73.108,40.7191],[-73.0368,40.7297],[-73.0152,40.7496],[-72.9458,40.741],[-72.8882,40.7628],[-72.8748,40.7375],[-72.813,40.7623],[-72.7537,40.8021],[-72.6343,40.7992],[-72.5855,40.8143],[-72.5373,40.8657],[-72.5034,40.8474],[-72.4851,40.8834],[-72.4261,40.8608],[-72.3887,40.8687],[-72.1101,40.9736],[-71.9603,41.0261],[-71.8741,41.0515],[-71.915,41.0811],[-71.9568,41.0729],[-72.0191,41.0229],[-72.0973,40.9913],[-72.16,41.0537],[-72.1906,41.0329],[-72.2319,41.045],[-72.2484,41.013],[-72.3339,40.9952],[-72.3673,40.9969],[-72.4048,40.9518],[-72.4425,40.9456],[-72.4775,40.8982],[-72.5507,40.914],[-72.5769,40.9336],[-72.5349,40.9748],[-72.456,41.0011],[-72.4047,41.0752],[-72.448,41.0848],[-72.4796,41.0511],[-72.5192,41.0393],[-72.5862,40.9973],[-72.6313,40.9827],[-72.7002,40.9794],[-72.7735,40.9654],[-72.8308,40.9703],[-72.8904,40.9629],[-73.0033,40.9665],[-73.0691,40.9478],[-73.1205,40.9751],[-73.171,40.9039],[-73.2936,40.9242],[-73.3518,40.9212],[-73.361,40.9031],[-73.4266,40.9064],[-73.4373,40.9344],[-73.4853,40.947],[-73.4964,40.923],[-73.4711,40.8751],[-73.5419,40.8768],[-73.5664,40.9157],[-73.6339,40.8982],[-73.6756,40.857],[-73.7129,40.8707],[-73.7565,40.834],[-73.7811,40.7917],[-73.8207,40.8005],[-73.8749,40.7817],[-73.9099,40.7909],[-73.9591,40.746],[-73.9712,40.7039],[-74.0411,40.6302],[-74.002,40.5713],[-73.9314,40.5758],[-73.8816,40.5996],[-73.8732,40.6441],[-73.8216,40.6496],[-73.7695,40.6239],[-73.789,40.598],[-73.7049,40.6019],[-73.5629,40.6302]]]},"properties":{"NA_L1CODE":"8","NA_L1NAME":"EASTERN TEMPERATE FORESTS","NA_L1KEY":"8  EASTERN TEMPERATE FORESTS","Shape_Leng":1474596.25692,"Shape_Area":3424980583.96}},
{"type":"Feature","geometry":{"type":"Polygon","coordinates":[[[-71.5734,41.2276],[-71.6063,41.1808],[-71.5996,41.1469],[-71.5501,41.152],[-71.5734,41.2276]]]},"properties":{"NA_L1CODE":"8","NA_L1NAME":"EASTERN TEMPERATE FORESTS","NA_L1KEY":"8  EASTERN TEMPERATE FORESTS","Shape_Leng":37005.9722861,"Shape_Area":25414095.0412}},
{"type":"Feature","geometry":{"type":"Polygon","coordinates":[[[-78.9634,42.9619],[-78.9,43.0411],[-78.9509,43.0635],[-78.9967,43.0564],[-79.0182,42.9952],[-78.9634,42.9619]]]},"properties":{"NA_L1CODE":"8","NA_L1NAME":"EASTERN TEMPERATE FORESTS","NA_L1KEY":"8  EASTERN TEMPERATE FORESTS","Shape_Leng":41554.3921728,"Shape_Area":73437936.5082}},
{"type":"Feature","geometry":{"type":"Polygon","coordinates":[[[-71.37,41.5733],[-71.3849,41.5577],[-71.398,41.487],[-71.3669,41.4948],[-71.37,41.5733]]]},"properties":{"NA_L1CODE":"8","NA_L1NAME":"EASTERN TEMPERATE FORESTS","NA_L1KEY":"8  EASTERN TEMPERATE FORESTS","Shape_Leng":45313.8822151,"Shape_Area":24466701.8732}},
{"type":"Feature","geometry":{"type":"Polygon","coordinates":[[[-70.6031,41.4828],[-70.701,41.4339],[-70.7682,41.3538],[-70.8384,41.346],[-70.7767,41.3013],[-70.7385,41.3353],[-70.5949,41.3494],[-70.4493,41.3509],[-70.4492,41.3835],[-70.503,41.3816],[-70.5594,41.4139],[-70.553,41.4531],[-70.6031,41.4828]]]},"properties":{"NA_L1CODE":"8","NA_L1NAME":"EASTERN TEMPERATE FORESTS","NA_L1KEY":"8  EASTERN TEMPERATE FORESTS","Shape_Leng":190217.478617,"Shape_Area":246613072.792}},
{"type":"Feature","geometry":{"type":"Polygon","coordinates":[[[-71.2192,41.6475],[-71.2719,41.624],[-71.285,41.5769],[-71.3226,41.5152],[-71.3187,41.4775],[-71.247,41.4934],[-71.2368,41.5361],[-71.2404,41.619],[-71.2192,41.6475]]]},"properties":{"NA_L1CODE":"8","NA_L1NAME":"EASTERN TEMPERATE FORESTS","NA_L1KEY":"8  EASTERN TEMPERATE FORESTS","Shape_Leng":97873.2888715,"Shape_Area":100553172.468}},
{"type":"Feature","geometry":{"type":"Polygon","coordinates":[[[-70.0334,41.3798],[-70.0349,41.3351],[-70.0652,41.3071],[-70.1169,41.2944],[-70.1799,41.2938],[-70.1931,41.2654],[-70.1026,41.2399],[-70.018,41.2389],[-69.9678,41.2497],[-69.9602,41.2756],[-70.0334,41.3798]]]},"properties":{"NA_L1CODE":"8","NA_L1NAME":"EASTERN TEMPERATE FORESTS","NA_L1KEY":"8  EASTERN TEMPERATE FORESTS","Shape_Leng":73841.331082,"Shape_Area":140513882.989}},
{"type":"Feature","geometry":{"type":"Polygon","coordinates":[[[-86.1272,45.0464],[-86.1562,45.004],[-86.0955,45.0066],[-86.0884,45.0411],[-86.1272,45.0464]]]},"properties":{"NA_L1CODE":"8","NA_L1NAME":"EASTERN TEMPERATE FORESTS","NA_L1KEY":"8  EASTERN TEMPERATE FORESTS","Shape_Leng":20789.7792023,"Shape_Area":21659054.1611}},
{"type":"Feature","geometry":{"type":"Polygon","coordinates":[[[-86.0059,45.1558],[-86.0656,45.1388],[-86.0587,45.1008],[-86.0029,45.0547],[-85.9837,45.0833],[-85.9765,45.1374],[-86.0059,45.1558]]]},"properties":{"NA_L1CODE":"8","NA_L1NAME":"EASTERN TEMPERATE FORESTS","NA_L1KEY":"8  EASTERN TEMPERATE FORESTS","Shape_Leng":33732.6100957,"Shape_Area":58801850.7808}},
{"type":"Feature","geometry":{"type":"Polygon","coordinates":[[[-70.1355,42.0731],[-70.197,42.0824],[-70.2283,42.0623],[-70.1217,42.0509],[-70.0794,41.9958],[-70.0721,41.9091],[-70.0426,41.9302],[-69.997,41.9062],[-70.0085,41.8776],[-70.0027,41.8074],[-70.0293,41.7865],[-70.1238,41.7594],[-70.1897,41.7525],[-70.2577,41.7155],[-70.2957,41.7347],[-70.4217,41.7464],[-70.4947,41.7754],[-70.5124,41.7711],[-70.5435,41.7753],[-70.5641,41.7679],[-70.586,41.7481],[-70.619,41.7388],[-70.6165,41.66],[-70.6448,41.6409],[-70.6419,41.5832],[-70.654,41.5499],[-70.6188,41.5421],[-70.4866,41.5537],[-70.4578,41.5759],[-70.4331,41.6206],[-70.4051,41.6365],[-70.3705,41.6154],[-70.2729,41.6466],[-70.2208,41.6353],[-70.1908,41.6487],[-70.0047,41.671],[-69.9626,41.6535],[-69.9505,41.7073],[-69.9883,41.7362],[-69.9338,41.7901],[-69.974,41.9232],[-70.0253,42.0076],[-70.0565,42.0386],[-70.1355,42.0731]]]},"properties":{"NA_L1CODE":"8","NA_L1NAME":"EASTERN TEMPERATE FORESTS","NA_L1KEY":"8  EASTERN TEMPERATE FORESTS","Shape_Leng":593219.66236,"Shape_Area":1032844941.23}},
{"type":"Feature","geometry":{"type":"Polygon","coordinates":[[[-86.8625,45.4124],[-86.9159,45.4076],[-86.9551,45.3811],[-86.9376,45.339],[-86.8755,45.331],[-86.841,45.39],[-86.8625,45.4124]]]},"properties":{"NA_L1CODE":"8","NA_L1NAME":"EASTERN TEMPERATE FORESTS","NA_L1KEY":"8  EASTERN TEMPERATE FORESTS","Shape_Leng":47999.4689316,"Shape_Area":58281713.9083}},
{"type":"Feature","geometry":{"type":"Polygon","coordinates":[[[-80.189,44.8572],[-80.2422,44.8345],[-80.1944,44.7914],[-80.1487,44.8468],[-80.189,44.8572]]]},"properties":{"NA_L1CODE":"8","NA_L1NAME":"EASTERN TEMPERATE FORESTS","NA_L1KEY":"8  EASTERN TEMPERATE FORESTS","Shape_Leng":31524.8981881,"Shape_Area":39789949.3975}},
{"type":"Feature","geometry":{"type":"Polygon","coordinates":[[[-76.7677,44.1023],[-76.6967,44.1102],[-76.6716,44.1449],[-76.6204,44.1773],[-76.6379,44.1919],[-76.8015,44.1418],[-76.8078,44.1165],[-76.7677,44.1023]]]},"properties":{"NA_L1CODE":"8","NA_L1NAME":"EASTERN TEMPERATE FORESTS","NA_L1KEY":"8  EASTERN TEMPERATE FORESTS","Shape_Leng":39855.4781921,"Shape_Area":71979774.5806}},
{"type":"Feature","geometry":{"type":"Polygon","coordinates":[[[-76.5119,44.1395],[-76.4457,44.1083],[-76.3836,44.1442],[-76.359,44.1727],[-76.3845,44.2025],[-76.2342,44.2126],[-76.2669,44.2326],[-76.3245,44.2338],[-76.4279,44.2169],[-76.5114,44.1625],[-76.5119,44.1395]]]},"properties":{"NA_L1CODE":"8","NA_L1NAME":"EASTERN TEMPERATE FORESTS","NA_L1KEY":"8  EASTERN TEMPERATE FORESTS","Shape_Leng":85415.7352916,"Shape_Area":131248840.46}},
{"type":"Feature","geometry":{"type":"Polygon","coordinates":[[[-76.3016,44.2501],[-76.2133,44.2822],[-76.2108,44.3069],[-76.3074,44.2896],[-76.3016,44.2501]]]},"properties":{"NA_L1CODE":"8","NA_L1NAME":"EASTERN TEMPERATE FORESTS","NA_L1KEY":"8  EASTERN TEMPERATE FORESTS","Shape_Leng":29430.4111631,"Shape_Area":39946002.1039}},
{"type":"Feature","geometry":{"type":"Polygon","coordinates":[[[-81.6934,45.5266],[-81.7833,45.5161],[-81.8388,45.472],[-81.7953,45.4371],[-81.7303,45.4722],[-81.6934,45.5266]]]},"properties":{"NA_L1CODE":"8","NA_L1NAME":"EASTERN TEMPERATE FORESTS","NA_L1KEY":"8  EASTERN TEMPERATE FORESTS","Shape_Leng":34281.6197972,"Shape_Area":57534781.2977}},
{"type":"Feature","geometry":{"type":"Polygon","coordinates":[[[-83.3522,45.8492],[-83.2994,45.8826],[-83.2708,45.9271],[-83.2716,45.961],[-83.3249,45.9625],[-83.3565,45.9937],[-83.4165,45.9789],[-83.4703,45.9302],[-83.4474,45.8913],[-83.3522,45.8492]]]},"properties":{"NA_L1CODE":"8","NA_L1NAME":"EASTERN TEMPERATE FORESTS","NA_L1KEY":"8  EASTERN TEMPERATE FORESTS","Shape_Leng":54029.3926407,"Shape_Area":165349929.752}},
{"type":"Feature","geometry":{"type":"Polygon","coordinates":[[[-82.7032,45.8974],[-82.6436,45.8923],[-82.5694,45.9201],[-82.5768,45.9622],[-82.6743,45.9611],[-82.7297,45.9359],[-82.7032,45.8974]]]},"properties":{"NA_L1CODE":"8","NA_L1NAME":"EASTERN TEMPERATE FORESTS","NA_L1KEY":"8  EASTERN TEMPERATE FORESTS","Shape_Leng":34893.5742997,"Shape_Area":82524526.1454}},
{"type":"Feature","geometry":{"type":"Polygon","coordinates":[[[-82.0276,45.9661],[-82.1168,45.9081],[-82.1068,45.8894],[-82.1599,45.8243],[-82.1708,45.8639],[-82.2309,45.9364],[-82.2894,45.929],[-82.2865,45.9829],[-82.4364,45.9589],[-82.495,45.9406],[-82.5223,45.9085],[-82.5653,45.9062],[-82.5899,45.8799],[-82.5173,45.8535],[-82.5018,45.8212],[-82.5518,45.818],[-82.6505,45.83],[-82.6666,45.8612],[-82.7514,45.8327],[-82.7651,45.8785],[-82.8046,45.8833],[-82.8375,45.9251],[-82.8051,45.9698],[-82.8124,45.9942],[-82.8772,45.9612],[-82.9201,45.9637],[-82.9487,45.9355],[-83.0516,45.9571],[-83.0816,45.9152],[-83.1256,45.9524],[-83.1737,45.9578],[-83.2277,45.9046],[-83.2166,45.8704],[-83.1704,45.8587],[-83.1149,45.8669],[-83.0394,45.8337],[-82.9638,45.8236],[-82.8747,45.7877],[-82.8413,45.804],[-82.7567,45.7805],[-82.6738,45.7807],[-82.6388,45.7571],[-82.5607,45.7539],[-82.5099,45.7404],[-82.4806,45.705],[-82.4046,45.7025],[-82.3247,45.6849],[-82.2546,45.6405],[-82.2104,45.6373],[-82.1776,45.6077],[-82.1074,45.6001],[-82.0112,45.5596],[-81.9994,45.5831],[-81.9271,45.6104],[-81.846,45.6707],[-81.7852,45.6802],[-81.8096,45.6305],[-81.8546,45.6165],[-81.8835,45.5701],[-81.9249,45.5941],[-81.9959,45.5482],[-81.9176,45.5372],[-81.8435,45.5117],[-81.7865,45.5325],[-81.689,45.6466],[-81.6412,45.687],[-81.5892,45.7474],[-81.575,45.7956],[-81.6992,45.7861],[-81.6622,45.8245],[-81.6489,45.9023],[-81.6806,45.8992],[-81.7267,45.8573],[-81.7844,45.7771],[-81.8299,45.7633],[-81.8376,45.7952],[-81.8137,45.831],[-81.8134,45.8685],[-81.9074,45.8886],[-81.88,45.9534],[-81.9577,45.9883],[-82.0276,45.9661]]]},"properties":{"NA_L1CODE":"8","NA_L1NAME":"EASTERN TEMPERATE FORESTS","NA_L1KEY":"8  EASTERN TEMPERATE FORESTS","Shape_Leng":548841.661652,"Shape_Area":2807703289.54}},
{"type":"Feature","geometry":{"type":"Polygon","coordinates":[[[-83.9889,46.3085],[-84.045,46.2922],[-84.0935,46.3111],[-84.0798,46.2266],[-84.051,46.1877],[-83.987,46.1525],[-83.9428,46.0661],[-83.8725,46.0985],[-83.8883,46.148],[-83.8119,46.1628],[-83.7931,46.2034],[-83.8494,46.2613],[-83.9036,46.2854],[-83.9889,46.3085]]]},"properties":{"NA_L1CODE":"8","NA_L1NAME":"EASTERN TEMPERATE FORESTS","NA_L1KEY":"8  EASTERN TEMPERATE FORESTS","Shape_Leng":97527.7398849,"Shape_Area":357350066.235}},
{"type":"Feature","geometry":{"type":"Polygon","coordinates":[[[-69.8916,43.8571],[-69.9508,43.8177],[-69.8985,43.7889],[-69.8916,43.8571]]]},"properties":{"NA_L1CODE":"8","NA_L1NAME":"EASTERN TEMPERATE FORESTS","NA_L1KEY":"8  EASTERN TEMPERATE FORESTS","Shape_Leng":101816.915189,"Shape_Area":25370284.6865}},
{"type":"Feature","geometry":{"type":"Polygon","coordinates":[[[-68.8425,44.1308],[-68.8827,44.0884],[-68.8628,44.0468],[-68.8189,44.032],[-68.7804,44.0664],[-68.8041,44.1123],[-68.8425,44.1308]]]},"properties":{"NA_L1CODE":"8","NA_L1NAME":"EASTERN TEMPERATE FORESTS","NA_L1KEY":"8  EASTERN TEMPERATE FORESTS","Shape_Leng":117603.906044,"Shape_Area":56297383.8037}},
{"type":"Feature","geometry":{"type":"Polygon","coordinates":[[[-68.6033,44.0869],[-68.6514,44.065],[-68.6603,44.0179],[-68.6129,44.0205],[-68.6033,44.0869]]]},"properties":{"NA_L1CODE":"8","NA_L1NAME":"EASTERN TEMPERATE FORESTS","NA_L1KEY":"8  EASTERN TEMPERATE FORESTS","Shape_Leng":41650.3041355,"Shape_Area":27747108.5396}},
{"type":"Feature","geometry":{"type":"Polygon","coordinates":[[[-68.8221,44.1829],[-68.8442,44.1851],[-68.9165,44.1486],[-68.8647,44.1373],[-68.8153,44.1496],[-68.8221,44.1829]]]},"properties":{"NA_L1CODE":"8","NA_L1NAME":"EASTERN TEMPERATE FORESTS","NA_L1KEY":"8  EASTERN TEMPERATE FORESTS","Shape_Leng":67349.6346227,"Shape_Area":28177955.4152}},
{"type":"Feature","geometry":{"type":"Polygon","coordinates":[[[-68.7288,44.3053],[-68.7252,44.2819],[-68.6768,44.2674],[-68.7135,44.2124],[-68.7145,44.1709],[-68.6791,44.1478],[-68.6425,44.1582],[-68.6168,44.1891],[-68.6245,44.236],[-68.7288,44.3053]]]},"properties":{"NA_L1CODE":"8","NA_L1NAME":"EASTERN TEMPERATE FORESTS","NA_L1KEY":"8  EASTERN TEMPERATE FORESTS","Shape_Leng":161774.1506,"Shape_Area":88226065.1623}},
{"type":"Feature","geometry":{"type":"Polygon","coordinates":[[[-68.2538,44.4351],[-68.3126,44.4445],[-68.3686,44.4202],[-68.3572,44.392],[-68.3968,44.3769],[-68.4303,44.2974],[-68.4133,44.2699],[-68.3401,44.2235],[-68.2909,44.2468],[-68.32,44.2888],[-68.2247,44.2908],[-68.1748,44.3373],[-68.1845,44.3691],[-68.2478,44.4135],[-68.2538,44.4351]]]},"properties":{"NA_L1CODE":"8","NA_L1NAME":"EASTERN TEMPERATE FORESTS","NA_L1KEY":"8  EASTERN TEMPERATE FORESTS","Shape_Leng":181103.087416,"Shape_Area":282466548.086}},
{"type":"Feature","geometry":{"type":"Polygon","coordinates":[[[-66.3705,44.2291],[-66.3239,44.2524],[-66.2157,44.3745],[-66.2291,44.3955],[-66.3289,44.2811],[-66.3917,44.244],[-66.3705,44.2291]]]},"properties":{"NA_L1CODE":"8","NA_L1NAME":"EASTERN TEMPERATE FORESTS","NA_L1KEY":"8  EASTERN TEMPERATE FORESTS","Shape_Leng":51081.5884623,"Shape_Area":56897741.0369}},
{"type":"Feature","geometry":{"type":"Polygon","coordinates":[[[-66.8685,44.6206],[-66.746,44.6837],[-66.74,44.7653],[-66.7837,44.8003],[-66.8243,44.7823],[-66.8731,44.7113],[-66.8939,44.6456],[-66.8685,44.6206]]]},"properties":{"NA_L1CODE":"8","NA_L1NAME":"EASTERN TEMPERATE FORESTS","NA_L1KEY":"8  EASTERN TEMPERATE FORESTS","Shape_Leng":57753.10395,"Shape_Area":160129055.684}},
{"type":"Feature","geometry":{"type":"Polygon","coordinates":[[[-66.9313,44.8296],[-66.9365,44.8643],[-66.8935,44.9115],[-66.9077,44.9546],[-66.9466,44.9281],[-66.9785,44.8685],[-66.9711,44.842],[-66.9313,44.8296]]]},"properties":{"NA_L1CODE":"8","NA_L1NAME":"EASTERN TEMPERATE FORESTS","NA_L1KEY":"8  EASTERN TEMPERATE FORESTS","Shape_Leng":33991.5772944,"Shape_Area":51660017.4644}},
{"type":"Feature","geometry":{"type":"Polygon","coordinates":[[[-66.9862,44.9273],[-66.942,45.0111],[-66.9899,45.0079],[-67.0255,44.9649],[-66.9862,44.9273]]]},"properties":{"NA_L1CODE":"8","NA_L1NAME":"EASTERN TEMPERATE FORESTS","NA_L1KEY":"8  EASTERN TEMPERATE FORESTS","Shape_Leng":27837.8749023,"Shape_Area":39721747.8847}},
{"type":"Feature","geometry":{"type":"Polygon","coordinates":[[[-71.1306,46.8441],[-71.0093,46.859],[-70.96,46.8942],[-70.8939,46.9203],[-70.8118,47.002],[-70.8545,47.023],[-70.9347,46.9983],[-71.0159,46.9363],[-71.0471,46.9226],[-71.1415,46.8534],[-71.1306,46.8441]]]},"properties":{"NA_L1CODE":"8","NA_L1NAME":"EASTERN TEMPERATE FORESTS","NA_L1KEY":"8  EASTERN TEMPERATE FORESTS","Shape_Leng":69679.064051,"Shape_Area":187087299.138}},
{"type":"Feature","geometry":{"type":"MultiPolygon","coordinates":[[[[-80.046,26.8556],[-80.0957,27.0235],[-80.1597,27.1635],[-80.2031,27.1716],[-80.2246,27.2438],[-80.3146,27.4239],[-80.3754,27.6235],[-80.3748,27.6495],[-80.4011,27.708],[-80.4622,27.8062],[-80.6071,28.0887],[-80.6715,28.2277],[-80.6779,28.2532],[-80.7448,28.3962],[-80.7616,28.4664],[-80.7975,28.5575],[-80.8026,28.6172],[-80.7175,28.5763],[-80.7333,28.486],[-80.721,28.4731],[-80.7191,28.4066],[-80.663,28.4091],[-80.6363,28.5004],[-80.6066,28.5499],[-80.5851,28.5162],[-80.6042,28.4197],[-80.5267,28.4517],[-80.5617,28.5326],[-80.5749,28.5852],[-80.642,28.6618],[-80.6861,28.6709],[-80.742,28.7163],[-80.788,28.6842],[-80.7846,28.6516],[-80.8199,28.6521],[-80.8439,28.7552],[-80.8372,28.7852],[-80.7866,28.7523],[-80.7671,28.7574],[-80.8184,28.8353],[-80.915,29.0133],[-80.9146,29.0566],[-80.9699,29.0881],[-80.9712,29.1567],[-81.0487,29.312],[-81.1669,29.5618],[-81.2235,29.7],[-81.2471,29.7147],[-81.3008,29.832],[-81.3137,29.8602],[-81.304,29.9112],[-81.3106,29.9764],[-81.3475,30.1332],[-81.383,30.2627],[-81.3982,30.3606],[-81.393,30.3972],[-81.4108,30.482],[-81.4352,30.5246],[-81.4427,30.602],[-81.4264,30.7002],[-81.47,30.6942],[-81.4997,30.7355],[-81.4895,30.7655],[-81.5308,30.8341],[-81.4895,30.8588],[-81.5139,30.8771],[-81.4969,30.9224],[-81.5078,30.9345],[-81.5011,30.9409],[-81.5087,30.9561],[-81.5091,30.9634],[-81.5196,30.9702],[-81.5116,30.9776],[-81.499,30.9739],[-81.4624,30.9981],[-81.4324,31.0801],[-81.4565,31.0868],[-81.4247,31.1773],[-81.4356,31.2012],[-81.4229,31.2469],[-81.3877,31.2813],[-81.4021,31.3049],[-81.3737,31.3264],[-81.3354,31.3318],[-81.3374,31.3582],[-81.3379,31.362],[-81.3321,31.3666],[-81.3199,31.3723],[-81.3004,31.3682],[-81.3072,31.3819],[-81.3431,31.4409],[-81.2846,31.522],[-81.2815,31.5459],[-81.1716,31.5569],[-81.1335,31.6233],[-81.1334,31.6978],[-81.1891,31.7032],[-81.1623,31.7423],[-81.1764,31.7654],[-81.1633,31.7855],[-81.1828,31.7937],[-81.177,31.8179],[-81.1428,31.8531],[-81.0895,31.8844],[-81.0079,31.8691],[-80.9958,31.8566],[-80.9296,31.9072],[-80.9851,31.927],[-80.9493,31.9644],[-80.9069,31.9446],[-80.8603,31.974],[-80.8402,32.0074],[-80.876,32.0166],[-80.9075,32.0511],[-80.9147,32.084],[-80.9002,32.1197],[-80.8523,32.1519],[-80.8312,32.1531],[-80.7893,32.1896],[-80.7944,32.2312],[-80.7588,32.2779],[-80.7976,32.332],[-80.7861,32.3523],[-80.829,32.4648],[-80.7884,32.498],[-80.7894,32.5128],[-80.7759,32.5364],[-80.7553,32.5453],[-80.7372,32.5371],[-80.6288,32.5177],[-80.5867,32.4999],[-80.5065,32.5144],[-80.4657,32.4953],[-80.4287,32.5002],[-80.4135,32.4707],[-80.364,32.4961],[-80.3326,32.478],[-80.2875,32.5097],[-80.1964,32.5591],[-80.1627,32.5608],[-80.1153,32.5927],[-80.0157,32.6107],[-79.9546,32.6609],[-79.9017,32.6797],[-79.8683,32.7326],[-79.9348,32.7574],[-79.9237,32.7876],[-79.8802,32.7866],[-79.8551,32.7686],[-79.7743,32.8052],[-79.79,32.8259],[-79.7415,32.8708],[-79.696,32.8503],[-79.6156,32.8941],[-79.6148,32.9633],[-79.5807,33.0064],[-79.5286,33.0373],[-79.4894,33.0306],[-79.464,33.0071],[-79.4156,33.017],[-79.3643,33.0771],[-79.2639,33.1208],[-79.1905,33.1699],[-79.2126,33.2456],[-79.2585,33.2595],[-79.2933,33.3029],[-79.2034,33.3025],[-79.1799,33.2497],[-79.1479,33.3759],[-79.0981,33.465],[-79.0357,33.5242],[-78.9479,33.6309],[-78.8538,33.7133],[-78.796,33.7552],[-78.7059,33.8037],[-78.5841,33.8443],[-78.5504,33.8496],[-78.5403,33.8765],[-78.4006,33.9048],[-78.1716,33.9295],[-78.0229,33.9158],[-77.9984,33.926],[-77.9564,33.9829],[-77.9528,34.017],[-77.9173,34.0148],[-77.8806,34.0569],[-77.883,34.0995],[-77.8427,34.1814],[-77.7006,34.3441],[-77.6065,34.4058],[-77.5901,34.3973],[-77.5,34.4519],[-77.3565,34.5247],[-77.3616,34.5524],[-77.4147,34.5712],[-77.4474,34.6103],[-77.3998,34.611],[-77.3773,34.5843],[-77.3162,34.5467],[-77.2818,34.565],[-77.209,34.6271],[-77.1182,34.6867],[-77.091,34.6729],[-77.038,34.6835],[-76.9029,34.7267],[-76.8449,34.7291],[-76.7189,34.7181],[-76.7485,34.7464],[-76.7264,34.7838],[-76.6747,34.7678],[-76.6568,34.7125],[-76.6175,34.7074],[-76.6225,34.7654],[-76.5156,34.7181],[-76.5141,34.7595],[-76.4736,34.7678],[-76.4142,34.8502],[-76.3461,34.8738],[-76.3145,34.9032],[-76.3826,34.9305],[-76.4051,34.9491],[-76.4415,35.0134],[-76.4215,35.0261],[-76.4647,35.0763],[-76.5086,34.9843],[-76.5651,34.9981],[-76.5798,34.9757],[-76.6296,34.9894],[-76.6759,34.9582],[-76.7614,34.9162],[-76.8131,34.939],[-76.8522,34.9359],[-76.9373,34.9735],[-76.9801,35.0078],[-76.9887,35.0415],[-77.0372,35.0972],[-76.9097,35.0286],[-76.8197,34.9711],[-76.7717,34.9769],[-76.7118,35.0047],[-76.6406,35.058],[-76.597,35.0734],[-76.5451,35.1409],[-76.5647,35.1657],[-76.6289,35.174],[-76.5813,35.2028],[-76.5271,35.1842],[-76.533,35.2327],[-76.4822,35.2474],[-76.5009,35.3055],[-76.5751,35.3304],[-76.6175,35.3289],[-76.6823,35.3495],[-76.7188,35.3749],[-76.8026,35.3909],[-76.8441,35.4237],[-76.8747,35.4246],[-76.9254,35.4487],[-76.9663,35.4342],[-76.9846,35.471],[-77.037,35.4973],[-77.009,35.5135],[-76.9784,35.4841],[-76.7456,35.4277],[-76.7099,35.4289],[-76.6481,35.4038],[-76.5751,35.3882],[-76.6293,35.5189],[-76.6037,35.5415],[-76.5365,35.5286],[-76.5657,35.4946],[-76.5344,35.4344],[-76.5401,35.4101],[-76.4938,35.3795],[-76.4305,35.4067],[-76.3667,35.3815],[-76.3202,35.3865],[-76.2789,35.3427],[-76.2505,35.3671],[-76.2021,35.3381],[-76.1126,35.3543],[-76.0601,35.4126],[-76.0131,35.4237],[-75.9743,35.5144],[-75.9188,35.5626],[-75.8526,35.5839],[-75.8179,35.5718],[-75.7492,35.6067],[-75.7305,35.6265],[-75.7799,35.6867],[-75.7522,35.7046],[-75.7164,35.6919],[-75.741,35.7732],[-75.7259,35.806],[-75.7842,35.9344],[-75.8341,35.9693],[-75.8576,35.9456],[-75.9367,35.9266],[-75.986,35.8889],[-75.9766,35.8394],[-75.9931,35.8104],[-75.9831,35.7722],[-76.0025,35.7194],[-76.0049,35.677],[-76.0423,35.672],[-76.0597,35.7085],[-76.0478,35.7455],[-76.0512,35.8081],[-76.0653,35.8374],[-76.0403,35.8925],[-76.0126,35.9248],[-76.0233,35.9692],[-76.0623,35.9909],[-76.1476,35.9952],[-76.2722,35.972],[-76.3263,35.9388],[-76.3733,35.9548],[-76.3988,35.9827],[-76.5234,35.9454],[-76.6636,35.9324],[-76.7192,35.9647],[-76.6828,35.9897],[-76.7306,36.0731],[-76.7266,36.0965],[-76.7556,36.152],[-76.7373,36.2343],[-76.6983,36.2719],[-76.7216,36.1503],[-76.6913,36.0662],[-76.6743,36.044],[-76.6026,36.036],[-76.58,36.0108],[-76.517,36.0075],[-76.4603,36.0251],[-76.4119,36.0799],[-76.3351,36.088],[-76.4366,36.1637],[-76.3922,36.1654],[-76.3731,36.1382],[-76.3392,36.1409],[-76.2396,36.0998],[-76.2268,36.1246],[-76.1654,36.1236],[-76.0719,36.1407],[-76.0807,36.1986],[-76.118,36.2145],[-76.1407,36.2554],[-76.1721,36.2636],[-76.1727,36.302],[-76.108,36.2733],[-76.0807,36.2402],[-76.0502,36.2315],[-76.0215,36.1901],[-75.924,36.1636],[-75.9601,36.2013],[-75.919,36.2445],[-75.9059,36.2064],[-75.876,36.1841],[-75.8664,36.1263],[-75.7977,36.0719],[-75.7985,36.117],[-75.8402,36.1775],[-75.8991,36.3265],[-75.9957,36.4106],[-76.0456,36.5038],[-76.0132,36.5495],[-75.9621,36.4952],[-75.9094,36.4876],[-75.909,36.5507],[-75.9399,36.5623],[-75.9838,36.5506],[-75.9929,36.6352],[-75.977,36.6471],[-75.9696,36.7123],[-75.9365,36.7154],[-75.8783,36.5552],[-75.8802,36.4715],[-75.8437,36.418],[-75.8429,36.3776],[-75.8014,36.2722],[-75.8063,36.2498],[-75.7725,36.2257],[-75.7427,36.127],[-75.7378,36.0415],[-75.6981,36.0599],[-75.6762,35.9969],[-75.6063,35.9161],[-75.5955,35.8544],[-75.5649,35.8521],[-75.6619,36.0265],[-75.7078,36.0955],[-75.7709,36.2252],[-75.8079,36.3227],[-75.8562,36.4951],[-75.878,36.5985],[-75.9507,36.7649],[-75.9902,36.9117],[-76.0336,36.9324],[-76.095,36.9086],[-76.2306,36.9429],[-76.2659,36.9639],[-76.3297,36.927],[-76.3161,36.8878],[-76.3519,36.8847],[-76.4356,36.9059],[-76.4832,36.8966],[-76.4991,36.9376],[-76.4861,36.9562],[-76.57,36.9986],[-76.5855,37.0283],[-76.6566,37.0407],[-76.6697,37.0598],[-76.6569,37.0999],[-76.6719,37.1414],[-76.6644,37.1747],[-76.6862,37.1976],[-76.7152,37.1484],[-76.7477,37.1506],[-76.8034,37.2017],[-76.8639,37.2089],[-76.8987,37.199],[-76.9853,37.2384],[-77.0078,37.3026],[-77.0532,37.2635],[-77.0792,37.2784],[-77.0148,37.312],[-76.9597,37.25],[-76.8199,37.2431],[-76.7731,37.2125],[-76.6931,37.2238],[-76.6471,37.2195],[-76.6057,37.1592],[-76.6254,37.1271],[-76.5633,37.078],[-76.4654,37.0284],[-76.4299,36.9703],[-76.2946,37.0302],[-76.2702,37.0875],[-76.3453,37.0918],[-76.3192,37.1333],[-76.3744,37.15],[-76.408,37.1742],[-76.3899,37.1943],[-76.4224,37.2207],[-76.4704,37.2155],[-76.6158,37.3002],[-76.6962,37.4034],[-76.7428,37.4401],[-76.7691,37.4863],[-76.8015,37.4947],[-76.795,37.5264],[-76.737,37.486],[-76.6869,37.4185],[-76.6579,37.4021],[-76.5564,37.2969],[-76.5102,37.2729],[-76.5056,37.2461],[-76.3948,37.2656],[-76.382,37.2858],[-76.4468,37.3617],[-76.3858,37.3848],[-76.3363,37.3612],[-76.2967,37.3233],[-76.2487,37.3747],[-76.2513,37.436],[-76.2793,37.4733],[-76.3274,37.4857],[-76.3416,37.5376],[-76.3326,37.57],[-76.4282,37.584],[-76.4314,37.6121],[-76.5272,37.6113],[-76.5852,37.6629],[-76.6,37.7204],[-76.6203,37.7451],[-76.6817,37.7609],[-76.7213,37.7872],[-76.7645,37.8359],[-76.7657,37.8789],[-76.7016,37.8227],[-76.5858,37.7716],[-76.542,37.708],[-76.5371,37.6649],[-76.5015,37.6435],[-76.4724,37.666],[-76.4033,37.6274],[-76.2792,37.6174],[-76.3367,37.6646],[-76.3018,37.7024],[-76.3264,37.7319],[-76.2826,37.8141],[-76.2514,37.8331],[-76.2367,37.8886],[-76.3387,37.9454],[-76.4189,37.9681],[-76.4693,38.0135],[-76.5214,38.0457],[-76.5357,38.0734],[-76.6016,38.1109],[-76.6139,38.1486],[-76.6573,38.1359],[-76.7006,38.1602],[-76.7443,38.1363],[-76.7758,38.1666],[-76.8388,38.1635],[-76.9162,38.1996],[-76.961,38.2049],[-76.9618,38.2557],[-77.0305,38.3113],[-77.0165,38.3406],[-76.9772,38.3547],[-76.9073,38.2884],[-76.8372,38.2761],[-76.8687,38.3392],[-76.8308,38.3567],[-76.8252,38.3035],[-76.7786,38.2285],[-76.7521,38.2222],[-76.6868,38.2416],[-76.5889,38.2153],[-76.5534,38.1878],[-76.5304,38.1336],[-76.4499,38.1587],[-76.4208,38.106],[-76.3786,38.0897],[-76.3612,38.0595],[-76.3206,38.0487],[-76.3308,38.0993],[-76.3504,38.1087],[-76.3297,38.1552],[-76.3852,38.2178],[-76.3999,38.3095],[-76.4529,38.2925],[-76.4943,38.3231],[-76.5001,38.3581],[-76.5363,38.3838],[-76.5854,38.3958],[-76.6446,38.438],[-76.6438,38.4703],[-76.5504,38.4141],[-76.5244,38.4128],[-76.4752,38.3585],[-76.4724,38.3314],[-76.422,38.3194],[-76.3819,38.3865],[-76.4844,38.4744],[-76.5179,38.5369],[-76.5119,38.6159],[-76.5328,38.6965],[-76.5262,38.7243],[-76.5573,38.7442],[-76.5546,38.7708],[-76.5099,38.8012],[-76.4901,38.8427],[-76.5341,38.8638],[-76.4908,38.8849],[-76.4505,38.9408],[-76.4722,38.9839],[-76.395,39.0113],[-76.4047,39.0332],[-76.486,39.081],[-76.4484,39.0962],[-76.4308,39.1313],[-76.4757,39.1607],[-76.524,39.1762],[-76.4957,39.2019],[-76.4325,39.2128],[-76.4104,39.231],[-76.3999,39.2893],[-76.3624,39.3248],[-76.365,39.3507],[-76.3103,39.3877],[-76.2886,39.3169],[-76.2567,39.3377],[-76.2848,39.3712],[-76.2484,39.4345],[-76.2244,39.4266],[-76.2532,39.3788],[-76.2009,39.3648],[-76.162,39.4044],[-76.0605,39.4494],[-76.0706,39.4731],[-76.122,39.4929],[-76.096,39.5369],[-76.053,39.5549],[-76.0065,39.5464],[-75.9702,39.5576],[-75.9973,39.467],[-75.9721,39.4567],[-76.0498,39.3706],[-76.1101,39.3723],[-76.1856,39.3193],[-76.1772,39.2985],[-76.2232,39.2554],[-76.2785,39.1458],[-76.243,39.1332],[-76.2303,39.0588],[-76.1722,39.1122],[-76.1366,39.0986],[-76.1598,39.0498],[-76.1644,39.0001],[-76.2352,38.942],[-76.1729,38.9098],[-76.1072,38.9037],[-76.123,38.8732],[-76.1612,38.8794],[-76.226,38.8202],[-76.3017,38.8262],[-76.3384,38.7605],[-76.3128,38.7307],[-76.2387,38.7128],[-76.1556,38.6581],[-76.1471,38.6368],[-76.0889,38.6262],[-76.0525,38.5942],[-76.1119,38.5834],[-76.1408,38.6056],[-76.2599,38.6144],[-76.264,38.5868],[-76.2047,38.5353],[-76.2126,38.5146],[-76.282,38.4971],[-76.329,38.5001],[-76.3322,38.4747],[-76.2839,38.4157],[-76.2832,38.392],[-76.2327,38.3888],[-76.1841,38.3602],[-76.1717,38.335],[-76.0997,38.2921],[-76.058,38.2271],[-76.0264,38.2811],[-76.0557,38.3073],[-75.9758,38.3667],[-75.9651,38.3231],[-76.0044,38.2962],[-75.9538,38.2657],[-75.9409,38.3052],[-75.9007,38.3493],[-75.8833,38.3285],[-75.9086,38.2926],[-75.9111,38.258],[-75.8614,38.2327],[-75.8862,38.2033],[-75.9401,38.1884],[-75.9332,38.1483],[-75.8341,38.1517],[-75.8443,38.0723],[-75.8005,38.062],[-75.8666,38.0255],[-75.899,37.9745],[-75.8243,37.9385],[-75.7899,37.9683],[-75.7132,37.9766],[-75.6365,37.9562],[-75.6415,37.9368],[-75.7163,37.9372],[-75.7297,37.9208],[-75.6807,37.8887],[-75.722,37.8214],[-75.7326,37.7851],[-75.8122,37.7495],[-75.8931,37.6455],[-75.8774,37.6163],[-75.9179,37.5854],[-75.959,37.5001],[-75.9603,37.4681],[-75.9862,37.3821],[-76.0153,37.33],[-76.0034,37.3072],[-76.0258,37.259],[-76.0133,37.2058],[-75.9802,37.1611],[-75.9407,37.1348],[-75.94,37.1985],[-75.9236,37.2268],[-75.9273,37.2657],[-75.8949,37.3599],[-75.8377,37.4093],[-75.81,37.465],[-75.7531,37.5071],[-75.7314,37.5494],[-75.6886,37.5301],[-75.6741,37.5722],[-75.7006,37.5779],[-75.6515,37.6501],[-75.6145,37.6751],[-75.6089,37.7071],[-75.5334,37.7829],[-75.5334,37.809],[-75.4894,37.8536],[-75.5001,37.8699],[-75.4231,37.9851],[-75.379,38.0089],[-75.3408,38.0987],[-75.2986,38.1002],[-75.2881,38.1447],[-75.2241,38.2434],[-75.1903,38.2272],[-75.1519,38.2469],[-75.1399,38.2832],[-75.094,38.3464],[-75.1283,38.3719],[-75.1038,38.4366],[-75.0811,38.4624],[-75.0494,38.4442],[-75.0625,38.582],[-75.0974,38.5794],[-75.1553,38.6083],[-75.1275,38.6338],[-75.1324,38.6878],[-75.0777,38.6941],[-75.0812,38.7655],[-75.0966,38.7905],[-75.1487,38.7867],[-75.1829,38.8019],[-75.3017,38.9115],[-75.3116,38.9676],[-75.3417,39.0211],[-75.4024,39.0675],[-75.4133,39.1514],[-75.3947,39.2042],[-75.409,39.2644],[-75.437,39.3114],[-75.4946,39.3467],[-75.5385,39.4165],[-75.5718,39.4389],[-75.5931,39.4792],[-75.563,39.5623],[-75.5334,39.542],[-75.5364,39.4606],[-75.4657,39.4391],[-75.4297,39.3887],[-75.3923,39.3608],[-75.3263,39.3409],[-75.2905,39.2919],[-75.1803,39.2451],[-75.1339,39.1861],[-75.1021,39.2136],[-75.041,39.2163],[-75.0257,39.1935],[-74.9772,39.1932],[-74.9016,39.1747],[-74.8866,39.1586],[-74.8928,39.1111],[-74.9473,39.02],[-74.9716,38.9384],[-74.9067,38.9314],[-74.8825,38.9697],[-74.8471,38.981],[-74.8469,39.018],[-74.8068,39.0387],[-74.7826,39.0716],[-74.7897,39.1023],[-74.7505,39.1183],[-74.7501,39.1486],[-74.6998,39.1664],[-74.7115,39.1819],[-74.6723,39.2139],[-74.6637,39.2225],[-74.6643,39.228],[-74.6494,39.2285],[-74.6483,39.2378],[-74.6378,39.244],[-74.6277,39.2479],[-74.6302,39.2583],[-74.6267,39.274],[-74.6591,39.3127],[-74.6146,39.3037],[-74.5615,39.3099],[-74.5172,39.3852],[-74.4917,39.3978],[-74.4613,39.4431],[-74.43,39.4565],[-74.3921,39.4433],[-74.4104,39.5382],[-74.3508,39.5451],[-74.3157,39.5958],[-74.2202,39.6441],[-74.2144,39.6681],[-74.1695,39.7135],[-74.1972,39.7444],[-74.1795,39.7998],[-74.1301,39.8643],[-74.1338,39.9281],[-74.1094,39.9558],[-74.1043,40.0159],[-74.0596,40.0096],[-74.0301,40.1244],[-73.9824,40.2782],[-73.9718,40.3594],[-73.9923,40.408],[-74.0541,40.4212],[-74.1343,40.457],[-74.1919,40.4426],[-74.2621,40.465],[-74.2742,40.4894],[-74.252,40.5535],[-74.2122,40.5737],[-74.2047,40.6293],[-74.1395,40.673],[-74.143,40.6505],[-74.087,40.6539],[-74.0415,40.7049],[-73.9783,40.7105],[-73.9719,40.7428],[-73.9267,40.8024],[-73.8718,40.8015],[-73.8169,40.8138],[-73.7655,40.9115],[-73.6863,40.9488],[-73.644,41.0053],[-73.5576,41.0173],[-73.5032,41.0477],[-73.5016,41.05],[-73.4357,41.057],[-73.4119,41.0877],[-73.2934,41.1268],[-73.2628,41.1179],[-73.2178,41.1535],[-73.1726,41.1687],[-73.1302,41.1471],[-73.0875,41.1885],[-73.0141,41.205],[-72.9715,41.2372],[-72.916,41.2959],[-72.8947,41.2562],[-72.8178,41.249],[-72.7803,41.2656],[-72.6903,41.2466],[-72.6153,41.2721],[-72.4683,41.2693],[-72.4475,41.2792],[-72.3582,41.2683],[-72.261,41.2835],[-72.1774,41.3226],[-72.1118,41.2991],[-72.0874,41.3232],[-72.0088,41.3078],[-71.961,41.3392],[-71.8631,41.3348],[-71.8552,41.3073],[-71.764,41.3287],[-71.7147,41.331],[-71.6162,41.3628],[-71.5299,41.3767],[-71.4994,41.3723],[-71.4531,41.409],[-71.4181,41.4725],[-71.4142,41.5135],[-71.4279,41.5546],[-71.4062,41.5883],[-71.4111,41.6565],[-71.4409,41.6868],[-71.3651,41.6886],[-71.3917,41.7827],[-71.3663,41.7792],[-71.3389,41.7249],[-71.2901,41.7135],[-71.3067,41.6727],[-71.268,41.6594],[-71.2355,41.6786],[-71.2598,41.7162],[-71.1945,41.7045],[-71.214,41.6259],[-71.2059,41.4993],[-71.1704,41.4606],[-71.1409,41.4907],[-71.0716,41.5164],[-71.0383,41.4963],[-70.9827,41.5089],[-70.9404,41.5405],[-70.9316,41.6078],[-70.8735,41.6276],[-70.8,41.6314],[-70.7678,41.6478],[-70.7232,41.7357],[-70.6612,41.7154],[-70.6371,41.737],[-70.587,41.7498],[-70.5644,41.7706],[-70.5407,41.777],[-70.5148,41.7739],[-70.4994,41.7808],[-70.5432,41.8218],[-70.5255,41.8585],[-70.5383,41.9207],[-70.5836,41.9502],[-70.6498,41.9502],[-70.7118,42.0071],[-70.6679,42.0108],[-70.6423,42.0499],[-70.6393,42.0873],[-70.7139,42.174],[-70.7211,42.2081],[-70.7652,42.2436],[-70.8682,42.271],[-70.9348,42.2572],[-70.9965,42.2658],[-71.0533,42.3076],[-70.9719,42.3847],[-70.9903,42.4085],[-70.9452,42.4569],[-70.895,42.4606],[-70.8442,42.5068],[-70.8496,42.5511],[-70.6982,42.5777],[-70.6771,42.6078],[-70.6052,42.6355],[-70.6301,42.6928],[-70.6867,42.6522],[-70.7543,42.6493],[-70.7954,42.7546],[-70.8121,42.8233],[-70.814,42.8861],[-70.7597,42.989],[-70.6928,43.0662],[-70.666,43.0757],[-70.6233,43.1346],[-70.621,43.1603],[-70.5763,43.221],[-70.5958,43.2482],[-70.5603,43.3144],[-70.518,43.3442],[-70.4365,43.3594],[-70.4213,43.3962],[-70.386,43.4084],[-70.3665,43.4506],[-70.3787,43.5069],[-70.352,43.536],[-70.3125,43.5366],[-70.2805,43.5595],[-70.2047,43.5584],[-70.2178,43.6287],[-70.2553,43.6784],[-70.1423,43.7895],[-70.0989,43.8181],[-70.0657,43.8197],[-70.0204,43.8604],[-69.9523,43.8504],[-70.0389,43.7451],[-70.0024,43.7472],[-69.9401,43.8487],[-69.9086,43.8701],[-69.8687,43.8615],[-69.8522,43.8274],[-69.876,43.7933],[-69.8528,43.7121],[-69.795,43.7342],[-69.718,43.7895],[-69.7169,43.8493],[-69.6968,43.8873],[-69.6564,43.8479],[-69.6032,43.8595],[-69.5588,43.896],[-69.5029,43.8379],[-69.4598,43.9029],[-69.4441,43.9617],[-69.39,44.0112],[-69.3641,43.9789],[-69.285,43.9601],[-69.254,43.9198],[-69.2031,43.9423],[-69.1615,43.9991],[-69.058,44.0708],[-69.1008,44.0805],[-69.1084,44.11],[-69.076,44.1342],[-69.0598,44.2063],[-69.0051,44.2741],[-68.9634,44.3086],[-68.9481,44.3554],[-68.9951,44.4218],[-68.8979,44.453],[-68.8345,44.4567],[-68.8379,44.4834],[-68.7762,44.4965],[-68.8218,44.4087],[-68.8237,44.3108],[-68.7399,44.3344],[-68.6928,44.299],[-68.6262,44.2868],[-68.5769,44.2542],[-68.5195,44.265],[-68.5309,44.299],[-68.5669,44.3176],[-68.546,44.3561],[-68.5648,44.3831],[-68.4586,44.447],[-68.4678,44.4661],[-68.4227,44.4972],[-68.4339,44.4015],[-68.4157,44.3982],[-68.3542,44.4447],[-68.299,44.4501],[-68.2954,44.4719],[-68.2301,44.464],[-68.2218,44.5181],[-68.1139,44.4811],[-68.1105,44.3998],[-68.0799,44.3914],[-68.0761,44.3479],[-68.0274,44.3678],[-67.9827,44.4415],[-67.9072,44.4715],[-67.8555,44.4787],[-67.849,44.5626],[-67.8205,44.5841],[-67.7017,44.5308],[-67.5653,44.5319],[-67.5754,44.5601],[-67.5564,44.5996],[-67.5704,44.622],[-67.5104,44.6397],[-67.4965,44.6139],[-67.4501,44.6],[-67.425,44.6429],[-67.3635,44.6314],[-67.3807,44.6894],[-67.3105,44.7084],[-67.3075,44.6617],[-67.2706,44.6416],[-67.1942,44.6465],[-67.0743,44.7414],[-67.0625,44.7662],[-67.0199,44.7702],[-66.9831,44.8114],[-67.0171,44.8827],[-67.0898,44.8725],[-67.1181,44.8462],[-67.1964,44.8979],[-67.1795,44.911],[-67.0397,44.9452],[-67.0821,45.0296],[-67.117,45.0583],[-67.1134,45.0917],[-67.1499,45.1294],[-67.1974,45.2162],[-67.1492,45.2046],[-67.1356,45.1404],[-67.088,45.0803],[-67.0587,45.1007],[-67.0359,45.1632],[-66.9636,45.1611],[-66.9179,45.134],[-66.9264,45.0936],[-66.8885,45.0438],[-66.8071,45.0425],[-66.6589,45.077],[-66.5749,45.1284],[-66.505,45.1435],[-66.455,45.0732],[-66.3517,45.1285],[-66.2349,45.1457],[-66.1541,45.181],[-66.1331,45.2132],[-66.0326,45.2673],[-66,45.218],[-66,47.9172],[-66.0822,47.9249],[-66.1621,47.9678],[-66.3534,48.0054],[-66.3809,48.0625],[-66.4731,48.0561],[-66.5438,48.0214],[-66.6226,48.0003],[-66.6863,48.0068],[-66.6494,48.0409],[-66.5409,48.0623],[-66.4995,48.1011],[-66.4384,48.1142],[-66.5078,48.1652],[-66.5533,48.1743],[-66.6532,48.1585],[-66.752,48.1258],[-66.8349,48.0843],[-67.008,48.0306],[-67.0433,47.9675],[-67.1379,47.9333],[-67.1867,47.9347],[-67.2098,47.9157],[-67.2737,47.9186],[-67.3602,47.9],[-67.3873,47.8758],[-67.3754,47.8444],[-67.4414,47.7646],[-67.4913,47.795],[-67.5621,47.7177],[-67.5744,47.6755],[-67.6124,47.6798],[-67.6652,47.6313],[-67.7083,47.6301],[-67.7761,47.5957],[-67.7848,47.5751],[-67.9267,47.5507],[-67.9571,47.511],[-68.009,47.5155],[-68.008,47.5689],[-68.0387,47.6351],[-68.0872,47.6672],[-68.0716,47.7052],[-68.0657,47.7722],[-68.1122,47.7655],[-68.1629,47.778],[-68.2162,47.7601],[-68.197,47.7289],[-68.2697,47.6473],[-68.2975,47.6557],[-68.3695,47.7429],[-68.4105,47.7536],[-68.4432,47.7189],[-68.4961,47.7036],[-68.5765,47.7184],[-68.6257,47.7146],[-68.6293,47.6781],[-68.7519,47.5936],[-68.7949,47.5767],[-68.8237,47.5903],[-68.9015,47.588],[-68.9671,47.522],[-69.0015,47.5035],[-69.0552,47.4322],[-69.0346,47.4149],[-69.0539,47.3779],[-69.0546,47.3159],[-69.0416,47.2464],[-68.9203,47.195],[-68.9024,47.1788],[-68.8122,47.2155],[-68.7179,47.2409],[-68.6134,47.2456],[-68.6104,47.215],[-68.6388,47.1957],[-68.6032,47.122],[-68.6105,47.0623],[-68.6334,46.9879],[-68.7049,46.9236],[-68.5917,46.9093],[-68.5898,46.8536],[-68.6141,46.8003],[-68.6773,46.7508],[-68.6869,46.7167],[-68.6326,46.6749],[-68.6111,46.6117],[-68.671,46.5553],[-68.6908,46.4776],[-68.7212,46.443],[-68.7652,46.444],[-68.8676,46.3897],[-68.9728,46.3701],[-68.9686,46.3373],[-68.9966,46.3194],[-68.9758,46.2806],[-69.0334,46.2637],[-69.0341,46.2243],[-68.9724,46.2004],[-68.9022,46.1587],[-68.8727,46.1679],[-68.8029,46.154],[-68.799,46.0972],[-68.7546,46.0563],[-68.7113,45.9934],[-68.6608,45.9627],[-68.6292,45.8968],[-68.6298,45.8664],[-68.676,45.7948],[-68.7162,45.7875],[-68.7676,45.8025],[-68.8296,45.7885],[-68.9025,45.8128],[-68.9532,45.8134],[-68.9719,45.7953],[-68.9546,45.7563],[-69.0281,45.7333],[-68.9888,45.7011],[-69.0551,45.6551],[-69.0157,45.6367],[-68.9799,45.5806],[-68.9974,45.4771],[-69.0595,45.4311],[-69.1707,45.3973],[-69.2383,45.369],[-69.3155,45.3732],[-69.4475,45.3468],[-69.4945,45.3303],[-69.5482,45.2893],[-69.5418,45.2613],[-69.5736,45.1849],[-69.6056,45.151],[-69.7328,45.0725],[-69.7987,45.0387],[-69.8291,45.0453],[-69.8631,45.0882],[-69.9124,45.066],[-69.9639,44.9775],[-69.9799,44.916],[-70.0361,44.9266],[-70.0383,44.891],[-69.9943,44.8285],[-70.0113,44.7603],[-70.0581,44.7092],[-70.1468,44.6756],[-70.1722,44.6542],[-70.2557,44.5474],[-70.2682,44.5115],[-70.254,44.4144],[-70.2766,44.3295],[-70.2799,44.2632],[-70.2627,44.1963],[-70.2829,44.133],[-70.3198,44.0725],[-70.2694,44.0019],[-70.3149,43.9851],[-70.3453,43.9555],[-70.3581,43.9018],[-70.4182,43.8409],[-70.4608,43.8223],[-70.5024,43.7721],[-70.5301,43.7609],[-70.5906,43.8122],[-70.6716,43.8416],[-70.7384,43.8043],[-70.701,43.7858],[-70.6911,43.7455],[-70.703,43.7164],[-70.7712,43.6892],[-70.8025,43.6596],[-70.7511,43.636],[-70.7227,43.5705],[-70.7434,43.521],[-70.836,43.4662],[-70.8778,43.4713],[-70.8923,43.4458],[-70.9353,43.437],[-71.0004,43.3875],[-71.0731,43.3884],[-71.1052,43.3338],[-71.1652,43.267],[-71.153,43.2276],[-71.1629,43.1699],[-71.1524,43.1127],[-71.1919,43.0899],[-71.2325,43.1253],[-71.265,43.1301],[-71.3533,43.1887],[-71.3407,43.233],[-71.3422,43.2873],[-71.4739,43.3159],[-71.527,43.307],[-71.5807,43.329],[-71.6247,43.3723],[-71.6538,43.3551],[-71.6183,43.2983],[-71.6238,43.2758],[-71.7332,43.2638],[-71.7683,43.2375],[-71.781,43.1954],[-71.7257,43.1012],[-71.6685,43.0835],[-71.6581,43.0221],[-71.5811,42.9881],[-71.5859,42.9491],[-71.6128,42.9111],[-71.7045,42.8768],[-71.7292,42.8101],[-71.7596,42.7614],[-71.7568,42.6992],[-71.8102,42.661],[-71.8496,42.5553],[-71.8209,42.5],[-71.8613,42.4331],[-71.8912,42.4133],[-71.8778,42.3454],[-71.8544,42.3206],[-71.8673,42.2806],[-71.8966,42.2694],[-71.9503,42.281],[-71.9828,42.3311],[-71.9828,42.3796],[-71.9595,42.4467],[-71.9807,42.4708],[-72.0603,42.4682],[-72.0931,42.4273],[-72.1347,42.4014],[-72.1863,42.4157],[-72.1704,42.4408],[-72.1959,42.4875],[-72.192,42.5479],[-72.2178,42.6068],[-72.2594,42.631],[-72.3005,42.6219],[-72.3257,42.5758],[-72.3153,42.4826],[-72.323,42.4657],[-72.3217,42.3432],[-72.3409,42.3145],[-72.3907,42.3034],[-72.4606,42.3478],[-72.4819,42.4373],[-72.5063,42.4673],[-72.5574,42.4829],[-72.4853,42.5776],[-72.4421,42.6689],[-72.4339,42.7251],[-72.4857,42.7756],[-72.5013,42.841],[-72.551,42.8545],[-72.5232,42.8991],[-72.5131,42.9731],[-72.5603,42.9627],[-72.5608,42.9055],[-72.5991,42.8865],[-72.5433,42.7995],[-72.5176,42.7353],[-72.4671,42.7222],[-72.5052,42.6685],[-72.5522,42.6727],[-72.5807,42.6484],[-72.6285,42.6382],[-72.6389,42.6179],[-72.627,42.5557],[-72.645,42.4644],[-72.6344,42.4225],[-72.6485,42.3584],[-72.6885,42.3518],[-72.7484,42.232],[-72.8239,42.1323],[-72.8241,41.9992],[-72.8436,41.9382],[-72.8801,41.8809],[-72.8832,41.837],[-73.0099,41.8131],[-73.0521,41.7862],[-73.1025,41.7303],[-73.1391,41.7284],[-73.1697,41.7505],[-73.2137,41.7552],[-73.3792,41.6608],[-73.4223,41.5937],[-73.4385,41.5037],[-73.4589,41.4741],[-73.5245,41.47],[-73.551,41.4375],[-73.5944,41.4225],[-73.6395,41.3888],[-73.6838,41.3894],[-73.7315,41.3734],[-73.7942,41.3812],[-73.8296,41.3419],[-73.8989,41.325],[-73.9682,41.2644],[-74.0321,41.2483],[-74.0454,41.2148],[-74.121,41.1401],[-74.1621,41.1133],[-74.2395,41.0369],[-74.2915,41.0015],[-74.3485,40.9432],[-74.4541,40.8849],[-74.4788,40.8401],[-74.4882,40.7894],[-74.5935,40.7079],[-74.6444,40.7035],[-74.6874,40.7532],[-74.774,40.6847],[-74.8457,40.6592],[-74.8951,40.6705],[-74.9864,40.6585],[-75.0589,40.6194],[-75.1775,40.5842],[-75.2189,40.5363],[-75.305,40.5399],[-75.3198,40.5123],[-75.3989,40.5243],[-75.398,40.4953],[-75.4243,40.4675],[-75.4669,40.4662],[-75.5621,40.4404],[-75.6126,40.3911],[-75.6529,40.3226],[-75.7346,40.3234],[-75.723,40.3789],[-75.7794,40.4022],[-75.8129,40.3696],[-75.8117,40.3302],[-75.9147,40.3372],[-75.9108,40.4243],[-75.8026,40.4578],[-75.7015,40.5018],[-75.5487,40.5089],[-75.4987,40.5267],[-75.4402,40.5975],[-75.3983,40.5738],[-75.442,40.5567],[-75.4505,40.5233],[-75.3849,40.5344],[-75.323,40.5701],[-75.3123,40.6292],[-75.2233,40.6698],[-75.1893,40.6213],[-75.1412,40.6474],[-75.0407,40.6661],[-74.9378,40.7203],[-74.9266,40.7537],[-74.8251,40.8232],[-74.8632,40.8277],[-74.9384,40.769],[-74.9742,40.7906],[-75.087,40.7161],[-75.1324,40.7123],[-75.1326,40.7546],[-75.0565,40.8147],[-75.0236,40.8293],[-75.0172,40.8609],[-74.9119,40.9275],[-74.8958,40.9058],[-74.946,40.8875],[-74.9185,40.8494],[-74.8891,40.8432],[-74.8537,40.9112],[-74.8115,40.9268],[-74.7517,40.9779],[-74.712,41.0303],[-74.6842,41.0401],[-74.6267,41.0954],[-74.5762,41.1049],[-74.5445,41.1452],[-74.5797,41.1712],[-74.5424,41.2522],[-74.5112,41.2811],[-74.4847,41.2473],[-74.5132,41.2125],[-74.4713,41.2067],[-74.4091,41.2356],[-74.3554,41.2351],[-74.2901,41.2519],[-74.2809,41.311],[-74.2586,41.3503],[-74.2249,41.3459],[-74.144,41.4169],[-74.0948,41.4207],[-74.0929,41.3946],[-73.9837,41.4482],[-73.95,41.5032],[-73.8714,41.5362],[-73.827,41.5135],[-73.7023,41.5688],[-73.6631,41.6143],[-73.6783,41.643],[-73.7478,41.6116],[-73.7887,41.6613],[-73.8059,41.722],[-73.7958,41.79],[-73.7577,41.8462],[-73.7939,41.8822],[-73.7812,41.9383],[-73.7963,41.9772],[-73.7919,42.0341],[-73.7739,42.0844],[-73.7412,42.0993],[-73.7225,42.1686],[-73.6687,42.1948],[-73.6751,42.2333],[-73.6369,42.2461],[-73.6228,42.3164],[-73.5861,42.3616],[-73.5496,42.3859],[-73.541,42.4289],[-73.564,42.4592],[-73.6674,42.507],[-73.702,42.6054],[-73.6907,42.6627],[-73.6677,42.6941],[-73.6681,42.7651],[-73.6316,42.8392],[-73.5858,42.8603],[-73.5688,42.9067],[-73.5838,42.9253],[-73.5703,42.9691],[-73.5284,43.0417],[-73.511,43.1082],[-73.5249,43.1451],[-73.4797,43.2256],[-73.4394,43.273],[-73.4162,43.3278],[-73.3709,43.3805],[-73.3693,43.421],[-73.3394,43.4572],[-73.3438,43.5527],[-73.2921,43.6118],[-73.2927,43.6582],[-73.2528,43.7047],[-73.3082,43.7453],[-73.3003,43.786],[-73.2625,43.8027],[-73.1959,43.7798],[-73.1865,43.8119],[-73.104,43.7717],[-73.0548,43.8081],[-73.0637,43.9147],[-73.0916,43.9353],[-73.0876,44.0616],[-73.0732,44.0961],[-73.0768,44.1447],[-73.0391,44.2092],[-73.0492,44.2858],[-73.1289,44.3723],[-73.1368,44.4128],[-73.1191,44.4328],[-73.0167,44.441],[-73.0237,44.5231],[-73.0661,44.5317],[-73.1234,44.5119],[-73.1315,44.561],[-73.0811,44.6485],[-73.0838,44.7032],[-73.0561,44.8045],[-73.0252,44.8592],[-72.9926,44.8841],[-72.9451,44.9833],[-72.8474,45.1042],[-72.7541,45.1711],[-72.723,45.1749],[-72.6815,45.2324],[-72.5492,45.2829],[-72.4828,45.383],[-72.3778,45.4883],[-72.3195,45.5635],[-72.3218,45.6662],[-72.256,45.7546],[-72.106,45.8334],[-71.987,45.863],[-71.8696,46.0584],[-71.7488,46.1777],[-71.5989,46.2835],[-71.4446,46.3639],[-71.2885,46.4226],[-71.1335,46.4032],[-71.0545,46.4288],[-71.0756,46.4573],[-71.0006,46.4968],[-70.9301,46.5209],[-70.9023,46.5591],[-70.8475,46.5732],[-70.8198,46.7278],[-70.7449,46.7765],[-70.7337,46.7972],[-70.585,46.8796],[-70.4717,46.9725],[-70.3814,46.9892],[-70.3494,47.0292],[-70.3019,47.0391],[-70.2398,47.0834],[-70.2242,47.1232],[-70.178,47.1472],[-70.1752,47.1792],[-70.0926,47.2489],[-70.0626,47.2903],[-69.9507,47.3655],[-69.9466,47.4035],[-69.8615,47.4669],[-69.7892,47.4942],[-69.8049,47.5435],[-69.8046,47.597],[-69.9048,47.5266],[-69.9762,47.4945],[-70.0257,47.4571],[-70.0453,47.3967],[-70.0707,47.3589],[-70.1348,47.3223],[-70.1949,47.3093],[-70.2303,47.253],[-70.3194,47.1621],[-70.4409,47.0769],[-70.4924,47.0156],[-70.5606,46.9874],[-70.6488,46.9737],[-70.7649,46.9176],[-70.9415,46.8717],[-71.0009,46.8309],[-71.1313,46.8255],[-71.2165,46.7688],[-71.2037,46.8325],[-71.1421,46.8879],[-71.0666,46.9257],[-71.0486,46.949],[-71.3343,46.8814],[-71.5387,46.7605],[-71.6382,46.734],[-71.7261,46.7725],[-71.8376,46.8002],[-71.9872,46.7691],[-72.1052,46.7684],[-72.2145,46.7229],[-72.1847,46.6361],[-72.3198,46.6132],[-72.4255,46.7092],[-72.3496,46.7327],[-72.3092,46.8326],[-72.3864,46.8429],[-72.5805,46.7795],[-72.6579,46.7072],[-72.658,46.598],[-72.7877,46.5341],[-72.9421,46.4748],[-72.9779,46.3669],[-73.0766,46.2974],[-73.139,46.2308],[-73.2439,46.1883],[-73.3454,46.1589],[-73.4045,46.2089],[-73.3659,46.254],[-73.4109,46.2809],[-73.459,46.2057],[-73.5576,46.1434],[-73.6523,46.0675],[-73.6661,46.0407],[-73.6512,46.0025],[-73.6869,45.9707],[-73.7292,45.9551],[-73.7409,45.9128],[-73.7792,45.8828],[-73.904,45.8359],[-73.9789,45.7795],[-74.0125,45.7702],[-74.0982,45.7127],[-74.3222,45.6701],[-74.4636,45.6769],[-74.6735,45.6508],[-74.7716,45.6458],[-74.8103,45.6668],[-74.8648,45.6643],[-74.9049,45.681],[-74.9871,45.6541],[-75.0772,45.6692],[-75.1001,45.6111],[-75.1677,45.6145],[-75.2429,45.6028],[-75.4052,45.5527],[-75.4284,45.5549],[-75.4979,45.5233],[-75.5565,45.5154],[-75.5747,45.4954],[-75.6357,45.4918],[-75.7037,45.422],[-75.7446,45.4066],[-75.8242,45.3537],[-75.8913,45.3708],[-75.8926,45.3923],[-75.9576,45.4491],[-76.0217,45.4863],[-76.0594,45.4828],[-76.1439,45.5145],[-76.2137,45.5075],[-76.2115,45.4779],[-76.2725,45.4607],[-76.2939,45.4376],[-76.3427,45.4416],[-76.4393,45.4957],[-76.5924,45.5269],[-76.6626,45.5635],[-76.6778,45.6216],[-76.7158,45.6638],[-76.693,45.6913],[-76.7171,45.7208],[-76.7634,45.7288],[-76.787,45.7566],[-76.7692,45.8106],[-76.7729,45.8546],[-76.8716,45.8893],[-76.8967,45.8683],[-76.885,45.8174],[-76.9239,45.7826],[-77.0032,45.775],[-77.0824,45.8249],[-77.1443,45.8374],[-77.1871,45.8274],[-77.1394,45.7908],[-77.0649,45.7042],[-76.9937,45.6005],[-76.9524,45.5178],[-76.7944,45.4842],[-76.5481,45.3871],[-76.4191,45.3473],[-76.31,45.2732],[-76.2565,45.1815],[-76.3445,45.0141],[-76.245,44.9389],[-76.2464,44.8207],[-76.2894,44.7147],[-76.2759,44.6199],[-76.3866,44.5139],[-76.5334,44.4602],[-76.6972,44.484],[-76.8258,44.4615],[-76.9579,44.4899],[-77.1394,44.4518],[-77.2735,44.4655],[-77.3884,44.5044],[-77.5466,44.4903],[-77.7065,44.4823],[-77.8401,44.5069],[-78.0005,44.5693],[-78.1918,44.5875],[-78.363,44.5925],[-78.6451,44.69],[-78.7663,44.6933],[-79.0903,44.6742],[-79.1885,44.7255],[-79.3348,44.7506],[-79.519,44.7651],[-79.714,44.7669],[-79.756,44.7624],[-79.7925,44.7386],[-79.8178,44.7611],[-79.8614,44.7496],[-79.9089,44.8401],[-79.9531,44.8611],[-80.0291,44.8444],[-80.0473,44.7962],[-80.0792,44.8145],[-80.1183,44.8031],[-80.1258,44.7469],[-80.0034,44.6973],[-79.988,44.6658],[-80.005,44.6073],[-79.9965,44.5534],[-80.0557,44.4881],[-80.1036,44.4708],[-80.2016,44.5085],[-80.2815,44.5288],[-80.3869,44.5349],[-80.4744,44.573],[-80.4974,44.592],[-80.5756,44.6034],[-80.6174,44.6349],[-80.6111,44.6741],[-80.6274,44.7133],[-80.7038,44.7207],[-80.7678,44.7105],[-80.8267,44.6769],[-80.8705,44.627],[-80.9194,44.5946],[-80.9378,44.6101],[-80.9077,44.667],[-80.8813,44.7674],[-80.9326,44.7905],[-81.0014,44.8056],[-81.0802,44.772],[-81.1133,44.7803],[-81.0304,44.834],[-81.0026,44.864],[-81.0132,44.9099],[-80.9628,44.944],[-80.9848,44.961],[-81.0456,44.9511],[-81.0577,44.8931],[-81.1354,44.8981],[-81.1105,44.9363],[-81.1945,44.9581],[-81.1882,44.9888],[-81.2378,44.9862],[-81.2671,45.0032],[-81.2562,45.074],[-81.2884,45.1166],[-81.3267,45.1375],[-81.3296,45.1695],[-81.2867,45.211],[-81.2903,45.2391],[-81.4613,45.2259],[-81.5144,45.2409],[-81.5758,45.2422],[-81.6385,45.2628],[-81.6897,45.2466],[-81.7126,45.2143],[-81.6898,45.1922],[-81.6238,45.1734],[-81.5139,45.0984],[-81.5012,45.0675],[-81.4509,45.0229],[-81.4242,44.9682],[-81.3653,44.9836],[-81.3486,44.9536],[-81.364,44.9299],[-81.3563,44.881],[-81.3257,44.8333],[-81.2809,44.7915],[-81.2682,44.654],[-81.27,44.6046],[-81.2906,44.577],[-81.3867,44.4842],[-81.4082,44.4297],[-81.4744,44.4133],[-81.5996,44.3182],[-81.591,44.2869],[-81.6153,44.2081],[-81.6758,44.1335],[-81.7328,44.0986],[-81.7481,44.0581],[-81.7316,44.0275],[-81.7162,43.903],[-81.7221,43.6783],[-81.7005,43.5447],[-81.7135,43.443],[-81.7024,43.4021],[-81.7409,43.3336],[-81.8265,43.2735],[-81.9797,43.2078],[-82.0938,43.1171],[-82.152,43.0874],[-82.1802,43.0596],[-82.3243,43.0319],[-82.4225,43.0001],[-82.4129,42.9771],[-82.4285,42.952],[-82.4549,42.9269],[-82.482,42.8087],[-82.4674,42.7619],[-82.5104,42.6652],[-82.5098,42.6373],[-82.5232,42.6075],[-82.6046,42.5486],[-82.6026,42.5047],[-82.553,42.501],[-82.4841,42.5176],[-82.4524,42.4832],[-82.4215,42.4878],[-82.4204,42.3876],[-82.4572,42.3232],[-82.4803,42.3144],[-82.5822,42.3229],[-82.6451,42.3029],[-82.7448,42.3058],[-82.9488,42.3404],[-83.0703,42.3111],[-83.1075,42.2558],[-83.1045,42.1975],[-83.1205,42.1781],[-83.1148,42.0489],[-82.9994,42.0175],[-82.9328,41.9821],[-82.8167,41.9954],[-82.7507,42.027],[-82.6726,42.039],[-82.6186,42.034],[-82.5755,42.0157],[-82.506,41.9421],[-82.4986,42.0071],[-82.4711,42.0566],[-82.3787,42.1295],[-82.2013,42.1907],[-82.1338,42.2287],[-82.0617,42.2553],[-81.9975,42.2649],[-81.9333,42.2586],[-81.9256,42.288],[-81.8711,42.3205],[-81.877,42.2534],[-81.843,42.2638],[-81.835,42.3521],[-81.7687,42.4177],[-81.6309,42.4896],[-81.558,42.5537],[-81.4732,42.5841],[-81.4488,42.6055],[-81.3957,42.6114],[-81.3376,42.6508],[-81.2474,42.665],[-81.0725,42.6676],[-81.0055,42.6559],[-80.8836,42.659],[-80.7918,42.6424],[-80.6356,42.5848],[-80.5033,42.5735],[-80.3794,42.5769],[-80.1851,42.5454],[-80.0952,42.5395],[-80.0544,42.5558],[-80.2443,42.5667],[-80.2621,42.5823],[-80.3678,42.6004],[-80.4397,42.5977],[-80.4436,42.6265],[-80.3739,42.6735],[-80.3382,42.6562],[-80.3216,42.6932],[-80.2281,42.7704],[-80.1572,42.7882],[-80.067,42.7861],[-80.0183,42.8044],[-79.833,42.8257],[-79.7028,42.8595],[-79.6261,42.8386],[-79.5732,42.8572],[-79.5463,42.8437],[-79.4857,42.8464],[-79.4417,42.8752],[-79.3541,42.8643],[-79.2554,42.8769],[-79.1601,42.8754],[-79.084,42.8625],[-79.0284,42.8753],[-78.944,42.8807],[-78.9087,42.9081],[-78.9184,42.9371],[-78.969,42.9513],[-79.0265,42.9848],[-79.0293,43.0597],[-79.0789,43.0776],[-79.0678,43.0915],[-79.059,43.1095],[-79.0608,43.1135],[-79.0738,43.1213],[-79.0682,43.1219],[-79.0446,43.139],[-79.048,43.1626],[-79.0569,43.1715],[-79.0585,43.2524],[-79.0903,43.2635],[-79.1583,43.2499],[-79.2637,43.2067],[-79.3497,43.1825],[-79.4335,43.2035],[-79.4646,43.1965],[-79.584,43.2081],[-79.6156,43.2222],[-79.7083,43.239],[-79.7529,43.2631],[-79.7827,43.3236],[-79.7263,43.3699],[-79.6058,43.5034],[-79.5917,43.5449],[-79.5366,43.5883],[-79.4897,43.6081],[-79.4684,43.6359],[-79.3403,43.6502],[-79.2905,43.6751],[-79.1866,43.7532],[-79.1478,43.7645],[-79.0933,43.817],[-78.9808,43.8339],[-78.9283,43.8571],[-78.8198,43.8697],[-78.7122,43.8714],[-78.5908,43.9015],[-78.4986,43.9008],[-78.2463,43.9565],[-78.1428,43.9602],[-77.8719,43.9837],[-77.8174,44.0051],[-77.7446,44.0072],[-77.7098,44.0325],[-77.6779,44.0184],[-77.6067,44.0386],[-77.5287,44.0038],[-77.5697,43.9786],[-77.5058,43.9515],[-77.4919,43.9277],[-77.3378,43.957],[-77.2514,43.9561],[-77.2793,43.8999],[-77.227,43.8996],[-77.1525,43.8458],[-77.0406,43.8945],[-76.9738,43.9058],[-76.9271,43.9354],[-77.0098,43.9459],[-77.0309,43.9595],[-76.9665,44.0182],[-76.8969,44.0412],[-76.9392,44.0587],[-77.011,44.0394],[-77.1175,44.0439],[-77.0889,44.0795],[-77.0542,44.1624],[-77.0808,44.1705],[-77.2878,44.1138],[-77.3833,44.1448],[-77.4926,44.1055],[-77.5723,44.0609],[-77.5676,44.0996],[-77.4305,44.1348],[-77.3413,44.1666],[-77.2989,44.1581],[-77.2384,44.1819],[-77.2065,44.163],[-77.1492,44.1641],[-77.0322,44.1996],[-77.0581,44.1166],[-77.0279,44.1029],[-77.0416,44.0551],[-76.9835,44.0638],[-76.9117,44.1142],[-76.7035,44.2101],[-76.6412,44.2156],[-76.5494,44.2103],[-76.4407,44.2378],[-76.3403,44.2724],[-76.3045,44.2976],[-76.2211,44.3169],[-76.1441,44.3237],[-76.0973,44.3427],[-75.9746,44.3719],[-75.9395,44.3864],[-75.8112,44.4937],[-75.7546,44.5341],[-75.7325,44.5289],[-75.7835,44.4706],[-75.7539,44.4486],[-75.7912,44.4106],[-75.8155,44.4091],[-75.9382,44.3212],[-76.0398,44.2559],[-76.1647,44.2171],[-76.2979,44.1516],[-76.3657,44.1097],[-76.2968,44.0599],[-76.3001,44.0186],[-76.25,43.9689],[-76.2047,44.0188],[-76.2595,44.0551],[-76.1564,44.0642],[-76.1489,44.0077],[-76.2074,43.9756],[-76.1147,43.9511],[-76.1292,43.8957],[-76.2026,43.8639],[-76.2608,43.8818],[-76.2971,43.8565],[-76.2286,43.8029],[-76.1999,43.6802],[-76.1649,43.6609],[-76.1949,43.6334],[-76.2033,43.5763],[-76.235,43.5294],[-76.2984,43.5129],[-76.4,43.5247],[-76.472,43.494],[-76.4873,43.4751],[-76.5654,43.4484],[-76.6312,43.4127],[-76.6821,43.354],[-76.7933,43.3095],[-76.8958,43.296],[-76.942,43.2742],[-76.9624,43.2379],[-77.0013,43.2711],[-77.0428,43.271],[-77.1054,43.2892],[-77.2675,43.2769],[-77.3437,43.2803],[-77.5002,43.2505],[-77.5267,43.2368],[-77.577,43.2429],[-77.6593,43.2823],[-77.715,43.3239],[-77.9302,43.358],[-78.1045,43.3756],[-78.2354,43.3688],[-78.4828,43.3744],[-78.6376,43.3574],[-78.702,43.3401],[-78.8365,43.3182],[-78.9889,43.2777],[-79.0508,43.2533],[-79.0413,43.1437],[-79.0434,43.1371],[-79.05,43.1333],[-79.0673,43.1193],[-79.0601,43.1138],[-79.0571,43.1035],[-79.0701,43.0859],[-79.0439,43.0779],[-78.9256,43.0662],[-78.8817,43.0242],[-78.9371,42.9946],[-78.8991,42.9275],[-78.9019,42.8966],[-78.8599,42.8328],[-78.8538,42.7851],[-78.9177,42.7368],[-78.9903,42.705],[-79.0477,42.6914],[-79.0639,42.6456],[-79.1107,42.6138],[-79.1513,42.5523],[-79.25,42.5315],[-79.3145,42.5036],[-79.4073,42.4522],[-79.4278,42.4286],[-79.5898,42.3421],[-79.6995,42.2911],[-79.8784,42.2292],[-80.0613,42.1449],[-80.1584,42.1107],[-80.3224,42.0387],[-80.6305,41.9435],[-80.7729,41.9086],[-80.9044,41.8677],[-81.0037,41.8528],[-81.1298,41.8108],[-81.2168,41.7721],[-81.2983,41.7521],[-81.3531,41.7276],[-81.4457,41.6725],[-81.4783,41.6385],[-81.5273,41.6152],[-81.593,41.5656],[-81.7441,41.4876],[-81.8164,41.495],[-81.8634,41.4829],[-81.9388,41.4913],[-82.0127,41.5157],[-82.1778,41.4716],[-82.2547,41.4344],[-82.3618,41.4266],[-82.4619,41.3858],[-82.5138,41.3843],[-82.7081,41.4599],[-82.7658,41.4464],[-82.795,41.4669],[-82.9226,41.4191],[-83.0032,41.4374],[-82.9542,41.489],[-82.8824,41.4885],[-82.8442,41.5019],[-82.7651,41.5028],[-82.7119,41.5279],[-82.7505,41.5463],[-82.7782,41.5364],[-82.8341,41.5871],[-82.8574,41.5472],[-82.893,41.5202],[-82.9711,41.5244],[-83.0362,41.5612],[-83.0674,41.5957],[-83.1053,41.6131],[-83.2127,41.6378],[-83.3351,41.7065],[-83.3627,41.6857],[-83.4771,41.6985],[-83.4796,41.7578],[-83.4481,41.7629],[-83.4392,41.8131],[-83.4097,41.8292],[-83.3844,41.8687],[-83.3532,41.8726],[-83.3317,41.9192],[-83.3036,41.9431],[-83.2533,41.9455],[-83.2576,41.9786],[-83.2237,41.9895],[-83.1926,42.0259],[-83.193,42.0633],[-83.1664,42.1701],[-83.1417,42.2138],[-83.1447,42.24],[-83.0654,42.3201],[-82.9731,42.3556],[-82.9313,42.3573],[-82.8884,42.3986],[-82.8681,42.4547],[-82.8842,42.4764],[-82.8735,42.5245],[-82.845,42.5613],[-82.7819,42.5714],[-82.817,42.6135],[-82.7992,42.6532],[-82.7603,42.6565],[-82.7261,42.683],[-82.6873,42.6904],[-82.6208,42.659],[-82.6305,42.6317],[-82.5697,42.6203],[-82.5388,42.6091],[-82.5183,42.6269],[-82.5143,42.6666],[-82.4704,42.7647],[-82.4852,42.8043],[-82.4748,42.8906],[-82.4555,42.934],[-82.4223,42.9644],[-82.4253,43.0154],[-82.4847,43.1005],[-82.523,43.225],[-82.5376,43.3532],[-82.539,43.4367],[-82.5857,43.544],[-82.601,43.6048],[-82.6108,43.7416],[-82.6344,43.8333],[-82.6767,43.8819],[-82.6837,43.9108],[-82.7399,43.9901],[-82.8141,44.0326],[-82.8759,44.045],[-82.9287,44.0682],[-82.9647,44.0684],[-83.0282,44.0455],[-83.0648,44.0038],[-83.1123,44.0045],[-83.1806,43.9821],[-83.2608,43.9757],[-83.2826,43.9377],[-83.325,43.9163],[-83.3258,43.886],[-83.3904,43.8487],[-83.396,43.8186],[-83.498,43.6977],[-83.5236,43.7174],[-83.6665,43.5911],[-83.8068,43.6412],[-83.9014,43.6662],[-83.9545,43.7512],[-83.9263,43.7874],[-83.9247,43.8583],[-83.9086,43.9165],[-83.8383,43.9947],[-83.9358,43.9902],[-83.9809,43.9475],[-84.1253,43.8916],[-84.1565,43.869],[-84.2099,43.8055],[-84.3031,43.8029],[-84.4119,43.8523],[-84.4399,43.8936],[-84.5932,43.8493],[-84.6518,43.8491],[-84.6851,43.8259],[-84.7432,43.8354],[-84.8921,43.8127],[-84.8918,43.7763],[-84.9483,43.7173],[-84.9475,43.6359],[-84.9046,43.5865],[-84.8965,43.5431],[-84.9089,43.4937],[-84.9349,43.4518],[-84.9147,43.3898],[-84.8865,43.3481],[-84.8956,43.3187],[-84.9902,43.25],[-85.1007,43.2214],[-85.1286,43.1888],[-85.1327,43.1435],[-85.2068,43.1246],[-85.3282,43.1624],[-85.3436,43.2004],[-85.4018,43.2611],[-85.5208,43.3154],[-85.5667,43.3144],[-85.5943,43.3398],[-85.5574,43.3801],[-85.6235,43.4275],[-85.6601,43.4224],[-85.6879,43.3672],[-85.7342,43.3627],[-85.7972,43.3358],[-85.886,43.3482],[-85.8782,43.4177],[-85.9463,43.4816],[-85.9445,43.5152],[-86.0184,43.5177],[-86.0661,43.5361],[-86.1085,43.588],[-86.1782,43.5838],[-86.3109,43.6992],[-86.297,43.7115],[-86.2236,43.7043],[-86.2442,43.7411],[-86.2455,43.7875],[-86.1901,43.8099],[-86.1739,43.8584],[-86.2135,43.8909],[-86.1074,44.0054],[-86.1205,44.0339],[-86.1905,44.07],[-86.2011,44.1072],[-86.2523,44.1403],[-86.2737,44.1763],[-86.2857,44.239],[-86.2687,44.2563],[-86.1335,44.2984],[-86.0597,44.298],[-86.0444,44.326],[-85.9827,44.3425],[-85.9278,44.384],[-85.924,44.4792],[-85.8938,44.5058],[-85.6428,44.6565],[-85.6085,44.7075],[-85.5585,44.7135],[-85.5092,44.7505],[-85.4391,44.7679],[-85.3966,44.7635],[-85.2917,44.7787],[-85.2543,44.889],[-85.1915,44.8972],[-85.178,44.9918],[-85.1857,45.032],[-85.1613,45.0568],[-85.1892,45.0808],[-85.1348,45.1017],[-85.104,45.0904],[-85.0707,45.1307],[-84.985,45.1396],[-84.9109,45.1255],[-84.9047,45.1897],[-84.9153,45.2531],[-84.8818,45.2668],[-84.9113,45.3272],[-84.897,45.3484],[-84.8335,45.3518],[-84.8493,45.3796],[-84.9172,45.4189],[-84.9147,45.3943],[-84.9875,45.3686],[-85.0386,45.3619],[-85.1382,45.3735],[-85.2037,45.3619],[-85.2716,45.3161],[-85.3276,45.3029],[-85.366,45.2765],[-85.3886,45.2355],[-85.3877,45.1917],[-85.3633,45.1115],[-85.3801,45.0475],[-85.3759,45.0031],[-85.4059,44.9106],[-85.4719,44.8163],[-85.4993,44.8044],[-85.5249,44.749],[-85.5742,44.7573],[-85.5563,44.8183],[-85.4997,44.8562],[-85.4879,44.958],[-85.5197,44.9744],[-85.5471,44.9011],[-85.5247,44.8956],[-85.5788,44.8178],[-85.5934,44.7693],[-85.6412,44.7746],[-85.6489,44.874],[-85.6255,44.9211],[-85.6007,44.9248],[-85.6024,44.9743],[-85.6495,44.9744],[-85.5993,45.0227],[-85.5899,45.053],[-85.6144,45.1266],[-85.5904,45.1532],[-85.6183,45.187],[-85.6554,45.1466],[-85.6957,45.0765],[-85.7426,45.0546],[-85.7796,45.01],[-85.8036,44.9527],[-85.877,44.9412],[-85.9316,44.9688],[-85.9802,44.9061],[-86.0373,44.9154],[-86.071,44.8959],[-86.066,44.8349],[-86.0766,44.7605],[-86.1062,44.7311],[-86.1533,44.7324],[-86.2556,44.6914],[-86.254,44.6481],[-86.2207,44.5667],[-86.2489,44.483],[-86.2498,44.4086],[-86.2682,44.3462],[-86.342,44.2515],[-86.3628,44.2081],[-86.4451,44.1073],[-86.5129,44.0621],[-86.5088,44.0328],[-86.4628,43.9699],[-86.4303,43.8306],[-86.4513,43.7609],[-86.5292,43.6779],[-86.5403,43.6507],[-86.5304,43.5951],[-86.4795,43.5159],[-86.436,43.3984],[-86.3958,43.3162],[-86.298,43.1656],[-86.2554,43.0858],[-86.2337,43.0211],[-86.2102,42.8558],[-86.207,42.7044],[-86.2288,42.6387],[-86.2253,42.5972],[-86.2469,42.4904],[-86.2971,42.3582],[-86.3543,42.257],[-86.4012,42.1989],[-86.4878,42.1171],[-86.5161,42.0584],[-86.5566,41.9997],[-86.5878,41.9324],[-86.6203,41.8929],[-86.6882,41.8373],[-86.8203,41.7622],[-86.9165,41.7165],[-87.0245,41.6758],[-87.1615,41.6358],[-87.2992,41.6193],[-87.4115,41.6437],[-87.4246,41.6896],[-87.4679,41.6728],[-87.5284,41.716],[-87.5309,41.7478],[-87.5589,41.7639],[-87.6013,41.828],[-87.6421,41.9681],[-87.6814,42.0746],[-87.7492,42.1376],[-87.8106,42.2265],[-87.8345,42.3023],[-87.8236,42.3639],[-87.8029,42.3902],[-87.7977,42.4868],[-87.8135,42.5327],[-87.8159,42.6427],[-87.7783,42.7188],[-87.7806,42.755],[-87.7578,42.782],[-87.824,42.8349],[-87.8437,42.8736],[-87.8452,42.9622],[-87.8916,43.0073],[-87.8964,43.0393],[-87.8638,43.0708],[-87.9011,43.1357],[-87.8807,43.1706],[-87.9107,43.2564],[-87.8898,43.3048],[-87.877,43.3695],[-87.8131,43.4498],[-87.7917,43.4932],[-87.7931,43.5494],[-87.7792,43.5813],[-87.7038,43.6838],[-87.7096,43.7393],[-87.6962,43.7626],[-87.7263,43.8103],[-87.7362,43.8804],[-87.6834,44.0201],[-87.6561,44.0517],[-87.6467,44.1044],[-87.5632,44.1443],[-87.5189,44.1809],[-87.5084,44.2297],[-87.5412,44.2931],[-87.5429,44.3291],[-87.517,44.3781],[-87.484,44.5102],[-87.4375,44.6051],[-87.4054,44.6272],[-87.3435,44.7192],[-87.3061,44.8035],[-87.2614,44.8506],[-87.2045,44.8756],[-87.2126,44.9108],[-87.1718,44.9311],[-87.1894,44.9686],[-87.1394,45.0126],[-87.1234,45.0668],[-87.0632,45.0793],[-87.049,45.1077],[-87.0408,45.2283],[-86.984,45.2177],[-86.9845,45.2957],[-87.0706,45.2812],[-87.1101,45.2542],[-87.146,45.1922],[-87.1986,45.164],[-87.2382,45.1667],[-87.2821,45.0485],[-87.3431,45.0117],[-87.4201,44.8762],[-87.458,44.879],[-87.49,44.854],[-87.5732,44.8531],[-87.6101,44.8384],[-87.7194,44.7265],[-87.7198,44.6932],[-87.777,44.6389],[-87.8558,44.6197],[-87.904,44.5823],[-87.929,44.536],[-87.9629,44.5293],[-88.037,44.5633],[-88.0044,44.6176],[-87.9835,44.7202],[-87.9231,44.785],[-87.9662,44.8048],[-87.9551,44.8534],[-87.8948,44.907],[-87.8885,44.9389],[-87.8063,45.02],[-87.8099,45.0398],[-87.7589,45.1385],[-87.763,45.1908],[-87.7998,45.1776],[-87.834,45.1438],[-87.8756,45.1291],[-87.924,45.0913],[-87.98,45.1619],[-88.0364,45.1954],[-88.0945,45.1977],[-88.1151,45.1748],[-88.1136,45.1349],[-88.173,45.1568],[-88.2492,45.0999],[-88.443,45.0088],[-88.5489,45.0364],[-88.6672,45.1244],[-88.7323,45.1268],[-88.8746,45.166],[-89.0087,45.2446],[-89.1264,45.2563],[-89.2143,45.2917],[-89.3247,45.371],[-89.4264,45.4041],[-89.4861,45.3438],[-89.5464,45.3373],[-89.5725,45.2824],[-89.6093,45.2649],[-89.7044,45.2625],[-89.7536,45.2227],[-89.8012,45.2311],[-89.8625,45.2081],[-89.9834,45.243],[-90.0202,45.2359],[-90.1195,45.2584],[-90.1552,45.3059],[-90.257,45.2886],[-90.3121,45.2177],[-90.399,45.1776],[-90.5237,45.1359],[-90.5832,45.1259],[-90.6428,45.0782],[-90.6681,45.0391],[-90.7086,45.02],[-90.7804,45.011],[-90.8255,44.9937],[-91.0313,44.9836],[-91.2006,44.9941],[-91.2056,45.0147],[-91.2682,45.055],[-91.3489,45.0111],[-91.3809,45.0352],[-91.3646,45.0761],[-91.3818,45.1808],[-91.4386,45.211],[-91.4728,45.2454],[-91.5463,45.283],[-91.6067,45.2867],[-91.7225,45.3862],[-91.706,45.4528],[-91.6679,45.4717],[-91.658,45.5034],[-91.6198,45.5078],[-91.5713,45.5547],[-91.6049,45.587],[-91.6504,45.5912],[-91.6579,45.6381],[-91.7493,45.7027],[-91.7787,45.7065],[-91.8751,45.8009],[-91.9983,45.8122],[-92.0463,45.8406],[-92.13,45.7842],[-92.1384,45.7455],[-92.1722,45.7282],[-92.2949,45.7133],[-92.3191,45.6989],[-92.3771,45.7241],[-92.3702,45.7621],[-92.4166,45.7979],[-92.4684,45.8207],[-92.5093,45.79],[-92.5473,45.8237],[-92.5812,45.8278],[-92.6837,45.7795],[-92.6932,45.7464],[-92.663,45.6817],[-92.6832,45.6214],[-92.7325,45.5446],[-92.7734,45.5682],[-92.8233,45.5609],[-92.8838,45.5755],[-92.8881,45.6284],[-92.8643,45.7434],[-92.834,45.8009],[-92.8425,45.886],[-92.8681,45.9201],[-92.8731,45.9859],[-92.9336,46.0361],[-93.0098,46.0567],[-93.0732,46.0562],[-93.1469,46.0396],[-93.2579,46.0369],[-93.3183,46.0101],[-93.3375,45.9635],[-93.3674,45.9312],[-93.4511,45.8727],[-93.5655,45.8407],[-93.6858,45.855],[-93.7547,45.8419],[-93.8505,45.8495],[-93.9734,45.9165],[-93.9862,45.9673],[-93.9783,46.0619],[-93.9937,46.1033],[-94.0234,46.1106],[-94.096,46.0874],[-94.1835,46.0296],[-94.2422,46.0214],[-94.3019,46.0505],[-94.3328,46.1273],[-94.3952,46.1389],[-94.4352,46.1267],[-94.5681,46.0647],[-94.6777,46.044],[-94.7361,46.056],[-94.7534,46.0854],[-94.7281,46.1636],[-94.6961,46.2946],[-94.6694,46.3581],[-94.6704,46.4622],[-94.6615,46.5516],[-94.695,46.6338],[-94.6933,46.6729],[-94.6652,46.7687],[-94.6868,46.8224],[-94.8391,46.8939],[-94.9625,46.9315],[-95.116,46.9582],[-95.1812,46.9469],[-95.2119,46.9267],[-95.2923,46.8383],[-95.3494,46.8185],[-95.4179,46.8095],[-95.4839,46.7887],[-95.5404,46.7549],[-95.5917,46.7092],[-95.6628,46.7033],[-95.681,46.7219],[-95.6892,46.7761],[-95.6841,46.9326],[-95.7097,47.0536],[-95.6892,47.1725],[-95.6462,47.2855],[-95.6295,47.3558],[-95.5774,47.4624],[-95.5292,47.5169],[-95.4448,47.5667],[-95.3584,47.6069],[-95.2233,47.6489],[-95.1204,47.6598],[-94.9573,47.6584],[-94.9194,47.6661],[-94.9021,47.6971],[-94.9588,47.73],[-95.0649,47.7364],[-95.3079,47.72],[-95.4725,47.7015],[-95.5973,47.673],[-95.7086,47.5823],[-95.8013,47.4695],[-95.8222,47.4203],[-95.8232,47.3013],[-95.8808,47.156],[-95.8931,47.0658],[-95.8881,46.9698],[-95.9094,46.889],[-95.9628,46.855],[-96.0286,46.8782],[-96.1618,46.9108],[-96.2161,46.9111],[-96.2724,46.8881],[-96.2967,46.8343],[-96.2892,46.7743],[-96.3115,46.6996],[-96.3031,46.6554],[-96.2766,46.6152],[-96.2937,46.5091],[-96.2703,46.4419],[-96.2398,46.3939],[-96.1393,46.2909],[-96.0563,46.1547],[-96.0346,46.0888],[-96.0235,46.001],[-95.91,45.9147],[-95.8181,45.8795],[-95.7726,45.843],[-95.7639,45.7932],[-95.7646,45.687],[-95.7408,45.6336],[-95.6913,45.5882],[-95.6257,45.5028],[-95.5946,45.4011],[-95.5616,45.3646],[-95.3364,45.2694],[-95.2028,45.2323],[-95.0028,45.1658],[-94.9041,45.1207],[-94.8143,45.1354],[-94.6732,45.1823],[-94.6274,45.1768],[-94.5548,45.135],[-94.5148,45.0762],[-94.5201,45.0204],[-94.507,44.9592],[-94.4772,44.9387],[-94.4224,44.9324],[-94.2736,44.9381],[-94.2175,44.9351],[-94.1414,44.9163],[-94.0578,44.856],[-94.0252,44.8102],[-94.0081,44.7049],[-94.0139,44.6284],[-94.0568,44.5182],[-94.0474,44.4771],[-94.0089,44.4602],[-93.9737,44.4227],[-93.9749,44.3968],[-94.0104,44.3636],[-94.0312,44.3006],[-94.0023,44.2467],[-93.9082,44.1776],[-93.8328,44.136],[-93.7623,44.1086],[-93.6973,44.1065],[-93.6532,44.1274],[-93.5544,44.1394],[-93.457,44.1676],[-93.4043,44.2281],[-93.3312,44.2669],[-93.2298,44.2724],[-93.2006,44.313],[-93.2062,44.3525],[-93.1569,44.4182],[-93.1582,44.456],[-93.1947,44.5476],[-93.2301,44.6003],[-93.232,44.6958],[-93.2003,44.7311],[-93.1218,44.7598],[-93.0296,44.7789],[-92.9379,44.8115],[-92.9079,44.8718],[-92.8732,44.9148],[-92.7334,45.0029],[-92.6625,45.0215],[-92.5626,45.1069],[-92.4514,45.0798],[-92.3971,45.0847],[-92.2633,45.0568],[-92.2252,44.9805],[-92.1542,44.8809],[-92.145,44.8445],[-92.2342,44.7506],[-92.4211,44.7303],[-92.5092,44.7546],[-92.5809,44.7648],[-92.6369,44.7613],[-92.6745,44.7445],[-92.7794,44.7454],[-92.746,44.6519],[-92.7737,44.6085],[-92.8363,44.5785],[-92.9146,44.5174],[-92.9976,44.4756],[-93.0109,44.448],[-92.9825,44.4034],[-92.9822,44.3388],[-92.9568,44.3136],[-92.975,44.28],[-92.8676,44.2602],[-92.8343,44.2347],[-92.8523,44.2046],[-92.8191,44.1593],[-92.7097,44.0948],[-92.7555,44.0768],[-92.7566,44.0543],[-92.6989,44.0497],[-92.6882,44.0253],[-92.7295,44],[-92.7512,43.9599],[-92.7241,43.9291],[-92.6581,43.8922],[-92.5968,43.8236],[-92.5745,43.7157],[-92.4981,43.6704],[-92.4108,43.5948],[-92.3237,43.5762],[-92.2416,43.5424],[-92.2368,43.5024],[-92.2056,43.4811],[-92.0642,43.4347],[-91.941,43.3748],[-91.9369,43.3106],[-91.9214,43.2946],[-91.9926,43.2383],[-91.9625,43.1897],[-91.9606,43.1541],[-91.9205,43.1199],[-91.9071,43.0636],[-91.8756,43.0448],[-91.9031,42.998],[-91.8206,42.9721],[-91.7892,42.917],[-91.8144,42.8632],[-91.8092,42.8349],[-91.7109,42.7921],[-91.6858,42.7667],[-91.6187,42.7518],[-91.5306,42.6896],[-91.4085,42.6581],[-91.3677,42.6298],[-91.33,42.5817],[-91.2926,42.5755],[-91.2421,42.5983],[-91.2005,42.5984],[-91.1457,42.5766],[-91.0816,42.5836],[-91.0221,42.5706],[-90.9841,42.5325],[-91.0029,42.4803],[-90.9468,42.4371],[-90.8605,42.4375],[-90.8339,42.4272],[-90.8024,42.3799],[-90.7144,42.3962],[-90.6961,42.3755],[-90.6938,42.3241],[-90.6006,42.3009],[-90.534,42.2362],[-90.4896,42.2185],[-90.4613,42.1782],[-90.3618,42.1214],[-90.2766,42.1111],[-90.2008,42.0873],[-90.1659,42.0879],[-90.1645,42.0421],[-90.1442,42.0117],[-90.1621,41.9613],[-90.1551,41.9262],[-90.1958,41.8061],[-90.2743,41.7744],[-90.3236,41.7296],[-90.3435,41.647],[-90.3423,41.5914],[-90.426,41.565],[-90.4564,41.5274],[-90.5455,41.5257],[-90.6007,41.5096],[-90.6588,41.4623],[-90.7375,41.4501],[-90.8475,41.455],[-90.9321,41.4216],[-90.9752,41.434],[-91.0476,41.4118],[-91.1207,41.4137],[-91.1656,41.3958],[-91.1833,41.3621],[-91.1524,41.3016],[-91.1879,41.2777],[-91.2212,41.3521],[-91.1714,41.4269],[-91.195,41.4607],[-91.1045,41.5218],[-91.0778,41.5881],[-91.1047,41.5957],[-91.175,41.5675],[-91.2391,41.5579],[-91.2762,41.5266],[-91.3222,41.5141],[-91.3544,41.4636],[-91.3801,41.4741],[-91.3946,41.5222],[-91.4546,41.5424],[-91.4677,41.5936],[-91.4602,41.6407],[-91.4798,41.6483],[-91.5379,41.6243],[-91.5108,41.5773],[-91.5466,41.5498],[-91.5443,41.4889],[-91.4454,41.4002],[-91.4172,41.3527],[-91.3463,41.2721],[-91.2956,41.2509],[-91.2696,41.2133],[-91.2877,41.1874],[-91.2029,41.1299],[-91.0801,41.0965],[-91.0528,41.0744],[-91.0304,40.9993],[-91.0564,40.8997],[-91.1056,40.844],[-91.0991,40.7636],[-91.1499,40.7422],[-91.1865,40.7597],[-91.2507,40.7088],[-91.2526,40.6698],[-91.3019,40.6293],[-91.3551,40.6345],[-91.449,40.6062],[-91.4726,40.5483],[-91.4356,40.5152],[-91.3812,40.5256],[-91.3743,40.4851],[-91.3858,40.3924],[-91.5249,40.4108],[-91.5257,40.4614],[-91.5593,40.51],[-91.6091,40.4996],[-91.5721,40.4607],[-91.5854,40.3653],[-91.572,40.2929],[-91.5219,40.2154],[-91.5283,40.1523],[-91.5027,40.0633],[-91.5083,40.0212],[-91.5328,40.0047],[-91.5245,39.9343],[-91.5597,39.8917],[-91.6104,39.9053],[-91.6091,39.8666],[-91.6585,39.8329],[-91.7432,39.876],[-91.8419,39.879],[-91.9365,39.9354],[-91.9557,39.8991],[-91.9466,39.8612],[-91.9857,39.831],[-91.9484,39.8074],[-91.8645,39.8089],[-91.8233,39.7563],[-91.8594,39.7336],[-91.864,39.704],[-91.796,39.7003],[-91.7777,39.6784],[-91.7071,39.7247],[-91.6952,39.6911],[-91.6578,39.6846],[-91.6092,39.7176],[-91.5028,39.7339],[-91.4944,39.6755],[-91.5357,39.6715],[-91.5576,39.6366],[-91.5907,39.6558],[-91.6941,39.6098],[-91.7431,39.6291],[-91.752,39.6035],[-91.8037,39.6236],[-91.8174,39.6027],[-91.7851,39.5779],[-91.7864,39.5443],[-91.8361,39.5465],[-91.8392,39.5695],[-91.8775,39.5923],[-91.8711,39.6413],[-91.884,39.6614],[-91.9521,39.6572],[-91.9675,39.6198],[-92.0074,39.5874],[-91.9363,39.5666],[-91.9797,39.504],[-91.9912,39.4681],[-91.9536,39.411],[-91.8906,39.4398],[-91.8488,39.382],[-91.9066,39.3489],[-91.8453,39.3135],[-91.7776,39.3213],[-91.7783,39.4565],[-91.7081,39.442],[-91.6759,39.3695],[-91.6446,39.393],[-91.668,39.4142],[-91.6631,39.4466],[-91.621,39.477],[-91.5961,39.5176],[-91.4527,39.5622],[-91.3919,39.5591],[-91.472,39.5191],[-91.4984,39.4907],[-91.5431,39.4846],[-91.5653,39.424],[-91.516,39.4269],[-91.4621,39.4057],[-91.4175,39.3591],[-91.3894,39.3558],[-91.3331,39.4134],[-91.2958,39.4042],[-91.2871,39.3619],[-91.2364,39.3807],[-91.2083,39.3523],[-91.1107,39.3114],[-91.0754,39.2619],[-91.1272,39.2615],[-91.1532,39.2917],[-91.1852,39.2905],[-91.2079,39.2609],[-91.2679,39.2743],[-91.2953,39.2535],[-91.3387,39.2694],[-91.3729,39.3039],[-91.4089,39.2692],[-91.3575,39.233],[-91.3709,39.1945],[-91.3187,39.1641],[-91.2442,39.1588],[-91.2411,39.1331],[-91.1797,39.0735],[-91.2432,39.0794],[-91.2881,39.1165],[-91.3136,39.1136],[-91.3987,39.1765],[-91.4925,39.1268],[-91.4751,39.0926],[-91.4273,39.0916],[-91.379,39.109],[-91.3399,39.032],[-91.2893,39.0446],[-91.2983,38.9927],[-91.2556,38.9555],[-91.2718,38.9322],[-91.2431,38.8919],[-91.2,38.9618],[-91.0412,38.9947],[-90.9648,38.9923],[-90.9287,38.9803],[-90.9122,38.9285],[-90.9549,38.903],[-91.0226,38.9272],[-91.0624,38.9543],[-91.1092,38.9569],[-91.113,38.9294],[-91.1584,38.8947],[-91.1936,38.8919],[-91.1976,38.8582],[-91.1555,38.8219],[-91.134,38.848],[-91.0775,38.8556],[-91.0553,38.8368],[-90.9818,38.8123],[-90.9296,38.765],[-90.9526,38.7325],[-90.9519,38.6728],[-91.0016,38.7224],[-91.031,38.7162],[-91.039,38.7761],[-91.0935,38.7782],[-91.1152,38.8036],[-91.1549,38.7923],[-91.2054,38.8235],[-91.2435,38.8243],[-91.3898,38.8769],[-91.4647,38.8742],[-91.5069,38.8848],[-91.5052,38.9238],[-91.5401,38.9684],[-91.5854,38.9669],[-91.5981,38.9892],[-91.5683,39.0171],[-91.563,39.0609],[-91.5962,39.0622],[-91.6407,39.0881],[-91.6701,39.0677],[-91.7157,39.0966],[-91.7788,39.0716],[-91.7763,39.0136],[-91.7348,39.0011],[-91.7216,38.9628],[-91.6714,38.9026],[-91.7391,38.8839],[-91.773,38.9182],[-91.8119,38.9332],[-91.8216,38.9745],[-91.8931,38.9841],[-91.9396,39.0022],[-91.9528,38.9804],[-91.9258,38.9465],[-91.9834,38.9338],[-92.0027,38.8657],[-92.0374,38.8637],[-92.0661,38.8002],[-92.094,38.8226],[-92.069,38.8538],[-92.1115,38.8813],[-92.1673,38.8725],[-92.1785,38.8443],[-92.1531,38.821],[-92.2052,38.7778],[-92.2645,38.755],[-92.3011,38.7773],[-92.2992,38.8152],[-92.2636,38.8286],[-92.2951,38.8674],[-92.3084,38.9201],[-92.265,38.9289],[-92.2629,38.9649],[-92.331,38.9777],[-92.3409,39.0035],[-92.3871,39.0468],[-92.4239,39.0419],[-92.4704,39.0872],[-92.4732,39.1525],[-92.444,39.2407],[-92.4534,39.2764],[-92.4987,39.2793],[-92.5319,39.303],[-92.5978,39.3059],[-92.6919,39.2543],[-92.7371,39.1923],[-92.8346,39.1536],[-92.8942,39.1548],[-92.9647,39.1244],[-92.9974,39.079],[-93.0016,39.0088],[-93.0395,38.9949],[-93.107,39.0189],[-93.186,39.0148],[-93.2382,39.0292],[-93.2654,38.9277],[-93.1971,38.8708],[-93.1358,38.8742],[-93.1561,38.8229],[-93.2419,38.8329],[-93.2382,38.8068],[-93.2884,38.771],[-93.2865,38.7462],[-93.2057,38.7446],[-93.205,38.773],[-93.1429,38.7655],[-93.14,38.739],[-93.1028,38.7207],[-93.0525,38.7268],[-93.0285,38.6766],[-93.0819,38.6553],[-93.1248,38.6576],[-93.1967,38.6813],[-93.2671,38.6696],[-93.2516,38.6301],[-93.2055,38.6097],[-93.1814,38.6188],[-93.1497,38.5869],[-93.1668,38.5636],[-93.1525,38.5],[-93.0956,38.4806],[-93.2174,38.4441],[-93.2982,38.4306],[-93.3135,38.387],[-93.2716,38.365],[-93.3243,38.3078],[-93.3759,38.3251],[-93.3549,38.3604],[-93.3642,38.4067],[-93.3986,38.4054],[-93.406,38.3696],[-93.4622,38.3744],[-93.5343,38.3454],[-93.5155,38.2962],[-93.5714,38.2869],[-93.603,38.307],[-93.6232,38.2567],[-93.5906,38.2185],[-93.666,38.1828],[-93.6623,38.1472],[-93.7013,38.1055],[-93.731,38.1196],[-93.7917,38.111],[-93.7634,38.0804],[-93.7747,38.0535],[-93.8254,38.0869],[-93.8411,38.1232],[-93.9395,38.0618],[-93.8836,38.0142],[-93.8871,37.9877],[-93.8315,37.9601],[-93.7785,37.9967],[-93.7622,37.969],[-93.8221,37.9408],[-93.8705,37.8978],[-93.8943,37.8555],[-93.9577,37.8265],[-93.9521,37.7938],[-93.9948,37.7336],[-94.051,37.7162],[-94.0617,37.6902],[-94.0332,37.6629],[-94.0002,37.6738],[-93.9874,37.7101],[-93.9311,37.7142],[-93.966,37.6241],[-94.0016,37.5852],[-93.9947,37.4356],[-94.0598,37.4191],[-94.1438,37.4673],[-94.1759,37.4666],[-94.1738,37.4308],[-94.1454,37.3912],[-94.1956,37.3923],[-94.2468,37.3521],[-94.2835,37.3613],[-94.3591,37.3477],[-94.3945,37.3089],[-94.4878,37.3038],[-94.5427,37.3154],[-94.5736,37.3061],[-94.5825,37.2611],[-94.6132,37.205],[-94.6213,37.152],[-94.6788,37.1502],[-94.7277,37.0743],[-94.7331,37.0015],[-94.763,36.9609],[-94.7633,36.9046],[-94.7865,36.831],[-94.8151,36.7833],[-94.8216,36.7275],[-94.8506,36.6796],[-94.8706,36.6803],[-95.0087,36.591],[-95.0396,36.5804],[-95.0919,36.5951],[-95.1283,36.5817],[-95.1422,36.5477],[-95.1417,36.4933],[-95.1791,36.4411],[-95.159,36.3744],[-95.1958,36.3234],[-95.2149,36.2447],[-95.2627,36.1869],[-95.2731,36.1511],[-95.257,36.0787],[-95.2954,36.0351],[-95.2501,36.0085],[-95.2775,35.9551],[-95.2477,35.8693],[-95.2969,35.8352],[-95.2747,35.8156],[-95.2002,35.8036],[-95.2013,35.7595],[-95.2784,35.7325],[-95.2888,35.6762],[-95.2027,35.6863],[-95.1588,35.7078],[-95.1408,35.674],[-95.1709,35.6266],[-95.2094,35.5951],[-95.2626,35.5814],[-95.199,35.5445],[-95.162,35.539],[-95.1709,35.4641],[-95.2126,35.3969],[-95.2251,35.3529],[-95.276,35.333],[-95.3181,35.2924],[-95.3986,35.3134],[-95.4504,35.3141],[-95.5325,35.2821],[-95.5567,35.3149],[-95.7168,35.3649],[-95.7551,35.3219],[-95.8015,35.29],[-95.8477,35.3234],[-95.8934,35.29],[-96.0138,35.2219],[-96.0713,35.2225],[-96.1016,35.1888],[-96.1371,35.1163],[-96.1801,35.0468],[-96.3346,34.9993],[-96.3761,34.9069],[-96.4238,34.8781],[-96.5745,34.8298],[-96.6151,34.7983],[-96.6586,34.7321],[-96.5776,34.7026],[-96.5461,34.6827],[-96.5634,34.6607],[-96.62,34.6603],[-96.6533,34.6361],[-96.6441,34.5972],[-96.5712,34.5522],[-96.5055,34.5424],[-96.4756,34.4976],[-96.403,34.5052],[-96.3627,34.4683],[-96.4123,34.3942],[-96.4005,34.3211],[-96.3597,34.2974],[-96.3677,34.2449],[-96.4842,34.2904],[-96.5203,34.3246],[-96.5594,34.2835],[-96.5137,34.2334],[-96.4052,34.1836],[-96.3355,34.1911],[-96.1626,34.1556],[-96.1489,34.1208],[-96.0859,34.0915],[-96.1408,34.0493],[-96.1341,34.0279],[-96.1571,33.9871],[-96.1863,34.0647],[-96.2605,34.0829],[-96.2956,34.0338],[-96.3449,34.0489],[-96.3649,34.0216],[-96.4286,34.0334],[-96.5024,34.0203],[-96.5714,33.9773],[-96.5957,33.9218],[-96.6531,33.9099],[-96.6774,33.8599],[-96.6814,33.7905],[-96.6169,33.7342],[-96.538,33.6915],[-96.4599,33.6965],[-96.4464,33.6767],[-96.4009,33.6688],[-96.3397,33.6215],[-96.3055,33.6431],[-96.2248,33.6345],[-96.206,33.6179],[-96.1441,33.6378],[-96.0564,33.6444],[-95.9163,33.6915],[-95.8401,33.7107],[-95.7606,33.7014],[-95.6882,33.7591],[-95.6045,33.7633],[-95.6322,33.6533],[-95.4232,33.6432],[-95.3916,33.6609],[-95.3439,33.6388],[-95.283,33.5796],[-95.2437,33.5678],[-95.1963,33.5313],[-95.175,33.5011],[-95.2066,33.4649],[-95.2674,33.4516],[-95.3243,33.4677],[-95.364,33.4498],[-95.4133,33.454],[-95.4654,33.4753],[-95.4973,33.4576],[-95.4895,33.4155],[-95.5331,33.3793],[-95.534,33.3218],[-95.594,33.25],[-95.6017,33.2195],[-95.6373,33.2149],[-95.6834,33.189],[-95.7723,33.1078],[-95.8589,33.0875],[-95.9197,33.0357],[-95.9545,33.0582],[-95.9607,33.0947],[-95.9865,33.1321],[-96.0259,33.1625],[-96.0835,33.1553],[-96.0919,33.0871],[-96.1621,32.9943],[-96.2217,32.9703],[-96.2484,32.9063],[-96.2736,32.8892],[-96.2722,32.8435],[-96.1961,32.8336],[-96.1711,32.7719],[-96.1467,32.7465],[-96.1997,32.6201],[-96.1393,32.5597],[-96.1783,32.505],[-96.178,32.4601],[-96.1987,32.4236],[-96.2492,32.3993],[-96.2936,32.4052],[-96.3284,32.4289],[-96.3429,32.4594],[-96.3856,32.4977],[-96.4245,32.4889],[-96.5044,32.508],[-96.5355,32.4366],[-96.4755,32.3874],[-96.4555,32.3327],[-96.3912,32.2976],[-96.3991,32.2751],[-96.3592,32.2421],[-96.2668,32.2078],[-96.19,32.1512],[-96.187,32.1194],[-96.2208,32.0506],[-96.2304,31.9892],[-96.2915,31.9464],[-96.2798,31.8954],[-96.3241,31.8476],[-96.3516,31.7971],[-96.4091,31.7198],[-96.4194,31.6648],[-96.446,31.6318],[-96.4731,31.5463],[-96.5671,31.4137],[-96.6428,31.2948],[-96.6829,31.2686],[-96.7273,31.1752],[-96.7942,31.1163],[-96.8444,31.0231],[-96.9124,30.9564],[-96.9292,30.9243],[-96.8936,30.8706],[-96.895,30.8528],[-96.9782,30.7962],[-97.0359,30.7233],[-97.1397,30.6088],[-97.1925,30.5338],[-97.3056,30.4418],[-97.3369,30.4078],[-97.3742,30.3335],[-97.4184,30.2867],[-97.4764,30.3078],[-97.5368,30.3024],[-97.5432,30.2629],[-97.5102,30.2219],[-97.5114,30.1824],[-97.5472,30.127],[-97.6213,30.0673],[-97.6278,30.0426],[-97.6174,29.9435],[-97.605,29.9027],[-97.5684,29.8395],[-97.5677,29.7744],[-97.6031,29.766],[-97.6816,29.8117],[-97.7089,29.7954],[-97.7072,29.7198],[-97.7218,29.7044],[-97.7941,29.7106],[-97.8633,29.6922],[-97.8958,29.6613],[-97.8966,29.6225],[-97.8584,29.5764],[-97.8696,29.5555],[-97.9869,29.5415],[-98.0477,29.5002],[-98.1058,29.4028],[-98.2109,29.3518],[-98.2616,29.3376],[-98.3131,29.2591],[-98.3529,29.2291],[-98.4146,29.2137],[-98.4699,29.2156],[-98.644,29.2075],[-98.7022,29.2126],[-98.7939,29.2492],[-98.8213,29.227],[-98.8479,29.1819],[-98.8467,29.1348],[-98.7966,29.0849],[-98.7154,29.0467],[-98.7083,28.9982],[-98.6746,28.938],[-98.6253,28.9161],[-98.5685,28.9188],[-98.4713,28.9376],[-98.4021,28.9415],[-98.3606,28.9254],[-98.3283,28.8847],[-98.3237,28.8144],[-98.2972,28.7641],[-98.2466,28.7214],[-98.1945,28.6117],[-98.2068,28.5676],[-98.1826,28.4903],[-98.1599,28.4586],[-98.1003,28.4307],[-98.0642,28.3208],[-97.9908,28.2784],[-97.8863,28.2483],[-97.8917,28.3111],[-97.8509,28.3218],[-97.7738,28.281],[-97.7112,28.3066],[-97.6988,28.3297],[-97.7086,28.391],[-97.6804,28.4022],[-97.6079,28.3975],[-97.558,28.4283],[-97.4641,28.4188],[-97.4367,28.4461],[-97.3948,28.4541],[-97.3719,28.475],[-97.3546,28.5205],[-97.3709,28.534],[-97.4212,28.5214],[-97.4296,28.5568],[-97.4873,28.5942],[-97.4799,28.6116],[-97.3809,28.6238],[-97.3365,28.6118],[-97.304,28.6332],[-97.2882,28.6718],[-97.2932,28.6998],[-97.2152,28.697],[-97.1521,28.7119],[-97.1065,28.7362],[-97.1096,28.759],[-97.1477,28.7832],[-97.1598,28.8351],[-97.1443,28.8643],[-97.1607,28.9407],[-97.1141,28.973],[-97.1046,29.005],[-97.1172,29.0531],[-97.0868,29.066],[-96.9803,29.087],[-96.9215,29.1279],[-96.8911,29.096],[-96.8496,29.08],[-96.8021,29.0918],[-96.7473,29.0821],[-96.7245,29.1352],[-96.7208,29.2011],[-96.6771,29.2921],[-96.6789,29.3688],[-96.654,29.4224],[-96.5888,29.46],[-96.6026,29.5042],[-96.5946,29.5622],[-96.543,29.6188],[-96.586,29.6485],[-96.5528,29.6683],[-96.5121,29.6547],[-96.4461,29.6613],[-96.4007,29.6999],[-96.3993,29.7776],[-96.3436,29.8557],[-96.1413,29.8643],[-96.1273,29.9204],[-96.1676,29.9513],[-96.1549,29.9768],[-96.115,29.9854],[-96.1285,30.0324],[-96.1082,30.0683],[-95.9898,30.1309],[-95.8921,30.1401],[-95.842,30.1262],[-95.8102,30.0861],[-95.7627,30.0838],[-95.6458,30.1018],[-95.5818,30.1214],[-95.4797,30.0871],[-95.4379,30.0918],[-95.3609,30.0651],[-95.2903,30.0034],[-95.2677,29.9551],[-95.2179,29.9137],[-95.176,29.8998],[-95.1107,29.9086],[-95.1031,29.9914],[-95.083,30.0653],[-95.0476,30.1157],[-94.9504,30.1749],[-94.9132,30.1528],[-94.9051,30.0902],[-94.8782,30.0476],[-94.8552,30.0374],[-94.8175,29.9113],[-94.7831,29.8877],[-94.7223,29.9085],[-94.7125,29.942],[-94.7164,29.9939],[-94.7401,30.0319],[-94.7469,30.1235],[-94.7342,30.1855],[-94.6956,30.1913],[-94.6549,30.1268],[-94.6416,30.0725],[-94.5873,30.0071],[-94.5556,30.0028],[-94.5306,30.0236],[-94.4585,30.0424],[-94.4168,30.0817],[-94.376,30.0976],[-94.3176,30.0979],[-94.2686,30.1214],[-94.2426,30.1509],[-94.1629,30.1677],[-94.1007,30.1208],[-94.0935,30.0778],[-94.0364,30.1305],[-94.0384,30.1728],[-94.0072,30.1924],[-93.9751,30.1739],[-93.8986,30.1602],[-93.8727,30.1957],[-93.8137,30.2225],[-93.7939,30.178],[-93.7622,30.1578],[-93.7283,30.1112],[-93.6989,30.1363],[-93.6581,30.1331],[-93.6155,30.1928],[-93.6198,30.2268],[-93.5566,30.2495],[-93.5051,30.2515],[-93.481,30.2855],[-93.4159,30.2899],[-93.3167,30.2694],[-93.2792,30.2783],[-93.2828,30.2149],[-93.2654,30.2019],[-93.223,30.2211],[-93.1614,30.2854],[-93.1127,30.2916],[-93.0788,30.3665],[-93.0314,30.4187],[-92.8987,30.4999],[-92.8548,30.5107],[-92.8384,30.5637],[-92.7856,30.6045],[-92.7757,30.6442],[-92.719,30.6637],[-92.627,30.5877],[-92.5884,30.5868],[-92.5419,30.607],[-92.4955,30.7279],[-92.4308,30.7374],[-92.3953,30.7527],[-92.3857,30.7778],[-92.3348,30.7653],[-92.2937,30.7986],[-92.2143,30.7691],[-92.1493,30.7118],[-92.0993,30.695],[-92.106,30.6659],[-92.0732,30.6481],[-92.0365,30.5766],[-92.0424,30.497],[-92.074,30.4723],[-92.0592,30.4381],[-91.9806,30.4121],[-91.9989,30.3131],[-91.9929,30.2605],[-91.9677,30.2247],[-91.9855,30.1986],[-91.9737,30.1698],[-91.9138,30.1545],[-91.8609,30.0417],[-91.8309,30.0283],[-91.7959,29.9776],[-91.6906,29.9184],[-91.6428,29.8799],[-91.6837,29.8431],[-91.8736,29.9319],[-91.9177,29.9476],[-91.9476,29.9246],[-91.9898,29.9172],[-92.0133,29.8531],[-92.0615,29.8586],[-92.1086,29.8009],[-92.1075,29.7444],[-92.0371,29.7811],[-91.9849,29.7941],[-91.9722,29.8336],[-91.9378,29.8148],[-91.9038,29.8324],[-91.8319,29.8287],[-91.8222,29.7996],[-91.857,29.7875],[-91.8831,29.7478],[-91.8593,29.7033],[-91.7837,29.7407],[-91.6671,29.7458],[-91.6209,29.7368],[-91.6251,29.6262],[-91.5535,29.6328],[-91.5257,29.5464],[-91.4328,29.5423],[-91.4204,29.5157],[-91.3566,29.5152],[-91.3358,29.4856],[-91.2646,29.4704],[-91.2575,29.445],[-91.2188,29.4356],[-91.2001,29.3732],[-91.1336,29.3407],[-91.1213,29.3004],[-91.1321,29.2487],[-91.1694,29.2677],[-91.1663,29.3106],[-91.2143,29.3205],[-91.2385,29.372],[-91.2704,29.3562],[-91.2912,29.3119],[-91.3376,29.3019],[-91.2798,29.2483],[-91.1977,29.2209],[-91.1197,29.2114],[-91.0949,29.1881],[-90.9815,29.1712],[-90.9613,29.1808],[-90.8868,29.1203],[-90.871,29.0944],[-90.8143,29.1219],[-90.7409,29.1132],[-90.6944,29.1195],[-90.6683,29.1757],[-90.6702,29.2278],[-90.5896,29.2308],[-90.5924,29.3054],[-90.5536,29.3144],[-90.505,29.2858],[-90.4763,29.2903],[-90.4499,29.3206],[-90.4001,29.3083],[-90.3979,29.2642],[-90.3421,29.2884],[-90.3021,29.2623],[-90.2574,29.2566],[-90.2698,29.2048],[-90.2596,29.1564],[-90.2341,29.1292],[-90.2235,29.0853],[-90.13,29.1373],[-90.0647,29.1897],[-90.0738,29.2236],[-90.0996,29.2392],[-90.1352,29.3136],[-90.0798,29.3228],[-90.0553,29.3911],[-90.0705,29.4476],[-90.176,29.4728],[-90.2324,29.5155],[-90.2064,29.5657],[-90.1247,29.5514],[-90.0426,29.4949],[-89.9925,29.481],[-89.9797,29.4565],[-89.9386,29.458],[-89.9262,29.4892],[-89.8967,29.4916],[-89.8342,29.4733],[-89.8238,29.424],[-89.7892,29.3891],[-89.8218,29.3724],[-89.7857,29.3112],[-89.6842,29.2924],[-89.6566,29.3232],[-89.6326,29.3222],[-89.6224,29.2632],[-89.6067,29.252],[-89.4848,29.2245],[-89.418,29.1387],[-89.3471,29.1777],[-89.3428,29.2306],[-89.3523,29.2728],[-89.3416,29.2759],[-89.2609,29.2049],[-89.2368,29.2539],[-89.2441,29.305],[-89.279,29.3568],[-89.3518,29.3313],[-89.3944,29.3494],[-89.4283,29.3936],[-89.4691,29.4018],[-89.5116,29.3839],[-89.5602,29.3922],[-89.5311,29.4409],[-89.6773,29.532],[-89.7111,29.613],[-89.6651,29.6356],[-89.65,29.6703],[-89.5332,29.651],[-89.6458,29.7113],[-89.6531,29.7488],[-89.5604,29.7363],[-89.4726,29.7383],[-89.4707,29.7673],[-89.3888,29.7912],[-89.4133,29.8245],[-89.3555,29.8481],[-89.3799,29.9427],[-89.4327,29.9761],[-89.4578,30.0041],[-89.4304,30.0517],[-89.4729,30.0724],[-89.4896,30.0406],[-89.5559,30],[-89.5934,29.9175],[-89.5936,29.886],[-89.6423,29.8634],[-89.7132,29.8787],[-89.7436,29.9105],[-89.7485,29.9458],[-89.8055,29.9324],[-89.8366,29.9437],[-89.8576,30.0044],[-89.8194,30.0448],[-89.7651,30.0438],[-89.7333,30.0221],[-89.7219,30.066],[-89.6832,30.0764],[-89.6404,30.1545],[-89.6075,30.1812],[-89.5408,30.1962],[-89.4984,30.1812],[-89.4482,30.2029],[-89.4193,30.2543],[-89.3299,30.303],[-89.3332,30.3397],[-89.3151,30.3754],[-89.2812,30.3599],[-89.2933,30.3059],[-89.1833,30.3318],[-89.0832,30.3681],[-89.0013,30.3869],[-88.922,30.3938],[-88.8566,30.3906],[-88.8413,30.4096],[-88.7456,30.347],[-88.6958,30.3454],[-88.6104,30.376],[-88.5707,30.344],[-88.5362,30.3433],[-88.4786,30.3185],[-88.4449,30.3542],[-88.394,30.3493],[-88.3839,30.3973],[-88.3375,30.4048],[-88.2054,30.3617],[-88.192,30.3171],[-88.1277,30.3384],[-88.1092,30.3708],[-88.1013,30.5094],[-88.0836,30.5282],[-88.0878,30.5643],[-88.0544,30.6121],[-88.0557,30.6562],[-88.022,30.6676],[-88.0139,30.7704],[-87.9846,30.7607],[-88.0138,30.7265],[-87.995,30.679],[-87.9427,30.6704],[-87.9175,30.6376],[-87.9045,30.5387],[-87.9371,30.4827],[-87.9216,30.4739],[-87.9075,30.4119],[-87.8376,30.3763],[-87.8281,30.3521],[-87.7556,30.292],[-87.7691,30.2622],[-87.831,30.2279],[-87.6601,30.2492],[-87.5747,30.2705],[-87.5151,30.3015],[-87.5115,30.3396],[-87.4627,30.3625],[-87.4324,30.4157],[-87.3998,30.4239],[-87.3736,30.4592],[-87.3404,30.4306],[-87.4037,30.3992],[-87.4414,30.3657],[-87.3867,30.3233],[-87.2657,30.3469],[-87.2818,30.3735],[-87.1746,30.4288],[-87.1601,30.4694],[-87.161,30.5148],[-87.1847,30.5263],[-87.1854,30.5696],[-87.159,30.5803],[-87.0991,30.5181],[-87.1015,30.444],[-87.0678,30.4483],[-87.0294,30.5453],[-87.0137,30.4992],[-86.932,30.4585],[-86.9781,30.4208],[-87.0281,30.3999],[-87.0878,30.3992],[-87.1416,30.3703],[-86.9499,30.3954],[-86.7193,30.4109],[-86.6022,30.4012],[-86.5841,30.4341],[-86.4916,30.4623],[-86.4472,30.4921],[-86.4212,30.4508],[-86.3222,30.4782],[-86.2545,30.487],[-86.2047,30.4758],[-86.1887,30.4553],[-86.1242,30.4136],[-86.1191,30.3791],[-86.1605,30.3799],[-86.2479,30.4289],[-86.3377,30.3857],[-86.4873,30.4176],[-86.4708,30.3839],[-86.3819,30.3771],[-86.2817,30.3593],[-86.145,30.321],[-86.0002,30.2714],[-85.9226,30.2379],[-85.7479,30.1444],[-85.745,30.2022],[-85.7746,30.2461],[-85.7992,30.2533],[-85.8333,30.2261],[-85.8543,30.243],[-85.847,30.2842],[-85.7478,30.2896],[-85.6849,30.2261],[-85.717,30.193],[-85.7028,30.1656],[-85.6704,30.1597],[-85.6434,30.1344],[-85.5813,30.1156],[-85.5388,30.1252],[-85.499,30.0928],[-85.4838,30.0341],[-85.4563,30.0296],[-85.4358,30.0578],[-85.3971,30.0427],[-85.4684,30.0165],[-85.5312,30.0556],[-85.5388,30.08],[-85.6221,30.1118],[-85.6837,30.1164],[-85.608,30.0629],[-85.5445,30.0269],[-85.4878,29.9612],[-85.4259,29.9499],[-85.3637,29.8989],[-85.3013,29.7992],[-85.3108,29.6891],[-85.2477,29.6881],[-85.1009,29.7188],[-84.9933,29.7149],[-84.9506,29.747],[-84.923,29.7824],[-84.8827,29.7867],[-84.9028,29.7347],[-84.7985,29.7689],[-84.6788,29.8367],[-84.6366,29.8526],[-84.5373,29.9094],[-84.4898,29.9111],[-84.4556,29.9288],[-84.4,29.9217],[-84.3419,29.9013],[-84.3365,29.9425],[-84.3814,29.9602],[-84.4072,29.9846],[-84.3664,30.028],[-84.3608,30.0593],[-84.3107,30.0727],[-84.2708,30.0685],[-84.2057,30.105],[-84.1568,30.0727],[-84.1321,30.0919],[-84.0637,30.1015],[-84.0025,30.1007],[-83.9871,30.0793],[-83.9254,30.0345],[-83.8115,29.982],[-83.7765,29.9782],[-83.7283,29.9413],[-83.6803,29.9214],[-83.6393,29.8874],[-83.6187,29.8425],[-83.5854,29.8179],[-83.58,29.7725],[-83.5376,29.7231],[-83.4911,29.7133],[-83.4814,29.6903],[-83.4003,29.6583],[-83.4035,29.5697],[-83.3925,29.5248],[-83.2968,29.4449],[-83.2204,29.4261],[-83.1557,29.3174],[-83.1179,29.3172],[-83.1112,29.2812],[-83.0783,29.2622],[-83.0711,29.2015],[-83.029,29.1669],[-82.9949,29.1802],[-82.9584,29.1691],[-82.9015,29.1712],[-82.8365,29.1561],[-82.8065,29.1644],[-82.7984,29.0944],[-82.7531,29.0635],[-82.753,28.9976],[-82.706,28.9341],[-82.6379,28.8902],[-82.6429,28.7597],[-82.6603,28.6078],[-82.6441,28.5807],[-82.6547,28.516],[-82.6688,28.4921],[-82.6663,28.4496],[-82.7066,28.3948],[-82.7119,28.3491],[-82.7311,28.3263],[-82.7275,28.2721],[-82.7701,28.2079],[-82.7976,28.188],[-82.7967,28.1529],[-82.7784,28.1216],[-82.7853,28.051],[-82.8035,27.9621],[-82.8491,27.8765],[-82.8369,27.8404],[-82.7544,27.7875],[-82.7321,27.7507],[-82.6916,27.7362],[-82.6906,27.7106],[-82.6515,27.7002],[-82.6059,27.825],[-82.6052,27.8674],[-82.6532,27.9089],[-82.7114,27.9288],[-82.6652,28.0284],[-82.5996,27.9799],[-82.5485,27.9617],[-82.5303,27.9286],[-82.5318,27.8718],[-82.5165,27.8304],[-82.4725,27.823],[-82.487,27.8614],[-82.4906,27.9184],[-82.4642,27.9374],[-82.4007,27.8813],[-82.394,27.8142],[-82.4355,27.7631],[-82.4815,27.7434],[-82.4805,27.7156],[-82.5204,27.6898],[-82.5584,27.6387],[-82.5744,27.6004],[-82.6029,27.584],[-82.5743,27.5551],[-82.6214,27.5135],[-82.643,27.5246],[-82.6868,27.508],[-82.6887,27.4675],[-82.6203,27.4278],[-82.5816,27.4163],[-82.5407,27.3278],[-82.5421,27.2716],[-82.5052,27.233],[-82.492,27.1769],[-82.469,27.142],[-82.4456,27.0607],[-82.4087,27.003],[-82.3566,26.9513],[-82.3157,26.8893],[-82.329,26.88],[-82.2386,26.8099],[-82.1804,26.8094],[-82.1479,26.7963],[-82.1572,26.8575],[-82.1809,26.9173],[-82.1418,26.9238],[-82.1052,26.962],[-82.0647,26.9542],[-82.0925,26.8926],[-82.0525,26.8709],[-82.048,26.8142],[-82.0817,26.6934],[-82.0447,26.5999],[-82.0563,26.5477],[-82.0196,26.5289],[-81.9476,26.5408],[-81.9172,26.6276],[-81.882,26.637],[-81.9079,26.5689],[-81.9271,26.5428],[-81.9955,26.4995],[-81.9511,26.4668],[-81.9059,26.4437],[-81.8558,26.4464],[-81.8352,26.3547],[-81.8559,26.3551],[-81.8313,26.2892],[-81.8021,26.0958],[-81.7848,26.1021],[-81.7718,26.1487],[-81.7841,26.169],[-81.7786,26.2747],[-81.7919,26.306],[-81.7853,26.3539],[-81.8001,26.3871],[-81.7986,26.4452],[-81.7859,26.5111],[-81.7515,26.5194],[-81.7174,26.4936],[-81.6766,26.4404],[-81.6467,26.416],[-81.587,26.4267],[-81.5491,26.3836],[-81.5986,26.3291],[-81.5884,26.2737],[-81.5317,26.2591],[-81.4905,26.2898],[-81.3975,26.2745],[-81.3885,26.3075],[-81.3531,26.3214],[-81.3054,26.3061],[-81.2583,26.2619],[-81.2082,26.2488],[-81.169,26.264],[-81.1678,26.2943],[-81.208,26.3456],[-81.2222,26.3867],[-81.191,26.408],[-81.1062,26.4226],[-81.0521,26.4036],[-81.0579,26.3369],[-80.976,26.3121],[-80.9345,26.3572],[-80.922,26.3892],[-80.9639,26.4608],[-80.9673,26.5632],[-80.9983,26.6434],[-81.0728,26.6937],[-81.0927,26.7212],[-81.1584,26.7615],[-81.1796,26.8087],[-81.1774,26.8644],[-81.1262,26.8859],[-81.1182,26.9191],[-81.1363,26.9658],[-81.0736,26.9992],[-81.0137,27.0203],[-80.9693,27.0688],[-80.8951,27.1315],[-80.8261,27.2012],[-80.7528,27.2002],[-80.6778,27.1352],[-80.6341,27.0724],[-80.611,27.0074],[-80.5805,26.9768],[-80.5715,26.9377],[-80.4832,26.8603],[-80.371,26.7514],[-80.3086,26.6768],[-80.2685,26.6638],[-80.2112,26.6684],[-80.1445,26.7031],[-80.1297,26.7595],[-80.0976,26.8216],[-80.046,26.8556]],[[-76.0937,40.315],[-76.1414,40.2992],[-76.2065,40.2964],[-76.2267,40.3136],[-76.194,40.3453],[-76.1519,40.35],[-76.0937,40.315]],[[-78.3606,42.2466],[-78.3101,42.2412],[-78.3075,42.1887],[-78.2143,42.1587],[-78.1401,42.0966],[-78.0812,42.0633],[-77.9796,42.0216],[-78.0373,41.9829],[-77.9358,41.8798],[-77.9131,41.8759],[-77.8484,41.831],[-77.7538,41.859],[-77.7281,41.8819],[-77.7177,41.9293],[-77.5968,41.9463],[-77.5311,41.9631],[-77.5065,41.981],[-77.4311,41.9944],[-77.3522,41.9808],[-77.3584,41.9565],[-77.4229,41.9416],[-77.4408,41.9236],[-77.5913,41.8801],[-77.6376,41.8517],[-77.6344,41.8134],[-77.52,41.8207],[-77.4665,41.8388],[-77.3949,41.8292],[-77.2638,41.8638],[-77.2418,41.8801],[-77.1559,41.8908],[-77.1188,41.9135],[-77.0105,41.9238],[-76.9704,41.9046],[-77.016,41.8574],[-77.1189,41.832],[-77.1391,41.8125],[-77.2217,41.8037],[-77.364,41.7586],[-77.4436,41.6955],[-77.4281,41.6387],[-77.3818,41.6368],[-77.2655,41.6768],[-77.1867,41.7143],[-77.1201,41.7089],[-76.9676,41.7388],[-76.9256,41.7641],[-76.8426,41.7795],[-76.8324,41.736],[-76.8727,41.6801],[-76.9884,41.6035],[-77.0309,41.5885],[-77.1855,41.5848],[-77.3005,41.5547],[-77.303,41.5125],[-77.2287,41.5486],[-77.1825,41.5514],[-77.1676,41.5239],[-77.1093,41.5106],[-77.0619,41.5207],[-76.891,41.5744],[-76.8042,41.6074],[-76.7785,41.629],[-76.6537,41.6708],[-76.5661,41.6844],[-76.4713,41.6834],[-76.3845,41.6684],[-76.3741,41.6556],[-76.5186,41.5896],[-76.5833,41.5754],[-76.6888,41.5677],[-76.7621,41.5505],[-76.7532,41.5242],[-76.6324,41.5056],[-76.4745,41.4991],[-76.4195,41.492],[-76.3157,41.5213],[-76.2405,41.5014],[-76.1882,41.5227],[-76.1307,41.4939],[-76.0782,41.5083],[-76.0233,41.4993],[-75.9507,41.5128],[-75.9501,41.4673],[-76.0232,41.4166],[-76.101,41.3998],[-76.1161,41.3628],[-76.1716,41.3287],[-76.249,41.3109],[-76.5029,41.2871],[-76.5616,41.3075],[-76.6359,41.3032],[-76.7648,41.3211],[-76.8656,41.3168],[-76.9965,41.3432],[-77.061,41.337],[-77.088,41.3552],[-77.1328,41.3451],[-77.2231,41.2999],[-77.3447,41.2684],[-77.3519,41.2321],[-77.3115,41.2268],[-77.6093,41.1061],[-77.7467,41.1162],[-77.7628,41.1865],[-77.8281,41.1618],[-77.9179,41.1455],[-77.9881,41.1953],[-78.0458,41.1842],[-78.418,41.0869],[-78.5027,41.0543],[-78.5646,41.0461],[-78.6062,41.0649],[-78.6316,41.1108],[-78.6857,41.0988],[-78.7708,41.1224],[-78.7971,41.1465],[-78.7809,41.1846],[-78.7214,41.2329],[-78.703,41.2724],[-78.767,41.2538],[-78.8347,41.262],[-78.9279,41.246],[-78.9636,41.2198],[-79.0355,41.2103],[-79.0795,41.19],[-79.0912,41.2382],[-79.1425,41.2487],[-79.1811,41.2254],[-79.2454,41.2089],[-79.3068,41.2207],[-79.3536,41.2911],[-79.3046,41.3725],[-79.3592,41.4322],[-79.4024,41.4245],[-79.396,41.3908],[-79.4525,41.3716],[-79.5153,41.3862],[-79.6949,41.3931],[-79.744,41.3596],[-79.8215,41.3709],[-79.8811,41.404],[-79.9429,41.4095],[-79.9832,41.4559],[-79.8949,41.4297],[-79.8677,41.4895],[-79.8536,41.5537],[-79.8116,41.5744],[-79.685,41.572],[-79.68,41.6208],[-79.6323,41.6615],[-79.5816,41.7765],[-79.5358,41.8167],[-79.5494,41.8392],[-79.4976,41.8908],[-79.4221,41.8852],[-79.3373,41.9311],[-79.3147,41.9128],[-79.2633,41.9114],[-79.2538,41.9472],[-79.1613,41.909],[-79.1055,41.9393],[-79.1153,41.9832],[-79.0757,41.9993],[-79.0425,42.0993],[-78.9736,42.1],[-78.9156,42.1256],[-78.8807,42.1256],[-78.8833,42.1769],[-78.8501,42.2291],[-78.8439,42.2627],[-78.774,42.2944],[-78.6945,42.2761],[-78.5304,42.2886],[-78.4628,42.3167],[-78.3606,42.2466]],[[-74.4403,41.6569],[-74.4611,41.5998],[-74.5432,41.5302],[-74.6409,41.4173],[-74.7157,41.3568],[-74.7928,41.323],[-74.8326,41.2876],[-74.8667,41.2152],[-74.9339,41.1402],[-75.0285,41.0781],[-75.1037,41.0614],[-75.2192,41.0257],[-75.3023,40.9841],[-75.3839,40.9566],[-75.4004,40.9628],[-75.5242,40.9137],[-75.6563,40.8687],[-75.6837,40.8963],[-75.6537,40.9669],[-75.6636,40.998],[-75.7044,40.9909],[-75.7366,41.0097],[-75.7736,41.0611],[-75.8599,41.0786],[-75.89,41.1145],[-75.9291,41.0936],[-75.9764,41.0912],[-75.895,41.1499],[-75.8744,41.1782],[-75.7837,41.2117],[-75.6795,41.283],[-75.6051,41.2506],[-75.6166,41.3014],[-75.5339,41.2996],[-75.4517,41.3462],[-75.402,41.3328],[-75.3107,41.3767],[-75.2448,41.4473],[-75.2963,41.507],[-75.244,41.5027],[-75.2347,41.552],[-75.185,41.5323],[-75.105,41.5905],[-75.0847,41.641],[-75.0816,41.6973],[-75.0522,41.7114],[-75.0352,41.7542],[-74.9966,41.7252],[-74.9703,41.659],[-74.9123,41.6808],[-74.8356,41.6907],[-74.797,41.6735],[-74.7548,41.6789],[-74.7316,41.6606],[-74.7318,41.6255],[-74.6924,41.6228],[-74.5455,41.6787],[-74.4403,41.6569]],[[-74.0328,42.2396],[-74.0084,42.2205],[-74.0447,42.1317],[-74.1215,42.006],[-74.2171,41.9768],[-74.2845,41.9662],[-74.253,41.9284],[-74.3118,41.8874],[-74.3893,41.8907],[-74.4566,41.8166],[-74.5172,41.8121],[-74.5553,41.8275],[-74.5833,41.8091],[-74.6111,41.8662],[-74.6624,41.916],[-74.6664,41.9452],[-74.7378,41.9801],[-74.8081,41.9587],[-74.84,41.9718],[-74.8743,41.9585],[-74.8922,42.0041],[-74.872,42.0735],[-74.7965,42.0898],[-74.7591,42.111],[-74.6739,42.1233],[-74.6375,42.1476],[-74.5166,42.1648],[-74.4763,42.2033],[-74.4583,42.2578],[-74.398,42.2578],[-74.3684,42.2404],[-74.2518,42.2306],[-74.2214,42.2814],[-74.1535,42.3333],[-74.1239,42.3405],[-74.0611,42.2998],[-74.0328,42.2396]],[[-75.8642,43.9618],[-75.7316,43.9299],[-75.5961,43.8423],[-75.579,43.8106],[-75.4606,43.6994],[-75.4255,43.655],[-75.4157,43.5687],[-75.3705,43.5178],[-75.3636,43.481],[-75.3113,43.4709],[-75.2726,43.4474],[-75.2151,43.3624],[-75.2485,43.3359],[-75.3146,43.3377],[-75.3595,43.3616],[-75.3847,43.3192],[-75.4453,43.3107],[-75.5558,43.34],[-75.6555,43.282],[-75.7148,43.2948],[-75.7893,43.3556],[-75.8981,43.4094],[-75.9638,43.4569],[-76.0133,43.5182],[-76.0242,43.5989],[-76.0446,43.6501],[-76.0137,43.7696],[-75.9887,43.799],[-75.9917,43.8556],[-75.9756,43.886],[-75.9236,43.9343],[-75.8642,43.9618]],[[-73.6318,44.9117],[-73.5908,44.8897],[-73.5773,44.7902],[-73.6007,44.7407],[-73.6469,44.703],[-73.71,44.683],[-73.7105,44.655],[-73.6326,44.6632],[-73.6317,44.6134],[-73.5973,44.5758],[-73.6136,44.5227],[-73.5665,44.4777],[-73.5227,44.4535],[-73.5076,44.4068],[-73.5684,44.3403],[-73.6019,44.2491],[-73.5432,44.2601],[-73.5196,44.2418],[-73.5432,44.1897],[-73.4856,44.1621],[-73.4666,44.1321],[-73.4706,44.0817],[-73.4913,44.0748],[-73.5343,44.1224],[-73.5618,44.1081],[-73.575,44.0531],[-73.524,44.0451],[-73.4993,43.9623],[-73.4364,43.8997],[-73.4569,43.8902],[-73.4405,43.8291],[-73.4056,43.8251],[-73.4353,43.7694],[-73.4135,43.7525],[-73.4482,43.6932],[-73.4321,43.5951],[-73.4526,43.5622],[-73.4087,43.5548],[-73.4395,43.4702],[-73.5336,43.4183],[-73.602,43.4036],[-73.6506,43.4394],[-73.6564,43.3854],[-73.6881,43.3746],[-73.7346,43.3324],[-73.7282,43.2738],[-73.8319,43.2901],[-73.8677,43.2525],[-73.8707,43.2113],[-73.9124,43.1791],[-73.9193,43.1406],[-73.9611,43.0956],[-74.0058,43.0741],[-74.0526,43.0705],[-74.1556,43.088],[-74.1961,43.0708],[-74.2498,43.0788],[-74.3004,43.1301],[-74.3456,43.0981],[-74.3912,43.0824],[-74.4367,43.0328],[-74.5347,43.0301],[-74.5842,43.0201],[-74.6796,43.0395],[-74.7454,43.1174],[-74.8173,43.1283],[-74.8509,43.1574],[-74.8689,43.1999],[-74.9159,43.2269],[-74.9926,43.2449],[-75.0322,43.3001],[-75.0725,43.3246],[-75.1293,43.3807],[-75.1736,43.4044],[-75.2132,43.4665],[-75.2816,43.5119],[-75.3093,43.5435],[-75.3131,43.5769],[-75.3454,43.6242],[-75.3416,43.6814],[-75.3688,43.7466],[-75.4275,43.7917],[-75.4406,43.8239],[-75.4326,43.8839],[-75.4783,43.9359],[-75.5179,43.9642],[-75.5402,44.0007],[-75.5342,44.0389],[-75.5083,44.0698],[-75.479,44.1404],[-75.4128,44.1821],[-75.3441,44.2073],[-75.2972,44.286],[-75.2282,44.3193],[-75.1923,44.3605],[-75.142,44.3914],[-75.0956,44.4422],[-75.0171,44.4678],[-74.987,44.5098],[-74.9168,44.5483],[-74.8679,44.5934],[-74.7547,44.6461],[-74.6827,44.6504],[-74.6085,44.6834],[-74.4982,44.7572],[-74.4053,44.7796],[-74.3482,44.8046],[-74.2823,44.8078],[-74.2162,44.7824],[-74.1868,44.793],[-74.1563,44.8448],[-74.0898,44.8545],[-74.0409,44.8381],[-74.0037,44.8698],[-73.957,44.8762],[-73.9107,44.8407],[-73.8439,44.8816],[-73.7499,44.8798],[-73.6318,44.9117]],[[-95.8609,30.5602],[-95.8164,30.5683],[-95.8111,30.5123],[-95.8712,30.4998],[-95.8839,30.461],[-95.8559,30.3989],[-95.7927,30.3947],[-95.7503,30.446],[-95.6547,30.3831],[-95.7137,30.3165],[-95.7749,30.3371],[-95.8578,30.3293],[-95.9376,30.3427],[-95.9356,30.2932],[-95.9874,30.242],[-96.0482,30.253],[-96.1013,30.246],[-96.1298,30.225],[-96.1964,30.2005],[-96.2175,30.1729],[-96.196,30.1375],[-96.1868,30.0636],[-96.2329,30.0424],[-96.2671,30.0528],[-96.3154,30.0375],[-96.3195,29.9552],[-96.3605,29.9459],[-96.3979,29.9062],[-96.4352,29.935],[-96.4842,29.8834],[-96.5349,29.8791],[-96.5144,29.8466],[-96.5243,29.8043],[-96.5886,29.889],[-96.6159,29.8412],[-96.6482,29.8354],[-96.6701,29.8098],[-96.6569,29.7545],[-96.6062,29.7079],[-96.6642,29.7065],[-96.637,29.6716],[-96.7271,29.66],[-96.7326,29.63],[-96.7154,29.6014],[-96.7541,29.5919],[-96.7782,29.507],[-96.8043,29.4796],[-96.8684,29.3682],[-96.8904,29.3797],[-96.9211,29.3567],[-96.9576,29.369],[-96.9697,29.3009],[-97.0324,29.2839],[-97.0706,29.255],[-97.1714,29.253],[-97.2295,29.2113],[-97.26,29.115],[-97.2861,29.0544],[-97.3098,29.0359],[-97.3589,29.055],[-97.4551,29.0277],[-97.4965,28.9677],[-97.6229,28.9388],[-97.6895,28.9774],[-97.7003,28.9962],[-97.668,29.0396],[-97.6596,29.0711],[-97.5928,29.1311],[-97.5591,29.1353],[-97.5413,29.191],[-97.5045,29.2383],[-97.4589,29.2542],[-97.4319,29.3063],[-97.3828,29.3422],[-97.3587,29.3797],[-97.3036,29.4151],[-97.2758,29.4962],[-97.2481,29.5359],[-97.1867,29.5821],[-97.1094,29.6834],[-97.074,29.709],[-96.9913,29.8113],[-96.9048,29.8817],[-96.8503,29.8938],[-96.8571,29.9471],[-96.8365,29.9987],[-96.8001,30.0321],[-96.7179,30.0634],[-96.7098,30.0999],[-96.6198,30.2001],[-96.556,30.2269],[-96.4978,30.2679],[-96.3912,30.3],[-96.3628,30.3288],[-96.2497,30.3641],[-96.1848,30.3719],[-96.1512,30.3661],[-96.1146,30.3831],[-96.1022,30.4093],[-96.0417,30.4495],[-96.0069,30.5106],[-95.933,30.5623],[-95.9039,30.5478],[-95.8609,30.5602]]],[[[-66,44.5424],[-66,44.5785],[-66.0277,44.5599],[-66.2006,44.4163],[-66.1989,44.3735],[-66.1283,44.4442],[-66,44.5424]]]]},"properties":{"NA_L1CODE":"8","NA_L1NAME":"EASTERN TEMPERATE FORESTS","NA_L1KEY":"8  EASTERN TEMPERATE FORESTS","Shape_Leng":54849927.6241,"Shape_Area":2701109013550}},
{"type":"Feature","geometry":{"type":"Polygon","coordinates":[[[-66.0249,48.1401],[-66,48.1617],[-66,48.2036],[-66.0147,48.2013],[-66.0399,48.1738],[-66.0249,48.1401]]]},"properties":{"NA_L1CODE":"8","NA_L1NAME":"EASTERN TEMPERATE FORESTS","NA_L1KEY":"8  EASTERN TEMPERATE FORESTS","Shape_Leng":208646.385905,"Shape_Area":1061967737.91}},
{"type":"Feature","geometry":{"type":"MultiPolygon","coordinates":[[[[-98.3946,24],[-98.2679,24],[-98.267,24.0117],[-98.3717,24.0124],[-98.3946,24]]],[[[-98.6836,24],[-98.444,24],[-98.4452,24.0141],[-98.4979,24.0183],[-98.5429,24.0479],[-98.5961,24.0259],[-98.6838,24.0246],[-98.6836,24]]]]},"properties":{"NA_L1CODE":"9","NA_L1NAME":"GREAT PLAINS","NA_L1KEY":"9  GREAT PLAINS","Shape_Leng":869131.462916,"Shape_Area":3242337390.41}},
{"type":"Feature","geometry":{"type":"Polygon","coordinates":[[[-97.7431,24],[-97.7362,24],[-97.7182,24.2339],[-97.7001,24.3824],[-97.7265,24.3436],[-97.7249,24.1944],[-97.7431,24]]]},"properties":{"NA_L1CODE":"9","NA_L1NAME":"GREAT PLAINS","NA_L1KEY":"9  GREAT PLAINS","Shape_Leng":117192.319557,"Shape_Area":44081711.2735}},
{"type":"Feature","geometry":{"type":"Polygon","coordinates":[[[-97.2584,27.6567],[-97.2323,27.6301],[-97.2542,27.5951],[-97.2567,27.558],[-97.3077,27.4805],[-97.3357,27.4027],[-97.3579,27.3728],[-97.3667,27.268],[-97.3903,27.1549],[-97.3901,27.0037],[-97.3774,26.9051],[-97.3894,26.8572],[-97.3724,26.8041],[-97.3616,26.7342],[-97.3285,26.6987],[-97.3451,26.6515],[-97.2964,26.5816],[-97.3069,26.6535],[-97.333,26.7365],[-97.3647,26.8717],[-97.3753,26.9501],[-97.377,27.101],[-97.3663,27.1947],[-97.3504,27.2681],[-97.3111,27.3908],[-97.2578,27.5094],[-97.2029,27.6136],[-97.2584,27.6567]]]},"properties":{"NA_L1CODE":"9","NA_L1NAME":"GREAT PLAINS","NA_L1KEY":"9  GREAT PLAINS","Shape_Leng":542926.700421,"Shape_Area":245689806.665}},
{"type":"Feature","geometry":{"type":"Polygon","coordinates":[[[-97.0528,27.8389],[-97.075,27.8395],[-97.1139,27.7743],[-97.1836,27.6992],[-97.162,27.6841],[-97.0528,27.8389]]]},"properties":{"NA_L1CODE":"9","NA_L1NAME":"GREAT PLAINS","NA_L1KEY":"9  GREAT PLAINS","Shape_Leng":106012.076059,"Shape_Area":39223278.7799}},
{"type":"Feature","geometry":{"type":"Polygon","coordinates":[[[-96.8753,28.0704],[-96.9094,28.0494],[-96.9254,28.0133],[-96.9679,27.9841],[-97.007,27.9257],[-96.9996,27.9128],[-96.9288,27.9904],[-96.8612,28.0537],[-96.8753,28.0704]]]},"properties":{"NA_L1CODE":"9","NA_L1NAME":"GREAT PLAINS","NA_L1KEY":"9  GREAT PLAINS","Shape_Leng":151374.148027,"Shape_Area":53976633.9881}},
{"type":"Feature","geometry":{"type":"Polygon","coordinates":[[[-96.4022,28.3687],[-96.428,28.3478],[-96.5158,28.3039],[-96.5577,28.2925],[-96.6517,28.2513],[-96.6903,28.2067],[-96.7271,28.192],[-96.7886,28.1893],[-96.82,28.165],[-96.81,28.1262],[-96.7766,28.1233],[-96.6695,28.1992],[-96.5604,28.2644],[-96.4356,28.3205],[-96.3986,28.3423],[-96.4022,28.3687]]]},"properties":{"NA_L1CODE":"9","NA_L1NAME":"GREAT PLAINS","NA_L1KEY":"9  GREAT PLAINS","Shape_Leng":204648.004833,"Shape_Area":173220497.4}},
{"type":"Feature","geometry":{"type":"Polygon","coordinates":[[[-95.9768,28.6142],[-96.0592,28.5739],[-96.1497,28.5413],[-96.2135,28.5098],[-96.2202,28.4908],[-96.0849,28.5548],[-95.9841,28.593],[-95.9768,28.6142]]]},"properties":{"NA_L1CODE":"9","NA_L1NAME":"GREAT PLAINS","NA_L1KEY":"9  GREAT PLAINS","Shape_Leng":141679.883445,"Shape_Area":32390876.507}},
{"type":"Feature","geometry":{"type":"Polygon","coordinates":[[[-94.7304,29.3374],[-94.7714,29.3343],[-94.797,29.3087],[-94.866,29.2933],[-95.009,29.1865],[-94.9994,29.1648],[-94.8023,29.2801],[-94.7304,29.3374]]]},"properties":{"NA_L1CODE":"9","NA_L1NAME":"GREAT PLAINS","NA_L1KEY":"9  GREAT PLAINS","Shape_Leng":192573.073636,"Shape_Area":113784028.398}},
{"type":"Feature","geometry":{"type":"Polygon","coordinates":[[[-94.5051,29.5101],[-94.5126,29.5161],[-94.6841,29.4518],[-94.7695,29.3844],[-94.7308,29.3694],[-94.6799,29.4252],[-94.5051,29.5101]]]},"properties":{"NA_L1CODE":"9","NA_L1NAME":"GREAT PLAINS","NA_L1KEY":"9  GREAT PLAINS","Shape_Leng":73585.1709849,"Shape_Area":67422789.1678}},
{"type":"Feature","geometry":{"type":"Polygon","coordinates":[[[-94.5643,29.5319],[-94.6038,29.4855],[-94.672,29.4773],[-94.683,29.4541],[-94.5141,29.5166],[-94.5643,29.5319]]]},"properties":{"NA_L1CODE":"9","NA_L1NAME":"GREAT PLAINS","NA_L1KEY":"9  GREAT PLAINS","Shape_Leng":52532.2053032,"Shape_Area":28836921.4416}},
{"type":"Feature","geometry":{"type":"Polygon","coordinates":[[[-95.8609,30.5602],[-95.9039,30.5478],[-95.933,30.5623],[-96.0069,30.5106],[-96.0417,30.4495],[-96.1022,30.4093],[-96.1146,30.3831],[-96.1512,30.3661],[-96.1848,30.3719],[-96.2497,30.3641],[-96.3628,30.3288],[-96.3912,30.3],[-96.4978,30.2679],[-96.556,30.2269],[-96.6198,30.2001],[-96.7098,30.0999],[-96.7179,30.0634],[-96.8001,30.0321],[-96.8365,29.9987],[-96.8571,29.9471],[-96.8503,29.8938],[-96.9048,29.8817],[-96.9913,29.8113],[-97.074,29.709],[-97.1094,29.6834],[-97.1867,29.5821],[-97.2481,29.5359],[-97.2758,29.4962],[-97.3036,29.4151],[-97.3587,29.3797],[-97.3828,29.3422],[-97.4319,29.3063],[-97.4589,29.2542],[-97.5045,29.2383],[-97.5413,29.191],[-97.5591,29.1353],[-97.5928,29.1311],[-97.6596,29.0711],[-97.668,29.0396],[-97.7003,28.9962],[-97.6895,28.9774],[-97.6229,28.9388],[-97.4965,28.9677],[-97.4551,29.0277],[-97.3589,29.055],[-97.3098,29.0359],[-97.2861,29.0544],[-97.26,29.115],[-97.2295,29.2113],[-97.1714,29.253],[-97.0706,29.255],[-97.0324,29.2839],[-96.9697,29.3009],[-96.9576,29.369],[-96.9211,29.3567],[-96.8904,29.3797],[-96.8684,29.3682],[-96.8043,29.4796],[-96.7782,29.507],[-96.7541,29.5919],[-96.7154,29.6014],[-96.7326,29.63],[-96.7271,29.66],[-96.637,29.6716],[-96.6642,29.7065],[-96.6062,29.7079],[-96.6569,29.7545],[-96.6701,29.8098],[-96.6482,29.8354],[-96.6159,29.8412],[-96.5886,29.889],[-96.5243,29.8043],[-96.5144,29.8466],[-96.5349,29.8791],[-96.4842,29.8834],[-96.4352,29.935],[-96.3979,29.9062],[-96.3605,29.9459],[-96.3195,29.9552],[-96.3154,30.0375],[-96.2671,30.0528],[-96.2329,30.0424],[-96.1868,30.0636],[-96.196,30.1375],[-96.2175,30.1729],[-96.1964,30.2005],[-96.1298,30.225],[-96.1013,30.246],[-96.0482,30.253],[-95.9874,30.242],[-95.9356,30.2932],[-95.9376,30.3427],[-95.8578,30.3293],[-95.7749,30.3371],[-95.7137,30.3165],[-95.6547,30.3831],[-95.7503,30.446],[-95.7927,30.3947],[-95.8559,30.3989],[-95.8839,30.461],[-95.8712,30.4998],[-95.8111,30.5123],[-95.8164,30.5683],[-95.8609,30.5602]]]},"properties":{"NA_L1CODE":"9","NA_L1NAME":"GREAT PLAINS","NA_L1KEY":"9  GREAT PLAINS","Shape_Leng":723929.627705,"Shape_Area":6820489255.61}},
{"type":"Feature","geometry":{"type":"Polygon","coordinates":[[[-95.4725,47.7015],[-95.474,47.7986],[-95.4536,47.8479],[-95.533,47.9233],[-95.6267,48.0388],[-95.6202,48.0942],[-95.6005,48.1205],[-95.6084,48.154],[-95.6576,48.1787],[-95.6597,48.2157],[-95.6076,48.2641],[-95.4974,48.332],[-95.4972,48.379],[-95.5626,48.3973],[-95.7662,48.4392],[-95.818,48.4623],[-95.8212,48.5047],[-95.6008,48.4604],[-95.57,48.4728],[-95.5723,48.52],[-95.61,48.5521],[-95.7102,48.5941],[-95.6375,48.6668],[-95.6336,48.7045],[-95.6606,48.7377],[-95.7236,48.7712],[-95.7287,48.8048],[-95.6051,48.832],[-95.609,48.8615],[-95.7004,48.8928],[-95.7902,48.9052],[-95.8946,48.9052],[-96.0042,48.8943],[-96.0815,48.8244],[-96.2053,48.8116],[-96.3133,48.7755],[-96.3485,48.7257],[-96.4621,48.7075],[-96.5034,48.7157],[-96.5573,48.7472],[-96.5392,48.7872],[-96.5727,48.8415],[-96.6384,48.863],[-96.6187,48.9028],[-96.5372,48.8684],[-96.5097,48.9056],[-96.6102,48.9544],[-96.641,49],[-96.4547,49.0241],[-96.4154,49.0559],[-96.4474,49.1599],[-96.461,49.2523],[-96.4268,49.5229],[-96.4683,49.6413],[-96.3987,49.7515],[-96.3176,49.8328],[-96.3005,49.9243],[-96.4088,49.9797],[-96.3833,49.9269],[-96.4139,49.904],[-96.4636,49.956],[-96.5722,49.941],[-96.5866,49.9189],[-96.5573,49.8769],[-96.5788,49.8448],[-96.6312,49.8431],[-96.6872,49.8842],[-96.6911,49.9607],[-96.6475,49.9826],[-96.6717,50],[-96.8112,50],[-96.8185,49.991],[-96.9306,49.9899],[-96.9278,50],[-113.9409,50],[-113.9538,49.9691],[-113.9153,49.9239],[-113.8547,49.8055],[-113.8836,49.776],[-113.9169,49.7844],[-113.9296,49.7387],[-113.9795,49.7428],[-114.0241,49.7965],[-114.1046,49.9321],[-114.1199,49.9784],[-114.152,49.9834],[-114.1769,49.7868],[-114.2031,49.7015],[-114.1942,49.6348],[-114.1623,49.5747],[-114.1112,49.5169],[-114.0098,49.4421],[-113.9215,49.3624],[-113.9228,49.3078],[-113.8945,49.2942],[-113.8729,49.2524],[-113.801,49.2316],[-113.7734,49.1847],[-113.718,49.1395],[-113.6658,49.1195],[-113.5389,49.1106],[-113.4527,49.0711],[-113.4344,49.0384],[-113.4404,48.9715],[-113.4141,48.9367],[-113.3645,48.936],[-113.323,48.9029],[-113.3753,48.8301],[-113.3748,48.8065],[-113.3253,48.7718],[-113.333,48.719],[-113.3165,48.6633],[-113.2687,48.6109],[-113.3204,48.5746],[-113.2334,48.553],[-113.1748,48.5193],[-113.2623,48.5026],[-113.2035,48.4651],[-113.1701,48.421],[-113.1202,48.3959],[-113.1399,48.3652],[-113.0988,48.3281],[-113.0246,48.3487],[-112.9629,48.318],[-112.9134,48.2747],[-112.8635,48.2091],[-112.7895,48.2424],[-112.7679,48.2111],[-112.8328,48.1805],[-112.7948,48.1523],[-112.7053,48.1098],[-112.7101,48.0754],[-112.6766,47.9869],[-112.6402,47.9435],[-112.6406,47.8597],[-112.6132,47.7981],[-112.6411,47.7659],[-112.6555,47.6807],[-112.7121,47.6128],[-112.7013,47.5862],[-112.6139,47.5544],[-112.5957,47.5227],[-112.6321,47.4803],[-112.689,47.4509],[-112.6651,47.4027],[-112.5887,47.383],[-112.5151,47.3464],[-112.4681,47.2885],[-112.4234,47.2886],[-112.3749,47.2364],[-112.3723,47.183],[-112.3143,47.1693],[-112.2632,47.1718],[-112.2381,47.1416],[-112.1894,47.1362],[-112.1955,47.081],[-112.1527,47.0657],[-112.1158,47.031],[-112.069,47.0119],[-112.0044,46.9666],[-112.0135,46.9349],[-111.9684,46.9211],[-111.9465,46.814],[-111.9112,46.7707],[-111.8477,46.7227],[-111.7885,46.7526],[-111.81,46.8059],[-111.8911,46.859],[-111.8491,46.8969],[-111.8539,46.9217],[-111.7855,46.9352],[-111.7668,46.9133],[-111.6944,46.8952],[-111.6674,46.8703],[-111.696,46.8411],[-111.6742,46.82],[-111.5468,46.7682],[-111.4633,46.7469],[-111.3871,46.7044],[-111.3761,46.6732],[-111.3299,46.6778],[-111.3118,46.6395],[-111.2458,46.5651],[-111.2117,46.558],[-111.1979,46.5135],[-111.0918,46.4708],[-111.0276,46.4169],[-111.0833,46.327],[-111.0547,46.2954],[-111.1164,46.2514],[-111.1808,46.2318],[-111.1071,46.1999],[-111.0561,46.2385],[-111.0356,46.2044],[-110.9878,46.1971],[-110.9723,46.1663],[-110.893,46.1986],[-110.8865,46.13],[-110.8426,46.089],[-110.8473,46.0676],[-110.8942,46.0237],[-110.9679,45.9824],[-110.9167,45.9352],[-110.8681,45.9102],[-110.7764,45.9474],[-110.7568,45.9291],[-110.7859,45.8496],[-110.7125,45.8049],[-110.6952,45.7459],[-110.7323,45.7021],[-110.7834,45.6957],[-110.7968,45.6655],[-110.7517,45.6209],[-110.6414,45.6172],[-110.6049,45.6052],[-110.509,45.6136],[-110.4684,45.6408],[-110.4102,45.612],[-110.3542,45.6037],[-110.3309,45.577],[-110.2484,45.5409],[-110.1945,45.561],[-110.0578,45.5459],[-110.0875,45.5972],[-110.0538,45.632],[-110.0164,45.6367],[-110.0072,45.6765],[-109.9496,45.6749],[-109.9291,45.6468],[-109.8941,45.6497],[-109.8739,45.696],[-109.8209,45.6571],[-109.754,45.69],[-109.7424,45.6129],[-109.7721,45.5705],[-109.7513,45.5388],[-109.7117,45.5198],[-109.6088,45.513],[-109.6554,45.4731],[-109.668,45.4434],[-109.7087,45.4289],[-109.7458,45.463],[-109.817,45.4483],[-109.8597,45.4616],[-109.9284,45.4503],[-109.9048,45.4075],[-109.8573,45.3999],[-109.8097,45.4236],[-109.7753,45.4166],[-109.7742,45.3595],[-109.6789,45.3177],[-109.6375,45.2754],[-109.5882,45.2767],[-109.4575,45.2306],[-109.3562,45.2127],[-109.3032,45.1866],[-109.2855,45.1299],[-109.2167,45.1138],[-109.1587,45.1215],[-109.1067,45.0895],[-109.0491,45.0875],[-109.0126,45.1281],[-109.024,45.1584],[-108.996,45.1992],[-108.9476,45.1986],[-108.859,45.2427],[-108.7622,45.2092],[-108.7275,45.2449],[-108.6612,45.2476],[-108.6516,45.2317],[-108.6418,45.254],[-108.6953,45.2765],[-108.6951,45.3465],[-108.6659,45.3543],[-108.5623,45.3348],[-108.4491,45.3675],[-108.4093,45.3609],[-108.3608,45.233],[-108.3219,45.1843],[-108.2678,45.1367],[-108.2825,45.0931],[-108.2753,45.0303],[-108.1976,45.0123],[-108.1624,45.0144],[-108.1095,44.9907],[-108.0559,44.924],[-108.0236,44.9172],[-107.989,44.9272],[-107.9636,44.9704],[-108.0165,44.9984],[-108.009,45.0271],[-108.0441,45.0637],[-108.11,45.167],[-108.1114,45.2122],[-108.073,45.2382],[-108.0047,45.2639],[-107.9617,45.2496],[-107.801,45.0696],[-107.735,45.0039],[-107.6516,44.9871],[-107.6384,44.9586],[-107.5964,44.9433],[-107.5498,44.9513],[-107.4718,44.9337],[-107.3827,44.8744],[-107.3027,44.8493],[-107.3115,44.8253],[-107.2199,44.7388],[-107.1876,44.6961],[-107.109,44.6643],[-107.0368,44.6226],[-106.9254,44.615],[-106.8941,44.576],[-106.9145,44.5461],[-106.904,44.5003],[-106.9221,44.4576],[-106.8713,44.3815],[-106.8589,44.347],[-106.7877,44.3379],[-106.8169,44.3089],[-106.808,44.2362],[-106.8276,44.1733],[-106.7979,44.0811],[-106.8293,44.0044],[-106.8124,43.9058],[-106.8179,43.8503],[-106.7766,43.8014],[-106.6677,43.7267],[-106.665,43.687],[-106.6917,43.661],[-106.7507,43.6482],[-106.809,43.6218],[-106.7557,43.5141],[-106.7637,43.4722],[-106.8252,43.3753],[-106.907,43.3291],[-106.7787,43.2509],[-106.7285,43.2027],[-106.6742,43.0623],[-106.6337,43.0106],[-106.5777,42.9997],[-106.5068,42.9238],[-106.5683,42.9291],[-106.5365,42.8572],[-106.4615,42.8157],[-106.4025,42.7691],[-106.2081,42.7735],[-106.1618,42.7483],[-106.1801,42.7044],[-106.1442,42.6819],[-106.065,42.702],[-105.9873,42.7312],[-105.9121,42.7779],[-105.7544,42.7789],[-105.6915,42.7688],[-105.5992,42.7398],[-105.5549,42.7551],[-105.5028,42.7507],[-105.4798,42.733],[-105.4767,42.6927],[-105.4079,42.643],[-105.4139,42.5759],[-105.442,42.5582],[-105.502,42.568],[-105.4653,42.4724],[-105.4256,42.4625],[-105.4292,42.5111],[-105.4023,42.5585],[-105.3512,42.5988],[-105.2975,42.5881],[-105.235,42.6164],[-105.2019,42.6032],[-105.1893,42.5702],[-105.1413,42.5266],[-105.1531,42.4721],[-105.1267,42.4413],[-105.0737,42.4218],[-105.0398,42.3828],[-105.0526,42.331],[-105.1169,42.2917],[-105.1979,42.2771],[-105.1752,42.2185],[-105.1881,42.1824],[-105.2298,42.1709],[-105.2225,42.1188],[-105.1556,42.0979],[-105.1597,42.0723],[-105.2524,41.9854],[-105.1859,41.9432],[-105.2093,41.8843],[-105.234,41.8654],[-105.2529,41.8102],[-105.1944,41.8257],[-105.1609,41.797],[-105.0697,41.8397],[-105.0038,41.8401],[-104.9362,41.8197],[-104.8989,41.7879],[-104.9545,41.729],[-104.9298,41.6796],[-104.9386,41.6573],[-104.9863,41.6256],[-105.0192,41.5279],[-104.9912,41.466],[-105.0301,41.4254],[-105.1441,41.3898],[-105.1491,41.355],[-105.1086,41.319],[-105.1028,41.2554],[-105.0813,41.2309],[-105.1057,41.2034],[-105.1686,41.2008],[-105.1742,41.1458],[-105.1524,41.0993],[-105.0901,41.0682],[-105.0957,40.9954],[-105.1333,40.9679],[-105.12,40.8813],[-105.1616,40.8086],[-105.1512,40.7733],[-105.1629,40.6869],[-105.1429,40.6486],[-105.1577,40.6185],[-105.1377,40.5283],[-105.1431,40.4402],[-105.1911,40.4462],[-105.2048,40.4037],[-105.1926,40.3112],[-105.2032,40.2668],[-105.196,40.2229],[-105.2347,40.2215],[-105.2791,40.1467],[-105.2904,40.0386],[-105.2693,39.8834],[-105.2343,39.7863],[-105.2097,39.7527],[-105.1686,39.644],[-105.1266,39.577],[-105.0722,39.4471],[-105.0227,39.3935],[-104.9516,39.2306],[-104.9175,39.1868],[-104.9055,39.1377],[-104.8764,39.1068],[-104.8231,38.9895],[-104.8384,38.9232],[-104.871,38.9077],[-104.8853,38.866],[-104.8578,38.7889],[-104.8287,38.7433],[-104.8394,38.6772],[-104.821,38.6285],[-104.849,38.59],[-104.8392,38.4802],[-104.8628,38.4595],[-104.9103,38.4954],[-104.9832,38.4888],[-105.0524,38.4953],[-105.1265,38.476],[-105.1762,38.491],[-105.2151,38.5205],[-105.2641,38.4952],[-105.2633,38.3989],[-105.2038,38.3056],[-105.1152,38.2563],[-105.0946,38.1966],[-105.0256,38.187],[-104.9914,38.1649],[-104.9776,38.1007],[-104.9346,38.0677],[-104.9437,38.0282],[-104.8963,37.9981],[-104.8683,37.953],[-104.8861,37.9211],[-104.9214,37.9121],[-104.9395,37.8211],[-104.9663,37.7711],[-105.0146,37.7257],[-105.0526,37.6613],[-105.0424,37.5934],[-105.0833,37.5413],[-105.0676,37.5107],[-105.0293,37.4879],[-104.9908,37.4839],[-104.863,37.5315],[-104.7979,37.5856],[-104.7355,37.5571],[-104.684,37.5045],[-104.6584,37.4398],[-104.6611,37.4125],[-104.5955,37.3587],[-104.5905,37.3367],[-104.5438,37.28],[-104.497,37.2475],[-104.5051,37.1962],[-104.5312,37.1625],[-104.4845,37.1279],[-104.449,37.1377],[-104.3715,37.1005],[-104.2258,37.0685],[-104.1662,37.0249],[-104.1355,36.9877],[-104.094,36.9678],[-104.0201,36.9648],[-103.9643,36.9945],[-103.9011,36.9945],[-103.9161,36.948],[-103.8811,36.9454],[-103.8757,36.9098],[-103.9216,36.9055],[-103.9162,36.8609],[-104.0035,36.8719],[-104.0273,36.8897],[-104.0632,36.8825],[-104.0602,36.8512],[-104.0925,36.8347],[-104.1662,36.8383],[-104.1564,36.8053],[-104.1921,36.7832],[-104.2333,36.8072],[-104.2845,36.8122],[-104.3145,36.8561],[-104.3447,36.8652],[-104.3621,36.9142],[-104.4229,36.9147],[-104.476,36.8802],[-104.4974,36.8378],[-104.493,36.8006],[-104.5414,36.8032],[-104.5478,36.7568],[-104.6114,36.7397],[-104.6258,36.6982],[-104.6976,36.6521],[-104.7125,36.6278],[-104.7718,36.6212],[-104.8245,36.5644],[-104.8809,36.5381],[-104.9079,36.5473],[-104.9413,36.5183],[-105.0172,36.4823],[-105.0191,36.4705],[-104.9476,36.4035],[-104.9775,36.3541],[-104.9282,36.3282],[-104.8524,36.3448],[-104.7641,36.3263],[-104.7429,36.2963],[-104.766,36.2802],[-104.8167,36.2991],[-104.8661,36.286],[-104.8865,36.2542],[-104.9937,36.2005],[-104.9921,36.1501],[-105.0437,36.1433],[-105.0423,36.1764],[-105.0765,36.2204],[-105.1093,36.1928],[-105.1067,36.1335],[-105.1354,36.0908],[-105.1803,36.086],[-105.196,36.0263],[-105.2235,35.9994],[-105.2446,35.9521],[-105.2005,35.9359],[-105.1904,35.907],[-105.2326,35.8588],[-105.2368,35.8077],[-105.2694,35.7352],[-105.2584,35.6924],[-105.264,35.6297],[-105.2354,35.5707],[-105.2359,35.5326],[-105.3088,35.5411],[-105.3368,35.497],[-105.3282,35.4708],[-105.3543,35.4174],[-105.4358,35.4347],[-105.5236,35.4289],[-105.4991,35.3909],[-105.5125,35.3557],[-105.4709,35.2967],[-105.4885,35.2875],[-105.5645,35.3022],[-105.62,35.3642],[-105.6568,35.4363],[-105.6967,35.4648],[-105.7796,35.5405],[-105.829,35.5052],[-105.8529,35.5035],[-105.8842,35.4607],[-105.8584,35.3898],[-105.8981,35.3257],[-105.8959,35.2558],[-105.9617,35.2626],[-106.0186,35.291],[-106.087,35.2782],[-106.117,35.2682],[-106.181,35.174],[-106.2802,35.1588],[-106.2738,35.1287],[-106.234,35.1347],[-106.211,35.0814],[-106.1777,35.0621],[-106.1329,35.0063],[-106.1351,34.926],[-106.1688,34.8481],[-106.1909,34.8326],[-106.2433,34.7476],[-106.3078,34.7254],[-106.3439,34.6374],[-106.3446,34.5595],[-106.3193,34.5323],[-106.3425,34.4923],[-106.4176,34.4361],[-106.4615,34.3927],[-106.4849,34.3401],[-106.5568,34.2878],[-106.6622,34.2739],[-106.6894,34.2201],[-106.7024,34.1651],[-106.7317,34.11],[-106.7203,34.0789],[-106.6795,34.0669],[-106.6337,34.0817],[-106.5682,34.063],[-106.5258,34.1021],[-106.421,34.1647],[-106.3917,34.1708],[-106.3601,34.1509],[-106.3367,34.039],[-106.2923,33.9794],[-106.2766,33.8332],[-106.2638,33.7911],[-106.2004,33.7383],[-106.1617,33.717],[-106.1271,33.7203],[-106.1237,33.7723],[-106.0791,33.8093],[-106.0567,33.8467],[-105.9736,33.8483],[-105.9204,33.8331],[-105.8649,33.8013],[-105.812,33.802],[-105.7809,33.8943],[-105.7477,33.9223],[-105.6508,33.9686],[-105.5678,33.9509],[-105.5418,33.9001],[-105.5731,33.8367],[-105.5594,33.7626],[-105.5113,33.6955],[-105.4126,33.6951],[-105.379,33.7279],[-105.335,33.704],[-105.2829,33.7016],[-105.2192,33.6842],[-105.1675,33.6334],[-105.1517,33.566],[-105.1738,33.4818],[-105.2282,33.4101],[-105.307,33.3902],[-105.2663,33.3699],[-105.2223,33.3253],[-105.1941,33.2196],[-105.1939,33.1817],[-105.1552,33.0839],[-105.1847,33.0413],[-105.1743,32.9993],[-105.1819,32.8988],[-105.2533,32.8089],[-105.2462,32.7563],[-105.1976,32.7287],[-105.1433,32.7134],[-105.0918,32.6469],[-105.0553,32.6407],[-104.9776,32.7025],[-104.9051,32.7186],[-104.8722,32.7095],[-104.8367,32.7311],[-104.7754,32.7487],[-104.81,32.8152],[-104.8355,32.8253],[-104.8141,32.8647],[-104.7433,32.9556],[-104.6601,32.9635],[-104.5864,33.0027],[-104.5827,33.0495],[-104.6124,33.0661],[-104.6622,33.0582],[-104.6961,33.0795],[-104.6879,33.131],[-104.712,33.1939],[-104.7124,33.244],[-104.762,33.2698],[-104.766,33.329],[-104.7429,33.3629],[-104.6806,33.4019],[-104.6215,33.4612],[-104.6138,33.5509],[-104.591,33.5924],[-104.6399,33.7091],[-104.6137,33.7607],[-104.5478,33.7867],[-104.4829,33.7966],[-104.3947,33.7693],[-104.3615,33.7778],[-104.3067,33.8285],[-104.2587,33.819],[-104.2326,33.7933],[-104.1869,33.7743],[-104.2128,33.7339],[-104.2295,33.661],[-104.1961,33.6311],[-104.0923,33.584],[-104.0088,33.5129],[-104.0049,33.4661],[-104.0355,33.4228],[-104.0033,33.3937],[-103.9674,33.3833],[-103.9954,33.3276],[-104.0533,33.2437],[-104.0716,33.1816],[-104.0385,33.1277],[-103.9718,33.1421],[-103.9545,33.0715],[-103.9907,33.0103],[-104.0173,32.9828],[-104.0365,32.9302],[-104.0143,32.8931],[-104.0428,32.7921],[-103.9437,32.7452],[-103.8939,32.7024],[-103.8089,32.6705],[-103.7899,32.6348],[-103.7558,32.6184],[-103.6564,32.6069],[-103.6949,32.5018],[-103.6676,32.4641],[-103.5749,32.4451],[-103.5452,32.4619],[-103.4927,32.4391],[-103.4655,32.4403],[-103.3861,32.4109],[-103.3392,32.4018],[-103.3063,32.3428],[-103.3092,32.3088],[-103.3715,32.2736],[-103.349,32.2206],[-103.299,32.1907],[-103.234,32.177],[-103.1602,32.1938],[-103.1176,32.1097],[-103.0897,32.0836],[-103.0786,32.0135],[-103.1073,31.967],[-103.082,31.927],[-103.0949,31.8925],[-103.0607,31.8606],[-103.0775,31.8139],[-103.0527,31.7929],[-103.0454,31.7415],[-103.0172,31.7208],[-102.9544,31.7193],[-102.9328,31.6917],[-102.9112,31.6152],[-102.8206,31.5405],[-102.8061,31.4977],[-102.8214,31.4515],[-102.8533,31.4232],[-102.8538,31.4007],[-102.7891,31.3621],[-102.7308,31.3728],[-102.6332,31.3681],[-102.5526,31.3467],[-102.4832,31.3407],[-102.4247,31.3491],[-102.3944,31.3674],[-102.3814,31.414],[-102.3421,31.4262],[-102.2488,31.4084],[-102.1289,31.3301],[-102.0265,31.2784],[-101.9925,31.247],[-101.9817,31.2141],[-102.0046,31.1764],[-102.0039,31.1141],[-101.9878,31.008],[-101.963,30.9885],[-101.9121,30.9868],[-101.8733,30.9661],[-101.8555,30.9196],[-101.8563,30.8788],[-101.8205,30.8228],[-101.8207,30.7602],[-101.7587,30.6593],[-101.7109,30.6644],[-101.6466,30.6373],[-101.6378,30.5606],[-101.6746,30.5158],[-101.6927,30.4656],[-101.7204,30.4567],[-101.7311,30.419],[-101.6969,30.399],[-101.6589,30.3513],[-101.7028,30.3379],[-101.7433,30.3031],[-101.7364,30.2779],[-101.6874,30.2565],[-101.653,30.2196],[-101.5538,30.1848],[-101.5003,30.1555],[-101.4933,30.1321],[-101.4275,30.1234],[-101.3809,30.1536],[-101.3367,30.1633],[-101.2942,30.1311],[-101.2711,30.0937],[-101.2775,30.0691],[-101.215,29.9631],[-101.153,29.9078],[-101.1235,29.867],[-101.0736,29.8349],[-101.072,29.7897],[-101.0845,29.7458],[-101.0096,29.6527],[-100.942,29.6518],[-100.9351,29.6203],[-100.9723,29.5686],[-100.9647,29.5253],[-100.8845,29.5182],[-100.8785,29.4805],[-100.9192,29.4755],[-100.9302,29.4461],[-100.9292,29.3881],[-100.9629,29.3528],[-101.0066,29.366],[-101.0566,29.4403],[-101.1342,29.4536],[-101.2379,29.4857],[-101.3172,29.4857],[-101.3246,29.454],[-101.3568,29.4439],[-101.3871,29.393],[-101.4094,29.3764],[-101.4074,29.3358],[-101.4612,29.2727],[-101.4488,29.2038],[-101.4217,29.2128],[-101.3726,29.2051],[-101.3758,29.1758],[-101.3526,29.1342],[-101.3163,29.1591],[-101.2797,29.1499],[-101.2664,29.1086],[-101.3323,29.0902],[-101.2633,29.0331],[-101.2384,29.0392],[-101.2173,29.0054],[-101.2671,28.9505],[-101.2754,28.9154],[-101.3025,28.887],[-101.3547,28.9184],[-101.3612,28.9573],[-101.4337,28.9789],[-101.3912,29.0185],[-101.4532,29.017],[-101.5229,28.9882],[-101.6275,28.9821],[-101.6891,28.9609],[-101.7633,28.9677],[-101.8145,28.9819],[-101.804,29.0111],[-101.7655,29.0093],[-101.744,29.0462],[-101.6955,29.0718],[-101.6392,29.0504],[-101.6128,29.028],[-101.5443,29.0307],[-101.5321,29.0735],[-101.6299,29.1037],[-101.6667,29.1084],[-101.7054,29.0855],[-101.7534,29.1027],[-101.7743,29.0727],[-101.7628,29.0247],[-101.8099,29.018],[-101.8352,28.9892],[-101.924,29.0176],[-101.9177,28.9888],[-101.8834,28.9792],[-101.8921,28.9302],[-101.8782,28.8648],[-101.9281,28.8648],[-101.9935,28.8412],[-102.0329,28.8062],[-102.0168,28.7737],[-102.0747,28.7521],[-102.1398,28.8205],[-102.2077,28.7922],[-102.1985,28.7669],[-102.1528,28.7959],[-102.126,28.7829],[-102.1304,28.7404],[-102.0685,28.7075],[-102.0177,28.7419],[-101.9851,28.7347],[-102.0211,28.6515],[-102.026,28.6151],[-102.0013,28.5474],[-101.9544,28.5171],[-101.9631,28.471],[-101.905,28.4604],[-101.9341,28.5148],[-101.8838,28.503],[-101.8819,28.4706],[-101.8361,28.4405],[-101.7551,28.4269],[-101.7182,28.3648],[-101.7286,28.3258],[-101.6784,28.3023],[-101.7119,28.2644],[-101.6613,28.236],[-101.6932,28.2094],[-101.7553,28.2093],[-101.7801,28.1979],[-101.764,28.1594],[-101.7977,28.1392],[-101.8095,28.1006],[-101.7906,28.079],[-101.8455,28.0393],[-101.8815,28.0369],[-101.885,28.0003],[-101.8219,27.9963],[-101.7902,27.9764],[-101.7933,27.933],[-101.7749,27.9031],[-101.5568,27.8485],[-101.5171,27.8277],[-101.4753,27.8366],[-101.4314,27.8646],[-101.407,27.8337],[-101.4316,27.7967],[-101.4206,27.7098],[-101.4064,27.6599],[-101.4208,27.6274],[-101.4665,27.6293],[-101.5103,27.604],[-101.4586,27.5297],[-101.4322,27.516],[-101.3397,27.5176],[-101.3236,27.4686],[-101.2891,27.445],[-101.27,27.4087],[-101.2344,27.4031],[-101.1687,27.3394],[-101.1364,27.2967],[-101.1141,27.2948],[-101.0646,27.2493],[-101.0189,27.2581],[-100.9827,27.2181],[-100.9372,27.1907],[-100.9414,27.1726],[-100.872,27.0807],[-100.7952,27.0548],[-100.7495,27.0699],[-100.6985,27.1139],[-100.6782,27.1156],[-100.6473,27.0574],[-100.6862,27.0087],[-100.6938,26.9472],[-100.7258,26.9297],[-100.7215,26.8921],[-100.6952,26.8928],[-100.6865,26.8474],[-100.5577,26.7794],[-100.5458,26.7494],[-100.5055,26.7373],[-100.5533,26.7023],[-100.587,26.6636],[-100.5863,26.6328],[-100.5397,26.5672],[-100.53,26.5297],[-100.4448,26.4092],[-100.446,26.3306],[-100.4219,26.2224],[-100.4445,26.2276],[-100.5133,26.3411],[-100.5179,26.3865],[-100.5016,26.4081],[-100.5366,26.4374],[-100.5721,26.4123],[-100.5373,26.3667],[-100.463,26.24],[-100.4672,26.2183],[-100.4304,26.1754],[-100.4507,26.1529],[-100.4868,26.1695],[-100.5492,26.1637],[-100.5702,26.1783],[-100.6116,26.1642],[-100.6546,26.1872],[-100.6514,26.0955],[-100.6174,26.0644],[-100.5322,26.0393],[-100.4835,25.9908],[-100.5599,25.9796],[-100.5272,25.9349],[-100.5898,25.89],[-100.63,25.8867],[-100.6603,25.8679],[-100.6018,25.8371],[-100.5382,25.8343],[-100.4904,25.7931],[-100.5345,25.7907],[-100.5319,25.7544],[-100.597,25.7567],[-100.6203,25.7306],[-100.5594,25.7093],[-100.6112,25.6802],[-100.5226,25.669],[-100.3987,25.6407],[-100.317,25.5982],[-100.2717,25.563],[-100.2555,25.5852],[-100.2484,25.6429],[-100.2016,25.6161],[-100.2041,25.5762],[-100.1536,25.5303],[-100.1488,25.5067],[-100.0721,25.406],[-100.0608,25.3523],[-100.0739,25.2626],[-100.0215,25.2194],[-100.0029,25.1901],[-99.949,25.1895],[-99.9631,25.1052],[-99.9275,25.0875],[-99.919,25.0538],[-99.8774,25.0324],[-99.899,24.9819],[-99.8744,24.9634],[-99.8661,24.917],[-99.8269,24.9347],[-99.7766,24.8396],[-99.7336,24.849],[-99.7383,24.8019],[-99.7041,24.697],[-99.6828,24.6567],[-99.6975,24.6097],[-99.6439,24.6044],[-99.6386,24.5635],[-99.6621,24.5221],[-99.6405,24.5018],[-99.6559,24.4729],[-99.6246,24.4425],[-99.5772,24.4273],[-99.5559,24.397],[-99.5842,24.3648],[-99.5784,24.292],[-99.6247,24.2536],[-99.6133,24.2199],[-99.6424,24.1976],[-99.6489,24.1641],[-99.5904,24.1051],[-99.5526,24.1191],[-99.5633,24.0693],[-99.5499,24.0419],[-99.5103,24.0404],[-99.4938,24.0801],[-99.5082,24.1057],[-99.4924,24.1609],[-99.4294,24.1381],[-99.4061,24.1123],[-99.4111,24.0507],[-99.4009,24.0133],[-99.3447,24],[-99.0521,24],[-99.0403,24.0317],[-99.1086,24.032],[-99.1534,24.0183],[-99.1735,24.0577],[-99.2143,24.1026],[-99.2178,24.122],[-99.2761,24.1784],[-99.3082,24.2679],[-99.3306,24.2901],[-99.3454,24.3448],[-99.2843,24.4301],[-99.3053,24.4749],[-99.3603,24.5085],[-99.4557,24.5109],[-99.5247,24.5419],[-99.5183,24.5681],[-99.4552,24.5345],[-99.3602,24.5721],[-99.3429,24.5409],[-99.3002,24.5375],[-99.2787,24.5698],[-99.2321,24.5682],[-99.2765,24.528],[-99.2561,24.5068],[-99.211,24.5269],[-99.1845,24.5601],[-99.1381,24.5439],[-99.0804,24.502],[-99.0366,24.5049],[-98.9934,24.4823],[-99.0825,24.4439],[-99.0663,24.4109],[-99.0251,24.4374],[-99.0034,24.4289],[-99.007,24.3527],[-98.9672,24.3583],[-98.977,24.3176],[-98.9477,24.2934],[-98.9196,24.3093],[-98.9301,24.4212],[-98.9488,24.4742],[-98.8995,24.4624],[-98.8781,24.4375],[-98.8084,24.4025],[-98.7793,24.4192],[-98.7106,24.3407],[-98.6773,24.3227],[-98.6459,24.3511],[-98.5971,24.3556],[-98.5372,24.3307],[-98.4803,24.2659],[-98.4145,24.2418],[-98.3778,24.241],[-98.3446,24.2584],[-98.2944,24.171],[-98.2152,24.1655],[-98.2368,24.1361],[-98.2129,24.0311],[-98.1473,24.0059],[-98.066,24.0085],[-98.0101,24.028],[-97.9713,24.0679],[-97.9103,24.09],[-97.8418,24.0938],[-97.8108,24.073],[-97.7838,24.0781],[-97.7485,24.3116],[-97.7549,24.341],[-97.7474,24.4381],[-97.7918,24.4113],[-97.8264,24.4114],[-97.8554,24.4463],[-97.8607,24.517],[-97.8321,24.543],[-97.7736,24.5448],[-97.7735,24.5013],[-97.7432,24.4832],[-97.71,24.654],[-97.7393,24.6735],[-97.7191,24.7241],[-97.736,24.8464],[-97.6774,24.8817],[-97.6646,24.9282],[-97.7009,24.9557],[-97.7522,24.9763],[-97.71,25.0795],[-97.7123,25.1372],[-97.6907,25.1843],[-97.7261,25.2467],[-97.712,25.3232],[-97.7317,25.382],[-97.7002,25.4016],[-97.6288,25.3583],[-97.6174,25.3134],[-97.582,25.3105],[-97.5675,25.2761],[-97.5349,25.2875],[-97.5571,25.3162],[-97.5456,25.3711],[-97.5162,25.4114],[-97.5666,25.4328],[-97.5289,25.4616],[-97.4348,25.4193],[-97.4173,25.3865],[-97.4411,25.3534],[-97.4187,25.3035],[-97.5106,25.0964],[-97.3276,25.4182],[-97.2861,25.4683],[-97.246,25.54],[-97.1783,25.7034],[-97.1581,25.897],[-97.1448,25.9722],[-97.1538,26.014],[-97.2108,25.9903],[-97.2521,26.0015],[-97.2278,26.0323],[-97.2365,26.0657],[-97.296,26.1076],[-97.285,26.1273],[-97.3078,26.1576],[-97.2965,26.2016],[-97.3295,26.2251],[-97.3542,26.3301],[-97.4011,26.3643],[-97.4109,26.4146],[-97.4358,26.4697],[-97.4257,26.5578],[-97.47,26.7493],[-97.5337,26.8224],[-97.5606,26.8396],[-97.5402,26.9064],[-97.5651,26.9641],[-97.5564,26.9941],[-97.4801,27.0054],[-97.4788,27.066],[-97.4964,27.0911],[-97.451,27.1216],[-97.4537,27.158],[-97.4383,27.1835],[-97.4232,27.2624],[-97.4437,27.2637],[-97.5462,27.2294],[-97.6286,27.2423],[-97.6907,27.3331],[-97.7159,27.4069],[-97.6618,27.3601],[-97.6087,27.2854],[-97.5336,27.34],[-97.4913,27.3928],[-97.485,27.3347],[-97.5405,27.2813],[-97.5086,27.2744],[-97.4712,27.3041],[-97.412,27.3223],[-97.3684,27.4128],[-97.3668,27.44],[-97.3201,27.5711],[-97.2543,27.6968],[-97.3083,27.71],[-97.3748,27.7489],[-97.3929,27.7869],[-97.3877,27.8403],[-97.4771,27.8257],[-97.4624,27.8613],[-97.3377,27.8832],[-97.3087,27.8738],[-97.2508,27.8767],[-97.2205,27.8368],[-97.1883,27.8241],[-97.1299,27.9128],[-97.0345,28.0448],[-97.033,28.0937],[-97.0992,28.0778],[-97.1518,28.0347],[-97.2205,28.0786],[-97.1691,28.1308],[-97.1836,28.1612],[-97.1499,28.1739],[-97.1363,28.1439],[-97.0288,28.1907],[-97.0232,28.1487],[-96.9583,28.1225],[-96.9319,28.1237],[-96.9079,28.1515],[-96.8004,28.2246],[-96.7883,28.2576],[-96.8084,28.2949],[-96.7917,28.3132],[-96.7911,28.358],[-96.857,28.4079],[-96.8382,28.4331],[-96.7807,28.4],[-96.7645,28.4111],[-96.7088,28.4076],[-96.7013,28.3602],[-96.6554,28.3506],[-96.5956,28.3561],[-96.4307,28.4332],[-96.4125,28.4614],[-96.5108,28.5304],[-96.5239,28.5567],[-96.6099,28.5963],[-96.6108,28.6394],[-96.6649,28.6954],[-96.6441,28.7118],[-96.5857,28.7251],[-96.5737,28.666],[-96.5582,28.6453],[-96.5091,28.6396],[-96.4835,28.6109],[-96.4567,28.6359],[-96.4221,28.5992],[-96.3943,28.6337],[-96.4196,28.6465],[-96.4222,28.6769],[-96.3607,28.6607],[-96.3461,28.635],[-96.3044,28.6464],[-96.3051,28.6687],[-96.2613,28.6809],[-96.1994,28.7126],[-96.1812,28.707],[-96.2156,28.6519],[-96.235,28.6005],[-96.2257,28.5794],[-96.039,28.6525],[-95.985,28.6409],[-95.9742,28.616],[-95.9769,28.5972],[-95.8138,28.6645],[-95.9594,28.6253],[-95.9235,28.7015],[-95.8862,28.7181],[-95.7775,28.7495],[-95.7364,28.737],[-95.6749,28.7583],[-95.6535,28.75],[-95.44,28.8598],[-95.3841,28.8649],[-95.3696,28.8838],[-95.2943,28.9372],[-95.2107,29.0094],[-95.2191,29.0483],[-95.1854,29.0741],[-95.1478,29.1798],[-95.0978,29.1765],[-95.0372,29.2116],[-94.9866,29.2736],[-94.9375,29.3137],[-94.8924,29.314],[-94.8918,29.4334],[-94.9544,29.4696],[-94.9137,29.4965],[-94.9814,29.5128],[-95.0183,29.5549],[-94.9829,29.6012],[-95.0158,29.6381],[-94.9658,29.7005],[-94.9434,29.6986],[-94.9082,29.6556],[-94.8728,29.6715],[-94.8497,29.7233],[-94.8141,29.7589],[-94.7412,29.7868],[-94.7239,29.759],[-94.6891,29.7513],[-94.6895,29.6968],[-94.7061,29.6285],[-94.7536,29.5611],[-94.7605,29.5244],[-94.6858,29.5377],[-94.5457,29.5717],[-94.4982,29.5443],[-94.4991,29.506],[-94.1326,29.6462],[-94.0014,29.6815],[-93.8585,29.6742],[-93.819,29.7041],[-93.7456,29.7359],[-93.6746,29.7484],[-93.4857,29.7687],[-93.3448,29.7628],[-93.239,29.7784],[-93.1231,29.7584],[-92.9463,29.7037],[-92.7402,29.6158],[-92.6163,29.5787],[-92.3976,29.5508],[-92.3094,29.533],[-92.2595,29.5368],[-92.2126,29.5625],[-92.1337,29.5844],[-92.1059,29.6204],[-92.1329,29.6608],[-92.1026,29.7004],[-92.1662,29.7022],[-92.1993,29.7251],[-92.2016,29.7537],[-92.1075,29.7444],[-92.1086,29.8009],[-92.0615,29.8586],[-92.0133,29.8531],[-91.9898,29.9172],[-91.9476,29.9246],[-91.9177,29.9476],[-91.8736,29.9319],[-91.6837,29.8431],[-91.6428,29.8799],[-91.6906,29.9184],[-91.7959,29.9776],[-91.8309,30.0283],[-91.8609,30.0417],[-91.9138,30.1545],[-91.9737,30.1698],[-91.9855,30.1986],[-91.9677,30.2247],[-91.9929,30.2605],[-91.9989,30.3131],[-91.9806,30.4121],[-92.0592,30.4381],[-92.074,30.4723],[-92.0424,30.497],[-92.0365,30.5766],[-92.0732,30.6481],[-92.106,30.6659],[-92.0993,30.695],[-92.1493,30.7118],[-92.2143,30.7691],[-92.2937,30.7986],[-92.3348,30.7653],[-92.3857,30.7778],[-92.3953,30.7527],[-92.4308,30.7374],[-92.4955,30.7279],[-92.5419,30.607],[-92.5884,30.5868],[-92.627,30.5877],[-92.719,30.6637],[-92.7757,30.6442],[-92.7856,30.6045],[-92.8384,30.5637],[-92.8548,30.5107],[-92.8987,30.4999],[-93.0314,30.4187],[-93.0788,30.3665],[-93.1127,30.2916],[-93.1614,30.2854],[-93.223,30.2211],[-93.2654,30.2019],[-93.2828,30.2149],[-93.2792,30.2783],[-93.3167,30.2694],[-93.4159,30.2899],[-93.481,30.2855],[-93.5051,30.2515],[-93.5566,30.2495],[-93.6198,30.2268],[-93.6155,30.1928],[-93.6581,30.1331],[-93.6989,30.1363],[-93.7283,30.1112],[-93.7622,30.1578],[-93.7939,30.178],[-93.8137,30.2225],[-93.8727,30.1957],[-93.8986,30.1602],[-93.9751,30.1739],[-94.0072,30.1924],[-94.0384,30.1728],[-94.0364,30.1305],[-94.0935,30.0778],[-94.1007,30.1208],[-94.1629,30.1677],[-94.2426,30.1509],[-94.2686,30.1214],[-94.3176,30.0979],[-94.376,30.0976],[-94.4168,30.0817],[-94.4585,30.0424],[-94.5306,30.0236],[-94.5556,30.0028],[-94.5873,30.0071],[-94.6416,30.0725],[-94.6549,30.1268],[-94.6956,30.1913],[-94.7342,30.1855],[-94.7469,30.1235],[-94.7401,30.0319],[-94.7164,29.9939],[-94.7125,29.942],[-94.7223,29.9085],[-94.7831,29.8877],[-94.8175,29.9113],[-94.8552,30.0374],[-94.8782,30.0476],[-94.9051,30.0902],[-94.9132,30.1528],[-94.9504,30.1749],[-95.0476,30.1157],[-95.083,30.0653],[-95.1031,29.9914],[-95.1107,29.9086],[-95.176,29.8998],[-95.2179,29.9137],[-95.2677,29.9551],[-95.2903,30.0034],[-95.3609,30.0651],[-95.4379,30.0918],[-95.4797,30.0871],[-95.5818,30.1214],[-95.6458,30.1018],[-95.7627,30.0838],[-95.8102,30.0861],[-95.842,30.1262],[-95.8921,30.1401],[-95.9898,30.1309],[-96.1082,30.0683],[-96.1285,30.0324],[-96.115,29.9854],[-96.1549,29.9768],[-96.1676,29.9513],[-96.1273,29.9204],[-96.1413,29.8643],[-96.3436,29.8557],[-96.3993,29.7776],[-96.4007,29.6999],[-96.4461,29.6613],[-96.5121,29.6547],[-96.5528,29.6683],[-96.586,29.6485],[-96.543,29.6188],[-96.5946,29.5622],[-96.6026,29.5042],[-96.5888,29.46],[-96.654,29.4224],[-96.6789,29.3688],[-96.6771,29.2921],[-96.7208,29.2011],[-96.7245,29.1352],[-96.7473,29.0821],[-96.8021,29.0918],[-96.8496,29.08],[-96.8911,29.096],[-96.9215,29.1279],[-96.9803,29.087],[-97.0868,29.066],[-97.1172,29.0531],[-97.1046,29.005],[-97.1141,28.973],[-97.1607,28.9407],[-97.1443,28.8643],[-97.1598,28.8351],[-97.1477,28.7832],[-97.1096,28.759],[-97.1065,28.7362],[-97.1521,28.7119],[-97.2152,28.697],[-97.2932,28.6998],[-97.2882,28.6718],[-97.304,28.6332],[-97.3365,28.6118],[-97.3809,28.6238],[-97.4799,28.6116],[-97.4873,28.5942],[-97.4296,28.5568],[-97.4212,28.5214],[-97.3709,28.534],[-97.3546,28.5205],[-97.3719,28.475],[-97.3948,28.4541],[-97.4367,28.4461],[-97.4641,28.4188],[-97.558,28.4283],[-97.6079,28.3975],[-97.6804,28.4022],[-97.7086,28.391],[-97.6988,28.3297],[-97.7112,28.3066],[-97.7738,28.281],[-97.8509,28.3218],[-97.8917,28.3111],[-97.8863,28.2483],[-97.9908,28.2784],[-98.0642,28.3208],[-98.1003,28.4307],[-98.1599,28.4586],[-98.1826,28.4903],[-98.2068,28.5676],[-98.1945,28.6117],[-98.2466,28.7214],[-98.2972,28.7641],[-98.3237,28.8144],[-98.3283,28.8847],[-98.3606,28.9254],[-98.4021,28.9415],[-98.4713,28.9376],[-98.5685,28.9188],[-98.6253,28.9161],[-98.6746,28.938],[-98.7083,28.9982],[-98.7154,29.0467],[-98.7966,29.0849],[-98.8467,29.1348],[-98.8479,29.1819],[-98.8213,29.227],[-98.7939,29.2492],[-98.7022,29.2126],[-98.644,29.2075],[-98.4699,29.2156],[-98.4146,29.2137],[-98.3529,29.2291],[-98.3131,29.2591],[-98.2616,29.3376],[-98.2109,29.3518],[-98.1058,29.4028],[-98.0477,29.5002],[-97.9869,29.5415],[-97.8696,29.5555],[-97.8584,29.5764],[-97.8966,29.6225],[-97.8958,29.6613],[-97.8633,29.6922],[-97.7941,29.7106],[-97.7218,29.7044],[-97.7072,29.7198],[-97.7089,29.7954],[-97.6816,29.8117],[-97.6031,29.766],[-97.5677,29.7744],[-97.5684,29.8395],[-97.605,29.9027],[-97.6174,29.9435],[-97.6278,30.0426],[-97.6213,30.0673],[-97.5472,30.127],[-97.5114,30.1824],[-97.5102,30.2219],[-97.5432,30.2629],[-97.5368,30.3024],[-97.4764,30.3078],[-97.4184,30.2867],[-97.3742,30.3335],[-97.3369,30.4078],[-97.3056,30.4418],[-97.1925,30.5338],[-97.1397,30.6088],[-97.0359,30.7233],[-96.9782,30.7962],[-96.895,30.8528],[-96.8936,30.8706],[-96.9292,30.9243],[-96.9124,30.9564],[-96.8444,31.0231],[-96.7942,31.1163],[-96.7273,31.1752],[-96.6829,31.2686],[-96.6428,31.2948],[-96.5671,31.4137],[-96.4731,31.5463],[-96.446,31.6318],[-96.4194,31.6648],[-96.4091,31.7198],[-96.3516,31.7971],[-96.3241,31.8476],[-96.2798,31.8954],[-96.2915,31.9464],[-96.2304,31.9892],[-96.2208,32.0506],[-96.187,32.1194],[-96.19,32.1512],[-96.2668,32.2078],[-96.3592,32.2421],[-96.3991,32.2751],[-96.3912,32.2976],[-96.4555,32.3327],[-96.4755,32.3874],[-96.5355,32.4366],[-96.5044,32.508],[-96.4245,32.4889],[-96.3856,32.4977],[-96.3429,32.4594],[-96.3284,32.4289],[-96.2936,32.4052],[-96.2492,32.3993],[-96.1987,32.4236],[-96.178,32.4601],[-96.1783,32.505],[-96.1393,32.5597],[-96.1997,32.6201],[-96.1467,32.7465],[-96.1711,32.7719],[-96.1961,32.8336],[-96.2722,32.8435],[-96.2736,32.8892],[-96.2484,32.9063],[-96.2217,32.9703],[-96.1621,32.9943],[-96.0919,33.0871],[-96.0835,33.1553],[-96.0259,33.1625],[-95.9865,33.1321],[-95.9607,33.0947],[-95.9545,33.0582],[-95.9197,33.0357],[-95.8589,33.0875],[-95.7723,33.1078],[-95.6834,33.189],[-95.6373,33.2149],[-95.6017,33.2195],[-95.594,33.25],[-95.534,33.3218],[-95.5331,33.3793],[-95.4895,33.4155],[-95.4973,33.4576],[-95.4654,33.4753],[-95.4133,33.454],[-95.364,33.4498],[-95.3243,33.4677],[-95.2674,33.4516],[-95.2066,33.4649],[-95.175,33.5011],[-95.1963,33.5313],[-95.2437,33.5678],[-95.283,33.5796],[-95.3439,33.6388],[-95.3916,33.6609],[-95.4232,33.6432],[-95.6322,33.6533],[-95.6045,33.7633],[-95.6882,33.7591],[-95.7606,33.7014],[-95.8401,33.7107],[-95.9163,33.6915],[-96.0564,33.6444],[-96.1441,33.6378],[-96.206,33.6179],[-96.2248,33.6345],[-96.3055,33.6431],[-96.3397,33.6215],[-96.4009,33.6688],[-96.4464,33.6767],[-96.4599,33.6965],[-96.538,33.6915],[-96.6169,33.7342],[-96.6814,33.7905],[-96.6774,33.8599],[-96.6531,33.9099],[-96.5957,33.9218],[-96.5714,33.9773],[-96.5024,34.0203],[-96.4286,34.0334],[-96.3649,34.0216],[-96.3449,34.0489],[-96.2956,34.0338],[-96.2605,34.0829],[-96.1863,34.0647],[-96.1571,33.9871],[-96.1341,34.0279],[-96.1408,34.0493],[-96.0859,34.0915],[-96.1489,34.1208],[-96.1626,34.1556],[-96.3355,34.1911],[-96.4052,34.1836],[-96.5137,34.2334],[-96.5594,34.2835],[-96.5203,34.3246],[-96.4842,34.2904],[-96.3677,34.2449],[-96.3597,34.2974],[-96.4005,34.3211],[-96.4123,34.3942],[-96.3627,34.4683],[-96.403,34.5052],[-96.4756,34.4976],[-96.5055,34.5424],[-96.5712,34.5522],[-96.6441,34.5972],[-96.6533,34.6361],[-96.62,34.6603],[-96.5634,34.6607],[-96.5461,34.6827],[-96.5776,34.7026],[-96.6586,34.7321],[-96.6151,34.7983],[-96.5745,34.8298],[-96.4238,34.8781],[-96.3761,34.9069],[-96.3346,34.9993],[-96.1801,35.0468],[-96.1371,35.1163],[-96.1016,35.1888],[-96.0713,35.2225],[-96.0138,35.2219],[-95.8934,35.29],[-95.8477,35.3234],[-95.8015,35.29],[-95.7551,35.3219],[-95.7168,35.3649],[-95.5567,35.3149],[-95.5325,35.2821],[-95.4504,35.3141],[-95.3986,35.3134],[-95.3181,35.2924],[-95.276,35.333],[-95.2251,35.3529],[-95.2126,35.3969],[-95.1709,35.4641],[-95.162,35.539],[-95.199,35.5445],[-95.2626,35.5814],[-95.2094,35.5951],[-95.1709,35.6266],[-95.1408,35.674],[-95.1588,35.7078],[-95.2027,35.6863],[-95.2888,35.6762],[-95.2784,35.7325],[-95.2013,35.7595],[-95.2002,35.8036],[-95.2747,35.8156],[-95.2969,35.8352],[-95.2477,35.8693],[-95.2775,35.9551],[-95.2501,36.0085],[-95.2954,36.0351],[-95.257,36.0787],[-95.2731,36.1511],[-95.2627,36.1869],[-95.2149,36.2447],[-95.1958,36.3234],[-95.159,36.3744],[-95.1791,36.4411],[-95.1417,36.4933],[-95.1422,36.5477],[-95.1283,36.5817],[-95.0919,36.5951],[-95.0396,36.5804],[-95.0087,36.591],[-94.8706,36.6803],[-94.8506,36.6796],[-94.8216,36.7275],[-94.8151,36.7833],[-94.7865,36.831],[-94.7633,36.9046],[-94.763,36.9609],[-94.7331,37.0015],[-94.7277,37.0743],[-94.6788,37.1502],[-94.6213,37.152],[-94.6132,37.205],[-94.5825,37.2611],[-94.5736,37.3061],[-94.5427,37.3154],[-94.4878,37.3038],[-94.3945,37.3089],[-94.3591,37.3477],[-94.2835,37.3613],[-94.2468,37.3521],[-94.1956,37.3923],[-94.1454,37.3912],[-94.1738,37.4308],[-94.1759,37.4666],[-94.1438,37.4673],[-94.0598,37.4191],[-93.9947,37.4356],[-94.0016,37.5852],[-93.966,37.6241],[-93.9311,37.7142],[-93.9874,37.7101],[-94.0002,37.6738],[-94.0332,37.6629],[-94.0617,37.6902],[-94.051,37.7162],[-93.9948,37.7336],[-93.9521,37.7938],[-93.9577,37.8265],[-93.8943,37.8555],[-93.8705,37.8978],[-93.8221,37.9408],[-93.7622,37.969],[-93.7785,37.9967],[-93.8315,37.9601],[-93.8871,37.9877],[-93.8836,38.0142],[-93.9395,38.0618],[-93.8411,38.1232],[-93.8254,38.0869],[-93.7747,38.0535],[-93.7634,38.0804],[-93.7917,38.111],[-93.731,38.1196],[-93.7013,38.1055],[-93.6623,38.1472],[-93.666,38.1828],[-93.5906,38.2185],[-93.6232,38.2567],[-93.603,38.307],[-93.5714,38.2869],[-93.5155,38.2962],[-93.5343,38.3454],[-93.4622,38.3744],[-93.406,38.3696],[-93.3986,38.4054],[-93.3642,38.4067],[-93.3549,38.3604],[-93.3759,38.3251],[-93.3243,38.3078],[-93.2716,38.365],[-93.3135,38.387],[-93.2982,38.4306],[-93.2174,38.4441],[-93.0956,38.4806],[-93.1525,38.5],[-93.1668,38.5636],[-93.1497,38.5869],[-93.1814,38.6188],[-93.2055,38.6097],[-93.2516,38.6301],[-93.2671,38.6696],[-93.1967,38.6813],[-93.1248,38.6576],[-93.0819,38.6553],[-93.0285,38.6766],[-93.0525,38.7268],[-93.1028,38.7207],[-93.14,38.739],[-93.1429,38.7655],[-93.205,38.773],[-93.2057,38.7446],[-93.2865,38.7462],[-93.2884,38.771],[-93.2382,38.8068],[-93.2419,38.8329],[-93.1561,38.8229],[-93.1358,38.8742],[-93.1971,38.8708],[-93.2654,38.9277],[-93.2382,39.0292],[-93.186,39.0148],[-93.107,39.0189],[-93.0395,38.9949],[-93.0016,39.0088],[-92.9974,39.079],[-92.9647,39.1244],[-92.8942,39.1548],[-92.8346,39.1536],[-92.7371,39.1923],[-92.6919,39.2543],[-92.5978,39.3059],[-92.5319,39.303],[-92.4987,39.2793],[-92.4534,39.2764],[-92.444,39.2407],[-92.4732,39.1525],[-92.4704,39.0872],[-92.4239,39.0419],[-92.3871,39.0468],[-92.3409,39.0035],[-92.331,38.9777],[-92.2629,38.9649],[-92.265,38.9289],[-92.3084,38.9201],[-92.2951,38.8674],[-92.2636,38.8286],[-92.2992,38.8152],[-92.3011,38.7773],[-92.2645,38.755],[-92.2052,38.7778],[-92.1531,38.821],[-92.1785,38.8443],[-92.1673,38.8725],[-92.1115,38.8813],[-92.069,38.8538],[-92.094,38.8226],[-92.0661,38.8002],[-92.0374,38.8637],[-92.0027,38.8657],[-91.9834,38.9338],[-91.9258,38.9465],[-91.9528,38.9804],[-91.9396,39.0022],[-91.8931,38.9841],[-91.8216,38.9745],[-91.8119,38.9332],[-91.773,38.9182],[-91.7391,38.8839],[-91.6714,38.9026],[-91.7216,38.9628],[-91.7348,39.0011],[-91.7763,39.0136],[-91.7788,39.0716],[-91.7157,39.0966],[-91.6701,39.0677],[-91.6407,39.0881],[-91.5962,39.0622],[-91.563,39.0609],[-91.5683,39.0171],[-91.5981,38.9892],[-91.5854,38.9669],[-91.5401,38.9684],[-91.5052,38.9238],[-91.5069,38.8848],[-91.4647,38.8742],[-91.3898,38.8769],[-91.2435,38.8243],[-91.2054,38.8235],[-91.1549,38.7923],[-91.1152,38.8036],[-91.0935,38.7782],[-91.039,38.7761],[-91.031,38.7162],[-91.0016,38.7224],[-90.9519,38.6728],[-90.9526,38.7325],[-90.9296,38.765],[-90.9818,38.8123],[-91.0553,38.8368],[-91.0775,38.8556],[-91.134,38.848],[-91.1555,38.8219],[-91.1976,38.8582],[-91.1936,38.8919],[-91.1584,38.8947],[-91.113,38.9294],[-91.1092,38.9569],[-91.0624,38.9543],[-91.0226,38.9272],[-90.9549,38.903],[-90.9122,38.9285],[-90.9287,38.9803],[-90.9648,38.9923],[-91.0412,38.9947],[-91.2,38.9618],[-91.2431,38.8919],[-91.2718,38.9322],[-91.2556,38.9555],[-91.2983,38.9927],[-91.2893,39.0446],[-91.3399,39.032],[-91.379,39.109],[-91.4273,39.0916],[-91.4751,39.0926],[-91.4925,39.1268],[-91.3987,39.1765],[-91.3136,39.1136],[-91.2881,39.1165],[-91.2432,39.0794],[-91.1797,39.0735],[-91.2411,39.1331],[-91.2442,39.1588],[-91.3187,39.1641],[-91.3709,39.1945],[-91.3575,39.233],[-91.4089,39.2692],[-91.3729,39.3039],[-91.3387,39.2694],[-91.2953,39.2535],[-91.2679,39.2743],[-91.2079,39.2609],[-91.1852,39.2905],[-91.1532,39.2917],[-91.1272,39.2615],[-91.0754,39.2619],[-91.1107,39.3114],[-91.2083,39.3523],[-91.2364,39.3807],[-91.2871,39.3619],[-91.2958,39.4042],[-91.3331,39.4134],[-91.3894,39.3558],[-91.4175,39.3591],[-91.4621,39.4057],[-91.516,39.4269],[-91.5653,39.424],[-91.5431,39.4846],[-91.4984,39.4907],[-91.472,39.5191],[-91.3919,39.5591],[-91.4527,39.5622],[-91.5961,39.5176],[-91.621,39.477],[-91.6631,39.4466],[-91.668,39.4142],[-91.6446,39.393],[-91.6759,39.3695],[-91.7081,39.442],[-91.7783,39.4565],[-91.7776,39.3213],[-91.8453,39.3135],[-91.9066,39.3489],[-91.8488,39.382],[-91.8906,39.4398],[-91.9536,39.411],[-91.9912,39.4681],[-91.9797,39.504],[-91.9363,39.5666],[-92.0074,39.5874],[-91.9675,39.6198],[-91.9521,39.6572],[-91.884,39.6614],[-91.8711,39.6413],[-91.8775,39.5923],[-91.8392,39.5695],[-91.8361,39.5465],[-91.7864,39.5443],[-91.7851,39.5779],[-91.8174,39.6027],[-91.8037,39.6236],[-91.752,39.6035],[-91.7431,39.6291],[-91.6941,39.6098],[-91.5907,39.6558],[-91.5576,39.6366],[-91.5357,39.6715],[-91.4944,39.6755],[-91.5028,39.7339],[-91.6092,39.7176],[-91.6578,39.6846],[-91.6952,39.6911],[-91.7071,39.7247],[-91.7777,39.6784],[-91.796,39.7003],[-91.864,39.704],[-91.8594,39.7336],[-91.8233,39.7563],[-91.8645,39.8089],[-91.9484,39.8074],[-91.9857,39.831],[-91.9466,39.8612],[-91.9557,39.8991],[-91.9365,39.9354],[-91.8419,39.879],[-91.7432,39.876],[-91.6585,39.8329],[-91.6091,39.8666],[-91.6104,39.9053],[-91.5597,39.8917],[-91.5245,39.9343],[-91.5328,40.0047],[-91.5083,40.0212],[-91.5027,40.0633],[-91.5283,40.1523],[-91.5219,40.2154],[-91.572,40.2929],[-91.5854,40.3653],[-91.5721,40.4607],[-91.6091,40.4996],[-91.5593,40.51],[-91.5257,40.4614],[-91.5249,40.4108],[-91.3858,40.3924],[-91.3743,40.4851],[-91.3812,40.5256],[-91.4356,40.5152],[-91.4726,40.5483],[-91.449,40.6062],[-91.3551,40.6345],[-91.3019,40.6293],[-91.2526,40.6698],[-91.2507,40.7088],[-91.1865,40.7597],[-91.1499,40.7422],[-91.0991,40.7636],[-91.1056,40.844],[-91.0564,40.8997],[-91.0304,40.9993],[-91.0528,41.0744],[-91.0801,41.0965],[-91.2029,41.1299],[-91.2877,41.1874],[-91.2696,41.2133],[-91.2956,41.2509],[-91.3463,41.2721],[-91.4172,41.3527],[-91.4454,41.4002],[-91.5443,41.4889],[-91.5466,41.5498],[-91.5108,41.5773],[-91.5379,41.6243],[-91.4798,41.6483],[-91.4602,41.6407],[-91.4677,41.5936],[-91.4546,41.5424],[-91.3946,41.5222],[-91.3801,41.4741],[-91.3544,41.4636],[-91.3222,41.5141],[-91.2762,41.5266],[-91.2391,41.5579],[-91.175,41.5675],[-91.1047,41.5957],[-91.0778,41.5881],[-91.1045,41.5218],[-91.195,41.4607],[-91.1714,41.4269],[-91.2212,41.3521],[-91.1879,41.2777],[-91.1524,41.3016],[-91.1833,41.3621],[-91.1656,41.3958],[-91.1207,41.4137],[-91.0476,41.4118],[-90.9752,41.434],[-90.9321,41.4216],[-90.8475,41.455],[-90.7375,41.4501],[-90.6588,41.4623],[-90.6007,41.5096],[-90.5455,41.5257],[-90.4564,41.5274],[-90.426,41.565],[-90.3423,41.5914],[-90.3435,41.647],[-90.3236,41.7296],[-90.2743,41.7744],[-90.1958,41.8061],[-90.1551,41.9262],[-90.1621,41.9613],[-90.1442,42.0117],[-90.1645,42.0421],[-90.1659,42.0879],[-90.2008,42.0873],[-90.2766,42.1111],[-90.3618,42.1214],[-90.4613,42.1782],[-90.4896,42.2185],[-90.534,42.2362],[-90.6006,42.3009],[-90.6938,42.3241],[-90.6961,42.3755],[-90.7144,42.3962],[-90.8024,42.3799],[-90.8339,42.4272],[-90.8605,42.4375],[-90.9468,42.4371],[-91.0029,42.4803],[-90.9841,42.5325],[-91.0221,42.5706],[-91.0816,42.5836],[-91.1457,42.5766],[-91.2005,42.5984],[-91.2421,42.5983],[-91.2926,42.5755],[-91.33,42.5817],[-91.3677,42.6298],[-91.4085,42.6581],[-91.5306,42.6896],[-91.6187,42.7518],[-91.6858,42.7667],[-91.7109,42.7921],[-91.8092,42.8349],[-91.8144,42.8632],[-91.7892,42.917],[-91.8206,42.9721],[-91.9031,42.998],[-91.8756,43.0448],[-91.9071,43.0636],[-91.9205,43.1199],[-91.9606,43.1541],[-91.9625,43.1897],[-91.9926,43.2383],[-91.9214,43.2946],[-91.9369,43.3106],[-91.941,43.3748],[-92.0642,43.4347],[-92.2056,43.4811],[-92.2368,43.5024],[-92.2416,43.5424],[-92.3237,43.5762],[-92.4108,43.5948],[-92.4981,43.6704],[-92.5745,43.7157],[-92.5968,43.8236],[-92.6581,43.8922],[-92.7241,43.9291],[-92.7512,43.9599],[-92.7295,44],[-92.6882,44.0253],[-92.6989,44.0497],[-92.7566,44.0543],[-92.7555,44.0768],[-92.7097,44.0948],[-92.8191,44.1593],[-92.8523,44.2046],[-92.8343,44.2347],[-92.8676,44.2602],[-92.975,44.28],[-92.9568,44.3136],[-92.9822,44.3388],[-92.9825,44.4034],[-93.0109,44.448],[-92.9976,44.4756],[-92.9146,44.5174],[-92.8363,44.5785],[-92.7737,44.6085],[-92.746,44.6519],[-92.7794,44.7454],[-92.6745,44.7445],[-92.6369,44.7613],[-92.5809,44.7648],[-92.5092,44.7546],[-92.4211,44.7303],[-92.2342,44.7506],[-92.145,44.8445],[-92.1542,44.8809],[-92.2252,44.9805],[-92.2633,45.0568],[-92.3971,45.0847],[-92.4514,45.0798],[-92.5626,45.1069],[-92.6625,45.0215],[-92.7334,45.0029],[-92.8732,44.9148],[-92.9079,44.8718],[-92.9379,44.8115],[-93.0296,44.7789],[-93.1218,44.7598],[-93.2003,44.7311],[-93.232,44.6958],[-93.2301,44.6003],[-93.1947,44.5476],[-93.1582,44.456],[-93.1569,44.4182],[-93.2062,44.3525],[-93.2006,44.313],[-93.2298,44.2724],[-93.3312,44.2669],[-93.4043,44.2281],[-93.457,44.1676],[-93.5544,44.1394],[-93.6532,44.1274],[-93.6973,44.1065],[-93.7623,44.1086],[-93.8328,44.136],[-93.9082,44.1776],[-94.0023,44.2467],[-94.0312,44.3006],[-94.0104,44.3636],[-93.9749,44.3968],[-93.9737,44.4227],[-94.0089,44.4602],[-94.0474,44.4771],[-94.0568,44.5182],[-94.0139,44.6284],[-94.0081,44.7049],[-94.0252,44.8102],[-94.0578,44.856],[-94.1414,44.9163],[-94.2175,44.9351],[-94.2736,44.9381],[-94.4224,44.9324],[-94.4772,44.9387],[-94.507,44.9592],[-94.5201,45.0204],[-94.5148,45.0762],[-94.5548,45.135],[-94.6274,45.1768],[-94.6732,45.1823],[-94.8143,45.1354],[-94.9041,45.1207],[-95.0028,45.1658],[-95.2028,45.2323],[-95.3364,45.2694],[-95.5616,45.3646],[-95.5946,45.4011],[-95.6257,45.5028],[-95.6913,45.5882],[-95.7408,45.6336],[-95.7646,45.687],[-95.7639,45.7932],[-95.7726,45.843],[-95.8181,45.8795],[-95.91,45.9147],[-96.0235,46.001],[-96.0346,46.0888],[-96.0563,46.1547],[-96.1393,46.2909],[-96.2398,46.3939],[-96.2703,46.4419],[-96.2937,46.5091],[-96.2766,46.6152],[-96.3031,46.6554],[-96.3115,46.6996],[-96.2892,46.7743],[-96.2967,46.8343],[-96.2724,46.8881],[-96.2161,46.9111],[-96.1618,46.9108],[-96.0286,46.8782],[-95.9628,46.855],[-95.9094,46.889],[-95.8881,46.9698],[-95.8931,47.0658],[-95.8808,47.156],[-95.8232,47.3013],[-95.8222,47.4203],[-95.8013,47.4695],[-95.7086,47.5823],[-95.5973,47.673],[-95.4725,47.7015]],[[-105.7561,34.2736],[-105.6786,34.2779],[-105.661,34.2558],[-105.6867,34.2113],[-105.6925,34.1665],[-105.7245,34.1356],[-105.7533,34.1295],[-105.7889,34.1481],[-105.8101,34.186],[-105.8694,34.2393],[-105.8506,34.2755],[-105.792,34.3102],[-105.7561,34.2736]],[[-103.9939,44.6249],[-103.9472,44.6226],[-103.8732,44.6453],[-103.8107,44.5926],[-103.7717,44.638],[-103.7406,44.6461],[-103.6613,44.6185],[-103.6214,44.5667],[-103.6,44.5091],[-103.5677,44.4782],[-103.4562,44.3998],[-103.3999,44.3444],[-103.3752,44.2933],[-103.3136,44.2485],[-103.3006,44.2206],[-103.2418,44.1572],[-103.2169,43.9872],[-103.2301,43.8132],[-103.28,43.7107],[-103.2822,43.6676],[-103.3091,43.6472],[-103.3483,43.5576],[-103.3439,43.5017],[-103.4295,43.358],[-103.4702,43.3314],[-103.4922,43.2871],[-103.469,43.2566],[-103.504,43.2366],[-103.5604,43.3104],[-103.6036,43.3166],[-103.6412,43.2811],[-103.689,43.2564],[-103.7407,43.2566],[-103.812,43.4153],[-103.8663,43.3923],[-103.9053,43.4028],[-103.9868,43.5194],[-104.035,43.5578],[-104.1021,43.6606],[-104.1214,43.7054],[-104.1156,43.7728],[-104.1274,43.8022],[-104.17,43.8435],[-104.251,43.8587],[-104.3044,43.8961],[-104.3093,43.9614],[-104.336,43.9885],[-104.421,44.0347],[-104.5071,44.1681],[-104.5891,44.1808],[-104.6046,44.1424],[-104.6396,44.1429],[-104.6841,44.1705],[-104.7118,44.2447],[-104.7604,44.3084],[-104.8168,44.3444],[-104.849,44.4005],[-104.8965,44.4528],[-104.9127,44.5765],[-104.883,44.669],[-104.9066,44.7489],[-104.8933,44.7838],[-104.8514,44.8089],[-104.7012,44.8629],[-104.5386,44.9468],[-104.4131,44.9708],[-104.3263,44.8989],[-104.213,44.8423],[-104.1589,44.7972],[-104.1309,44.7477],[-104.0963,44.7199],[-104.0278,44.6407],[-103.9939,44.6249]],[[-110.544,46.3862],[-110.4628,46.3085],[-110.425,46.3125],[-110.3917,46.2722],[-110.3295,46.3057],[-110.2721,46.2961],[-110.242,46.2669],[-110.2315,46.2085],[-110.2422,46.1583],[-110.2021,46.1224],[-110.1571,46.1116],[-110.1655,46.0526],[-110.1366,45.9603],[-110.2067,45.954],[-110.2751,45.9262],[-110.3651,45.9326],[-110.3703,45.9564],[-110.4821,45.9856],[-110.4941,46.0399],[-110.4886,46.0875],[-110.4594,46.1587],[-110.4921,46.1796],[-110.577,46.1793],[-110.595,46.3022],[-110.5774,46.3837],[-110.544,46.3862]],[[-109.4114,47.0334],[-109.3777,47.0321],[-109.3267,46.9906],[-109.304,46.9226],[-109.2208,46.9306],[-109.1247,46.9598],[-109.0494,46.9666],[-109.0136,46.9279],[-108.9483,46.9524],[-108.8962,46.9357],[-108.8882,46.8866],[-108.9874,46.8432],[-108.9636,46.8124],[-108.8725,46.7822],[-108.857,46.7546],[-108.9618,46.7532],[-109.0444,46.7196],[-109.0816,46.6655],[-109.1467,46.67],[-109.2088,46.6535],[-109.2682,46.6509],[-109.3671,46.6832],[-109.5223,46.6801],[-109.5478,46.6892],[-109.5501,46.7347],[-109.6222,46.7584],[-109.6523,46.7792],[-109.6344,46.811],[-109.563,46.819],[-109.5279,46.8369],[-109.5897,46.8927],[-109.5452,46.9401],[-109.445,46.9944],[-109.4114,47.0334]],[[-109.5058,47.1901],[-109.4931,47.1602],[-109.5439,47.1248],[-109.5591,47.1938],[-109.5058,47.1901]],[[-109.2052,47.2497],[-109.1057,47.2381],[-109.0685,47.262],[-109.0194,47.251],[-109.0582,47.2164],[-109.1476,47.2115],[-109.2152,47.1321],[-109.2011,47.0808],[-109.2602,47.0787],[-109.173,47.0219],[-109.2844,47.0313],[-109.2556,47.0548],[-109.2734,47.0803],[-109.3558,47.1051],[-109.3794,47.1447],[-109.2803,47.2415],[-109.2052,47.2497]],[[-111.149,47.0976],[-111.1111,47.1125],[-111.1135,47.1414],[-111.0778,47.153],[-111.0345,47.1387],[-110.9343,47.1476],[-110.8632,47.1164],[-110.8126,47.1241],[-110.7725,47.1082],[-110.6967,47.1326],[-110.639,47.1087],[-110.5909,47.1515],[-110.528,47.1247],[-110.46,47.1165],[-110.4422,47.0254],[-110.3924,47.0268],[-110.3472,46.9994],[-110.2908,46.9833],[-110.3371,46.8683],[-110.2485,46.7978],[-110.1916,46.7734],[-109.938,46.7572],[-109.9063,46.7123],[-109.9481,46.6933],[-110.0069,46.6936],[-110.1614,46.6269],[-110.2349,46.6197],[-110.3117,46.6304],[-110.3547,46.6242],[-110.4438,46.5653],[-110.4251,46.4651],[-110.4399,46.4473],[-110.5301,46.495],[-110.5803,46.4923],[-110.6884,46.4178],[-110.7142,46.3914],[-110.7595,46.3909],[-110.8465,46.4435],[-110.8439,46.5002],[-110.7965,46.5261],[-110.7755,46.5605],[-110.6859,46.5334],[-110.6524,46.5587],[-110.6517,46.5928],[-110.5964,46.5848],[-110.5939,46.5552],[-110.4722,46.503],[-110.4518,46.5396],[-110.5207,46.5616],[-110.5051,46.5925],[-110.5152,46.639],[-110.5967,46.657],[-110.6204,46.6795],[-110.7176,46.7099],[-110.7896,46.6567],[-110.8896,46.6684],[-110.9956,46.7202],[-111.1039,46.7248],[-111.1506,46.7532],[-111.1467,46.7986],[-111.0673,46.8267],[-111.0842,46.8593],[-111.1706,46.8654],[-111.1883,46.791],[-111.2528,46.8205],[-111.3237,46.8986],[-111.3013,46.9352],[-111.3182,46.96],[-111.2971,47.0613],[-111.2925,47.1529],[-111.2384,47.1688],[-111.1877,47.1651],[-111.149,47.0976]],[[-109.4635,47.3239],[-109.4411,47.259],[-109.4933,47.2392],[-109.5274,47.2679],[-109.5161,47.3148],[-109.4635,47.3239]],[[-111.9747,47.307],[-111.9925,47.2729],[-111.973,47.2331],[-111.9183,47.2436],[-111.924,47.2756],[-111.8283,47.2633],[-111.7918,47.2402],[-111.8225,47.1731],[-111.764,47.1601],[-111.7039,47.1818],[-111.6359,47.1604],[-111.6273,47.1354],[-111.567,47.1134],[-111.5993,47.0781],[-111.5786,47.0406],[-111.6669,47.0341],[-111.724,47.0198],[-111.707,46.9829],[-111.7471,46.957],[-111.848,46.9681],[-111.875,47.017],[-111.9315,47.0758],[-111.9197,47.1079],[-111.9518,47.1494],[-111.9974,47.1556],[-112.0674,47.1996],[-112.0181,47.2465],[-112.0094,47.3006],[-111.9747,47.307]],[[-110.502,47.5623],[-110.5158,47.5447],[-110.4007,47.4764],[-110.4713,47.4611],[-110.5056,47.3806],[-110.5733,47.4052],[-110.6338,47.3597],[-110.6629,47.3671],[-110.6615,47.4104],[-110.7052,47.4228],[-110.7298,47.4501],[-110.6628,47.4657],[-110.6732,47.5073],[-110.6221,47.5644],[-110.5898,47.5513],[-110.502,47.5623]],[[-108.5848,48.0277],[-108.5434,48.0216],[-108.5263,47.988],[-108.4727,47.9956],[-108.4,47.967],[-108.41,47.9421],[-108.4722,47.9119],[-108.5171,47.9117],[-108.5671,47.8791],[-108.6667,47.8757],[-108.663,47.8929],[-108.7129,47.9253],[-108.6778,47.9942],[-108.6424,48.0356],[-108.5848,48.0277]],[[-109.0397,48.2617],[-109.0604,48.2161],[-109.0888,48.2082],[-109.0812,48.169],[-109.1142,48.1489],[-109.2471,48.2048],[-109.1806,48.2218],[-109.1471,48.2026],[-109.1071,48.2525],[-109.0397,48.2617]],[[-109.7135,48.343],[-109.6727,48.2987],[-109.6614,48.2656],[-109.6062,48.2402],[-109.5425,48.2481],[-109.4732,48.299],[-109.43,48.266],[-109.4029,48.202],[-109.4469,48.1831],[-109.479,48.1985],[-109.5914,48.1767],[-109.5943,48.1369],[-109.7258,48.0937],[-109.7825,48.0636],[-109.836,48.1118],[-109.8129,48.1232],[-109.8302,48.1771],[-109.8777,48.195],[-109.8423,48.2572],[-109.743,48.2887],[-109.7878,48.318],[-109.7135,48.343]],[[-111.0982,48.8726],[-111.1083,48.8369],[-111.1734,48.8463],[-111.1749,48.8724],[-111.0982,48.8726]],[[-110.1839,49.9273],[-110.0573,49.9213],[-109.9998,49.9092],[-109.9598,49.9162],[-109.7974,49.8824],[-109.7491,49.8578],[-109.6927,49.8755],[-109.62,49.8516],[-109.5575,49.8498],[-109.5212,49.8344],[-109.3529,49.8877],[-109.2265,49.9107],[-109.1453,49.8967],[-109.099,49.8556],[-108.9886,49.8741],[-108.9326,49.8654],[-108.8326,49.9267],[-108.6869,49.8948],[-108.6452,49.9139],[-108.5614,49.8949],[-108.5386,49.8479],[-108.5382,49.8071],[-108.5787,49.7561],[-108.5946,49.6844],[-108.6448,49.6203],[-108.7653,49.5521],[-108.7769,49.5186],[-108.8508,49.478],[-108.8948,49.4705],[-108.9003,49.4439],[-109.0079,49.4127],[-109.0957,49.4353],[-109.095,49.4043],[-109.1984,49.3945],[-109.2891,49.4183],[-109.455,49.4299],[-109.638,49.4157],[-109.7577,49.3804],[-109.8153,49.4012],[-109.9561,49.3921],[-110.0003,49.4226],[-110.0825,49.3953],[-110.189,49.3386],[-110.3024,49.341],[-110.4409,49.3336],[-110.5678,49.3626],[-110.5899,49.3946],[-110.5842,49.4397],[-110.6071,49.4746],[-110.6846,49.4893],[-110.7267,49.5155],[-110.7189,49.5793],[-110.7612,49.635],[-110.8538,49.6142],[-110.8995,49.6381],[-110.9203,49.6735],[-110.8889,49.7237],[-110.825,49.7559],[-110.7278,49.8365],[-110.6465,49.8689],[-110.5596,49.8783],[-110.4775,49.9029],[-110.3306,49.9067],[-110.2518,49.9282],[-110.1839,49.9273]]]},"properties":{"NA_L1CODE":"9","NA_L1NAME":"GREAT PLAINS","NA_L1KEY":"9  GREAT PLAINS","Shape_Leng":25408342.8043,"Shape_Area":2793433250200}}
]}