{"type":"FeatureCollection", "features": [
{"type":"Feature","geometry":{"type":"Polygon","coordinates":[[[-160.9557,55.8431],[-161.0213,55.9007],[-160.98,55.9413],[-160.8676,55.9571],[-160.8628,55.9912],[-160.9033,55.9997],[-161.0505,55.9456],[-161.143,55.9552],[-161.3566,55.9645],[-161.4291,55.9613],[-161.5875,55.9362],[-161.8116,55.8937],[-161.9285,55.8208],[-162.2556,55.6751],[-162.3158,55.6239],[-162.5233,55.4723],[-162.4762,55.3867],[-162.5513,55.3497],[-162.629,55.3692],[-162.7259,55.3129],[-162.7815,55.3158],[-162.8869,55.2728],[-162.8967,55.2488],[-162.8355,55.2306],[-162.8727,55.185],[-163.0326,55.1747],[-163.0799,55.1865],[-163.1503,55.1819],[-163.2541,55.1511],[-163.3104,55.1053],[-163.2843,55.0269],[-163.2933,54.9884],[-163.1766,55.0162],[-163.2262,55.0469],[-163.1967,55.1332],[-163.1073,55.1284],[-163.0056,55.0812],[-162.9132,55.1099],[-162.5972,55.1597],[-162.6453,55.1981],[-162.717,55.2212],[-162.6734,55.2912],[-162.631,55.3064],[-162.5732,55.2986],[-162.5125,55.2497],[-162.4919,55.2034],[-162.3728,55.3023],[-162.2436,55.4424],[-162.0473,55.5101],[-161.9069,55.5518],[-161.8913,55.6717],[-161.8619,55.7236],[-161.7736,55.7371],[-161.621,55.6994],[-161.5026,55.6939],[-161.3955,55.7426],[-161.1947,55.7927],[-160.9557,55.8431]]]},"properties":{"NA_L1CODE":"2","NA_L1NAME":"TUNDRA","NA_L1KEY":"2  TUNDRA","Shape_Leng":538290.891131,"Shape_Area":2926194027.25}},
{"type":"Feature","geometry":{"type":"Polygon","coordinates":[[[-164.9165,54.1143],[-164.9321,54.1377],[-165.0664,54.1265],[-165.1355,54.1319],[-165.206,54.0922],[-165.0382,54.0696],[-164.9472,54.0814],[-164.9165,54.1143]]]},"properties":{"NA_L1CODE":"2","NA_L1NAME":"TUNDRA","NA_L1KEY":"2  TUNDRA","Shape_Leng":44253.0859021,"Shape_Area":101841403.429}},
{"type":"Feature","geometry":{"type":"Polygon","coordinates":[[[-165.2306,54.0658],[-165.2596,54.0944],[-165.3257,54.0663],[-165.2888,54.0413],[-165.2306,54.0658]]]},"properties":{"NA_L1CODE":"2","NA_L1NAME":"TUNDRA","NA_L1KEY":"2  TUNDRA","Shape_Leng":36044.7113706,"Shape_Area":42874888.105}},
{"type":"Feature","geometry":{"type":"Polygon","coordinates":[[[-163.4229,54.9485],[-163.4654,54.9893],[-163.5283,55.0159],[-163.5321,55.0538],[-163.6639,55.0451],[-163.7797,55.0563],[-163.9031,55.0376],[-163.9637,55.0001],[-164.0374,54.9716],[-164.1025,54.9666],[-164.2532,54.9071],[-164.323,54.9006],[-164.4289,54.9355],[-164.5466,54.8917],[-164.5772,54.8153],[-164.6902,54.679],[-164.7251,54.6545],[-164.5652,54.6708],[-164.3188,54.7593],[-163.9544,54.9022],[-163.7611,54.8896],[-163.4229,54.9485]]]},"properties":{"NA_L1CODE":"2","NA_L1NAME":"TUNDRA","NA_L1KEY":"2  TUNDRA","Shape_Leng":214746.671961,"Shape_Area":1203094790.01}},
{"type":"Feature","geometry":{"type":"Polygon","coordinates":[[[-165.5132,54.3024],[-165.6021,54.2954],[-165.6688,54.2702],[-165.682,54.2468],[-165.5942,54.1672],[-165.632,54.1437],[-165.6049,54.1197],[-165.5381,54.1186],[-165.474,54.1816],[-165.4909,54.2136],[-165.5323,54.2242],[-165.5471,54.259],[-165.5132,54.3024]]]},"properties":{"NA_L1CODE":"2","NA_L1NAME":"TUNDRA","NA_L1KEY":"2  TUNDRA","Shape_Leng":65435.1619366,"Shape_Area":163183219.255}},
{"type":"Feature","geometry":{"type":"Polygon","coordinates":[[[-166.0722,53.9731],[-166.1593,54.0029],[-166.1899,53.9668],[-166.1333,53.9595],[-166.0722,53.9731]]]},"properties":{"NA_L1CODE":"2","NA_L1NAME":"TUNDRA","NA_L1KEY":"2  TUNDRA","Shape_Leng":20311.7373637,"Shape_Area":28313583.9523}},
{"type":"Feature","geometry":{"type":"Polygon","coordinates":[[[-165.7564,54.1663],[-165.8359,54.1641],[-165.8783,54.1859],[-165.8712,54.2154],[-165.9747,54.2238],[-166.0687,54.1863],[-166.1048,54.1196],[-166.0478,54.0494],[-165.9634,54.0719],[-165.9007,54.0642],[-165.678,54.0969],[-165.7514,54.1176],[-165.7564,54.1663]]]},"properties":{"NA_L1CODE":"2","NA_L1NAME":"TUNDRA","NA_L1KEY":"2  TUNDRA","Shape_Leng":88398.6288456,"Shape_Area":333529899.525}},
{"type":"Feature","geometry":{"type":"Polygon","coordinates":[[[-166.6027,53.995],[-166.6723,54.0211],[-166.7429,54.0182],[-166.8355,53.9829],[-166.8869,53.9911],[-167.0443,53.9335],[-167.1536,53.8584],[-167.1469,53.8317],[-167.0809,53.8056],[-167.0264,53.7629],[-166.8948,53.7597],[-166.7994,53.7395],[-166.8304,53.7099],[-166.7901,53.6525],[-166.8494,53.6507],[-166.895,53.7212],[-166.9973,53.7188],[-167.0613,53.695],[-167.0682,53.6705],[-167.0093,53.6447],[-167.0607,53.6233],[-167.0967,53.6364],[-167.1572,53.6141],[-167.1347,53.5641],[-167.0573,53.5236],[-167.1578,53.5089],[-167.1674,53.4791],[-167.2142,53.4672],[-167.2887,53.4854],[-167.3418,53.4578],[-167.3306,53.4313],[-167.4733,53.4338],[-167.5029,53.4191],[-167.7523,53.3523],[-167.8437,53.3178],[-167.7911,53.281],[-167.679,53.2686],[-167.6078,53.2851],[-167.4909,53.2794],[-167.4433,53.3243],[-167.3623,53.3394],[-167.2902,53.3681],[-167.0613,53.4289],[-167.0429,53.4531],[-166.868,53.4773],[-166.808,53.4444],[-166.7516,53.4462],[-166.7198,53.5067],[-166.6571,53.4908],[-166.5268,53.6369],[-166.3994,53.6749],[-166.2879,53.6852],[-166.2032,53.7125],[-166.1128,53.7755],[-166.0902,53.8401],[-166.1139,53.8582],[-166.1867,53.8406],[-166.2771,53.7936],[-166.5235,53.7149],[-166.5737,53.743],[-166.4973,53.7806],[-166.4063,53.8118],[-166.3488,53.865],[-166.239,53.8816],[-166.2099,53.9306],[-166.2628,53.9839],[-166.3629,54.0117],[-166.436,53.9548],[-166.4476,53.9024],[-166.518,53.8777],[-166.6167,53.8719],[-166.6428,53.9275],[-166.5874,53.9648],[-166.6027,53.995]]]},"properties":{"NA_L1CODE":"2","NA_L1NAME":"TUNDRA","NA_L1KEY":"2  TUNDRA","Shape_Leng":489490.343049,"Shape_Area":2959153318.54}},
{"type":"Feature","geometry":{"type":"Polygon","coordinates":[[[-168.6528,53.2343],[-168.7561,53.1854],[-168.7938,53.1495],[-168.7999,53.1147],[-168.7567,53.0797],[-168.7929,53.0326],[-168.8527,53.016],[-168.8555,52.9519],[-168.9655,52.8831],[-169.0468,52.8609],[-169.0444,52.8361],[-168.8133,52.9287],[-168.7552,52.9603],[-168.6499,52.9795],[-168.5809,53.0299],[-168.5284,53.0318],[-168.454,53.0589],[-168.3864,53.1257],[-168.3266,53.2087],[-168.2508,53.251],[-168.1081,53.2877],[-167.8754,53.3687],[-167.8408,53.389],[-167.8434,53.4183],[-167.7889,53.5224],[-167.9504,53.5358],[-168.0044,53.5669],[-168.1216,53.553],[-168.2377,53.5212],[-168.3424,53.4751],[-168.4,53.4262],[-168.4045,53.345],[-168.3371,53.2908],[-168.3605,53.2562],[-168.4894,53.2638],[-168.6138,53.2622],[-168.6528,53.2343]]]},"properties":{"NA_L1CODE":"2","NA_L1NAME":"TUNDRA","NA_L1KEY":"2  TUNDRA","Shape_Leng":270771.874403,"Shape_Area":1746487322.49}},
{"type":"Feature","geometry":{"type":"Polygon","coordinates":[[[-157.5062,60.2171],[-157.5061,60.1674],[-157.6017,60.1127],[-157.9034,60.087],[-157.936,60.021],[-158.0737,59.9686],[-158.1963,59.9027],[-158.3014,59.8334],[-158.4088,59.7241],[-158.5623,59.7087],[-158.6652,59.6841],[-158.6642,59.6022],[-158.8084,59.5608],[-158.8482,59.507],[-158.8335,59.4633],[-158.6258,59.4546],[-158.4713,59.3989],[-158.5168,59.2337],[-158.6385,59.2074],[-158.749,59.1476],[-158.7715,59.1059],[-158.7167,59.0498],[-158.8293,59.0453],[-158.9119,59.0751],[-159.0296,59.07],[-159.0297,59.009],[-159.0768,58.9492],[-159.1677,58.9728],[-159.2685,59.0246],[-159.4496,58.9046],[-159.53,58.8317],[-159.4159,58.7751],[-159.3569,58.7282],[-159.0613,58.4248],[-158.8813,58.3937],[-158.782,58.4161],[-158.7284,58.4716],[-158.8308,58.6237],[-158.8634,58.6911],[-158.909,58.7459],[-158.8972,58.8007],[-158.8306,58.8117],[-158.8152,58.7829],[-158.8942,58.7653],[-158.8862,58.7327],[-158.8423,58.7266],[-158.7768,58.7714],[-158.7955,58.8124],[-158.7735,58.8678],[-158.7153,58.8759],[-158.6302,58.9127],[-158.5598,58.9785],[-158.527,59.0286],[-158.4199,59.0774],[-158.2651,59.0358],[-158.1824,59.0357],[-158.1215,59.0198],[-158.0361,58.9492],[-158.0588,58.9409],[-158.1548,59.0076],[-158.3674,59.0391],[-158.4924,58.9992],[-158.49,58.9172],[-158.5093,58.8597],[-158.5601,58.8453],[-158.5662,58.8059],[-158.439,58.777],[-158.3487,58.7261],[-158.3342,58.6675],[-158.2127,58.6175],[-158.1459,58.6155],[-157.8394,58.6851],[-157.7022,58.7329],[-157.5596,58.7565],[-157.3078,58.8361],[-157.23,58.8412],[-157.1218,58.8705],[-157.0434,58.9133],[-157.043,58.9423],[-156.9765,58.9484],[-157.0228,58.8663],[-157.0068,58.826],[-157.0721,58.7338],[-157.2664,58.6184],[-157.3248,58.5626],[-157.3803,58.5279],[-157.4697,58.501],[-157.5383,58.3939],[-157.5459,58.2809],[-157.4537,58.2097],[-157.3501,58.2331],[-157.2656,58.1918],[-157.526,58.1654],[-157.5827,58.129],[-157.6256,57.9893],[-157.6652,57.8064],[-157.6977,57.7406],[-157.7158,57.6483],[-157.6967,57.62],[-157.6098,57.6173],[-157.592,57.5628],[-157.6048,57.4969],[-157.6571,57.4955],[-157.7094,57.5754],[-157.8039,57.5476],[-157.9476,57.4906],[-158.007,57.4312],[-158.0987,57.3765],[-158.2723,57.3317],[-158.4212,57.2479],[-158.5126,57.1773],[-158.667,57.0388],[-158.702,56.9702],[-158.676,56.8651],[-158.6374,56.8341],[-158.6419,56.7898],[-158.7747,56.7819],[-158.976,56.8292],[-159.181,56.7592],[-159.2507,56.722],[-159.255,56.6917],[-159.3923,56.6504],[-159.4771,56.6432],[-159.7233,56.577],[-159.8515,56.5359],[-159.946,56.4736],[-160.0573,56.4211],[-160.15,56.404],[-160.2633,56.3295],[-160.3401,56.2936],[-160.3848,56.2531],[-160.4826,56.0864],[-160.5609,55.9948],[-160.5276,55.9865],[-160.5398,55.9399],[-160.4718,55.927],[-160.3738,55.9819],[-160.1803,56.0588],[-160.1106,56.0929],[-159.7816,56.1115],[-159.6718,56.1414],[-159.5531,56.3211],[-159.4413,56.3323],[-159.0117,56.3426],[-158.8988,56.3348],[-158.7705,56.3868],[-158.886,56.5113],[-158.9004,56.5577],[-158.8371,56.5875],[-158.6349,56.6064],[-158.3454,56.6248],[-158.4007,56.8107],[-158.3486,56.9134],[-158.0846,57.0107],[-157.9247,57.0324],[-157.696,57.0702],[-157.3401,57.1812],[-157.1236,57.2881],[-156.9706,57.4161],[-156.8229,57.5118],[-156.6484,57.5828],[-156.513,57.5953],[-156.3177,57.6461],[-156.1909,57.6339],[-155.9364,57.7093],[-155.7243,57.7787],[-155.5849,57.843],[-155.454,57.9697],[-155.4503,58.0199],[-155.5266,58.0256],[-155.6901,57.9757],[-155.8328,57.9453],[-155.974,57.9306],[-156.0313,57.982],[-155.9712,58.0861],[-155.6698,58.148],[-155.6515,58.1992],[-155.7428,58.2459],[-156.018,58.2805],[-156.0505,58.331],[-156.0028,58.3842],[-155.8745,58.44],[-155.5821,58.4667],[-155.5441,58.5217],[-155.4956,58.5536],[-155.3925,58.5468],[-155.3309,58.498],[-155.1993,58.4298],[-155.0823,58.4262],[-155.0364,58.4946],[-154.9013,58.5025],[-154.7734,58.5203],[-154.7624,58.6627],[-154.9041,58.6836],[-155.0348,58.676],[-155.1762,58.694],[-155.4773,58.7625],[-155.4165,58.8319],[-155.3302,58.9029],[-155.3405,58.9706],[-155.514,59.01],[-155.5923,59.0367],[-155.5569,59.0836],[-155.3619,59.1323],[-155.1236,59.1516],[-154.8674,59.2083],[-154.8848,59.2651],[-154.9204,59.3103],[-154.9016,59.3429],[-154.8462,59.3749],[-154.8023,59.4223],[-154.7213,59.4474],[-154.6476,59.4934],[-154.6295,59.581],[-154.4757,59.6206],[-154.3034,59.6741],[-154.2313,59.7066],[-154.2385,59.7692],[-154.2787,59.7867],[-154.4173,59.7706],[-154.9418,59.7424],[-155.1694,59.7268],[-155.3538,59.7292],[-155.4947,59.7471],[-155.605,59.7247],[-155.6007,59.7723],[-155.6304,59.8519],[-155.7985,59.9126],[-155.8107,59.9618],[-155.7375,59.9873],[-155.5966,60.0616],[-155.4813,60.1789],[-155.501,60.2828],[-155.6237,60.3911],[-155.8462,60.4224],[-155.9341,60.367],[-156.0005,60.2708],[-156.1685,60.218],[-156.3361,60.2255],[-156.4666,60.2933],[-156.5436,60.3592],[-156.744,60.4036],[-156.9339,60.3721],[-157.0296,60.3127],[-157.1121,60.2277],[-157.2851,60.2153],[-157.5062,60.2171]]]},"properties":{"NA_L1CODE":"2","NA_L1NAME":"TUNDRA","NA_L1KEY":"2  TUNDRA","Shape_Leng":2390351.44125,"Shape_Area":56487713001.1}},
{"type":"Feature","geometry":{"type":"Polygon","coordinates":[[[-169.6641,53.006],[-169.6817,53.037],[-169.7415,53.0267],[-169.7593,52.9718],[-169.6963,52.9628],[-169.6641,53.006]]]},"properties":{"NA_L1CODE":"2","NA_L1NAME":"TUNDRA","NA_L1KEY":"2  TUNDRA","Shape_Leng":26097.7689362,"Shape_Area":44280842.5649}},
{"type":"Feature","geometry":{"type":"Polygon","coordinates":[[[-169.6833,52.8303],[-169.6665,52.8699],[-169.7817,52.8961],[-169.8599,52.8655],[-169.9671,52.8615],[-170.0104,52.8308],[-169.9573,52.7908],[-169.9179,52.7937],[-169.8468,52.8254],[-169.7444,52.7958],[-169.6833,52.8303]]]},"properties":{"NA_L1CODE":"2","NA_L1NAME":"TUNDRA","NA_L1KEY":"2  TUNDRA","Shape_Leng":59324.3040123,"Shape_Area":165251719.504}},
{"type":"Feature","geometry":{"type":"Polygon","coordinates":[[[-170.05,52.7579],[-170.0549,52.7765],[-170.1673,52.7894],[-170.1744,52.7341],[-170.0748,52.7263],[-170.05,52.7579]]]},"properties":{"NA_L1CODE":"2","NA_L1NAME":"TUNDRA","NA_L1KEY":"2  TUNDRA","Shape_Leng":27379.4475654,"Shape_Area":54647763.9918}},
{"type":"Feature","geometry":{"type":"Polygon","coordinates":[[[-169.9971,52.8882],[-170.0011,52.9157],[-170.0818,52.9254],[-170.1208,52.8967],[-170.0497,52.8619],[-169.9971,52.8882]]]},"properties":{"NA_L1CODE":"2","NA_L1NAME":"TUNDRA","NA_L1KEY":"2  TUNDRA","Shape_Leng":24064.2615309,"Shape_Area":42594903.4442}},
{"type":"Feature","geometry":{"type":"Polygon","coordinates":[[[-170.7502,52.6527],[-170.8182,52.6315],[-170.832,52.5709],[-170.787,52.546],[-170.6995,52.5997],[-170.6114,52.6027],[-170.5634,52.6415],[-170.5588,52.6777],[-170.6674,52.7008],[-170.7502,52.6527]]]},"properties":{"NA_L1CODE":"2","NA_L1NAME":"TUNDRA","NA_L1KEY":"2  TUNDRA","Shape_Leng":55625.4489487,"Shape_Area":166108225.351}},
{"type":"Feature","geometry":{"type":"Polygon","coordinates":[[[-171.2015,52.4718],[-171.1875,52.4998],[-171.2467,52.531],[-171.3057,52.495],[-171.2942,52.4538],[-171.2306,52.4539],[-171.2015,52.4718]]]},"properties":{"NA_L1CODE":"2","NA_L1NAME":"TUNDRA","NA_L1KEY":"2  TUNDRA","Shape_Leng":26479.8067389,"Shape_Area":49791609.3265}},
{"type":"Feature","geometry":{"type":"Polygon","coordinates":[[[-130.7365,69.5417],[-130.6533,69.5874],[-130.7065,69.6184],[-130.7811,69.6204],[-130.7956,69.5567],[-130.7365,69.5417]]]},"properties":{"NA_L1CODE":"2","NA_L1NAME":"TUNDRA","NA_L1KEY":"2  TUNDRA","Shape_Leng":25782.7931976,"Shape_Area":37087808.4748}},
{"type":"Feature","geometry":{"type":"Polygon","coordinates":[[[-172.2908,52.352],[-172.3973,52.393],[-172.4641,52.3853],[-172.5561,52.3431],[-172.604,52.3019],[-172.6178,52.2679],[-172.5297,52.2557],[-172.3973,52.2814],[-172.2891,52.3283],[-172.2908,52.352]]]},"properties":{"NA_L1CODE":"2","NA_L1NAME":"TUNDRA","NA_L1KEY":"2  TUNDRA","Shape_Leng":56527.3264423,"Shape_Area":213139007.783}},
{"type":"Feature","geometry":{"type":"Polygon","coordinates":[[[-136.0081,69.0086],[-136.1236,69.0055],[-136.029,68.9371],[-135.8643,68.8981],[-135.6663,68.8995],[-135.8034,68.9677],[-135.8394,68.9999],[-135.9679,69.0397],[-136.0081,69.0086]]]},"properties":{"NA_L1CODE":"2","NA_L1NAME":"TUNDRA","NA_L1KEY":"2  TUNDRA","Shape_Leng":53508.5971791,"Shape_Area":147195581.858}},
{"type":"Feature","geometry":{"type":"Polygon","coordinates":[[[-133.8105,69.5709],[-133.8618,69.6088],[-133.932,69.6088],[-134.0155,69.5639],[-133.9676,69.5433],[-133.8105,69.5709]]]},"properties":{"NA_L1CODE":"2","NA_L1NAME":"TUNDRA","NA_L1KEY":"2  TUNDRA","Shape_Leng":23981.7858947,"Shape_Area":40440936.2763}},
{"type":"Feature","geometry":{"type":"Polygon","coordinates":[[[-135.5136,69.3988],[-135.5171,69.3605],[-135.4068,69.349],[-135.2996,69.2981],[-135.2573,69.336],[-135.2765,69.3641],[-135.3587,69.3878],[-135.5136,69.3988]]]},"properties":{"NA_L1CODE":"2","NA_L1NAME":"TUNDRA","NA_L1KEY":"2  TUNDRA","Shape_Leng":38154.6244154,"Shape_Area":63694740.3467}},
{"type":"Feature","geometry":{"type":"Polygon","coordinates":[[[-129,68.4474],[-129,69.6657],[-129.141,69.6888],[-129.1443,69.7961],[-129.1133,69.8386],[-129.0198,69.8427],[-129,69.8524],[-129,69.9269],[-129.0468,69.8718],[-129.1476,69.8508],[-129.3418,69.8382],[-129.5847,69.8125],[-129.6473,69.7941],[-129.9588,69.7385],[-130.0735,69.7056],[-130.3216,69.686],[-130.3755,69.6636],[-130.4529,69.5984],[-130.4576,69.5635],[-130.6202,69.4785],[-130.7124,69.456],[-130.6198,69.4269],[-130.6723,69.3989],[-130.7462,69.3946],[-130.8844,69.3287],[-130.9589,69.2482],[-130.9436,69.1506],[-131.0408,69.1259],[-130.999,69.2296],[-130.9172,69.314],[-130.9037,69.3593],[-131.0268,69.4599],[-131.0742,69.5235],[-131.0952,69.5946],[-130.9382,69.5347],[-130.7897,69.6506],[-130.6137,69.6824],[-130.4871,69.7586],[-130.3371,69.8166],[-130.2099,69.848],[-130.0753,69.8627],[-129.8517,69.9226],[-129.5226,69.9954],[-129.4267,70.0403],[-129.3723,70.1009],[-129.5672,70.1763],[-129.6592,70.2529],[-129.7222,70.2428],[-129.7814,70.2063],[-129.7991,70.1629],[-129.8757,70.0868],[-130.0203,70.0689],[-130.2906,70.0692],[-130.3747,70.1143],[-130.528,70.131],[-130.7759,70.1119],[-130.8347,70.0879],[-130.992,70.0636],[-131.0518,69.9918],[-131.0902,69.8864],[-131.2015,69.8885],[-131.2351,69.9212],[-131.3652,69.9702],[-131.4556,69.9487],[-131.4488,69.8931],[-131.636,69.8666],[-131.753,69.814],[-131.8819,69.7699],[-132.094,69.7264],[-132.1499,69.6803],[-132.2885,69.6989],[-132.3661,69.7332],[-132.3528,69.7566],[-132.5624,69.7343],[-132.5666,69.7129],[-132.6591,69.6541],[-132.7433,69.6377],[-132.8287,69.6566],[-132.9041,69.6531],[-132.975,69.6272],[-132.9741,69.507],[-132.989,69.4645],[-133.1134,69.4137],[-133.2141,69.3901],[-133.3207,69.3844],[-133.4087,69.3973],[-133.5513,69.3947],[-133.658,69.3792],[-133.8275,69.3269],[-133.9479,69.2694],[-134.1659,69.2521],[-134.0124,69.37],[-133.8812,69.4124],[-133.7813,69.4897],[-133.7707,69.5388],[-133.9591,69.4999],[-133.995,69.5263],[-134.1479,69.526],[-134.2366,69.5761],[-134.1828,69.6457],[-134.3403,69.6862],[-134.4845,69.7087],[-134.4864,69.6779],[-134.422,69.6252],[-134.4833,69.536],[-134.6068,69.5288],[-134.6121,69.4941],[-134.4733,69.5052],[-134.4183,69.4711],[-134.4573,69.4426],[-134.5684,69.4362],[-134.7022,69.4722],[-134.8323,69.4759],[-135.1534,69.4659],[-135.2937,69.4231],[-135.312,69.4001],[-135.2544,69.3583],[-135.2089,69.2681],[-135.2662,69.2715],[-135.4736,69.3293],[-135.5648,69.3379],[-135.6209,69.3181],[-135.5875,69.2565],[-135.7026,69.2777],[-135.7763,69.3117],[-135.8424,69.3035],[-135.8625,69.2651],[-136.0033,69.1926],[-135.9401,69.0835],[-135.8631,69.0797],[-135.5854,69.0102],[-135.633,68.9875],[-135.7475,68.9888],[-135.8039,68.9753],[-135.6431,68.9055],[-135.5148,68.9036],[-135.5301,68.9587],[-135.4595,69.0369],[-135.3992,69.0024],[-135.4377,68.9769],[-135.4491,68.908],[-135.562,68.8879],[-135.5389,68.8371],[-135.3303,68.8242],[-135.135,68.8731],[-135.0922,68.9411],[-135.0558,68.9631],[-134.7109,69.0149],[-134.5968,68.9886],[-134.5125,68.9095],[-134.3681,68.8173],[-134.2708,68.7817],[-134.0991,68.6936],[-133.958,68.5792],[-133.8297,68.528],[-133.7618,68.4471],[-133.7327,68.3775],[-133.6559,68.3094],[-133.5122,68.2874],[-133.2363,68.2807],[-133.208,68.3259],[-133.2044,68.3884],[-133.1658,68.4106],[-132.8646,68.4226],[-132.7331,68.4074],[-132.7036,68.3649],[-132.7691,68.314],[-132.7086,68.2973],[-132.6622,68.2414],[-132.4356,68.3031],[-132.3329,68.3095],[-132.2525,68.2738],[-132.1665,68.2602],[-132.0803,68.3204],[-132.0751,68.3662],[-131.9995,68.403],[-131.7592,68.4094],[-131.7037,68.4391],[-131.5812,68.4554],[-131.6428,68.5116],[-131.5485,68.5197],[-131.2351,68.5699],[-131.0923,68.5583],[-130.9689,68.5875],[-130.9572,68.6107],[-130.7512,68.6909],[-130.5155,68.7258],[-130.3778,68.7725],[-130.3101,68.7608],[-130.1885,68.7755],[-130.0686,68.8133],[-129.8079,68.7498],[-129.6549,68.6818],[-129.5874,68.5619],[-129.3521,68.5072],[-129.0756,68.4651],[-129,68.4474]]]},"properties":{"NA_L1CODE":"2","NA_L1NAME":"TUNDRA","NA_L1KEY":"2  TUNDRA","Shape_Leng":16460866.7913,"Shape_Area":958816733671}},
{"type":"Feature","geometry":{"type":"Polygon","coordinates":[[[-173.5143,52.1402],[-173.5195,52.1558],[-173.6166,52.1562],[-173.7986,52.1065],[-173.8989,52.1367],[-174.0358,52.1241],[-173.9158,52.064],[-173.8187,52.0454],[-173.6704,52.0668],[-173.4671,52.0339],[-173.4271,52.049],[-173.2404,52.0671],[-173.1491,52.0669],[-173.0218,52.0799],[-172.9804,52.0997],[-173.2595,52.1167],[-173.3545,52.1044],[-173.4862,52.1097],[-173.5143,52.1402]]]},"properties":{"NA_L1CODE":"2","NA_L1NAME":"TUNDRA","NA_L1KEY":"2  TUNDRA","Shape_Leng":152215.093185,"Shape_Area":465086880.873}},
{"type":"Feature","geometry":{"type":"Polygon","coordinates":[[[-135.471,69.5732],[-135.4162,69.6191],[-135.5001,69.6347],[-135.5991,69.5868],[-135.5453,69.5558],[-135.471,69.5732]]]},"properties":{"NA_L1CODE":"2","NA_L1NAME":"TUNDRA","NA_L1KEY":"2  TUNDRA","Shape_Leng":25723.214771,"Shape_Area":39327718.5772}},
{"type":"Feature","geometry":{"type":"Polygon","coordinates":[[[-174.9546,52.0722],[-174.9836,52.0826],[-175.1695,52.0587],[-175.2845,52.0268],[-175.2034,52.0097],[-174.9987,52.0142],[-174.993,52.0329],[-174.8566,52.0468],[-174.7568,52.033],[-174.6468,52.0396],[-174.4424,52.0717],[-174.3969,52.0427],[-174.3527,52.1118],[-174.3082,52.1267],[-174.1866,52.1248],[-174.0694,52.1391],[-174.1559,52.1834],[-174.1863,52.22],[-174.1586,52.2396],[-174.0488,52.2323],[-174.0277,52.2737],[-173.9751,52.3037],[-174.0135,52.3713],[-174.1522,52.4303],[-174.2575,52.4061],[-174.3283,52.3812],[-174.3136,52.3537],[-174.3504,52.3217],[-174.424,52.3338],[-174.4031,52.2954],[-174.2283,52.2807],[-174.2188,52.2539],[-174.2984,52.2143],[-174.4387,52.2238],[-174.4412,52.1809],[-174.5321,52.1862],[-174.5459,52.1636],[-174.5033,52.1409],[-174.6267,52.1133],[-174.7983,52.1028],[-174.8879,52.1169],[-174.9066,52.0853],[-174.9546,52.0722]]]},"properties":{"NA_L1CODE":"2","NA_L1NAME":"TUNDRA","NA_L1KEY":"2  TUNDRA","Shape_Leng":285380.250727,"Shape_Area":1091077421.25}},
{"type":"Feature","geometry":{"type":"Polygon","coordinates":[[[-139.0843,69.638],[-139.1449,69.6368],[-139.2361,69.602],[-139.2351,69.5711],[-139.1056,69.5157],[-139.0022,69.5696],[-138.9148,69.5643],[-138.8789,69.5923],[-138.9632,69.6218],[-139.0843,69.638]]]},"properties":{"NA_L1CODE":"2","NA_L1NAME":"TUNDRA","NA_L1KEY":"2  TUNDRA","Shape_Leng":53568.3551526,"Shape_Area":116609017.559}},
{"type":"Feature","geometry":{"type":"Polygon","coordinates":[[[-175.7681,51.9339],[-175.7785,51.9617],[-175.8429,51.9574],[-175.8006,51.9234],[-175.7681,51.9339]]]},"properties":{"NA_L1CODE":"2","NA_L1NAME":"TUNDRA","NA_L1KEY":"2  TUNDRA","Shape_Leng":20329.8201134,"Shape_Area":20510763.5382}},
{"type":"Feature","geometry":{"type":"Polygon","coordinates":[[[-175.7917,51.9949],[-175.8985,51.9965],[-175.86,51.9693],[-175.7917,51.9949]]]},"properties":{"NA_L1CODE":"2","NA_L1NAME":"TUNDRA","NA_L1KEY":"2  TUNDRA","Shape_Leng":22093.6796268,"Shape_Area":21487262.4522}},
{"type":"Feature","geometry":{"type":"Polygon","coordinates":[[[-175.9792,51.9113],[-176.0462,51.91],[-176.098,51.8888],[-175.9501,51.8498],[-175.9416,51.8889],[-175.9792,51.9113]]]},"properties":{"NA_L1CODE":"2","NA_L1NAME":"TUNDRA","NA_L1KEY":"2  TUNDRA","Shape_Leng":31236.2924275,"Shape_Area":41513998.7737}},
{"type":"Feature","geometry":{"type":"Polygon","coordinates":[[[-176.1176,51.8549],[-176.1605,51.8851],[-176.1957,51.8835],[-176.2153,51.8224],[-176.1622,51.7892],[-176.1419,51.8136],[-176.0177,51.8469],[-176.1176,51.8549]]]},"properties":{"NA_L1CODE":"2","NA_L1NAME":"TUNDRA","NA_L1KEY":"2  TUNDRA","Shape_Leng":56733.4225299,"Shape_Area":84481637.2686}},
{"type":"Feature","geometry":{"type":"Polygon","coordinates":[[[-176.2495,51.7828],[-176.2673,51.8702],[-176.3916,51.8673],[-176.4044,51.8428],[-176.3825,51.7414],[-176.3075,51.737],[-176.2495,51.7828]]]},"properties":{"NA_L1CODE":"2","NA_L1NAME":"TUNDRA","NA_L1KEY":"2  TUNDRA","Shape_Leng":46323.2743953,"Shape_Area":139147687.994}},
{"type":"Feature","geometry":{"type":"Polygon","coordinates":[[[-176.0087,51.9858],[-176.0226,52.0015],[-175.9897,52.0462],[-175.9958,52.0783],[-176.0494,52.1074],[-176.1206,52.1162],[-176.1666,52.1028],[-176.1939,52.0667],[-176.1715,52.0043],[-176.0814,51.9993],[-176.0678,51.9739],[-176.0087,51.9858]]]},"properties":{"NA_L1CODE":"2","NA_L1NAME":"TUNDRA","NA_L1KEY":"2  TUNDRA","Shape_Leng":50996.4077616,"Shape_Area":158685629.965}},
{"type":"Feature","geometry":{"type":"Polygon","coordinates":[[[-176.6769,51.9645],[-176.7734,51.9597],[-176.7921,51.9328],[-176.7497,51.8867],[-176.7703,51.8457],[-176.7499,51.8103],[-176.7868,51.7826],[-176.8371,51.8223],[-176.8923,51.8102],[-176.8806,51.7746],[-176.8315,51.7455],[-176.8754,51.7041],[-176.9471,51.6793],[-176.9665,51.6091],[-176.8967,51.6138],[-176.8263,51.7056],[-176.8022,51.6337],[-176.7383,51.6365],[-176.7036,51.6841],[-176.5619,51.6913],[-176.5037,51.7513],[-176.4594,51.7492],[-176.4217,51.7742],[-176.4128,51.8374],[-176.4618,51.8569],[-176.5291,51.8404],[-176.5777,51.8416],[-176.6216,51.8668],[-176.6025,51.9062],[-176.5409,51.9363],[-176.5398,51.9944],[-176.567,52.0053],[-176.6154,51.9745],[-176.6769,51.9645]]]},"properties":{"NA_L1CODE":"2","NA_L1NAME":"TUNDRA","NA_L1KEY":"2  TUNDRA","Shape_Leng":193190.821605,"Shape_Area":737361862.406}},
{"type":"Feature","geometry":{"type":"Polygon","coordinates":[[[-161.9092,61.8939],[-161.8515,61.9666],[-161.7925,62.074],[-161.6642,62.2445],[-161.6078,62.4102],[-161.6489,62.4863],[-161.7908,62.4908],[-161.9384,62.4707],[-162.2815,62.3259],[-162.5037,62.2704],[-162.6285,62.1715],[-162.7605,62.0421],[-162.6828,62.0295],[-162.5847,62.0407],[-162.4222,62.0365],[-162.3345,62.0172],[-162.1687,61.9414],[-162.1144,61.9047],[-162.0449,61.8257],[-161.9689,61.8503],[-161.9092,61.8939]]]},"properties":{"NA_L1CODE":"2","NA_L1NAME":"TUNDRA","NA_L1KEY":"2  TUNDRA","Shape_Leng":220091.195875,"Shape_Area":2256050464.24}},
{"type":"Feature","geometry":{"type":"Polygon","coordinates":[[[-164.89,60.8435],[-164.99,60.8757],[-165.0299,60.8368],[-164.9991,60.8126],[-164.89,60.8435]]]},"properties":{"NA_L1CODE":"2","NA_L1NAME":"TUNDRA","NA_L1KEY":"2  TUNDRA","Shape_Leng":22927.8951775,"Shape_Area":35309822.986}},
{"type":"Feature","geometry":{"type":"Polygon","coordinates":[[[-177.6102,51.7389],[-177.6845,51.7112],[-177.6555,51.6665],[-177.6037,51.7099],[-177.4801,51.7083],[-177.4388,51.7269],[-177.3521,51.7351],[-177.3134,51.6967],[-177.2609,51.6832],[-177.2164,51.7067],[-177.1366,51.7107],[-177.1114,51.7295],[-177.1113,51.8405],[-177.0556,51.8631],[-177.0339,51.9061],[-177.0781,51.9373],[-177.1665,51.9471],[-177.1857,51.9288],[-177.1916,51.8268],[-177.2775,51.7861],[-177.4552,51.7528],[-177.5248,51.7268],[-177.6102,51.7389]]]},"properties":{"NA_L1CODE":"2","NA_L1NAME":"TUNDRA","NA_L1KEY":"2  TUNDRA","Shape_Leng":136162.351309,"Shape_Area":372775531.871}},
{"type":"Feature","geometry":{"type":"Polygon","coordinates":[[[-166.8474,60.207],[-166.9425,60.209],[-167.0919,60.2264],[-167.3018,60.2351],[-167.4192,60.2039],[-167.3453,60.1305],[-167.3281,60.0923],[-167.1725,60.0169],[-167.1071,59.9919],[-167.0388,59.9933],[-166.9007,59.9604],[-166.6551,59.8763],[-166.6149,59.8515],[-166.5,59.8493],[-166.431,59.8584],[-166.2784,59.8179],[-166.2291,59.795],[-166.1906,59.754],[-166.1099,59.7569],[-166.0814,59.7799],[-166.1271,59.8223],[-166.0583,59.8514],[-165.9518,59.8786],[-165.7456,59.9056],[-165.6953,59.8962],[-165.5798,59.91],[-165.5458,59.978],[-165.62,59.972],[-165.7099,60.0643],[-165.6612,60.1163],[-165.7033,60.1536],[-165.7203,60.2467],[-165.6738,60.2776],[-165.7151,60.306],[-165.8763,60.3434],[-165.9272,60.3194],[-165.996,60.3146],[-166.0814,60.3267],[-166.1117,60.3845],[-166.1525,60.4182],[-166.3401,60.3653],[-166.4856,60.3894],[-166.5721,60.3531],[-166.5954,60.31],[-166.6612,60.3188],[-166.7658,60.3037],[-166.831,60.2712],[-166.8062,60.2251],[-166.8474,60.207]]]},"properties":{"NA_L1CODE":"2","NA_L1NAME":"TUNDRA","NA_L1KEY":"2  TUNDRA","Shape_Leng":314680.105969,"Shape_Area":4178017540.6}},
{"type":"Feature","geometry":{"type":"Polygon","coordinates":[[[-177.9201,51.9248],[-178.0144,51.9151],[-178.0771,51.9231],[-178.1803,51.9109],[-178.1997,51.8616],[-178.0371,51.7854],[-177.9951,51.7925],[-177.9444,51.7726],[-177.9454,51.7253],[-178.0134,51.7083],[-178.0724,51.7065],[-178.1008,51.6785],[-178.0265,51.6716],[-177.9706,51.6511],[-177.9165,51.6037],[-177.9076,51.6565],[-177.8191,51.7223],[-177.8009,51.792],[-177.7552,51.8068],[-177.6434,51.8211],[-177.6825,51.8451],[-177.8273,51.8355],[-177.8896,51.8643],[-177.8814,51.8889],[-177.9201,51.9248]]]},"properties":{"NA_L1CODE":"2","NA_L1NAME":"TUNDRA","NA_L1KEY":"2  TUNDRA","Shape_Leng":151140.023501,"Shape_Area":524289015.932}},
{"type":"Feature","geometry":{"type":"Polygon","coordinates":[[[-178.912,51.3849],[-178.9806,51.3862],[-178.9435,51.3374],[-178.8964,51.3451],[-178.912,51.3849]]]},"properties":{"NA_L1CODE":"2","NA_L1NAME":"TUNDRA","NA_L1KEY":"2  TUNDRA","Shape_Leng":27148.2017818,"Shape_Area":35349878.5315}},
{"type":"Feature","geometry":{"type":"Polygon","coordinates":[[[-179.0599,51.2534],[-179.0584,51.2849],[-179.0983,51.3055],[-179.1278,51.2843],[-179.1263,51.2341],[-179.0599,51.2534]]]},"properties":{"NA_L1CODE":"2","NA_L1NAME":"TUNDRA","NA_L1KEY":"2  TUNDRA","Shape_Leng":24201.2494781,"Shape_Area":35365416.6616}},
{"type":"Feature","geometry":{"type":"Polygon","coordinates":[[[-162.3379,63.5547],[-162.3692,63.6258],[-162.4359,63.6387],[-162.5765,63.629],[-162.7061,63.5845],[-162.6833,63.5574],[-162.6183,63.5413],[-162.3824,63.5452],[-162.3379,63.5547]]]},"properties":{"NA_L1CODE":"2","NA_L1NAME":"TUNDRA","NA_L1KEY":"2  TUNDRA","Shape_Leng":48225.4822984,"Shape_Area":149744190.228}},
{"type":"Feature","geometry":{"type":"Polygon","coordinates":[[[-178.721,51.7871],[-178.7724,51.8378],[-178.8195,51.8401],[-178.8535,51.7875],[-178.7975,51.7516],[-178.7367,51.7623],[-178.721,51.7871]]]},"properties":{"NA_L1CODE":"2","NA_L1NAME":"TUNDRA","NA_L1KEY":"2  TUNDRA","Shape_Leng":30799.8585151,"Shape_Area":68707756.3829}},
{"type":"Feature","geometry":{"type":"Polygon","coordinates":[[[-160.9677,63.6261],[-161.0221,63.6185],[-161.0404,63.5842],[-161.1072,63.5481],[-161.1396,63.5077],[-161.2973,63.4754],[-161.4591,63.4604],[-161.6002,63.4581],[-161.7055,63.4669],[-161.8128,63.4432],[-162.123,63.4398],[-162.0051,63.4859],[-162.2298,63.5396],[-162.3113,63.5434],[-162.2837,63.4855],[-162.3823,63.4419],[-162.4413,63.3802],[-162.6101,63.2649],[-162.6764,63.2267],[-162.7717,63.219],[-162.8417,63.1948],[-162.8487,63.1541],[-163.04,63.0673],[-163.1049,63.0549],[-163.3325,63.0327],[-163.5388,63.138],[-163.6315,63.1494],[-163.7274,63.2147],[-163.8731,63.2194],[-164.0409,63.2605],[-164.1281,63.2606],[-164.325,63.2352],[-164.4508,63.1973],[-164.5803,63.1399],[-164.5738,63.0871],[-164.6508,63.0322],[-164.717,63.006],[-164.7924,62.9435],[-164.8676,62.7914],[-164.8633,62.7329],[-164.8175,62.6373],[-164.7336,62.6247],[-164.5701,62.7217],[-164.5072,62.7247],[-164.7191,62.6041],[-164.8537,62.5727],[-164.7923,62.5295],[-164.86,62.512],[-164.895,62.5314],[-165.0363,62.5414],[-165.1006,62.5192],[-165.2604,62.4327],[-165.3164,62.3717],[-165.4994,62.2539],[-165.5811,62.1848],[-165.6197,62.1738],[-165.7015,62.1123],[-165.7405,62.0651],[-165.7533,61.9883],[-165.7179,61.9337],[-165.6111,61.8716],[-165.6256,61.85],[-165.7978,61.8287],[-165.948,61.8302],[-166.0666,61.8172],[-166.0884,61.8],[-166.0101,61.7286],[-165.8601,61.6919],[-165.7644,61.6803],[-166.0648,61.641],[-166.1419,61.6365],[-166.1898,61.5893],[-166.1215,61.5004],[-166.0806,61.5345],[-165.9309,61.5585],[-165.8162,61.5349],[-165.7499,61.4826],[-165.8034,61.4502],[-165.9202,61.4207],[-165.9093,61.3701],[-165.8754,61.3278],[-165.6451,61.2954],[-165.6075,61.2547],[-165.6404,61.2329],[-165.595,61.112],[-165.5594,61.0909],[-165.4113,61.0702],[-165.345,61.0785],[-165.3515,61.1358],[-165.393,61.1936],[-165.3459,61.2062],[-165.2427,61.1552],[-165.1296,61.1604],[-165.1835,61.1233],[-165.1247,61.082],[-165.0239,61.0554],[-164.99,61.1105],[-164.8239,61.1085],[-164.8341,61.087],[-164.9412,61.0926],[-164.9543,61.0293],[-165.0075,61.0151],[-165.1058,61.0201],[-165.1968,60.9786],[-165.1405,60.9258],[-165.0302,60.9068],[-164.948,60.9526],[-164.843,60.9468],[-164.758,60.9154],[-164.6348,60.9286],[-164.521,60.8509],[-164.3343,60.866],[-164.2799,60.8615],[-164.1275,60.8735],[-164.1192,60.9055],[-164.1566,60.95],[-164.0995,60.989],[-164.0785,61.033],[-163.9908,61.0476],[-164.0015,61.0144],[-163.9377,60.9314],[-163.987,60.8945],[-164.0407,60.8983],[-164.109,60.8591],[-163.9451,60.855],[-163.9005,60.9079],[-163.8094,60.9795],[-163.7502,60.9987],[-163.7261,60.9355],[-163.5656,60.9211],[-163.5497,60.8976],[-163.6819,60.8705],[-163.7416,60.8731],[-163.7735,60.9007],[-163.8677,60.8803],[-163.9204,60.8521],[-163.6475,60.8247],[-163.5875,60.836],[-163.5131,60.8722],[-163.4121,60.8684],[-163.5191,60.826],[-163.5009,60.7947],[-163.4141,60.7209],[-163.4137,60.7018],[-163.5159,60.6373],[-163.6327,60.5898],[-163.7647,60.5726],[-163.8224,60.6234],[-163.8184,60.6905],[-163.7787,60.7284],[-163.8302,60.7721],[-163.9174,60.7846],[-164.039,60.7582],[-164.1504,60.6555],[-164.2389,60.6568],[-164.2573,60.6758],[-164.2557,60.7742],[-164.3942,60.799],[-164.4653,60.8253],[-164.6432,60.821],[-164.6865,60.8405],[-164.6233,60.9044],[-164.7419,60.9007],[-164.7966,60.8721],[-164.8684,60.858],[-164.8845,60.8226],[-165.0187,60.7882],[-164.9698,60.7275],[-165.0028,60.6943],[-165.143,60.6529],[-165.1776,60.6238],[-165.2727,60.5819],[-165.3786,60.5802],[-165.4081,60.5476],[-165.3608,60.5077],[-165.2672,60.4961],[-165.1876,60.499],[-165.0524,60.5461],[-164.9696,60.5343],[-165.0066,60.4775],[-165.1106,60.4501],[-165.1274,60.4326],[-164.9963,60.3482],[-164.8549,60.3035],[-164.6759,60.2845],[-164.6461,60.2482],[-164.5023,60.1756],[-164.416,60.0994],[-164.3488,60.0638],[-164.196,60.0301],[-164.1275,59.9948],[-164.219,59.9473],[-164.1547,59.8553],[-164.1114,59.8368],[-163.9253,59.8055],[-163.8253,59.798],[-163.6359,59.7986],[-163.3308,59.8219],[-163.1389,59.8508],[-162.7658,59.9476],[-162.7284,59.9979],[-162.6362,59.9769],[-162.565,59.9791],[-162.5026,60],[-162.4628,60.0717],[-162.4975,60.1131],[-162.4471,60.1794],[-162.4587,60.2018],[-162.5693,60.2385],[-162.5707,60.32],[-162.4867,60.3834],[-162.4054,60.3886],[-162.2618,60.6041],[-162.2083,60.6365],[-162.1441,60.6116],[-162.2202,60.5833],[-162.2098,60.5151],[-162.2693,60.4786],[-162.3091,60.4125],[-162.4593,60.2838],[-162.3636,60.2407],[-162.3329,60.1955],[-162.3698,60.1707],[-162.3157,60.1268],[-162.2637,60.1673],[-162.2055,60.1621],[-162.1972,60.1284],[-162.2341,60.0912],[-162.1942,60.0086],[-162.1396,59.9741],[-162.0883,59.8902],[-162.0369,59.8475],[-162.0084,59.8638],[-161.9538,59.9472],[-161.9475,60.0307],[-161.8119,60.0535],[-161.8443,60.1274],[-161.7668,60.1358],[-161.6838,60.1687],[-161.7713,60.2821],[-161.689,60.3176],[-161.7348,60.4595],[-161.5168,60.4851],[-161.4466,60.5378],[-161.4229,60.6096],[-161.4059,60.71],[-161.2358,60.6847],[-161.0885,60.6996],[-161.0206,60.773],[-161.0462,60.8077],[-160.9735,60.8575],[-160.8888,60.8659],[-160.8508,60.9069],[-160.9056,61.0772],[-160.8075,61.0814],[-160.6612,61.1301],[-160.6289,61.1864],[-160.634,61.2259],[-160.5451,61.2263],[-160.3896,61.2409],[-160.1933,61.307],[-160.0747,61.3736],[-159.8017,61.3609],[-159.5253,61.3518],[-159.4967,61.4247],[-159.5744,61.4817],[-159.7414,61.4936],[-159.9868,61.4904],[-160.2889,61.447],[-160.5883,61.3579],[-160.768,61.2529],[-160.9357,61.1355],[-161.0565,61.1449],[-161.0677,61.1971],[-161.035,61.2642],[-161.0338,61.3789],[-161.002,61.4486],[-160.7722,61.4761],[-160.5232,61.5528],[-160.4814,61.6285],[-160.3817,61.6561],[-160.3686,61.7743],[-160.3243,61.8478],[-160.5013,61.8261],[-160.7177,61.774],[-161.0526,61.6834],[-161.5822,61.5642],[-161.9022,61.4765],[-162.0207,61.4227],[-162.1025,61.4407],[-162.2664,61.5324],[-162.397,61.6208],[-162.4996,61.6986],[-162.6046,61.7429],[-162.7322,61.7735],[-162.7643,61.8083],[-162.7686,61.9025],[-162.8357,61.9281],[-163,61.9277],[-163.069,61.9055],[-163.2639,61.956],[-163.3963,62.0264],[-163.4084,62.0464],[-163.374,62.1029],[-163.1788,62.2294],[-163.0501,62.3751],[-163.0505,62.5011],[-163.1674,62.6815],[-163.1484,62.7695],[-162.7088,63.0658],[-162.4182,63.2218],[-162.2917,63.2079],[-162.0845,63.1992],[-161.8232,63.1769],[-161.7057,63.1804],[-161.6028,63.2144],[-161.4569,63.183],[-161.4012,63.1402],[-161.2305,63.1563],[-161.2348,63.2173],[-161.1914,63.304],[-161.0755,63.2854],[-160.9757,63.2811],[-160.8512,63.3833],[-160.7326,63.5058],[-160.7765,63.5898],[-160.9677,63.6261]]]},"properties":{"NA_L1CODE":"2","NA_L1NAME":"TUNDRA","NA_L1KEY":"2  TUNDRA","Shape_Leng":2801769.87457,"Shape_Area":62231310006.3}},
{"type":"Feature","geometry":{"type":"Polygon","coordinates":[[[-161.01,64.2594],[-160.9697,64.2873],[-160.8182,64.4527],[-160.713,64.5871],[-160.6767,64.6836],[-160.5639,64.8186],[-160.4864,64.9504],[-160.5818,65.0198],[-160.6936,65.0557],[-160.7288,65.1168],[-160.8131,65.1738],[-160.9783,65.1864],[-161.0392,65.1544],[-161.0659,65.0828],[-161.1329,65.0206],[-161.2658,64.9688],[-161.4826,64.9468],[-161.3341,64.8269],[-161.2979,64.8553],[-161.1458,64.9189],[-161.0715,64.8706],[-160.92,64.8267],[-160.7819,64.7167],[-160.7925,64.6203],[-161.0376,64.5012],[-161.2378,64.5043],[-161.3752,64.5378],[-161.4654,64.5082],[-161.483,64.4406],[-161.3977,64.4258],[-161.2496,64.4148],[-161.2245,64.3707],[-161.01,64.2594]]]},"properties":{"NA_L1CODE":"2","NA_L1NAME":"TUNDRA","NA_L1KEY":"2  TUNDRA","Shape_Leng":315722.853144,"Shape_Area":1844415532.9}},
{"type":"Feature","geometry":{"type":"Polygon","coordinates":[[[-172.9779,60.5802],[-173.0391,60.5599],[-173.046,60.5082],[-172.9361,60.4781],[-172.8765,60.4403],[-172.7807,60.3981],[-172.7207,60.3601],[-172.5914,60.3199],[-172.4729,60.3354],[-172.2464,60.3265],[-172.4165,60.3958],[-172.5224,60.3852],[-172.585,60.3951],[-172.7518,60.4452],[-172.898,60.52],[-172.9285,60.5641],[-172.9779,60.5802]]]},"properties":{"NA_L1CODE":"2","NA_L1NAME":"TUNDRA","NA_L1KEY":"2  TUNDRA","Shape_Leng":131818.186697,"Shape_Area":322079562.82}},
{"type":"Feature","geometry":{"type":"Polygon","coordinates":[[[-173.0346,60.6272],[-173.0489,60.6859],[-173.1045,60.6543],[-173.0346,60.6272]]]},"properties":{"NA_L1CODE":"2","NA_L1NAME":"TUNDRA","NA_L1KEY":"2  TUNDRA","Shape_Leng":20739.8267688,"Shape_Area":19089193.6957}},
{"type":"Feature","geometry":{"type":"Polygon","coordinates":[[[-167.1514,65.9458],[-167.0446,65.9663],[-166.8367,66.0443],[-166.7257,66.0708],[-166.4843,66.1429],[-166.1376,66.2205],[-166.0811,66.2526],[-165.9397,66.2698],[-165.889,66.2987],[-165.7627,66.3371],[-165.5318,66.3835],[-165.4362,66.4129],[-165.1858,66.4455],[-165.2094,66.4649],[-165.4704,66.4116],[-165.9398,66.2985],[-166.2623,66.2091],[-166.5688,66.131],[-166.812,66.0569],[-167.1514,65.9458]]]},"properties":{"NA_L1CODE":"2","NA_L1NAME":"TUNDRA","NA_L1KEY":"2  TUNDRA","Shape_Leng":263659.151867,"Shape_Area":152835284.095}},
{"type":"Feature","geometry":{"type":"Polygon","coordinates":[[[-167.8435,65.7419],[-167.7562,65.7669],[-167.6946,65.7348],[-167.6552,65.7867],[-167.7749,65.7701],[-167.8435,65.7419]]]},"properties":{"NA_L1CODE":"2","NA_L1NAME":"TUNDRA","NA_L1KEY":"2  TUNDRA","Shape_Leng":43333.3345374,"Shape_Area":25094727.7727}},
{"type":"Feature","geometry":{"type":"Polygon","coordinates":[[[-161.5922,67.0049],[-161.4793,66.9689],[-161.497,66.944],[-161.6345,66.9606],[-161.7057,66.9429],[-161.7833,66.8917],[-161.7937,66.8361],[-161.8604,66.8064],[-161.8826,66.7245],[-161.8664,66.71],[-161.4882,66.5331],[-161.2881,66.5298],[-161.2198,66.5481],[-161.219,66.5808],[-161.1137,66.6432],[-160.8976,66.6616],[-160.7893,66.6596],[-160.6576,66.5955],[-160.5086,66.5831],[-160.4946,66.6151],[-160.3322,66.6371],[-160.2014,66.5116],[-160.2267,66.3937],[-160.4771,66.3837],[-160.6172,66.3635],[-160.7831,66.3716],[-160.9363,66.4291],[-161.0708,66.496],[-161.1336,66.4939],[-161.1649,66.5369],[-161.2244,66.5305],[-161.3253,66.4837],[-161.514,66.4493],[-161.5886,66.449],[-161.9097,66.5531],[-162.0529,66.6459],[-162.0713,66.6957],[-162.0275,66.7294],[-162.0069,66.785],[-162.1,66.7964],[-162.3239,66.9451],[-162.3959,66.9252],[-162.5957,66.9039],[-162.6121,66.8576],[-162.5546,66.8233],[-162.4759,66.7327],[-162.2854,66.721],[-162.2215,66.7097],[-162.1207,66.6555],[-162.0802,66.6051],[-161.9211,66.5469],[-161.881,66.5173],[-161.8736,66.4318],[-161.8965,66.3609],[-161.6895,66.4018],[-161.5143,66.402],[-161.1362,66.3429],[-161.1033,66.3311],[-160.9898,66.2488],[-160.9833,66.2077],[-161.0734,66.1625],[-161.0664,66.226],[-161.2035,66.2158],[-161.3166,66.2285],[-161.3478,66.2581],[-161.5015,66.2649],[-161.5572,66.2448],[-161.6569,66.1359],[-161.7666,66.0651],[-161.8578,66.0271],[-162.0128,66.0641],[-162.1237,66.0737],[-162.3546,66.0309],[-162.527,66.0494],[-162.6275,66.0429],[-162.7441,66.0955],[-162.9856,66.0822],[-163.1496,66.0633],[-163.2569,66.07],[-163.3446,66.0878],[-163.4954,66.085],[-163.6378,66.0634],[-163.7607,66.0855],[-163.8623,66.1487],[-163.8879,66.1937],[-163.9794,66.1978],[-163.8343,66.2845],[-163.868,66.3882],[-163.8411,66.4235],[-163.7682,66.4559],[-163.722,66.5156],[-163.7525,66.5463],[-163.8608,66.5706],[-163.8014,66.598],[-164.0362,66.5996],[-164.3751,66.5872],[-164.6855,66.5494],[-164.723,66.5196],[-164.8991,66.4682],[-165.002,66.4003],[-165.0411,66.4257],[-165.1712,66.4297],[-165.4369,66.4064],[-165.6836,66.3433],[-165.8343,66.2707],[-165.854,66.217],[-165.66,66.199],[-165.5442,66.1642],[-165.5335,66.1469],[-165.7023,66.1047],[-165.8561,66.1164],[-166.0456,66.1111],[-166.1448,66.1387],[-166.1157,66.1562],[-166.2399,66.1744],[-166.6069,66.0903],[-166.7726,66.0305],[-166.982,65.9649],[-166.8719,65.9293],[-167.0357,65.8701],[-167.1342,65.8534],[-167.2084,65.862],[-167.2657,65.9053],[-167.4468,65.8464],[-167.5743,65.7968],[-167.4834,65.7625],[-167.4895,65.7364],[-167.5857,65.7117],[-167.777,65.7111],[-167.8163,65.6851],[-167.9904,65.6329],[-168.0578,65.6433],[-168.0072,65.6982],[-167.9148,65.7136],[-167.9033,65.7479],[-168.0881,65.6933],[-168.1204,65.6422],[-168.0585,65.5803],[-167.8487,65.5462],[-167.6967,65.5042],[-167.5888,65.4551],[-167.3964,65.4059],[-166.9856,65.3825],[-166.8079,65.3453],[-166.6355,65.3296],[-166.5327,65.3392],[-166.2816,65.3066],[-166.1581,65.2849],[-166.0308,65.2387],[-166.0176,65.1905],[-165.9007,65.1479],[-165.8439,65.1854],[-165.7525,65.1836],[-165.6724,65.1537],[-165.4873,65.1565],[-165.4087,65.1666],[-165.3895,65.1422],[-165.5676,65.0942],[-165.6432,65.0589],[-165.7182,65.0526],[-165.8573,65.0939],[-166.0315,65.1891],[-166.0425,65.2289],[-166.2497,65.2565],[-166.3877,65.2544],[-166.4715,65.2217],[-166.4536,65.1864],[-166.4977,65.1585],[-166.6269,65.1174],[-166.7136,65.1108],[-166.8928,65.1423],[-166.88,65.1065],[-166.6939,65.0388],[-166.6734,64.9888],[-166.468,64.915],[-166.4112,64.8808],[-166.3973,64.8269],[-166.4648,64.7981],[-166.4678,64.7335],[-166.3887,64.6466],[-166.2463,64.5963],[-166.0795,64.5701],[-165.702,64.5363],[-165.3457,64.4924],[-165.001,64.4376],[-164.8421,64.4486],[-164.889,64.4791],[-164.757,64.5151],[-164.4227,64.5532],[-164.2314,64.5675],[-164.0663,64.565],[-163.8442,64.5801],[-163.6339,64.5703],[-163.5103,64.5536],[-163.2664,64.4817],[-163.1702,64.4028],[-163.1052,64.4129],[-163.0335,64.4866],[-163.0413,64.5222],[-163.1381,64.5131],[-163.2746,64.553],[-163.3573,64.5926],[-163.2076,64.6471],[-163.1319,64.6509],[-163.1015,64.6064],[-162.9302,64.5415],[-162.8494,64.5003],[-162.8101,64.5927],[-162.8558,64.6768],[-163.0122,64.7094],[-163.2086,64.7109],[-163.5036,64.6858],[-163.6877,64.7095],[-163.8929,64.7901],[-163.8537,64.9184],[-163.6804,65.0148],[-163.3509,65.0193],[-163.0161,64.9564],[-162.7438,64.8652],[-162.7544,64.7916],[-162.5991,64.7613],[-162.4694,64.7901],[-162.3054,64.8381],[-162.3105,64.9315],[-162.2752,65.0207],[-162.1675,65.1302],[-161.9239,65.177],[-161.5513,65.1975],[-161.2507,65.1573],[-161.1202,65.281],[-161.1672,65.4802],[-161.1467,65.6077],[-160.9954,65.6421],[-160.7029,65.6799],[-160.5429,65.6023],[-160.2843,65.6153],[-160.0862,65.6337],[-160.0454,65.6716],[-160.1117,65.8158],[-159.9192,65.8068],[-159.9004,65.7656],[-159.7884,65.7182],[-159.5734,65.7292],[-159.491,65.7035],[-159.5644,65.65],[-159.4557,65.6076],[-159.3526,65.6073],[-159.2542,65.6784],[-159.1769,65.7852],[-159.1167,65.9333],[-159.1313,66.0441],[-159.4765,66.2884],[-159.3785,66.2953],[-159.2482,66.3447],[-159.0014,66.293],[-158.8123,66.2822],[-158.5516,66.3372],[-158.2133,66.4155],[-157.9744,66.4468],[-157.3668,66.5028],[-157.1965,66.5262],[-157.18,66.5723],[-157.5488,66.5822],[-157.8234,66.5706],[-157.805,66.6089],[-157.3627,66.6358],[-157.3351,66.6693],[-157.3876,66.7034],[-157.5857,66.7154],[-157.8612,66.7197],[-158.1465,66.731],[-158.1053,66.7788],[-157.726,66.8025],[-157.6254,66.7847],[-157.2782,66.7868],[-157.0703,66.8042],[-156.9362,66.841],[-156.9481,66.8934],[-157.0487,66.9116],[-157.2669,66.9203],[-157.4751,66.9373],[-157.6944,67.0172],[-157.9079,67.0786],[-158.1245,67.0278],[-158.1471,66.9332],[-158.7485,66.8565],[-159.1831,66.8186],[-159.7809,66.7863],[-160.0082,66.8254],[-160.1815,66.8631],[-160.3579,66.8228],[-160.5975,66.7478],[-160.8153,66.7385],[-161.0928,66.7669],[-161.1607,66.8847],[-161.1974,66.981],[-161.3882,67.0324],[-161.5922,67.0049]]]},"properties":{"NA_L1CODE":"2","NA_L1NAME":"TUNDRA","NA_L1KEY":"2  TUNDRA","Shape_Leng":2772236.48131,"Shape_Area":60784894210.8}},
{"type":"Feature","geometry":{"type":"Polygon","coordinates":[[[-171.6449,63.7215],[-171.6357,63.7668],[-171.7318,63.7827],[-171.7217,63.7259],[-171.7541,63.6842],[-171.7392,63.6551],[-171.7898,63.62],[-171.8379,63.5517],[-171.844,63.4855],[-171.8199,63.4366],[-171.705,63.3642],[-171.4377,63.3071],[-171.2928,63.3541],[-171.2731,63.3839],[-171.0321,63.4336],[-170.9018,63.443],[-170.7812,63.41],[-170.5834,63.3923],[-170.4703,63.3565],[-170.3235,63.288],[-170.2376,63.2794],[-170.2305,63.1907],[-170.1557,63.1747],[-170.096,63.1789],[-170.0244,63.149],[-169.8887,63.1399],[-169.7141,63.0488],[-169.7511,62.9567],[-169.6523,62.9392],[-169.5412,62.9862],[-169.5734,63.04],[-169.5261,63.0794],[-169.4278,63.1093],[-169.3713,63.1481],[-169.2772,63.1658],[-169.1403,63.1768],[-168.9776,63.1676],[-168.8899,63.1449],[-168.7832,63.1797],[-168.716,63.2313],[-168.694,63.3006],[-168.7848,63.3073],[-168.9989,63.3402],[-169.1783,63.3383],[-169.4466,63.3584],[-169.5587,63.3782],[-169.5687,63.4018],[-169.6452,63.4281],[-169.8768,63.448],[-169.9353,63.4698],[-170.053,63.4924],[-170.056,63.5547],[-170.1005,63.6075],[-170.1602,63.6203],[-170.2843,63.6851],[-170.4909,63.6954],[-170.5419,63.6678],[-170.7089,63.6461],[-170.9072,63.5671],[-170.9584,63.5704],[-171.2189,63.6132],[-171.2892,63.6152],[-171.4996,63.5976],[-171.5352,63.6269],[-171.4883,63.6436],[-171.6358,63.6908],[-171.6449,63.7215]]]},"properties":{"NA_L1CODE":"2","NA_L1NAME":"TUNDRA","NA_L1KEY":"2  TUNDRA","Shape_Leng":655788.278025,"Shape_Area":4742928076.36}},
{"type":"Feature","geometry":{"type":"Polygon","coordinates":[[[-169.1478,65.7608],[-169.1197,65.8103],[-169.2001,65.8162],[-169.2251,65.7604],[-169.1478,65.7608]]]},"properties":{"NA_L1CODE":"2","NA_L1NAME":"TUNDRA","NA_L1KEY":"2  TUNDRA","Shape_Leng":22185.1961286,"Shape_Area":30276492.1938}},
{"type":"Feature","geometry":{"type":"Polygon","coordinates":[[[-135.8728,68.8316],[-136.1376,68.8826],[-136.2318,68.8771],[-136.5278,68.9044],[-136.7551,68.8626],[-136.8423,68.8772],[-137.007,68.9393],[-137.2112,68.9329],[-137.401,68.9858],[-137.654,69.0291],[-138.0815,69.1329],[-138.1986,69.1684],[-138.2794,69.2062],[-138.3714,69.2917],[-138.4472,69.2285],[-138.5992,69.2483],[-138.6285,69.2896],[-138.7431,69.3463],[-138.9548,69.4069],[-139.0689,69.4756],[-139.1509,69.4993],[-139.4,69.5415],[-139.5245,69.5408],[-139.7511,69.5953],[-139.8685,69.6134],[-140.0984,69.607],[-140.2417,69.5912],[-140.3809,69.5893],[-140.6925,69.6092],[-140.9433,69.6369],[-141.187,69.6839],[-141.2527,69.6297],[-141.3685,69.6345],[-141.5167,69.7264],[-141.762,69.792],[-141.8735,69.8093],[-141.9421,69.7934],[-142.1185,69.8524],[-142.2336,69.8503],[-142.4959,69.954],[-142.5756,69.9994],[-142.7615,70.0504],[-142.8676,70.0705],[-143.1606,70.0998],[-143.2201,70.1128],[-143.3694,70.0952],[-143.6356,70.0806],[-143.7063,70.0909],[-143.9044,70.0677],[-144.0551,70.0681],[-144.1767,70.0394],[-144.3815,70.0326],[-144.4901,70.014],[-144.5869,69.9769],[-144.6689,69.9685],[-144.992,69.9778],[-145.2461,69.9939],[-145.8773,70.1559],[-145.9869,70.1442],[-146.3115,70.185],[-146.4891,70.1919],[-146.6546,70.1823],[-146.8616,70.1837],[-146.9709,70.1562],[-147.1517,70.1604],[-147.2489,70.197],[-147.3913,70.1917],[-147.5392,70.2069],[-147.6724,70.2068],[-147.7701,70.238],[-147.7851,70.2823],[-148.0027,70.3164],[-148.1041,70.3517],[-148.2004,70.3578],[-148.3444,70.3119],[-148.4692,70.3207],[-148.4957,70.3706],[-148.5958,70.3989],[-148.7147,70.4152],[-148.8655,70.4108],[-149.1635,70.4899],[-149.4218,70.5005],[-149.4888,70.5156],[-149.813,70.4957],[-149.8739,70.5125],[-150.0913,70.4363],[-150.2731,70.4291],[-150.4637,70.3962],[-150.623,70.3526],[-150.7374,70.3374],[-150.7448,70.3727],[-150.6139,70.391],[-150.4986,70.4323],[-150.4297,70.4994],[-150.7675,70.5014],[-150.8979,70.4631],[-151.0991,70.4334],[-151.1709,70.4359],[-151.2086,70.3718],[-151.3104,70.4119],[-151.4243,70.4279],[-151.6283,70.4347],[-151.8693,70.4327],[-151.9147,70.4738],[-151.7963,70.4893],[-151.7144,70.5475],[-151.9771,70.5673],[-152.2965,70.5483],[-152.4956,70.5452],[-152.5583,70.5642],[-152.4232,70.6169],[-152.4801,70.685],[-152.391,70.7152],[-152.3208,70.7758],[-152.2096,70.8229],[-152.2514,70.8405],[-152.4325,70.8694],[-152.608,70.8871],[-152.6282,70.8406],[-152.8314,70.8492],[-152.8903,70.8631],[-152.9097,70.8987],[-153.1203,70.9236],[-153.2347,70.9198],[-153.3634,70.8931],[-153.4969,70.8832],[-153.6797,70.8934],[-153.9221,70.8798],[-153.984,70.8232],[-154.1527,70.7709],[-154.2371,70.7765],[-154.2461,70.8101],[-154.349,70.8292],[-154.5805,70.8278],[-154.6533,70.8854],[-154.5785,70.9959],[-154.6173,71.0252],[-154.8653,71.1128],[-154.9996,71.1065],[-155.0781,71.0763],[-155.1529,71.1178],[-155.2683,71.0745],[-155.1657,71.0252],[-155.3659,71.0017],[-155.5171,70.9443],[-155.486,70.8689],[-155.4225,70.8485],[-155.2897,70.8447],[-155.2583,70.8226],[-155.3283,70.8],[-155.4454,70.8183],[-155.5447,70.8504],[-155.6528,70.8324],[-155.8678,70.831],[-155.9206,70.8069],[-155.8779,70.7582],[-155.9584,70.7572],[-155.9755,70.8173],[-155.9378,70.861],[-156.03,70.928],[-155.9822,70.9676],[-155.7279,70.9878],[-155.533,71.0733],[-155.5154,71.091],[-155.5872,71.1823],[-155.7371,71.2015],[-155.9557,71.1938],[-156.0606,71.1824],[-156.0692,71.2436],[-156.178,71.2604],[-156.3983,71.2713],[-156.5199,71.3001],[-156.5772,71.3514],[-156.7816,71.3003],[-156.9912,71.2004],[-157.2636,71.0436],[-157.4722,70.9589],[-157.8102,70.8671],[-158.0767,70.8277],[-158.3508,70.8183],[-158.4323,70.8012],[-158.6596,70.7909],[-158.9565,70.7945],[-158.9789,70.7701],[-159.1036,70.7599],[-159.248,70.7616],[-159.3209,70.8037],[-159.1313,70.835],[-159.1639,70.877],[-159.4778,70.8282],[-159.6082,70.8014],[-159.8513,70.7067],[-159.9936,70.637],[-159.8969,70.6212],[-159.8307,70.5889],[-159.8084,70.5425],[-159.7402,70.4975],[-159.8634,70.3895],[-159.8152,70.3518],[-159.8058,70.2893],[-159.8802,70.2807],[-159.9091,70.3187],[-160.0005,70.3551],[-160.0145,70.3874],[-159.9243,70.4698],[-160.041,70.4761],[-160.0394,70.497],[-159.8895,70.5321],[-159.9124,70.5902],[-160.1615,70.5886],[-160.466,70.4704],[-160.79,70.3783],[-160.8913,70.3362],[-161.2508,70.2614],[-161.3167,70.2534],[-161.6739,70.2504],[-161.7019,70.2765],[-161.7897,70.2854],[-161.8402,70.3177],[-161.9396,70.3048],[-162.0333,70.236],[-162.172,70.1713],[-162.3267,70.1149],[-162.316,70.0902],[-162.4,70.051],[-162.483,69.9723],[-162.5947,69.9194],[-162.9407,69.7845],[-163.0147,69.7298],[-162.9081,69.6936],[-162.9748,69.6705],[-163.0401,69.5726],[-163.0408,69.4977],[-163.1047,69.4175],[-163.1778,69.3955],[-163.2719,69.2964],[-163.5706,69.1294],[-163.7043,69.0724],[-163.9264,68.9954],[-164.2263,68.9327],[-164.4463,68.9176],[-164.6067,68.9186],[-164.7759,68.8979],[-165.2738,68.8627],[-165.4099,68.8557],[-165.6551,68.8552],[-166.211,68.8835],[-166.2222,68.8696],[-166.1839,68.778],[-166.2255,68.5681],[-166.2953,68.5177],[-166.3419,68.4165],[-166.4165,68.4003],[-166.5577,68.3434],[-166.4287,68.3311],[-166.313,68.3352],[-166.2464,68.3239],[-165.9975,68.1772],[-165.9609,68.14],[-165.8623,68.1125],[-165.5313,68.0697],[-165.4135,68.0482],[-165.2041,67.9808],[-164.6885,67.7875],[-164.6552,67.8034],[-164.5151,67.7255],[-164.1418,67.6207],[-163.9952,67.5316],[-163.8566,67.4047],[-163.7589,67.2566],[-163.7409,67.1768],[-163.75,67.1322],[-163.6241,67.0983],[-163.495,67.0886],[-162.932,67.0247],[-162.9207,67.0432],[-162.696,67.0538],[-162.6541,67.0127],[-162.5202,67.0138],[-162.4855,67.0531],[-162.4245,67.0461],[-162.4658,67.0063],[-162.4238,66.9898],[-162.2635,66.9992],[-162.276,67.0509],[-162.3488,67.1313],[-162.4016,67.1282],[-162.6086,67.1643],[-162.4717,67.1997],[-162.3074,67.2771],[-162.0733,67.3404],[-161.8664,67.3795],[-161.6306,67.4556],[-161.6185,67.4681],[-161.4207,67.5029],[-161.3607,67.4433],[-161.2039,67.4614],[-161.1364,67.491],[-160.9737,67.4852],[-160.7127,67.3688],[-160.5799,67.3791],[-160.3504,67.445],[-160.2899,67.4066],[-160.3881,67.3268],[-160.3499,67.2359],[-160.2693,67.1697],[-160.1001,67.145],[-160.0024,67.1549],[-160.043,67.3956],[-160.0429,67.4947],[-159.9133,67.6999],[-159.8089,67.6859],[-159.7966,67.5877],[-159.7057,67.455],[-159.2456,67.3991],[-158.8888,67.37],[-158.6741,67.3655],[-158.5426,67.4275],[-157.5595,67.3365],[-156.3072,67.1457],[-155.765,67.0775],[-155.163,67.0238],[-154.3915,67.0542],[-153.5454,67.1155],[-152.7311,67.1819],[-151.8315,67.2017],[-151.3905,67.1886],[-151.0462,67.1722],[-150.523,67.1847],[-150.2787,67.1831],[-150.2374,67.1755],[-149.9758,67.2328],[-149.5483,67.2831],[-149.0466,67.3322],[-148.6663,67.3358],[-148.2536,67.3248],[-147.7679,67.4971],[-147.3793,67.5813],[-147.1457,67.6626],[-146.8511,67.6695],[-146.7012,67.6477],[-146.5211,67.6967],[-146.518,67.7679],[-146.605,67.8264],[-146.3179,67.9141],[-145.9733,68.001],[-145.8839,67.9896],[-145.9155,67.9319],[-145.8077,67.8912],[-145.5665,67.8833],[-145.4142,67.8868],[-145.3353,67.9174],[-145.3073,67.9962],[-145.2181,68.0584],[-144.9635,68.097],[-144.4702,68.0836],[-144.2224,68.0606],[-144.0792,68.0393],[-143.9246,68.0493],[-143.7564,68.1012],[-143.7573,68.1408],[-143.8849,68.1753],[-143.9353,68.2609],[-143.9279,68.311],[-143.4142,68.3525],[-143.032,68.3219],[-142.6115,68.3105],[-142.2319,68.3391],[-141.9488,68.3685],[-141.7892,68.4816],[-141.6755,68.5998],[-141.5744,68.6628],[-141.2971,68.7117],[-141.0698,68.7301],[-141.0021,68.732],[-140.9194,68.6593],[-140.8671,68.5931],[-140.737,68.5986],[-140.4178,68.7129],[-140.4301,68.7575],[-140.3334,68.8048],[-140.193,68.8139],[-139.9468,68.7709],[-139.7027,68.6766],[-139.5481,68.65],[-139.3684,68.6733],[-139.3226,68.6433],[-139.4602,68.5734],[-139.5792,68.5539],[-139.5941,68.525],[-139.7125,68.4902],[-139.6117,68.4771],[-139.5537,68.4189],[-139.2877,68.3835],[-139.2529,68.3465],[-138.9371,68.3991],[-138.927,68.4341],[-139.1476,68.4612],[-139.1529,68.4809],[-138.968,68.4641],[-138.7512,68.4728],[-138.5973,68.4423],[-138.5486,68.4135],[-138.456,68.4381],[-138.3993,68.4145],[-138.2939,68.4211],[-138.2259,68.3895],[-138.2158,68.3521],[-138.1087,68.2714],[-138.0545,68.2524],[-137.9647,68.2865],[-137.9145,68.2428],[-138.0327,68.1695],[-138.215,68.1044],[-138.3572,67.9927],[-138.3475,67.9482],[-138.2008,67.9619],[-138.074,67.9591],[-137.9618,67.9289],[-137.8112,67.964],[-137.6323,68.0317],[-137.4723,68.0454],[-137.447,67.9917],[-137.4633,67.8405],[-137.5123,67.6865],[-137.5622,67.6078],[-137.6482,67.5683],[-137.6305,67.5184],[-137.5353,67.5187],[-137.4212,67.5411],[-137.3171,67.5809],[-137.2458,67.5755],[-137.2945,67.5144],[-137.2637,67.4897],[-137.1139,67.4747],[-137.0104,67.418],[-136.8677,67.4783],[-136.8412,67.4231],[-136.7692,67.3745],[-136.8583,67.33],[-136.8767,67.2965],[-136.9969,67.2918],[-137.0012,67.2675],[-136.8314,67.1373],[-136.6886,67.1364],[-136.6203,67.1797],[-136.5437,67.1341],[-136.5178,67.0941],[-136.5978,67.0441],[-136.6524,66.9795],[-136.6094,66.9238],[-136.4702,66.845],[-136.34,66.7833],[-136.2697,66.6985],[-136.2161,66.566],[-136.2886,66.4292],[-136.3283,66.3982],[-136.3263,66.345],[-136.2517,66.3101],[-136.2328,66.2801],[-136.2458,66.218],[-136.216,66.151],[-136.166,66.1199],[-136.1225,65.9871],[-136.0961,65.963],[-135.8863,65.9106],[-135.688,65.8877],[-135.6069,65.922],[-135.5145,65.9051],[-135.325,65.8494],[-135.0702,65.9345],[-134.9951,65.9498],[-135.0187,66.0074],[-135.1202,66.0995],[-135.3267,66.1975],[-135.4687,66.3026],[-135.6748,66.5654],[-135.8449,66.7302],[-135.877,66.8958],[-135.8116,66.9147],[-135.8754,67.0009],[-135.8038,67.033],[-135.8249,67.0729],[-135.7787,67.1704],[-135.7882,67.2121],[-135.8478,67.253],[-136.0078,67.3319],[-136.0426,67.3838],[-136.0377,67.4715],[-135.9791,67.5392],[-135.999,67.5926],[-135.9491,67.7033],[-135.8303,67.7871],[-135.6972,67.8468],[-135.6245,67.9089],[-135.6019,67.97],[-135.6367,68.0647],[-135.6088,68.1574],[-135.6538,68.1957],[-135.5358,68.2157],[-135.6249,68.2561],[-135.6668,68.3508],[-135.7572,68.426],[-135.8487,68.4276],[-135.8656,68.5255],[-136.029,68.6525],[-135.7233,68.6263],[-135.8379,68.7198],[-135.8728,68.8316]]]},"properties":{"NA_L1CODE":"2","NA_L1NAME":"TUNDRA","NA_L1KEY":"2  TUNDRA","Shape_Leng":4763936.89828,"Shape_Area":338467390561}},
{"type":"Feature","geometry":{"type":"Polygon","coordinates":[[[-150.2374,67.1755],[-150.2787,67.1831],[-150.523,67.1847],[-151.0462,67.1722],[-151.3905,67.1886],[-151.8315,67.2017],[-152.7311,67.1819],[-153.5454,67.1155],[-154.3915,67.0542],[-155.163,67.0238],[-155.765,67.0775],[-156.3072,67.1457],[-157.5595,67.3365],[-158.5426,67.4275],[-158.6741,67.3655],[-158.8888,67.37],[-159.2456,67.3991],[-159.7057,67.455],[-159.7966,67.5877],[-159.8089,67.6859],[-159.9133,67.6999],[-160.0429,67.4947],[-160.043,67.3956],[-160.0024,67.1549],[-160.1001,67.145],[-160.2693,67.1697],[-160.3499,67.2359],[-160.3881,67.3268],[-160.2899,67.4066],[-160.3504,67.445],[-160.5799,67.3791],[-160.7127,67.3688],[-160.9737,67.4852],[-161.1364,67.491],[-161.2039,67.4614],[-161.3607,67.4433],[-161.4207,67.5029],[-161.6185,67.4681],[-161.6306,67.4556],[-161.8664,67.3795],[-162.0733,67.3404],[-162.3074,67.2771],[-162.4717,67.1997],[-162.6086,67.1643],[-162.4016,67.1282],[-162.3488,67.1313],[-162.276,67.0509],[-162.2635,66.9992],[-162.1017,67.0276],[-161.8811,67.0503],[-161.8028,67.0498],[-161.5922,67.0049],[-161.3882,67.0324],[-161.1974,66.981],[-161.1607,66.8847],[-161.0928,66.7669],[-160.8153,66.7385],[-160.5975,66.7478],[-160.3579,66.8228],[-160.1815,66.8631],[-160.0082,66.8254],[-159.7809,66.7863],[-159.1831,66.8186],[-158.7485,66.8565],[-158.1471,66.9332],[-158.1245,67.0278],[-157.9079,67.0786],[-157.6944,67.0172],[-157.4751,66.9373],[-157.2669,66.9203],[-157.0487,66.9116],[-156.9481,66.8934],[-156.9362,66.841],[-157.0703,66.8042],[-157.2782,66.7868],[-157.6254,66.7847],[-157.726,66.8025],[-158.1053,66.7788],[-158.1465,66.731],[-157.8612,66.7197],[-157.5857,66.7154],[-157.3876,66.7034],[-157.3351,66.6693],[-157.3627,66.6358],[-157.805,66.6089],[-157.8234,66.5706],[-157.5488,66.5822],[-157.18,66.5723],[-157.1965,66.5262],[-157.3668,66.5028],[-157.9744,66.4468],[-158.2133,66.4155],[-158.5516,66.3372],[-158.8123,66.2822],[-159.0014,66.293],[-159.2482,66.3447],[-159.3785,66.2953],[-159.4765,66.2884],[-159.1313,66.0441],[-159.1167,65.9333],[-159.1769,65.7852],[-159.2542,65.6784],[-159.3526,65.6073],[-159.4557,65.6076],[-159.5644,65.65],[-159.491,65.7035],[-159.5734,65.7292],[-159.7884,65.7182],[-159.9004,65.7656],[-159.9192,65.8068],[-160.1117,65.8158],[-160.0454,65.6716],[-160.0862,65.6337],[-160.2843,65.6153],[-160.5429,65.6023],[-160.7029,65.6799],[-160.9954,65.6421],[-161.1467,65.6077],[-161.1672,65.4802],[-161.1202,65.281],[-161.2507,65.1573],[-161.5513,65.1975],[-161.9239,65.177],[-162.1675,65.1302],[-162.2752,65.0207],[-162.3105,64.9315],[-162.3054,64.8381],[-162.4694,64.7901],[-162.5991,64.7613],[-162.7544,64.7916],[-162.7438,64.8652],[-163.0161,64.9564],[-163.3509,65.0193],[-163.6804,65.0148],[-163.8537,64.9184],[-163.8929,64.7901],[-163.6877,64.7095],[-163.5036,64.6858],[-163.2086,64.7109],[-163.0122,64.7094],[-162.8558,64.6768],[-162.8101,64.5927],[-162.8494,64.5003],[-162.7947,64.3989],[-162.8042,64.3589],[-162.7757,64.3305],[-162.629,64.399],[-162.5879,64.4848],[-162.5243,64.5378],[-162.236,64.6217],[-162.1741,64.6851],[-162.1063,64.6976],[-161.9035,64.7054],[-161.9226,64.7292],[-161.863,64.7567],[-161.6821,64.7844],[-161.5124,64.7598],[-161.3748,64.7803],[-161.3341,64.8269],[-161.4826,64.9468],[-161.2658,64.9688],[-161.1329,65.0206],[-161.0659,65.0828],[-161.0392,65.1544],[-160.9783,65.1864],[-160.8131,65.1738],[-160.7288,65.1168],[-160.6936,65.0557],[-160.5818,65.0198],[-160.4864,64.9504],[-160.5639,64.8186],[-160.6767,64.6836],[-160.713,64.5871],[-160.8182,64.4527],[-160.9697,64.2873],[-161.01,64.2594],[-160.9483,64.2058],[-160.937,64.063],[-160.8809,63.9825],[-160.7706,63.849],[-160.7716,63.7669],[-160.8991,63.6663],[-160.9677,63.6261],[-160.7765,63.5898],[-160.7326,63.5058],[-160.8512,63.3833],[-160.9757,63.2811],[-161.0755,63.2854],[-161.1914,63.304],[-161.2348,63.2173],[-161.2305,63.1563],[-161.4012,63.1402],[-161.4569,63.183],[-161.6028,63.2144],[-161.7057,63.1804],[-161.8232,63.1769],[-162.0845,63.1992],[-162.2917,63.2079],[-162.4182,63.2218],[-162.7088,63.0658],[-163.1484,62.7695],[-163.1674,62.6815],[-163.0505,62.5011],[-163.0501,62.3751],[-163.1788,62.2294],[-163.374,62.1029],[-163.4084,62.0464],[-163.3963,62.0264],[-163.2639,61.956],[-163.069,61.9055],[-163,61.9277],[-162.8357,61.9281],[-162.7686,61.9025],[-162.7643,61.8083],[-162.7322,61.7735],[-162.6046,61.7429],[-162.4996,61.6986],[-162.397,61.6208],[-162.2664,61.5324],[-162.1025,61.4407],[-162.0207,61.4227],[-161.9022,61.4765],[-161.5822,61.5642],[-161.0526,61.6834],[-160.7177,61.774],[-160.5013,61.8261],[-160.3243,61.8478],[-160.3686,61.7743],[-160.3817,61.6561],[-160.4814,61.6285],[-160.5232,61.5528],[-160.7722,61.4761],[-161.002,61.4486],[-161.0338,61.3789],[-161.035,61.2642],[-161.0677,61.1971],[-161.0565,61.1449],[-160.9357,61.1355],[-160.768,61.2529],[-160.5883,61.3579],[-160.2889,61.447],[-159.9868,61.4904],[-159.7414,61.4936],[-159.5744,61.4817],[-159.4967,61.4247],[-159.5253,61.3518],[-159.4045,61.3134],[-159.2535,61.3262],[-159.2579,61.4133],[-159.1931,61.4797],[-159.0195,61.4942],[-158.7459,61.4794],[-158.5476,61.4873],[-158.4985,61.515],[-158.2509,61.5343],[-158.0799,61.4575],[-157.9194,61.4568],[-157.8292,61.3891],[-157.7119,61.3872],[-157.5924,61.3959],[-157.5715,61.3473],[-157.7455,61.2501],[-157.9649,61.1598],[-158.1595,61.0973],[-158.2007,61.0228],[-158.1965,60.9439],[-158.5009,60.9515],[-158.5837,60.9687],[-158.7448,60.9423],[-158.88,60.8121],[-158.9173,60.7163],[-158.8853,60.6872],[-158.7104,60.6859],[-158.5222,60.6933],[-158.3933,60.8121],[-158.3172,60.7969],[-158.3729,60.7026],[-158.3804,60.6439],[-158.2997,60.5974],[-158.0836,60.6171],[-158.0263,60.5238],[-157.907,60.4379],[-157.8792,60.3503],[-157.9355,60.2905],[-157.9135,60.2209],[-157.7456,60.2153],[-157.5063,60.2386],[-157.5062,60.2171],[-157.2851,60.2153],[-157.1121,60.2277],[-157.0296,60.3127],[-156.9339,60.3721],[-156.744,60.4036],[-156.5436,60.3592],[-156.4666,60.2933],[-156.3361,60.2255],[-156.1685,60.218],[-156.0005,60.2708],[-155.9341,60.367],[-155.8462,60.4224],[-155.6237,60.3911],[-155.501,60.2828],[-155.4813,60.1789],[-155.5966,60.0616],[-155.7375,59.9873],[-155.8107,59.9618],[-155.7985,59.9126],[-155.6304,59.8519],[-155.6007,59.7723],[-155.605,59.7247],[-155.4947,59.7471],[-155.3538,59.7292],[-155.1694,59.7268],[-154.9418,59.7424],[-154.4173,59.7706],[-154.2787,59.7867],[-154.5201,59.8859],[-154.5797,60.0192],[-154.5153,60.0908],[-154.3517,60.1464],[-154.2122,60.2189],[-154.137,60.296],[-154.2014,60.3243],[-154.4551,60.3116],[-154.6102,60.2878],[-154.8323,60.3023],[-155.0481,60.3587],[-155.1564,60.4104],[-155.1792,60.4853],[-155.0791,60.5644],[-154.9212,60.6045],[-154.8545,60.6921],[-154.8203,60.7569],[-154.4919,60.8422],[-154.1695,60.8843],[-154.0216,60.8783],[-153.825,60.9005],[-153.7973,60.9542],[-153.8407,61.0098],[-153.8072,61.09],[-153.8391,61.1698],[-153.943,61.1965],[-154.0159,61.1223],[-154.1233,61.0858],[-154.283,61.1174],[-154.4418,61.2198],[-154.463,61.3184],[-154.4443,61.3849],[-154.3543,61.4549],[-154.4153,61.507],[-154.5239,61.5725],[-154.5544,61.6601],[-154.5673,61.7435],[-154.6115,61.7911],[-154.6863,61.8005],[-154.8532,61.7237],[-154.9856,61.6459],[-155.109,61.6025],[-155.1941,61.6321],[-155.123,61.7541],[-155.1757,61.8563],[-155.3023,61.9597],[-155.3186,62.0482],[-155.1462,62.1284],[-154.768,62.2058],[-154.5543,62.2636],[-154.2952,62.3783],[-154.081,62.4433],[-153.8725,62.484],[-153.6968,62.4916],[-153.599,62.4879],[-153.3595,62.5815],[-153.3229,62.6616],[-153.2184,62.7181],[-153.063,62.7817],[-152.8204,62.8456],[-152.6965,62.9678],[-152.5526,63.0094],[-152.421,63.0217],[-152.2615,63.0792],[-152.0891,63.1317],[-151.957,63.1854],[-151.8227,63.2679],[-151.5456,63.2965],[-151.3333,63.3308],[-151.3889,63.4],[-151.3603,63.4531],[-151.2598,63.4974],[-150.9934,63.5901],[-150.861,63.6768],[-150.6018,63.8104],[-150.49,63.946],[-150.3184,64.0303],[-150.2241,63.9822],[-150.3095,63.9336],[-150.3459,63.8754],[-150.3347,63.8181],[-150.2765,63.7669],[-150.1363,63.7955],[-150.0327,63.839],[-150.0313,63.894],[-149.9709,63.9603],[-149.6743,63.9961],[-149.3608,64.0602],[-149.286,64.0114],[-149.2583,63.9437],[-149.1317,63.9242],[-149.0328,63.9774],[-149.1162,64.089],[-149.1134,64.1518],[-148.9773,64.2028],[-148.6663,64.2184],[-148.5558,64.2192],[-148.362,64.1915],[-148.2051,64.1792],[-148.0964,64.1613],[-147.9464,64.2062],[-147.7957,64.2221],[-147.5847,64.1648],[-147.3504,64.1097],[-147.1346,64.0779],[-146.8944,64.0822],[-146.6725,64.0732],[-146.6033,63.9944],[-146.5224,63.9207],[-146.32,63.9061],[-146.1605,63.8733],[-146.0909,63.836],[-146.1012,63.7551],[-146.128,63.6953],[-146.0883,63.6609],[-145.9814,63.6676],[-145.9715,63.7381],[-145.9269,63.7899],[-145.9185,63.8316],[-145.8283,63.8463],[-145.741,63.8139],[-145.6455,63.8179],[-145.5774,63.8562],[-145.354,63.8165],[-145.1739,63.7641],[-145.003,63.7482],[-144.8666,63.7458],[-144.7336,63.7093],[-144.5589,63.6772],[-144.1453,63.6657],[-144.0818,63.5543],[-144.0038,63.4688],[-143.6285,63.3703],[-143.3538,63.3209],[-143.1702,63.2554],[-143.008,63.2452],[-142.7918,63.2436],[-142.5787,63.1894],[-142.5758,63.0689],[-142.397,62.9605],[-142.2412,62.8921],[-142.1916,62.8143],[-142.1128,62.7406],[-141.8953,62.7035],[-141.7383,62.6527],[-141.7674,62.5622],[-141.6295,62.5356],[-141.4465,62.5908],[-141.3497,62.6706],[-141.4092,62.6889],[-141.4892,62.7761],[-141.5541,62.8837],[-141.6911,62.981],[-141.9414,63.0695],[-142.236,63.146],[-142.4204,63.2259],[-142.5673,63.2672],[-142.8237,63.3932],[-143.028,63.4758],[-143.1857,63.4859],[-143.4386,63.4516],[-143.7699,63.4843],[-143.8185,63.517],[-143.8679,63.6779],[-143.9267,63.7265],[-144.0755,63.7721],[-144.296,63.8191],[-144.5349,63.853],[-144.5845,63.8869],[-144.7449,63.8952],[-144.8601,63.9392],[-144.7433,63.971],[-144.6808,64.0562],[-144.8158,64.0875],[-144.966,64.1529],[-145.1289,64.1504],[-145.2524,64.1704],[-145.3171,64.2056],[-145.2881,64.2653],[-145.3337,64.3],[-145.5211,64.3026],[-145.6878,64.344],[-145.6767,64.4171],[-145.773,64.4314],[-145.8667,64.3906],[-145.9545,64.4465],[-146.0456,64.4344],[-146.1769,64.378],[-146.3286,64.3793],[-146.5037,64.3989],[-146.5004,64.4826],[-146.4022,64.5002],[-146.4001,64.5499],[-146.4852,64.5584],[-146.6755,64.5256],[-146.8528,64.5082],[-146.98,64.5401],[-147.0393,64.6214],[-147.0009,64.6998],[-146.9148,64.7047],[-146.8764,64.7647],[-146.8814,64.8141],[-146.6761,64.8683],[-146.4755,64.9455],[-146.4723,65.0214],[-146.6149,65.025],[-146.9877,65.0059],[-147.0618,65.0192],[-147.1165,65.0796],[-147.2151,65.1374],[-147.3088,65.1245],[-147.3342,65.0801],[-147.4401,65.0462],[-147.5891,65.0515],[-147.6823,65.0724],[-147.7074,65.1744],[-147.7575,65.2032],[-147.9511,65.2028],[-148.1823,65.2126],[-148.2389,65.2529],[-148.1675,65.4195],[-148.0298,65.4724],[-148.0178,65.5195],[-148.0947,65.59],[-148.2851,65.6077],[-148.5582,65.6246],[-148.541,65.6797],[-148.3071,65.7307],[-148.0272,65.7396],[-147.9833,65.7974],[-148.1301,65.797],[-148.2838,65.8199],[-148.2465,65.8673],[-148.1265,65.9516],[-147.8898,66.0309],[-147.613,66.0312],[-146.9583,65.9619],[-146.4489,65.8674],[-146.2934,65.9055],[-146.0102,65.9267],[-145.7544,65.9161],[-145.6352,65.8806],[-145.6781,65.8182],[-145.8027,65.7698],[-145.735,65.735],[-145.4918,65.6691],[-144.9613,65.5695],[-144.041,65.3892],[-143.2341,65.2747],[-142.4078,65.1291],[-141.8107,64.9953],[-141.1581,64.7754],[-140.9993,64.705],[-140.8513,64.691],[-140.6652,64.6541],[-140.5366,64.6166],[-140.3526,64.5523],[-140.0882,64.4729],[-139.9867,64.4345],[-139.888,64.4178],[-139.7238,64.34],[-139.5971,64.3236],[-139.372,64.3473],[-139.2145,64.372],[-139.2007,64.4011],[-139.0018,64.3545],[-138.8247,64.2856],[-138.601,64.2419],[-138.0949,64.1851],[-137.8652,64.1555],[-137.2104,64.2354],[-137.0554,64.144],[-136.908,64.0838],[-136.5569,64.1376],[-136.2921,64.2259],[-136.0527,64.2455],[-135.5432,64.2122],[-135.279,64.1678],[-135.0308,64.1456],[-134.7674,64.1622],[-134.4909,64.1229],[-134.2777,64.0565],[-133.976,64.0126],[-133.7189,63.9908],[-133.4718,63.9762],[-133.1456,63.9684],[-132.9422,63.9343],[-132.5096,63.7879],[-132.3445,63.7042],[-132.3198,63.5978],[-132.4178,63.4979],[-132.016,63.3744],[-132.2905,63.1873],[-132.5731,63.198],[-132.6344,63.0863],[-132.4624,63.0114],[-132.2585,62.8891],[-132.0688,62.8083],[-131.8688,62.7297],[-131.605,62.6421],[-131.3227,62.618],[-131.046,62.6302],[-130.8584,62.5579],[-130.7454,62.4643],[-130.6846,62.3353],[-130.7435,62.2292],[-130.5373,62.2331],[-130.4608,62.1199],[-130.5649,62.005],[-130.4352,61.9309],[-130.2418,61.879],[-129.9577,61.8887],[-129.7188,61.8764],[-129.4923,61.849],[-129.3382,61.7794],[-129.4366,61.7105],[-129.2505,61.6751],[-129.291,61.5802],[-129.3518,61.5],[-129.0639,61.3418],[-129.0521,61.2324],[-129.0192,61.121],[-129,61.0953],[-129,68.4474],[-129.0756,68.4651],[-129.3521,68.5072],[-129.5874,68.5619],[-129.6549,68.6818],[-129.8079,68.7498],[-130.0686,68.8133],[-130.1885,68.7755],[-130.3101,68.7608],[-130.3778,68.7725],[-130.5155,68.7258],[-130.7512,68.6909],[-130.9572,68.6107],[-130.9689,68.5875],[-131.0923,68.5583],[-131.2351,68.5699],[-131.5485,68.5197],[-131.6428,68.5116],[-131.5812,68.4554],[-131.7037,68.4391],[-131.7592,68.4094],[-131.9995,68.403],[-132.0751,68.3662],[-132.0803,68.3204],[-132.1665,68.2602],[-132.2525,68.2738],[-132.3329,68.3095],[-132.4356,68.3031],[-132.6622,68.2414],[-132.7086,68.2973],[-132.7691,68.314],[-132.7036,68.3649],[-132.7331,68.4074],[-132.8646,68.4226],[-133.1658,68.4106],[-133.2044,68.3884],[-133.208,68.3259],[-133.2363,68.2807],[-133.5122,68.2874],[-133.6559,68.3094],[-133.7327,68.3775],[-133.7618,68.4471],[-133.8297,68.528],[-133.958,68.5792],[-134.0991,68.6936],[-134.2708,68.7817],[-134.3681,68.8173],[-134.5125,68.9095],[-134.5968,68.9886],[-134.7109,69.0149],[-135.0558,68.9631],[-135.0922,68.9411],[-135.135,68.8731],[-135.3303,68.8242],[-135.5389,68.8371],[-135.4468,68.7816],[-135.1609,68.6557],[-135.394,68.6766],[-135.4942,68.7275],[-135.7342,68.7751],[-135.7773,68.8079],[-135.8728,68.8316],[-135.8379,68.7198],[-135.7233,68.6263],[-136.029,68.6525],[-135.8656,68.5255],[-135.8487,68.4276],[-135.7572,68.426],[-135.6668,68.3508],[-135.6249,68.2561],[-135.5358,68.2157],[-135.6538,68.1957],[-135.6088,68.1574],[-135.6367,68.0647],[-135.6019,67.97],[-135.6245,67.9089],[-135.6972,67.8468],[-135.8303,67.7871],[-135.9491,67.7033],[-135.999,67.5926],[-135.9791,67.5392],[-136.0377,67.4715],[-136.0426,67.3838],[-136.0078,67.3319],[-135.8478,67.253],[-135.7882,67.2121],[-135.7787,67.1704],[-135.8249,67.0729],[-135.8038,67.033],[-135.8754,67.0009],[-135.8116,66.9147],[-135.877,66.8958],[-135.8449,66.7302],[-135.6748,66.5654],[-135.4687,66.3026],[-135.3267,66.1975],[-135.1202,66.0995],[-135.0187,66.0074],[-134.9951,65.9498],[-135.0702,65.9345],[-135.325,65.8494],[-135.5145,65.9051],[-135.6069,65.922],[-135.688,65.8877],[-135.8863,65.9106],[-136.0961,65.963],[-136.1225,65.9871],[-136.166,66.1199],[-136.216,66.151],[-136.2458,66.218],[-136.2328,66.2801],[-136.2517,66.3101],[-136.3263,66.345],[-136.3283,66.3982],[-136.2886,66.4292],[-136.2161,66.566],[-136.2697,66.6985],[-136.34,66.7833],[-136.4702,66.845],[-136.6094,66.9238],[-136.6524,66.9795],[-136.5978,67.0441],[-136.5178,67.0941],[-136.5437,67.1341],[-136.6203,67.1797],[-136.6886,67.1364],[-136.8314,67.1373],[-137.0012,67.2675],[-136.9969,67.2918],[-136.8767,67.2965],[-136.8583,67.33],[-136.7692,67.3745],[-136.8412,67.4231],[-136.8677,67.4783],[-137.0104,67.418],[-137.1139,67.4747],[-137.2637,67.4897],[-137.2945,67.5144],[-137.2458,67.5755],[-137.3171,67.5809],[-137.4212,67.5411],[-137.5353,67.5187],[-137.6305,67.5184],[-137.6482,67.5683],[-137.5622,67.6078],[-137.5123,67.6865],[-137.4633,67.8405],[-137.447,67.9917],[-137.4723,68.0454],[-137.6323,68.0317],[-137.8112,67.964],[-137.9618,67.9289],[-138.074,67.9591],[-138.2008,67.9619],[-138.3475,67.9482],[-138.3572,67.9927],[-138.215,68.1044],[-138.0327,68.1695],[-137.9145,68.2428],[-137.9647,68.2865],[-138.0545,68.2524],[-138.1087,68.2714],[-138.2158,68.3521],[-138.2259,68.3895],[-138.2939,68.4211],[-138.3993,68.4145],[-138.456,68.4381],[-138.5486,68.4135],[-138.5973,68.4423],[-138.7512,68.4728],[-138.968,68.4641],[-139.1529,68.4809],[-139.1476,68.4612],[-138.927,68.4341],[-138.9371,68.3991],[-139.2529,68.3465],[-139.2877,68.3835],[-139.5537,68.4189],[-139.6117,68.4771],[-139.7125,68.4902],[-139.5941,68.525],[-139.5792,68.5539],[-139.4602,68.5734],[-139.3226,68.6433],[-139.3684,68.6733],[-139.5481,68.65],[-139.7027,68.6766],[-139.9468,68.7709],[-140.193,68.8139],[-140.3334,68.8048],[-140.4301,68.7575],[-140.4178,68.7129],[-140.737,68.5986],[-140.8671,68.5931],[-140.9194,68.6593],[-141.0021,68.732],[-141.0698,68.7301],[-141.221,68.6187],[-141.3087,68.4997],[-141.3484,68.3711],[-141.514,68.2443],[-141.7156,68.2247],[-141.8154,68.2492],[-141.9474,68.2561],[-142.0354,68.2086],[-142.0918,68.1442],[-142.214,68.1294],[-142.3011,68.0818],[-142.3117,68.0318],[-142.3761,67.9571],[-142.5339,67.9326],[-142.6559,67.8066],[-142.8537,67.7091],[-143.2914,67.6018],[-143.6555,67.505],[-143.8691,67.5361],[-143.8855,67.6103],[-143.8602,67.6889],[-143.6745,67.7798],[-143.6254,67.8289],[-143.8711,67.7551],[-144.1632,67.682],[-144.5209,67.6175],[-144.5357,67.5519],[-144.6922,67.4966],[-145.0217,67.4702],[-145.6433,67.4336],[-146.0712,67.43],[-146.2916,67.3686],[-146.3085,67.303],[-146.3784,67.2535],[-146.7786,67.1769],[-147.0623,67.1123],[-147.2769,67.0996],[-147.3096,67.1628],[-147.3156,67.226],[-147.5309,67.2446],[-147.8881,67.2574],[-148.2855,67.2457],[-148.4122,67.203],[-148.2836,67.1721],[-147.947,67.11],[-147.6186,67.0789],[-147.9594,67.0259],[-148.2327,67.0014],[-148.5928,66.9917],[-148.7107,66.9383],[-148.814,66.864],[-149.0435,66.8096],[-149.1672,66.7717],[-149.249,66.7026],[-149.4724,66.687],[-149.543,66.6599],[-149.5984,66.6067],[-149.2386,66.5293],[-149.3094,66.5076],[-149.5961,66.3966],[-149.8412,66.4407],[-149.9457,66.4392],[-150.0609,66.4113],[-150.2612,66.3897],[-150.1323,66.3366],[-150.1761,66.2493],[-150.4003,66.1563],[-150.7023,66.0799],[-151.0373,66.0232],[-151.392,65.9785],[-151.7771,65.9549],[-152.1169,65.9387],[-152.3876,65.931],[-152.2046,65.9889],[-151.6171,66.1097],[-151.3403,66.2135],[-151.1531,66.2204],[-150.9087,66.2387],[-150.6017,66.2814],[-150.5655,66.3661],[-150.5831,66.4078],[-150.7454,66.3995],[-150.8712,66.4128],[-150.8719,66.4733],[-150.5095,66.6352],[-150.5263,66.7295],[-150.5637,66.7683],[-150.4938,66.7958],[-150.4522,66.8412],[-150.5,66.9141],[-150.6156,66.9357],[-150.5752,66.9917],[-150.3382,67.0247],[-150.0424,67.0793],[-150.0123,67.1165],[-150.0686,67.1447],[-150.2374,67.1755]],[[-161.9092,61.8939],[-161.9689,61.8503],[-162.0449,61.8257],[-162.1144,61.9047],[-162.1687,61.9414],[-162.3345,62.0172],[-162.4222,62.0365],[-162.5847,62.0407],[-162.6828,62.0295],[-162.7605,62.0421],[-162.6285,62.1715],[-162.5037,62.2704],[-162.2815,62.3259],[-161.9384,62.4707],[-161.7908,62.4908],[-161.6489,62.4863],[-161.6078,62.4102],[-161.6642,62.2445],[-161.7925,62.074],[-161.8515,61.9666],[-161.9092,61.8939]],[[-156.7662,66.9622],[-156.9628,66.9722],[-157.2684,66.9972],[-157.4642,67.0336],[-157.5124,67.0892],[-157.2245,67.0795],[-156.6101,67.0819],[-156.3642,67.0737],[-156.1209,67.0518],[-155.8472,67.0391],[-155.4903,67.0166],[-155.2158,67.0098],[-155.204,66.9796],[-155.3203,66.9187],[-155.5692,66.8778],[-155.9169,66.8978],[-156.29,66.9318],[-156.7662,66.9622]],[[-156.4931,66.481],[-156.1124,66.3637],[-155.8413,66.2295],[-155.8976,66.1579],[-155.7025,66.0937],[-155.7212,66.0479],[-155.8649,66.0723],[-156.036,66.0793],[-156.2041,66.0969],[-156.2427,66.1769],[-156.3184,66.2495],[-156.4315,66.3149],[-156.4194,66.3579],[-156.524,66.3761],[-156.6273,66.4287],[-156.5977,66.478],[-156.4931,66.481]],[[-153.5404,66.915],[-153.803,66.9239],[-154.0705,66.9243],[-154.3095,66.9175],[-154.208,66.9929],[-154.0602,67.0462],[-153.8387,67.0467],[-153.5985,67.0238],[-153.4015,67.0123],[-153.1292,67.0558],[-152.8762,67.0323],[-152.6693,67.0018],[-152.5061,66.9882],[-152.5443,66.9423],[-153.015,66.8275],[-153.1797,66.8194],[-153.3527,66.8504],[-153.5404,66.915]],[[-159.9213,63.8953],[-160.0069,63.8538],[-159.9956,63.7696],[-159.9354,63.6258],[-159.8743,63.5512],[-159.8094,63.4954],[-159.6887,63.4497],[-159.7912,63.3901],[-159.8285,63.344],[-160.0523,63.2894],[-160.122,63.2994],[-160.1644,63.3437],[-160.1561,63.4374],[-160.1713,63.4733],[-160.1352,63.5295],[-160.1924,63.5513],[-160.3752,63.4879],[-160.4837,63.4892],[-160.5959,63.5306],[-160.4855,63.5901],[-160.374,63.6103],[-160.2077,63.7707],[-160.1522,63.8816],[-160.0634,63.9156],[-159.9614,63.9186],[-159.9213,63.8953]],[[-154.8479,65.2063],[-154.6939,65.2924],[-154.5313,65.3733],[-154.4554,65.4241],[-154.372,65.4436],[-154.3038,65.4253],[-154.0603,65.4933],[-153.9667,65.4997],[-153.7809,65.4913],[-153.8718,65.4167],[-153.905,65.368],[-153.8897,65.3002],[-153.6969,65.3683],[-153.5533,65.4343],[-153.4,65.4268],[-153.2088,65.5126],[-153.0249,65.5768],[-152.7671,65.5906],[-152.6129,65.5457],[-152.5406,65.4954],[-152.6386,65.4424],[-152.9023,65.4338],[-152.806,65.3581],[-152.7958,65.3033],[-152.9208,65.2992],[-153.309,65.3637],[-153.4115,65.3468],[-153.5302,65.2669],[-153.5781,65.1678],[-153.8304,65.1474],[-154.0022,65.0774],[-154.2824,65.0472],[-154.5691,65.0452],[-154.778,64.9831],[-154.9943,64.9282],[-155.1329,64.9347],[-155.1531,65.0101],[-155.0964,65.055],[-154.9344,65.1049],[-154.8479,65.2063]],[[-152.4392,65.8585],[-152.4198,65.8859],[-151.7426,65.9147],[-151.4443,65.8932],[-151.1761,65.9021],[-150.9698,65.9459],[-150.8347,65.9434],[-150.816,65.8939],[-150.7171,65.8696],[-150.5808,65.9116],[-150.4597,65.919],[-150.3845,65.8731],[-150.3404,65.8162],[-150.106,65.8384],[-150.0432,65.779],[-150.1996,65.7451],[-150.077,65.7287],[-150.0851,65.6761],[-150.2595,65.6392],[-150.2289,65.5384],[-150.1419,65.5094],[-149.9482,65.5384],[-149.8302,65.5688],[-149.6417,65.5921],[-149.5368,65.5357],[-149.4106,65.5423],[-149.2791,65.5672],[-148.9455,65.6145],[-148.9127,65.5886],[-149.0234,65.5118],[-149.18,65.4842],[-149.4494,65.4502],[-149.4649,65.3924],[-149.4536,65.3087],[-149.4637,65.2667],[-149.8076,65.2573],[-150.0589,65.267],[-150.4841,65.2576],[-150.6542,65.2047],[-150.8681,65.1587],[-151.074,65.1572],[-151.1725,65.197],[-151.2006,65.2226],[-151.1319,65.2765],[-151.2087,65.3188],[-151.361,65.331],[-151.606,65.3302],[-151.9544,65.3472],[-152.0683,65.3913],[-152.0771,65.4461],[-151.9894,65.4906],[-151.8021,65.5482],[-151.4477,65.5965],[-151.3335,65.6438],[-151.3878,65.6688],[-151.8841,65.6694],[-152.1191,65.7049],[-152.33,65.8197],[-152.4392,65.8585]],[[-142.1713,67.7155],[-142.0891,67.8398],[-141.9705,67.9683],[-141.7662,68.0092],[-141.7729,68.0703],[-141.5314,68.1442],[-141.1199,68.1905],[-141.026,68.1408],[-141.0234,68.0598],[-141.0562,67.975],[-141.0705,67.8719],[-141.0444,67.7934],[-141.0341,67.6737],[-141.0179,67.6193],[-141.0239,67.5433],[-141.0815,67.484],[-141.1217,67.4698],[-141.311,67.4906],[-141.6239,67.5546],[-141.9348,67.6339],[-142.0056,67.6864],[-142.1713,67.7155]],[[-152.1514,64.6929],[-151.9443,64.7065],[-151.9019,64.6683],[-151.9826,64.632],[-152.013,64.5893],[-151.9113,64.5213],[-151.7898,64.4826],[-151.6586,64.4598],[-151.5812,64.4277],[-151.5198,64.3769],[-151.5121,64.3169],[-151.5653,64.2606],[-151.9236,64.1412],[-152.0636,64.1085],[-152.1888,64.0997],[-152.3515,64.1001],[-152.4748,64.1172],[-152.5776,64.0826],[-152.7632,64.0058],[-152.9442,64.0102],[-153.1724,64.0415],[-153.3108,64.0732],[-153.4001,64.0673],[-153.3304,63.8916],[-153.4356,63.7854],[-153.5587,63.7439],[-153.7421,63.7079],[-153.9302,63.5822],[-154.2069,63.4367],[-154.3144,63.4424],[-154.3693,63.4767],[-154.4741,63.4957],[-154.6643,63.4738],[-154.7881,63.447],[-154.8917,63.4105],[-155.0062,63.4444],[-155.0965,63.5147],[-154.9952,63.5447],[-154.8054,63.5696],[-154.6517,63.5978],[-154.5513,63.6261],[-154.525,63.6666],[-154.5671,63.7461],[-154.4934,63.7888],[-154.2145,63.7434],[-154.1145,63.7503],[-154.0421,63.7743],[-154.0386,63.8138],[-154.1001,63.8217],[-154.0896,63.8563],[-153.9828,63.8607],[-153.9409,63.9176],[-153.9038,63.9978],[-153.9412,64.1748],[-153.8747,64.1748],[-153.8212,64.2085],[-153.7436,64.2142],[-153.6604,64.1623],[-153.2161,64.1789],[-152.9425,64.2042],[-152.6646,64.2422],[-152.3816,64.2904],[-152.2263,64.3055],[-152.0084,64.3091],[-151.8762,64.3179],[-151.8379,64.3478],[-151.9305,64.4003],[-152.1828,64.498],[-152.315,64.523],[-152.4082,64.57],[-152.415,64.6117],[-152.3182,64.6592],[-152.1514,64.6929]],[[-156.7089,62.7952],[-157.056,62.6991],[-157.1232,62.6181],[-157.232,62.5608],[-157.3803,62.556],[-157.3969,62.6789],[-157.2609,62.8147],[-157.241,62.8979],[-157.1726,62.9578],[-156.8701,62.98],[-156.7623,62.9711],[-156.6436,62.9258],[-156.6395,62.8733],[-156.7089,62.7952]],[[-156.0858,63.4254],[-156.1016,63.5009],[-156.0858,63.5492],[-156.0011,63.5856],[-155.8078,63.5964],[-155.6535,63.5759],[-155.6358,63.5111],[-155.4912,63.4584],[-155.4679,63.4149],[-155.5146,63.3466],[-155.6559,63.3022],[-155.7647,63.2909],[-156.1131,63.15],[-156.1786,63.133],[-156.2811,63.1428],[-156.3424,63.1918],[-156.1569,63.2212],[-156.1816,63.3067],[-156.0817,63.3493],[-156.0858,63.4254]],[[-159.0789,64.3459],[-159.195,64.3133],[-159.3568,64.2878],[-159.5694,64.282],[-159.6929,64.2245],[-159.8673,64.2451],[-160.0078,64.1859],[-160.0897,64.1766],[-160.1452,64.2199],[-160.0548,64.3098],[-159.956,64.3523],[-159.845,64.425],[-159.8708,64.5],[-160.0775,64.4622],[-160.1792,64.4539],[-160.1935,64.5432],[-160.1219,64.5783],[-160.0936,64.6418],[-159.9686,64.713],[-159.8622,64.7268],[-159.755,64.7538],[-159.7148,64.7915],[-159.7913,64.8094],[-159.8481,64.8396],[-159.8809,64.9008],[-159.8168,64.9271],[-159.6379,64.9649],[-159.5917,64.9897],[-159.5354,65.095],[-159.5381,65.1613],[-159.4655,65.1694],[-159.3259,65.2755],[-159.2565,65.3032],[-159.0964,65.2896],[-159.0659,65.2148],[-159.0834,65.1179],[-159.3401,65.0512],[-159.3727,64.993],[-159.2725,64.9792],[-159.1748,64.9864],[-159.0766,64.9458],[-159.1216,64.8827],[-159.1302,64.8304],[-158.9681,64.8316],[-158.886,64.8455],[-158.7927,64.8787],[-158.7084,64.8874],[-158.6943,64.8512],[-158.7483,64.7652],[-158.9777,64.746],[-159.039,64.7123],[-158.9764,64.6957],[-158.9256,64.6304],[-158.963,64.5383],[-158.8969,64.4469],[-158.9566,64.3947],[-159.0789,64.3459]],[[-156.8297,66.118],[-156.9629,66.1447],[-157.0579,66.1737],[-157.0707,66.21],[-157.2173,66.2359],[-157.4558,66.2428],[-157.796,66.3093],[-157.8589,66.3532],[-157.8406,66.3915],[-157.6468,66.385],[-157.4741,66.3637],[-157.3581,66.3707],[-157.2563,66.4537],[-157.1667,66.4616],[-157.0668,66.4223],[-157.0862,66.3841],[-156.8193,66.3181],[-156.8643,66.2378],[-156.7485,66.1861],[-156.751,66.1357],[-156.8297,66.118]]]},"properties":{"NA_L1CODE":"3","NA_L1NAME":"TAIGA","NA_L1KEY":"3  TAIGA","Shape_Leng":21011489.0181,"Shape_Area":1983060994450}},
{"type":"Feature","geometry":{"type":"Polygon","coordinates":[[[-153.3434,59.3588],[-153.3871,59.4134],[-153.4235,59.4179],[-153.5195,59.3926],[-153.5463,59.3599],[-153.5235,59.3271],[-153.4257,59.3304],[-153.3434,59.3588]]]},"properties":{"NA_L1CODE":"6","NA_L1NAME":"NORTHWESTERN FORESTED MOUNTAINS","NA_L1KEY":"6  NORTHWESTERN FORESTED MOUNTAINS","Shape_Leng":34809.9009846,"Shape_Area":88396016.8513}},
{"type":"Feature","geometry":{"type":"Polygon","coordinates":[[[-129,56.2088],[-129,61.0953],[-129.0192,61.121],[-129.0521,61.2324],[-129.0639,61.3418],[-129.3518,61.5],[-129.291,61.5802],[-129.2505,61.6751],[-129.4366,61.7105],[-129.3382,61.7794],[-129.4923,61.849],[-129.7188,61.8764],[-129.9577,61.8887],[-130.2418,61.879],[-130.4352,61.9309],[-130.5649,62.005],[-130.4608,62.1199],[-130.5373,62.2331],[-130.7435,62.2292],[-130.6846,62.3353],[-130.7454,62.4643],[-130.8584,62.5579],[-131.046,62.6302],[-131.3227,62.618],[-131.605,62.6421],[-131.8688,62.7297],[-132.0688,62.8083],[-132.2585,62.8891],[-132.4624,63.0114],[-132.6344,63.0863],[-132.5731,63.198],[-132.2905,63.1873],[-132.016,63.3744],[-132.4178,63.4979],[-132.3198,63.5978],[-132.3445,63.7042],[-132.5096,63.7879],[-132.9422,63.9343],[-133.1456,63.9684],[-133.4718,63.9762],[-133.7189,63.9908],[-133.976,64.0126],[-134.2777,64.0565],[-134.4909,64.1229],[-134.7674,64.1622],[-135.0308,64.1456],[-135.279,64.1678],[-135.5432,64.2122],[-136.0527,64.2455],[-136.2921,64.2259],[-136.5569,64.1376],[-136.908,64.0838],[-137.0554,64.144],[-137.2104,64.2354],[-137.8652,64.1555],[-138.0949,64.1851],[-138.601,64.2419],[-138.8247,64.2856],[-139.0018,64.3545],[-139.2007,64.4011],[-139.2145,64.372],[-139.372,64.3473],[-139.5971,64.3236],[-139.7238,64.34],[-139.888,64.4178],[-139.9867,64.4345],[-140.0882,64.4729],[-140.3526,64.5523],[-140.5366,64.6166],[-140.6652,64.6541],[-140.8513,64.691],[-140.9993,64.705],[-141.1581,64.7754],[-141.8107,64.9953],[-142.4078,65.1291],[-143.2341,65.2747],[-144.041,65.3892],[-144.9613,65.5695],[-145.4918,65.6691],[-145.735,65.735],[-145.8027,65.7698],[-145.6781,65.8182],[-145.6352,65.8806],[-145.7544,65.9161],[-146.0102,65.9267],[-146.2934,65.9055],[-146.4489,65.8674],[-146.9583,65.9619],[-147.613,66.0312],[-147.8898,66.0309],[-148.1265,65.9516],[-148.2465,65.8673],[-148.2838,65.8199],[-148.1301,65.797],[-147.9833,65.7974],[-148.0272,65.7396],[-148.3071,65.7307],[-148.541,65.6797],[-148.5582,65.6246],[-148.2851,65.6077],[-148.0947,65.59],[-148.0178,65.5195],[-148.0298,65.4724],[-148.1675,65.4195],[-148.2389,65.2529],[-148.1823,65.2126],[-147.9511,65.2028],[-147.7575,65.2032],[-147.7074,65.1744],[-147.6823,65.0724],[-147.5891,65.0515],[-147.4401,65.0462],[-147.3342,65.0801],[-147.3088,65.1245],[-147.2151,65.1374],[-147.1165,65.0796],[-147.0618,65.0192],[-146.9877,65.0059],[-146.6149,65.025],[-146.4723,65.0214],[-146.4755,64.9455],[-146.6761,64.8683],[-146.8814,64.8141],[-146.8764,64.7647],[-146.9148,64.7047],[-147.0009,64.6998],[-147.0393,64.6214],[-146.98,64.5401],[-146.8528,64.5082],[-146.6755,64.5256],[-146.4852,64.5584],[-146.4001,64.5499],[-146.4022,64.5002],[-146.5004,64.4826],[-146.5037,64.3989],[-146.3286,64.3793],[-146.1769,64.378],[-146.0456,64.4344],[-145.9545,64.4465],[-145.8667,64.3906],[-145.773,64.4314],[-145.6767,64.4171],[-145.6878,64.344],[-145.5211,64.3026],[-145.3337,64.3],[-145.2881,64.2653],[-145.3171,64.2056],[-145.2524,64.1704],[-145.1289,64.1504],[-144.966,64.1529],[-144.8158,64.0875],[-144.6808,64.0562],[-144.7433,63.971],[-144.8601,63.9392],[-144.7449,63.8952],[-144.5845,63.8869],[-144.5349,63.853],[-144.296,63.8191],[-144.0755,63.7721],[-143.9267,63.7265],[-143.8679,63.6779],[-143.8185,63.517],[-143.7699,63.4843],[-143.4386,63.4516],[-143.1857,63.4859],[-143.028,63.4758],[-142.8237,63.3932],[-142.5673,63.2672],[-142.4204,63.2259],[-142.236,63.146],[-141.9414,63.0695],[-141.6911,62.981],[-141.5541,62.8837],[-141.4892,62.7761],[-141.4092,62.6889],[-141.3497,62.6706],[-141.4465,62.5908],[-141.6295,62.5356],[-141.7674,62.5622],[-141.7383,62.6527],[-141.8953,62.7035],[-142.1128,62.7406],[-142.1916,62.8143],[-142.2412,62.8921],[-142.397,62.9605],[-142.5758,63.0689],[-142.5787,63.1894],[-142.7918,63.2436],[-143.008,63.2452],[-143.1702,63.2554],[-143.3538,63.3209],[-143.6285,63.3703],[-144.0038,63.4688],[-144.0818,63.5543],[-144.1453,63.6657],[-144.5589,63.6772],[-144.7336,63.7093],[-144.8666,63.7458],[-145.003,63.7482],[-145.1739,63.7641],[-145.354,63.8165],[-145.5774,63.8562],[-145.6455,63.8179],[-145.741,63.8139],[-145.8283,63.8463],[-145.9185,63.8316],[-145.9269,63.7899],[-145.9715,63.7381],[-145.9814,63.6676],[-146.0883,63.6609],[-146.128,63.6953],[-146.1012,63.7551],[-146.0909,63.836],[-146.1605,63.8733],[-146.32,63.9061],[-146.5224,63.9207],[-146.6033,63.9944],[-146.6725,64.0732],[-146.8944,64.0822],[-147.1346,64.0779],[-147.3504,64.1097],[-147.5847,64.1648],[-147.7957,64.2221],[-147.9464,64.2062],[-148.0964,64.1613],[-148.2051,64.1792],[-148.362,64.1915],[-148.5558,64.2192],[-148.6663,64.2184],[-148.9773,64.2028],[-149.1134,64.1518],[-149.1162,64.089],[-149.0328,63.9774],[-149.1317,63.9242],[-149.2583,63.9437],[-149.286,64.0114],[-149.3608,64.0602],[-149.6743,63.9961],[-149.9709,63.9603],[-150.0313,63.894],[-150.0327,63.839],[-150.1363,63.7955],[-150.2765,63.7669],[-150.3347,63.8181],[-150.3459,63.8754],[-150.3095,63.9336],[-150.2241,63.9822],[-150.3184,64.0303],[-150.49,63.946],[-150.6018,63.8104],[-150.861,63.6768],[-150.9934,63.5901],[-151.2598,63.4974],[-151.3603,63.4531],[-151.3889,63.4],[-151.3333,63.3308],[-151.5456,63.2965],[-151.8227,63.2679],[-151.957,63.1854],[-152.0891,63.1317],[-152.2615,63.0792],[-152.421,63.0217],[-152.5526,63.0094],[-152.6965,62.9678],[-152.8204,62.8456],[-153.063,62.7817],[-153.2184,62.7181],[-153.3229,62.6616],[-153.3595,62.5815],[-153.599,62.4879],[-153.6968,62.4916],[-153.8725,62.484],[-154.081,62.4433],[-154.2952,62.3783],[-154.5543,62.2636],[-154.768,62.2058],[-155.1462,62.1284],[-155.3186,62.0482],[-155.3023,61.9597],[-155.1757,61.8563],[-155.123,61.7541],[-155.1941,61.6321],[-155.109,61.6025],[-154.9856,61.6459],[-154.8532,61.7237],[-154.6863,61.8005],[-154.6115,61.7911],[-154.5673,61.7435],[-154.5544,61.6601],[-154.5239,61.5725],[-154.4153,61.507],[-154.3543,61.4549],[-154.4443,61.3849],[-154.463,61.3184],[-154.4418,61.2198],[-154.283,61.1174],[-154.1233,61.0858],[-154.0159,61.1223],[-153.943,61.1965],[-153.8391,61.1698],[-153.8072,61.09],[-153.8407,61.0098],[-153.7973,60.9542],[-153.825,60.9005],[-154.0216,60.8783],[-154.1695,60.8843],[-154.4919,60.8422],[-154.8203,60.7569],[-154.8545,60.6921],[-154.9212,60.6045],[-155.0791,60.5644],[-155.1792,60.4853],[-155.1564,60.4104],[-155.0481,60.3587],[-154.8323,60.3023],[-154.6102,60.2878],[-154.4551,60.3116],[-154.2014,60.3243],[-154.137,60.296],[-154.2122,60.2189],[-154.3517,60.1464],[-154.5153,60.0908],[-154.5797,60.0192],[-154.5201,59.8859],[-154.2787,59.7867],[-154.2385,59.7692],[-154.2313,59.7066],[-154.3034,59.6741],[-154.4757,59.6206],[-154.6295,59.581],[-154.6476,59.4934],[-154.7213,59.4474],[-154.8023,59.4223],[-154.3263,59.3975],[-154.0872,59.3117],[-154.1288,59.3772],[-153.7605,59.4335],[-153.7052,59.4712],[-153.7622,59.5439],[-153.5906,59.5538],[-153.5547,59.5938],[-153.6534,59.6394],[-153.5907,59.6502],[-153.5593,59.6249],[-153.4823,59.6424],[-153.4415,59.7069],[-153.4611,59.7684],[-153.4242,59.7773],[-153.3594,59.7304],[-153.4138,59.6432],[-153.3362,59.6275],[-153.188,59.6478],[-153.0461,59.699],[-153.0033,59.778],[-153.0022,59.8335],[-153.087,59.8402],[-153.2591,59.8177],[-153.2789,59.8339],[-153.2187,59.8682],[-153.0245,59.8903],[-152.8152,59.8814],[-152.7185,59.9135],[-152.6834,59.967],[-152.6091,60.0162],[-152.5768,60.0778],[-152.6015,60.1023],[-152.7543,60.1912],[-152.839,60.205],[-152.9339,60.2441],[-152.9951,60.2977],[-152.9067,60.2966],[-152.8799,60.2466],[-152.7948,60.2287],[-152.6292,60.2196],[-152.5595,60.229],[-152.525,60.2526],[-152.5294,60.3072],[-152.4849,60.4367],[-152.4657,60.5607],[-152.3745,60.8543],[-152.1882,60.9156],[-152.1182,61.0356],[-152.0571,61.1056],[-151.9784,61.1683],[-151.7919,61.2054],[-151.7619,61.2691],[-151.8946,61.3591],[-151.9168,61.4421],[-151.884,61.485],[-151.6769,61.5487],[-151.595,61.6007],[-151.5892,61.6872],[-151.6435,61.764],[-151.7411,61.871],[-151.8041,61.924],[-152.0363,61.9431],[-152.0839,62.0017],[-152.0115,62.0851],[-151.993,62.1536],[-152.0019,62.2161],[-152.1096,62.2964],[-152.1365,62.3636],[-152.0818,62.4177],[-151.906,62.4623],[-151.7164,62.4077],[-151.5421,62.3786],[-151.4126,62.3874],[-151.4052,62.466],[-151.2784,62.5007],[-151.1647,62.5035],[-150.9804,62.4871],[-150.9572,62.4302],[-150.8523,62.4064],[-150.6689,62.5046],[-150.3211,62.7624],[-150.1741,62.8591],[-150.0011,62.9326],[-149.831,62.9772],[-149.756,62.8973],[-149.944,62.7899],[-150.084,62.6726],[-150.0036,62.5225],[-149.8094,62.5178],[-149.6605,62.4208],[-149.6214,62.343],[-149.7967,62.2569],[-149.7665,62.1477],[-149.7063,62.005],[-149.7137,61.8639],[-149.6857,61.7782],[-149.5823,61.7249],[-149.3761,61.712],[-148.881,61.8244],[-148.7306,61.8257],[-148.7068,61.7816],[-148.6572,61.795],[-147.8505,61.8119],[-147.6556,61.8122],[-147.4104,61.8512],[-147.2598,61.8614],[-147.0359,61.939],[-146.9407,61.9151],[-146.8562,61.946],[-146.7606,61.9638],[-146.6846,61.8903],[-146.5743,61.8504],[-146.4462,61.8468],[-146.3725,61.8775],[-146.3374,61.9164],[-146.2424,61.9155],[-146.1376,61.8884],[-146.0795,61.8225],[-145.9195,61.7946],[-145.6692,61.8802],[-145.4843,61.7288],[-145.2635,61.6366],[-145.0453,61.5963],[-144.8227,61.6104],[-144.537,61.6437],[-144.2503,61.4752],[-144.0682,61.3793],[-143.9685,61.3376],[-143.811,61.323],[-143.7315,61.2554],[-143.5991,61.2622],[-143.4575,61.2973],[-143.2854,61.2319],[-143.1539,61.1546],[-142.9891,61.123],[-142.7623,61.0709],[-142.6253,61.0058],[-142.2104,61.0766],[-142.1812,61.1214],[-141.9918,61.0784],[-141.704,60.9948],[-141.2345,60.8517],[-140.9033,60.8619],[-140.6853,60.8262],[-140.6003,60.8229],[-140.4581,60.7986],[-140.4211,60.7843],[-140.216,60.7387],[-139.9909,60.7017],[-139.8915,60.6749],[-139.7922,60.6185],[-139.6117,60.5011],[-139.4117,60.3461],[-139.068,60.3528],[-139.0805,60.2899],[-139.1894,60.0884],[-139.0472,59.9963],[-138.6895,59.9069],[-138.6651,59.8294],[-138.6164,59.7739],[-138.5341,59.7294],[-138.1162,59.5154],[-137.5919,59.2391],[-137.437,59.2041],[-137.3373,59.1943],[-137.2362,59.1986],[-137.1539,59.2241],[-137.0533,59.287],[-136.9939,59.3417],[-136.8898,59.3535],[-136.8248,59.4029],[-136.8278,59.4983],[-136.8017,59.5209],[-136.7257,59.5396],[-136.5927,59.5272],[-136.5508,59.5511],[-136.4969,59.5392],[-136.4419,59.5774],[-136.4269,59.6096],[-136.4412,59.6562],[-136.5009,59.7181],[-136.4987,59.751],[-136.4235,59.7563],[-136.1881,59.7564],[-136.0323,59.7631],[-135.8256,59.8643],[-135.7404,59.8554],[-135.6639,59.8698],[-135.5781,59.8301],[-135.4039,59.8176],[-135.4485,59.7867],[-135.3359,59.7282],[-135.2353,59.7032],[-135.1777,59.6374],[-135.0972,59.6216],[-135.0147,59.5676],[-135.0191,59.4885],[-134.9447,59.4891],[-134.8757,59.4651],[-134.7427,59.4666],[-134.6971,59.435],[-134.6828,59.3464],[-134.5921,59.3024],[-134.5382,59.2522],[-134.4365,59.2295],[-134.3495,59.1931],[-134.3586,59.1659],[-134.2871,59.1441],[-134.2001,59.1353],[-134.1759,59.1145],[-134.0413,59.1058],[-133.9828,59.1238],[-133.9849,59.0711],[-133.9501,59.0274],[-133.8876,59.0197],[-133.864,58.9687],[-133.8293,58.9735],[-133.7717,59.0205],[-133.691,59.0264],[-133.64,58.9721],[-133.6268,58.9303],[-133.5584,58.9048],[-133.5235,58.8593],[-133.397,58.7714],[-133.3139,58.7458],[-133.2562,58.6863],[-133.2678,58.6352],[-133.1645,58.6608],[-133.0606,58.6384],[-133.1111,58.5153],[-133.1086,58.4576],[-133.1619,58.4296],[-133.0605,58.3873],[-132.9631,58.3956],[-132.8618,58.39],[-132.6594,58.421],[-132.5932,58.4176],[-132.5286,58.3887],[-132.4931,58.3554],[-132.4852,58.2996],[-132.425,58.2985],[-132.3251,58.2752],[-132.2156,58.2252],[-132.299,58.1648],[-132.2003,58.1743],[-132.2089,58.0984],[-132.1004,58.0978],[-132.011,58.111],[-132.0852,58.0283],[-132.1685,57.9804],[-132.2886,57.968],[-132.3491,57.9408],[-132.3876,57.8996],[-132.4071,57.8445],[-132.3684,57.7626],[-132.2336,57.6833],[-132.1481,57.6464],[-132.0982,57.6377],[-131.9936,57.552],[-131.8753,57.5538],[-131.7244,57.5954],[-131.6389,57.5601],[-131.6169,57.5216],[-131.6278,57.4824],[-131.586,57.4334],[-131.5151,57.4102],[-131.2421,57.362],[-131.1649,57.3349],[-131.1193,57.2623],[-131.0239,57.1891],[-131.0381,57.1386],[-130.9991,57.1161],[-131.0568,57.03],[-131.0416,56.9705],[-131.0961,56.9359],[-131.0984,56.8973],[-130.9418,56.8038],[-130.9026,56.75],[-130.8458,56.7231],[-130.8254,56.6546],[-130.868,56.6292],[-130.7859,56.5776],[-130.6553,56.5685],[-130.5738,56.6148],[-130.3877,56.6089],[-130.2722,56.632],[-130.1829,56.6216],[-130.0916,56.625],[-129.8124,56.5782],[-129.7965,56.5282],[-129.7635,56.4984],[-129.5888,56.4984],[-129.5498,56.4767],[-129.4908,56.4795],[-129.4402,56.4393],[-129.36,56.3958],[-129.3131,56.3888],[-129.2491,56.3388],[-129.1934,56.314],[-129.1022,56.2983],[-129.0602,56.2743],[-129.0233,56.2233],[-129,56.2088]]]},"properties":{"NA_L1CODE":"6","NA_L1NAME":"NORTHWESTERN FORESTED MOUNTAINS","NA_L1KEY":"6  NORTHWESTERN FORESTED MOUNTAINS","Shape_Leng":26481991.0674,"Shape_Area":1766447361040}},
{"type":"Feature","geometry":{"type":"Polygon","coordinates":[[[-142.1713,67.7155],[-142.0056,67.6864],[-141.9348,67.6339],[-141.6239,67.5546],[-141.311,67.4906],[-141.1217,67.4698],[-141.0815,67.484],[-141.0239,67.5433],[-141.0179,67.6193],[-141.0341,67.6737],[-141.0444,67.7934],[-141.0705,67.8719],[-141.0562,67.975],[-141.0234,68.0598],[-141.026,68.1408],[-141.1199,68.1905],[-141.5314,68.1442],[-141.7729,68.0703],[-141.7662,68.0092],[-141.9705,67.9683],[-142.0891,67.8398],[-142.1713,67.7155]]]},"properties":{"NA_L1CODE":"6","NA_L1NAME":"NORTHWESTERN FORESTED MOUNTAINS","NA_L1KEY":"6  NORTHWESTERN FORESTED MOUNTAINS","Shape_Leng":214990.255964,"Shape_Area":2640975724.31}},
{"type":"Feature","geometry":{"type":"Polygon","coordinates":[[[-152.1514,64.6929],[-152.3182,64.6592],[-152.415,64.6117],[-152.4082,64.57],[-152.315,64.523],[-152.1828,64.498],[-151.9305,64.4003],[-151.8379,64.3478],[-151.8762,64.3179],[-152.0084,64.3091],[-152.2263,64.3055],[-152.3816,64.2904],[-152.6646,64.2422],[-152.9425,64.2042],[-153.2161,64.1789],[-153.6604,64.1623],[-153.7436,64.2142],[-153.8212,64.2085],[-153.8747,64.1748],[-153.9412,64.1748],[-153.9038,63.9978],[-153.9409,63.9176],[-153.9828,63.8607],[-154.0896,63.8563],[-154.1001,63.8217],[-154.0386,63.8138],[-154.0421,63.7743],[-154.1145,63.7503],[-154.2145,63.7434],[-154.4934,63.7888],[-154.5671,63.7461],[-154.525,63.6666],[-154.5513,63.6261],[-154.6517,63.5978],[-154.8054,63.5696],[-154.9952,63.5447],[-155.0965,63.5147],[-155.0062,63.4444],[-154.8917,63.4105],[-154.7881,63.447],[-154.6643,63.4738],[-154.4741,63.4957],[-154.3693,63.4767],[-154.3144,63.4424],[-154.2069,63.4367],[-153.9302,63.5822],[-153.7421,63.7079],[-153.5587,63.7439],[-153.4356,63.7854],[-153.3304,63.8916],[-153.4001,64.0673],[-153.3108,64.0732],[-153.1724,64.0415],[-152.9442,64.0102],[-152.7632,64.0058],[-152.5776,64.0826],[-152.4748,64.1172],[-152.3515,64.1001],[-152.1888,64.0997],[-152.0636,64.1085],[-151.9236,64.1412],[-151.5653,64.2606],[-151.5121,64.3169],[-151.5198,64.3769],[-151.5812,64.4277],[-151.6586,64.4598],[-151.7898,64.4826],[-151.9113,64.5213],[-152.013,64.5893],[-151.9826,64.632],[-151.9019,64.6683],[-151.9443,64.7065],[-152.1514,64.6929]]]},"properties":{"NA_L1CODE":"6","NA_L1NAME":"NORTHWESTERN FORESTED MOUNTAINS","NA_L1KEY":"6  NORTHWESTERN FORESTED MOUNTAINS","Shape_Leng":609080.222784,"Shape_Area":5160802472.58}},
{"type":"Feature","geometry":{"type":"Polygon","coordinates":[[[-156.7089,62.7952],[-156.6395,62.8733],[-156.6436,62.9258],[-156.7623,62.9711],[-156.8701,62.98],[-157.1726,62.9578],[-157.241,62.8979],[-157.2609,62.8147],[-157.3969,62.6789],[-157.3803,62.556],[-157.232,62.5608],[-157.1232,62.6181],[-157.056,62.6991],[-156.7089,62.7952]]]},"properties":{"NA_L1CODE":"6","NA_L1NAME":"NORTHWESTERN FORESTED MOUNTAINS","NA_L1KEY":"6  NORTHWESTERN FORESTED MOUNTAINS","Shape_Leng":139037.613647,"Shape_Area":1003411074.66}},
{"type":"Feature","geometry":{"type":"Polygon","coordinates":[[[-156.0858,63.4254],[-156.0817,63.3493],[-156.1816,63.3067],[-156.1569,63.2212],[-156.3424,63.1918],[-156.2811,63.1428],[-156.1786,63.133],[-156.1131,63.15],[-155.7647,63.2909],[-155.6559,63.3022],[-155.5146,63.3466],[-155.4679,63.4149],[-155.4912,63.4584],[-155.6358,63.5111],[-155.6535,63.5759],[-155.8078,63.5964],[-156.0011,63.5856],[-156.0858,63.5492],[-156.1016,63.5009],[-156.0858,63.4254]]]},"properties":{"NA_L1CODE":"6","NA_L1NAME":"NORTHWESTERN FORESTED MOUNTAINS","NA_L1KEY":"6  NORTHWESTERN FORESTED MOUNTAINS","Shape_Leng":155430.867048,"Shape_Area":1108900619.33}},
{"type":"Feature","geometry":{"type":"Polygon","coordinates":[[[-152.4392,65.8585],[-152.33,65.8197],[-152.1191,65.7049],[-151.8841,65.6694],[-151.3878,65.6688],[-151.3335,65.6438],[-151.4477,65.5965],[-151.8021,65.5482],[-151.9894,65.4906],[-152.0771,65.4461],[-152.0683,65.3913],[-151.9544,65.3472],[-151.606,65.3302],[-151.361,65.331],[-151.2087,65.3188],[-151.1319,65.2765],[-151.2006,65.2226],[-151.1725,65.197],[-151.074,65.1572],[-150.8681,65.1587],[-150.6542,65.2047],[-150.4841,65.2576],[-150.0589,65.267],[-149.8076,65.2573],[-149.4637,65.2667],[-149.4536,65.3087],[-149.4649,65.3924],[-149.4494,65.4502],[-149.18,65.4842],[-149.0234,65.5118],[-148.9127,65.5886],[-148.9455,65.6145],[-149.2791,65.5672],[-149.4106,65.5423],[-149.5368,65.5357],[-149.6417,65.5921],[-149.8302,65.5688],[-149.9482,65.5384],[-150.1419,65.5094],[-150.2289,65.5384],[-150.2595,65.6392],[-150.0851,65.6761],[-150.077,65.7287],[-150.1996,65.7451],[-150.0432,65.779],[-150.106,65.8384],[-150.3404,65.8162],[-150.3845,65.8731],[-150.4597,65.919],[-150.5808,65.9116],[-150.7171,65.8696],[-150.816,65.8939],[-150.8347,65.9434],[-150.9698,65.9459],[-151.1761,65.9021],[-151.4443,65.8932],[-151.7426,65.9147],[-152.4198,65.8859],[-152.4392,65.8585]]]},"properties":{"NA_L1CODE":"6","NA_L1NAME":"NORTHWESTERN FORESTED MOUNTAINS","NA_L1KEY":"6  NORTHWESTERN FORESTED MOUNTAINS","Shape_Leng":536943.25981,"Shape_Area":7195061798.54}},
{"type":"Feature","geometry":{"type":"Polygon","coordinates":[[[-154.8479,65.2063],[-154.9344,65.1049],[-155.0964,65.055],[-155.1531,65.0101],[-155.1329,64.9347],[-154.9943,64.9282],[-154.778,64.9831],[-154.5691,65.0452],[-154.2824,65.0472],[-154.0022,65.0774],[-153.8304,65.1474],[-153.5781,65.1678],[-153.5302,65.2669],[-153.4115,65.3468],[-153.309,65.3637],[-152.9208,65.2992],[-152.7958,65.3033],[-152.806,65.3581],[-152.9023,65.4338],[-152.6386,65.4424],[-152.5406,65.4954],[-152.6129,65.5457],[-152.7671,65.5906],[-153.0249,65.5768],[-153.2088,65.5126],[-153.4,65.4268],[-153.5533,65.4343],[-153.6969,65.3683],[-153.8897,65.3002],[-153.905,65.368],[-153.8718,65.4167],[-153.7809,65.4913],[-153.9667,65.4997],[-154.0603,65.4933],[-154.3038,65.4253],[-154.372,65.4436],[-154.4554,65.4241],[-154.5313,65.3733],[-154.6939,65.2924],[-154.8479,65.2063]]]},"properties":{"NA_L1CODE":"6","NA_L1NAME":"NORTHWESTERN FORESTED MOUNTAINS","NA_L1KEY":"6  NORTHWESTERN FORESTED MOUNTAINS","Shape_Leng":371013.818981,"Shape_Area":3258761417.62}},
{"type":"Feature","geometry":{"type":"Polygon","coordinates":[[[-141.0698,68.7301],[-141.2971,68.7117],[-141.5744,68.6628],[-141.6755,68.5998],[-141.7892,68.4816],[-141.9488,68.3685],[-142.2319,68.3391],[-142.6115,68.3105],[-143.032,68.3219],[-143.4142,68.3525],[-143.9279,68.311],[-143.9353,68.2609],[-143.8849,68.1753],[-143.7573,68.1408],[-143.7564,68.1012],[-143.9246,68.0493],[-144.0792,68.0393],[-144.2224,68.0606],[-144.4702,68.0836],[-144.9635,68.097],[-145.2181,68.0584],[-145.3073,67.9962],[-145.3353,67.9174],[-145.4142,67.8868],[-145.5665,67.8833],[-145.8077,67.8912],[-145.9155,67.9319],[-145.8839,67.9896],[-145.9733,68.001],[-146.3179,67.9141],[-146.605,67.8264],[-146.518,67.7679],[-146.5211,67.6967],[-146.7012,67.6477],[-146.8511,67.6695],[-147.1457,67.6626],[-147.3793,67.5813],[-147.7679,67.4971],[-148.2536,67.3248],[-148.6663,67.3358],[-149.0466,67.3322],[-149.5483,67.2831],[-149.9758,67.2328],[-150.2374,67.1755],[-150.0686,67.1447],[-150.0123,67.1165],[-150.0424,67.0793],[-150.3382,67.0247],[-150.5752,66.9917],[-150.6156,66.9357],[-150.5,66.9141],[-150.4522,66.8412],[-150.4938,66.7958],[-150.5637,66.7683],[-150.5263,66.7295],[-150.5095,66.6352],[-150.8719,66.4733],[-150.8712,66.4128],[-150.7454,66.3995],[-150.5831,66.4078],[-150.5655,66.3661],[-150.6017,66.2814],[-150.9087,66.2387],[-151.1531,66.2204],[-151.3403,66.2135],[-151.6171,66.1097],[-152.2046,65.9889],[-152.3876,65.931],[-152.1169,65.9387],[-151.7771,65.9549],[-151.392,65.9785],[-151.0373,66.0232],[-150.7023,66.0799],[-150.4003,66.1563],[-150.1761,66.2493],[-150.1323,66.3366],[-150.2612,66.3897],[-150.0609,66.4113],[-149.9457,66.4392],[-149.8412,66.4407],[-149.5961,66.3966],[-149.3094,66.5076],[-149.2386,66.5293],[-149.5984,66.6067],[-149.543,66.6599],[-149.4724,66.687],[-149.249,66.7026],[-149.1672,66.7717],[-149.0435,66.8096],[-148.814,66.864],[-148.7107,66.9383],[-148.5928,66.9917],[-148.2327,67.0014],[-147.9594,67.0259],[-147.6186,67.0789],[-147.947,67.11],[-148.2836,67.1721],[-148.4122,67.203],[-148.2855,67.2457],[-147.8881,67.2574],[-147.5309,67.2446],[-147.3156,67.226],[-147.3096,67.1628],[-147.2769,67.0996],[-147.0623,67.1123],[-146.7786,67.1769],[-146.3784,67.2535],[-146.3085,67.303],[-146.2916,67.3686],[-146.0712,67.43],[-145.6433,67.4336],[-145.0217,67.4702],[-144.6922,67.4966],[-144.5357,67.5519],[-144.5209,67.6175],[-144.1632,67.682],[-143.8711,67.7551],[-143.6254,67.8289],[-143.6745,67.7798],[-143.8602,67.6889],[-143.8855,67.6103],[-143.8691,67.5361],[-143.6555,67.505],[-143.2914,67.6018],[-142.8537,67.7091],[-142.6559,67.8066],[-142.5339,67.9326],[-142.3761,67.9571],[-142.3117,68.0318],[-142.3011,68.0818],[-142.214,68.1294],[-142.0918,68.1442],[-142.0354,68.2086],[-141.9474,68.2561],[-141.8154,68.2492],[-141.7156,68.2247],[-141.514,68.2443],[-141.3484,68.3711],[-141.3087,68.4997],[-141.221,68.6187],[-141.0698,68.7301]]]},"properties":{"NA_L1CODE":"6","NA_L1NAME":"NORTHWESTERN FORESTED MOUNTAINS","NA_L1KEY":"6  NORTHWESTERN FORESTED MOUNTAINS","Shape_Leng":1585064.02363,"Shape_Area":24030786515.2}},
{"type":"Feature","geometry":{"type":"Polygon","coordinates":[[[-159.9213,63.8953],[-159.9614,63.9186],[-160.0634,63.9156],[-160.1522,63.8816],[-160.2077,63.7707],[-160.374,63.6103],[-160.4855,63.5901],[-160.5959,63.5306],[-160.4837,63.4892],[-160.3752,63.4879],[-160.1924,63.5513],[-160.1352,63.5295],[-160.1713,63.4733],[-160.1561,63.4374],[-160.1644,63.3437],[-160.122,63.2994],[-160.0523,63.2894],[-159.8285,63.344],[-159.7912,63.3901],[-159.6887,63.4497],[-159.8094,63.4954],[-159.8743,63.5512],[-159.9354,63.6258],[-159.9956,63.7696],[-160.0069,63.8538],[-159.9213,63.8953]]]},"properties":{"NA_L1CODE":"6","NA_L1NAME":"NORTHWESTERN FORESTED MOUNTAINS","NA_L1KEY":"6  NORTHWESTERN FORESTED MOUNTAINS","Shape_Leng":205145.420157,"Shape_Area":1215528822.79}},
{"type":"Feature","geometry":{"type":"Polygon","coordinates":[[[-153.5404,66.915],[-153.3527,66.8504],[-153.1797,66.8194],[-153.015,66.8275],[-152.5443,66.9423],[-152.5061,66.9882],[-152.6693,67.0018],[-152.8762,67.0323],[-153.1292,67.0558],[-153.4015,67.0123],[-153.5985,67.0238],[-153.8387,67.0467],[-154.0602,67.0462],[-154.208,66.9929],[-154.3095,66.9175],[-154.0705,66.9243],[-153.803,66.9239],[-153.5404,66.915]]]},"properties":{"NA_L1CODE":"6","NA_L1NAME":"NORTHWESTERN FORESTED MOUNTAINS","NA_L1KEY":"6  NORTHWESTERN FORESTED MOUNTAINS","Shape_Leng":173366.624511,"Shape_Area":1153864974.39}},
{"type":"Feature","geometry":{"type":"Polygon","coordinates":[[[-159.0789,64.3459],[-158.9566,64.3947],[-158.8969,64.4469],[-158.963,64.5383],[-158.9256,64.6304],[-158.9764,64.6957],[-159.039,64.7123],[-158.9777,64.746],[-158.7483,64.7652],[-158.6943,64.8512],[-158.7084,64.8874],[-158.7927,64.8787],[-158.886,64.8455],[-158.9681,64.8316],[-159.1302,64.8304],[-159.1216,64.8827],[-159.0766,64.9458],[-159.1748,64.9864],[-159.2725,64.9792],[-159.3727,64.993],[-159.3401,65.0512],[-159.0834,65.1179],[-159.0659,65.2148],[-159.0964,65.2896],[-159.2565,65.3032],[-159.3259,65.2755],[-159.4655,65.1694],[-159.5381,65.1613],[-159.5354,65.095],[-159.5917,64.9897],[-159.6379,64.9649],[-159.8168,64.9271],[-159.8809,64.9008],[-159.8481,64.8396],[-159.7913,64.8094],[-159.7148,64.7915],[-159.755,64.7538],[-159.8622,64.7268],[-159.9686,64.713],[-160.0936,64.6418],[-160.1219,64.5783],[-160.1935,64.5432],[-160.1792,64.4539],[-160.0775,64.4622],[-159.8708,64.5],[-159.845,64.425],[-159.956,64.3523],[-160.0548,64.3098],[-160.1452,64.2199],[-160.0897,64.1766],[-160.0078,64.1859],[-159.8673,64.2451],[-159.6929,64.2245],[-159.5694,64.282],[-159.3568,64.2878],[-159.195,64.3133],[-159.0789,64.3459]]]},"properties":{"NA_L1CODE":"6","NA_L1NAME":"NORTHWESTERN FORESTED MOUNTAINS","NA_L1KEY":"6  NORTHWESTERN FORESTED MOUNTAINS","Shape_Leng":414816.616548,"Shape_Area":4282471928.11}},
{"type":"Feature","geometry":{"type":"Polygon","coordinates":[[[-156.4931,66.481],[-156.5977,66.478],[-156.6273,66.4287],[-156.524,66.3761],[-156.4194,66.3579],[-156.4315,66.3149],[-156.3184,66.2495],[-156.2427,66.1769],[-156.2041,66.0969],[-156.036,66.0793],[-155.8649,66.0723],[-155.7212,66.0479],[-155.7025,66.0937],[-155.8976,66.1579],[-155.8413,66.2295],[-156.1124,66.3637],[-156.4931,66.481]]]},"properties":{"NA_L1CODE":"6","NA_L1NAME":"NORTHWESTERN FORESTED MOUNTAINS","NA_L1KEY":"6  NORTHWESTERN FORESTED MOUNTAINS","Shape_Leng":142098.80653,"Shape_Area":753194450.432}},
{"type":"Feature","geometry":{"type":"Polygon","coordinates":[[[-156.8297,66.118],[-156.751,66.1357],[-156.7485,66.1861],[-156.8643,66.2378],[-156.8193,66.3181],[-157.0862,66.3841],[-157.0668,66.4223],[-157.1667,66.4616],[-157.2563,66.4537],[-157.3581,66.3707],[-157.4741,66.3637],[-157.6468,66.385],[-157.8406,66.3915],[-157.8589,66.3532],[-157.796,66.3093],[-157.4558,66.2428],[-157.2173,66.2359],[-157.0707,66.21],[-157.0579,66.1737],[-156.9629,66.1447],[-156.8297,66.118]]]},"properties":{"NA_L1CODE":"6","NA_L1NAME":"NORTHWESTERN FORESTED MOUNTAINS","NA_L1KEY":"6  NORTHWESTERN FORESTED MOUNTAINS","Shape_Leng":146616.504191,"Shape_Area":819276640.063}},
{"type":"Feature","geometry":{"type":"Polygon","coordinates":[[[-156.7662,66.9622],[-156.29,66.9318],[-155.9169,66.8978],[-155.5692,66.8778],[-155.3203,66.9187],[-155.204,66.9796],[-155.2158,67.0098],[-155.4903,67.0166],[-155.8472,67.0391],[-156.1209,67.0518],[-156.3642,67.0737],[-156.6101,67.0819],[-157.2245,67.0795],[-157.5124,67.0892],[-157.4642,67.0336],[-157.2684,66.9972],[-156.9628,66.9722],[-156.7662,66.9622]]]},"properties":{"NA_L1CODE":"6","NA_L1NAME":"NORTHWESTERN FORESTED MOUNTAINS","NA_L1KEY":"6  NORTHWESTERN FORESTED MOUNTAINS","Shape_Leng":206332.537519,"Shape_Area":1287158133.7}},
{"type":"Feature","geometry":{"type":"Polygon","coordinates":[[[-129,52.489],[-129,52.6591],[-129.0173,52.6722],[-129.0614,52.6953],[-129.2084,52.7958],[-129.2926,52.8163],[-129.3009,52.7575],[-129.2803,52.723],[-129.2335,52.6952],[-129.1858,52.6182],[-129.1311,52.5525],[-129.0696,52.5108],[-129.0252,52.5304],[-129,52.489]]]},"properties":{"NA_L1CODE":"7","NA_L1NAME":"MARINE WEST COAST FOREST","NA_L1KEY":"7  MARINE WEST COAST FOREST","Shape_Leng":107905.9116,"Shape_Area":431846541.162}},
{"type":"Feature","geometry":{"type":"Polygon","coordinates":[[[-131.3689,52.5823],[-131.4372,52.5551],[-131.3897,52.5372],[-131.3464,52.5532],[-131.3689,52.5823]]]},"properties":{"NA_L1CODE":"7","NA_L1NAME":"MARINE WEST COAST FOREST","NA_L1KEY":"7  MARINE WEST COAST FOREST","Shape_Leng":17071.0513945,"Shape_Area":17307669.0101}},
{"type":"Feature","geometry":{"type":"Polygon","coordinates":[[[-129.6206,53.0407],[-129.6592,53.0398],[-129.6791,52.9948],[-129.6219,52.9503],[-129.5379,52.9515],[-129.5596,52.9997],[-129.5324,53.0254],[-129.5614,53.0449],[-129.6206,53.0407]]]},"properties":{"NA_L1CODE":"7","NA_L1NAME":"MARINE WEST COAST FOREST","NA_L1KEY":"7  MARINE WEST COAST FOREST","Shape_Leng":44375.894601,"Shape_Area":71175453.3001}},
{"type":"Feature","geometry":{"type":"Polygon","coordinates":[[[-129.484,53.1867],[-129.5556,53.1724],[-129.5632,53.134],[-129.5139,53.0854],[-129.441,53.0435],[-129.4328,53.0142],[-129.3265,52.9586],[-129.2938,52.9711],[-129.3118,53.0442],[-129.3922,53.0904],[-129.484,53.1867]]]},"properties":{"NA_L1CODE":"7","NA_L1NAME":"MARINE WEST COAST FOREST","NA_L1KEY":"7  MARINE WEST COAST FOREST","Shape_Leng":66953.043181,"Shape_Area":186420061.869}},
{"type":"Feature","geometry":{"type":"Polygon","coordinates":[[[-129.5933,53.0672],[-129.6793,53.1303],[-129.7573,53.1268],[-129.7265,53.0742],[-129.6148,53.0486],[-129.5933,53.0672]]]},"properties":{"NA_L1CODE":"7","NA_L1NAME":"MARINE WEST COAST FOREST","NA_L1KEY":"7  MARINE WEST COAST FOREST","Shape_Leng":31609.0925471,"Shape_Area":61339997.0779}},
{"type":"Feature","geometry":{"type":"Polygon","coordinates":[[[-129,52.6954],[-129,53.2964],[-129.0333,53.3009],[-129.0945,53.2808],[-129.0694,53.1953],[-129.0846,53.0942],[-129.1703,53.0575],[-129.1936,53.0077],[-129.1956,52.9539],[-129.166,52.9182],[-129.1153,52.8972],[-129.1314,52.8432],[-129.1063,52.7899],[-129.0593,52.7348],[-129.0057,52.698],[-129,52.6954]]]},"properties":{"NA_L1CODE":"7","NA_L1NAME":"MARINE WEST COAST FOREST","NA_L1KEY":"7  MARINE WEST COAST FOREST","Shape_Leng":422958.521517,"Shape_Area":2833893874.56}},
{"type":"Feature","geometry":{"type":"Polygon","coordinates":[[[-129.1481,53.0971],[-129.1578,53.229],[-129.1708,53.2758],[-129.2598,53.3201],[-129.2872,53.3063],[-129.2597,53.2628],[-129.3436,53.1997],[-129.3247,53.1106],[-129.2658,53.0851],[-129.1481,53.0971]]]},"properties":{"NA_L1CODE":"7","NA_L1NAME":"MARINE WEST COAST FOREST","NA_L1KEY":"7  MARINE WEST COAST FOREST","Shape_Leng":68745.5614766,"Shape_Area":249585974.172}},
{"type":"Feature","geometry":{"type":"Polygon","coordinates":[[[-131.638,52.7783],[-131.7479,52.7711],[-131.7601,52.7284],[-131.6843,52.6767],[-131.6067,52.5815],[-131.5744,52.5779],[-131.4584,52.6219],[-131.4385,52.7023],[-131.4934,52.7388],[-131.5746,52.7262],[-131.7093,52.7179],[-131.733,52.7441],[-131.6197,52.748],[-131.638,52.7783]]]},"properties":{"NA_L1CODE":"7","NA_L1NAME":"MARINE WEST COAST FOREST","NA_L1KEY":"7  MARINE WEST COAST FOREST","Shape_Leng":89532.6562478,"Shape_Area":262477336.773}},
{"type":"Feature","geometry":{"type":"Polygon","coordinates":[[[-129.3335,53.3203],[-129.3387,53.3615],[-129.4087,53.4023],[-129.4465,53.3564],[-129.3849,53.3123],[-129.3335,53.3203]]]},"properties":{"NA_L1CODE":"7","NA_L1NAME":"MARINE WEST COAST FOREST","NA_L1KEY":"7  MARINE WEST COAST FOREST","Shape_Leng":36036.2096653,"Shape_Area":55938549.6958}},
{"type":"Feature","geometry":{"type":"Polygon","coordinates":[[[-129,53.3161],[-129,53.4894],[-129.0197,53.5242],[-129.0667,53.4857],[-129.0588,53.4332],[-129.1178,53.3933],[-129.1527,53.339],[-129.1391,53.3145],[-129,53.3161]]]},"properties":{"NA_L1CODE":"7","NA_L1NAME":"MARINE WEST COAST FOREST","NA_L1KEY":"7  MARINE WEST COAST FOREST","Shape_Leng":68125.42701,"Shape_Area":218017635.746}},
{"type":"Feature","geometry":{"type":"Polygon","coordinates":[[[-129,53.5541],[-129,53.6811],[-129.052,53.6694],[-129.0996,53.6637],[-129.1779,53.6158],[-129.1657,53.5415],[-129.1783,53.4231],[-129.1632,53.3766],[-129.1078,53.4326],[-129.0962,53.4864],[-129.0272,53.5444],[-129,53.5541]]]},"properties":{"NA_L1CODE":"7","NA_L1NAME":"MARINE WEST COAST FOREST","NA_L1KEY":"7  MARINE WEST COAST FOREST","Shape_Leng":104745.657472,"Shape_Area":377373984.204}},
{"type":"Feature","geometry":{"type":"Polygon","coordinates":[[[-131.63,52.9111],[-131.607,52.966],[-131.6584,52.9975],[-131.8333,53.0384],[-131.889,53.0317],[-131.9236,52.9944],[-131.8797,52.92],[-131.8272,52.8772],[-131.7016,52.8741],[-131.63,52.9111]]]},"properties":{"NA_L1CODE":"7","NA_L1NAME":"MARINE WEST COAST FOREST","NA_L1KEY":"7  MARINE WEST COAST FOREST","Shape_Leng":62226.2250046,"Shape_Area":278407688.585}},
{"type":"Feature","geometry":{"type":"Polygon","coordinates":[[[-129.8914,53.5185],[-129.9396,53.5402],[-130.0238,53.5058],[-129.965,53.4656],[-129.9301,53.4637],[-129.8914,53.5185]]]},"properties":{"NA_L1CODE":"7","NA_L1NAME":"MARINE WEST COAST FOREST","NA_L1KEY":"7  MARINE WEST COAST FOREST","Shape_Leng":26711.3180126,"Shape_Area":47251726.102}},
{"type":"Feature","geometry":{"type":"Polygon","coordinates":[[[-132.1846,52.9813],[-132.2298,52.9963],[-132.3304,53.0067],[-132.3137,52.9631],[-132.1846,52.9813]]]},"properties":{"NA_L1CODE":"7","NA_L1NAME":"MARINE WEST COAST FOREST","NA_L1KEY":"7  MARINE WEST COAST FOREST","Shape_Leng":29720.2350615,"Shape_Area":36120989.9247}},
{"type":"Feature","geometry":{"type":"Polygon","coordinates":[[[-132.398,53.0975],[-132.5538,53.0948],[-132.5753,53.0849],[-132.4899,53.024],[-132.4363,53.0376],[-132.2672,53.0185],[-132.1381,52.9948],[-132.1854,52.9605],[-132.3611,52.9449],[-132.2363,52.8085],[-132.0411,52.6835],[-131.9619,52.6488],[-131.9063,52.5875],[-131.8075,52.5424],[-131.7691,52.5047],[-131.6505,52.4622],[-131.5835,52.3986],[-131.5783,52.3559],[-131.4693,52.2731],[-131.4332,52.2323],[-131.3369,52.1972],[-131.2833,52.1425],[-131.2413,52.1214],[-131.1501,52.132],[-131.1288,52.1008],[-131.0964,51.9916],[-131.0757,51.967],[-131.0131,51.9403],[-130.9775,52.0083],[-131.0436,52.0339],[-130.9359,52.078],[-130.9558,52.103],[-131.0097,52.0968],[-131.0507,52.1448],[-131.008,52.1773],[-131.0287,52.2293],[-131.1108,52.2141],[-131.0853,52.28],[-131.1707,52.3186],[-131.2468,52.2985],[-131.2577,52.2576],[-131.3381,52.3015],[-131.3425,52.3266],[-131.2343,52.4406],[-131.2865,52.4442],[-131.3627,52.4151],[-131.3537,52.3725],[-131.3814,52.364],[-131.4226,52.4077],[-131.4673,52.5006],[-131.5432,52.5285],[-131.6366,52.5473],[-131.7353,52.6899],[-131.7989,52.7169],[-131.8139,52.8153],[-131.7362,52.8082],[-131.6411,52.8291],[-131.7485,52.8618],[-131.8528,52.833],[-131.8782,52.8356],[-131.8828,52.8903],[-131.9558,53.0144],[-131.952,53.045],[-131.8011,53.0649],[-131.771,53.0541],[-131.6113,53.0275],[-131.6691,53.1064],[-131.7285,53.1498],[-131.7771,53.1673],[-131.773,53.1964],[-131.8172,53.2577],[-131.9895,53.213],[-132.074,53.1488],[-132.2299,53.1371],[-132.3427,53.1435],[-132.398,53.0975]]]},"properties":{"NA_L1CODE":"7","NA_L1NAME":"MARINE WEST COAST FOREST","NA_L1KEY":"7  MARINE WEST COAST FOREST","Shape_Leng":613199.146533,"Shape_Area":3043873244.52}},
{"type":"Feature","geometry":{"type":"Polygon","coordinates":[[[-129.7511,53.2093],[-129.8004,53.2806],[-129.8658,53.3322],[-129.9013,53.3856],[-129.9808,53.4403],[-130.1117,53.5105],[-130.2571,53.5694],[-130.4648,53.6341],[-130.5219,53.6271],[-130.5464,53.5502],[-130.3993,53.4917],[-130.411,53.4664],[-130.3095,53.386],[-130.2147,53.3733],[-130.1122,53.3165],[-130.0904,53.2853],[-129.9622,53.1663],[-129.8699,53.1787],[-129.7822,53.1651],[-129.7511,53.2093]]]},"properties":{"NA_L1CODE":"7","NA_L1NAME":"MARINE WEST COAST FOREST","NA_L1KEY":"7  MARINE WEST COAST FOREST","Shape_Leng":164643.455182,"Shape_Area":1015519726}},
{"type":"Feature","geometry":{"type":"Polygon","coordinates":[[[-132.3942,53.1033],[-132.4213,53.1274],[-132.4858,53.1215],[-132.5853,53.146],[-132.5897,53.1215],[-132.5432,53.1036],[-132.3942,53.1033]]]},"properties":{"NA_L1CODE":"7","NA_L1NAME":"MARINE WEST COAST FOREST","NA_L1KEY":"7  MARINE WEST COAST FOREST","Shape_Leng":32178.8719172,"Shape_Area":38577105.1396}},
{"type":"Feature","geometry":{"type":"Polygon","coordinates":[[[-130.0776,53.563],[-130.1209,53.6522],[-130.1214,53.693],[-130.2277,53.721],[-130.2159,53.7569],[-130.2397,53.7893],[-130.3043,53.795],[-130.3041,53.74],[-130.3954,53.7025],[-130.401,53.673],[-130.3301,53.6147],[-130.1497,53.5657],[-130.0776,53.563]]]},"properties":{"NA_L1CODE":"7","NA_L1NAME":"MARINE WEST COAST FOREST","NA_L1KEY":"7  MARINE WEST COAST FOREST","Shape_Leng":79068.4106365,"Shape_Area":291772871.831}},
{"type":"Feature","geometry":{"type":"Polygon","coordinates":[[[-129.7503,53.6424],[-129.8372,53.7129],[-130.1354,53.884],[-130.1989,53.9081],[-130.2852,53.8639],[-130.2823,53.8188],[-130.2168,53.8079],[-130.2053,53.7448],[-130.1624,53.7137],[-130.0994,53.6932],[-130.0952,53.6617],[-130.0579,53.5962],[-130.0161,53.5654],[-129.8961,53.5772],[-129.8666,53.5103],[-129.9057,53.4682],[-129.8437,53.4415],[-129.8052,53.3728],[-129.6746,53.2936],[-129.6028,53.2151],[-129.5811,53.2063],[-129.4939,53.2185],[-129.4644,53.3108],[-129.479,53.3424],[-129.4208,53.4084],[-129.4521,53.4353],[-129.6544,53.5593],[-129.7503,53.6424]]]},"properties":{"NA_L1CODE":"7","NA_L1NAME":"MARINE WEST COAST FOREST","NA_L1KEY":"7  MARINE WEST COAST FOREST","Shape_Leng":213708.050098,"Shape_Area":1407506087.73}},
{"type":"Feature","geometry":{"type":"Polygon","coordinates":[[[-130.5052,53.8132],[-130.5701,53.846],[-130.6363,53.8124],[-130.5983,53.7902],[-130.5424,53.7861],[-130.5052,53.8132]]]},"properties":{"NA_L1CODE":"7","NA_L1NAME":"MARINE WEST COAST FOREST","NA_L1KEY":"7  MARINE WEST COAST FOREST","Shape_Leng":23617.0443208,"Shape_Area":37547288.4769}},
{"type":"Feature","geometry":{"type":"Polygon","coordinates":[[[-130.147,53.9844],[-130.1285,54.0195],[-130.1642,54.0708],[-130.2182,54.0595],[-130.2146,54.0132],[-130.147,53.9844]]]},"properties":{"NA_L1CODE":"7","NA_L1NAME":"MARINE WEST COAST FOREST","NA_L1KEY":"7  MARINE WEST COAST FOREST","Shape_Leng":27115.7140088,"Shape_Area":46666749.9591}},
{"type":"Feature","geometry":{"type":"Polygon","coordinates":[[[-130.4103,54.0998],[-130.4836,54.0665],[-130.55,54.0549],[-130.7204,53.936],[-130.7212,53.8688],[-130.7011,53.844],[-130.6403,53.8341],[-130.6127,53.8574],[-130.6949,53.8891],[-130.6858,53.9448],[-130.6099,53.9468],[-130.5011,53.872],[-130.4777,53.8357],[-130.3797,53.8203],[-130.3377,53.8263],[-130.3094,53.8801],[-130.2277,53.9445],[-130.2514,54.0027],[-130.3243,54.0613],[-130.4103,54.0998]]]},"properties":{"NA_L1CODE":"7","NA_L1NAME":"MARINE WEST COAST FOREST","NA_L1KEY":"7  MARINE WEST COAST FOREST","Shape_Leng":127457.71606,"Shape_Area":576412123.201}},
{"type":"Feature","geometry":{"type":"Polygon","coordinates":[[[-130.1394,54.1426],[-130.2176,54.1878],[-130.2568,54.1853],[-130.2872,54.1545],[-130.2345,54.1141],[-130.1604,54.1196],[-130.1394,54.1426]]]},"properties":{"NA_L1CODE":"7","NA_L1NAME":"MARINE WEST COAST FOREST","NA_L1KEY":"7  MARINE WEST COAST FOREST","Shape_Leng":38350.3816312,"Shape_Area":62318279.842}},
{"type":"Feature","geometry":{"type":"Polygon","coordinates":[[[-130.6392,54.1223],[-130.6689,54.1608],[-130.7929,54.2053],[-130.815,54.1694],[-130.742,54.1419],[-130.6762,54.1046],[-130.6392,54.1223]]]},"properties":{"NA_L1CODE":"7","NA_L1NAME":"MARINE WEST COAST FOREST","NA_L1KEY":"7  MARINE WEST COAST FOREST","Shape_Leng":34862.7502906,"Shape_Area":65379871.9203}},
{"type":"Feature","geometry":{"type":"Polygon","coordinates":[[[-130.3631,54.2638],[-130.3918,54.3069],[-130.4362,54.3274],[-130.4663,54.2893],[-130.432,54.2577],[-130.322,54.2364],[-130.2542,54.2634],[-130.2482,54.2958],[-130.2822,54.3316],[-130.3426,54.3023],[-130.3631,54.2638]]]},"properties":{"NA_L1CODE":"7","NA_L1NAME":"MARINE WEST COAST FOREST","NA_L1KEY":"7  MARINE WEST COAST FOREST","Shape_Leng":54562.1608463,"Shape_Area":86631792.3013}},
{"type":"Feature","geometry":{"type":"Polygon","coordinates":[[[-130.7155,54.4077],[-130.7949,54.3896],[-130.7526,54.3536],[-130.7059,54.3618],[-130.7155,54.4077]]]},"properties":{"NA_L1CODE":"7","NA_L1NAME":"MARINE WEST COAST FOREST","NA_L1KEY":"7  MARINE WEST COAST FOREST","Shape_Leng":19755.6553318,"Shape_Area":25597813.2324}},
{"type":"Feature","geometry":{"type":"Polygon","coordinates":[[[-130.8255,54.5988],[-130.8886,54.6263],[-130.9318,54.6063],[-130.962,54.4994],[-130.908,54.4736],[-130.7744,54.5445],[-130.7529,54.5671],[-130.7688,54.622],[-130.8255,54.5988]]]},"properties":{"NA_L1CODE":"7","NA_L1NAME":"MARINE WEST COAST FOREST","NA_L1KEY":"7  MARINE WEST COAST FOREST","Shape_Leng":54415.8061186,"Shape_Area":149858183.553}},
{"type":"Feature","geometry":{"type":"Polygon","coordinates":[[[-130.1952,54.7812],[-130.2208,54.7962],[-130.2884,54.7488],[-130.3698,54.7053],[-130.2968,54.6989],[-130.2339,54.7163],[-130.1952,54.7812]]]},"properties":{"NA_L1CODE":"7","NA_L1NAME":"MARINE WEST COAST FOREST","NA_L1KEY":"7  MARINE WEST COAST FOREST","Shape_Leng":37094.100599,"Shape_Area":58435895.8378}},
{"type":"Feature","geometry":{"type":"Polygon","coordinates":[[[-130.453,54.7935],[-130.4846,54.8188],[-130.5761,54.7616],[-130.6334,54.7562],[-130.5322,54.6978],[-130.4676,54.6999],[-130.4291,54.7512],[-130.453,54.7935]]]},"properties":{"NA_L1CODE":"7","NA_L1NAME":"MARINE WEST COAST FOREST","NA_L1KEY":"7  MARINE WEST COAST FOREST","Shape_Leng":41620.832078,"Shape_Area":101934712.903}},
{"type":"Feature","geometry":{"type":"Polygon","coordinates":[[[-132.6582,53.945],[-132.6484,54],[-132.5868,54.0376],[-132.5627,54.0863],[-132.5762,54.1193],[-132.648,54.1482],[-132.8093,54.1268],[-133.0158,54.1754],[-133.0786,54.1779],[-133.0466,54.0316],[-133.1093,53.9803],[-133.1447,53.913],[-133.1429,53.886],[-133.0837,53.7677],[-133.0041,53.7635],[-132.9887,53.7124],[-132.9276,53.7005],[-132.9471,53.6605],[-132.9279,53.617],[-132.9992,53.5895],[-133.0086,53.5434],[-132.9027,53.514],[-132.8378,53.4679],[-132.7563,53.4653],[-132.6443,53.4236],[-132.5309,53.4099],[-132.5227,53.3854],[-132.4204,53.3391],[-132.4774,53.3192],[-132.556,53.3636],[-132.6846,53.3638],[-132.764,53.3225],[-132.6387,53.3204],[-132.6309,53.2894],[-132.6725,53.2548],[-132.612,53.2445],[-132.5723,53.2135],[-132.5839,53.1877],[-132.4678,53.1329],[-132.2916,53.1512],[-132.2112,53.146],[-132.1295,53.1776],[-132.1403,53.1943],[-132.2394,53.1843],[-132.2751,53.2049],[-132.1154,53.2491],[-131.9917,53.2462],[-131.9679,53.2709],[-131.9222,53.3647],[-131.906,53.422],[-131.9511,53.5167],[-131.9286,53.6163],[-131.8722,53.6981],[-131.878,53.7738],[-131.8497,53.8159],[-131.7265,53.9404],[-131.6974,53.9863],[-131.6622,54.1133],[-131.7143,54.1094],[-131.7789,54.0754],[-131.9849,54.0293],[-132.1183,54.0333],[-132.1462,54.0155],[-132.1176,53.9846],[-132.0774,53.9011],[-132.1164,53.83],[-132.1793,53.8023],[-132.207,53.7724],[-132.1603,53.7025],[-132.2006,53.6664],[-132.2549,53.6653],[-132.3154,53.6184],[-132.455,53.5931],[-132.4787,53.6168],[-132.3944,53.6575],[-132.4032,53.6708],[-132.5076,53.6494],[-132.5879,53.6557],[-132.6314,53.688],[-132.4706,53.7184],[-132.3877,53.7623],[-132.3179,53.765],[-132.2364,53.7916],[-132.1595,53.8367],[-132.1191,53.8933],[-132.1428,53.9757],[-132.1788,54.0219],[-132.2657,54.0983],[-132.3064,54.1118],[-132.427,54.0908],[-132.5265,54.0471],[-132.5541,53.9971],[-132.6582,53.945]]]},"properties":{"NA_L1CODE":"7","NA_L1NAME":"MARINE WEST COAST FOREST","NA_L1KEY":"7  MARINE WEST COAST FOREST","Shape_Leng":681467.72956,"Shape_Area":6467528739.6}},
{"type":"Feature","geometry":{"type":"Polygon","coordinates":[[[-132.9542,54.2234],[-132.9728,54.2475],[-133.0419,54.2568],[-133.0675,54.2209],[-133.0085,54.2131],[-132.9542,54.2234]]]},"properties":{"NA_L1CODE":"7","NA_L1NAME":"MARINE WEST COAST FOREST","NA_L1KEY":"7  MARINE WEST COAST FOREST","Shape_Leng":27815.7311198,"Shape_Area":32966500.7552}},
{"type":"Feature","geometry":{"type":"Polygon","coordinates":[[[-130.3438,54.7956],[-130.2896,54.816],[-130.1517,54.9493],[-130.1502,54.9783],[-130.2001,55.0262],[-130.2713,54.9452],[-130.3545,54.8917],[-130.4708,54.8286],[-130.4156,54.7629],[-130.3438,54.7956]]]},"properties":{"NA_L1CODE":"7","NA_L1NAME":"MARINE WEST COAST FOREST","NA_L1KEY":"7  MARINE WEST COAST FOREST","Shape_Leng":75342.2885965,"Shape_Area":228645027.126}},
{"type":"Feature","geometry":{"type":"Polygon","coordinates":[[[-131.3368,54.9628],[-131.3606,54.9759],[-131.4651,54.9599],[-131.4696,54.9153],[-131.3971,54.8928],[-131.3461,54.8553],[-131.2784,54.8842],[-131.2373,54.8761],[-131.1975,54.9112],[-131.2424,54.9398],[-131.2664,55],[-131.3368,54.9628]]]},"properties":{"NA_L1CODE":"7","NA_L1NAME":"MARINE WEST COAST FOREST","NA_L1KEY":"7  MARINE WEST COAST FOREST","Shape_Leng":59286.589444,"Shape_Area":162358899.7}},
{"type":"Feature","geometry":{"type":"Polygon","coordinates":[[[-131.1868,55.043],[-131.1722,55.0837],[-131.2361,55.089],[-131.2299,55.0559],[-131.1868,55.043]]]},"properties":{"NA_L1CODE":"7","NA_L1NAME":"MARINE WEST COAST FOREST","NA_L1KEY":"7  MARINE WEST COAST FOREST","Shape_Leng":18682.9869485,"Shape_Area":22238952.6333}},
{"type":"Feature","geometry":{"type":"Polygon","coordinates":[[[-132.6138,54.7644],[-132.6391,54.816],[-132.6286,54.8768],[-132.6538,54.904],[-132.7439,54.9326],[-132.8171,54.9223],[-132.8028,54.871],[-132.7396,54.8428],[-132.6792,54.7694],[-132.6138,54.7644]]]},"properties":{"NA_L1CODE":"7","NA_L1NAME":"MARINE WEST COAST FOREST","NA_L1KEY":"7  MARINE WEST COAST FOREST","Shape_Leng":54189.542701,"Shape_Area":139082792.427}},
{"type":"Feature","geometry":{"type":"Polygon","coordinates":[[[-131.4304,55.2106],[-131.5645,55.2823],[-131.5922,55.2672],[-131.598,55.2117],[-131.5358,55.1462],[-131.5907,55.1246],[-131.5867,55.0894],[-131.6345,55.0351],[-131.592,54.995],[-131.539,55.0284],[-131.4748,55.007],[-131.3831,55.0094],[-131.3562,55.0344],[-131.3506,55.1176],[-131.3611,55.1571],[-131.3999,55.2102],[-131.4304,55.2106]]]},"properties":{"NA_L1CODE":"7","NA_L1NAME":"MARINE WEST COAST FOREST","NA_L1KEY":"7  MARINE WEST COAST FOREST","Shape_Leng":95662.44346,"Shape_Area":370778677.667}},
{"type":"Feature","geometry":{"type":"Polygon","coordinates":[[[-131.7778,55.395],[-131.8531,55.422],[-131.8704,55.3718],[-131.8691,55.3155],[-131.8298,55.1921],[-131.7419,55.1295],[-131.6769,55.2495],[-131.684,55.2991],[-131.6213,55.3014],[-131.7778,55.395]]]},"properties":{"NA_L1CODE":"7","NA_L1NAME":"MARINE WEST COAST FOREST","NA_L1KEY":"7  MARINE WEST COAST FOREST","Shape_Leng":83459.6179412,"Shape_Area":282926464.278}},
{"type":"Feature","geometry":{"type":"Polygon","coordinates":[[[-132.6831,55.029],[-132.681,55.0491],[-132.7339,55.1347],[-132.836,55.1898],[-132.8907,55.1538],[-132.8752,55.106],[-132.8166,55.0835],[-132.8776,55.0531],[-132.8659,55.0246],[-132.7438,54.9972],[-132.6831,55.029]]]},"properties":{"NA_L1CODE":"7","NA_L1NAME":"MARINE WEST COAST FOREST","NA_L1KEY":"7  MARINE WEST COAST FOREST","Shape_Leng":59756.195696,"Shape_Area":177603371.265}},
{"type":"Feature","geometry":{"type":"Polygon","coordinates":[[[-133.0331,55.1378],[-133.0686,55.1618],[-133.1078,55.2309],[-133.1682,55.2456],[-133.2237,55.2393],[-133.2008,55.2069],[-133.2228,55.1731],[-133.2343,55.0875],[-133.2003,55.0336],[-133.1737,55.0245],[-133.1521,54.9578],[-133.1284,54.9302],[-133.0154,54.8695],[-133.0248,54.8503],[-132.8794,54.7404],[-132.8358,54.6878],[-132.7425,54.6665],[-132.7187,54.7002],[-132.75,54.8148],[-132.8485,54.8817],[-132.9117,54.9113],[-132.9536,54.9495],[-132.9628,54.9902],[-133.0259,55.035],[-133.0178,55.0843],[-133.0331,55.1378]]]},"properties":{"NA_L1CODE":"7","NA_L1NAME":"MARINE WEST COAST FOREST","NA_L1KEY":"7  MARINE WEST COAST FOREST","Shape_Leng":172675.014035,"Shape_Area":729756088.387}},
{"type":"Feature","geometry":{"type":"Polygon","coordinates":[[[-133.2544,55.2183],[-133.2288,55.274],[-133.3264,55.3457],[-133.3876,55.3397],[-133.452,55.315],[-133.4634,55.2672],[-133.4283,55.2079],[-133.3311,55.2034],[-133.2544,55.2183]]]},"properties":{"NA_L1CODE":"7","NA_L1NAME":"MARINE WEST COAST FOREST","NA_L1KEY":"7  MARINE WEST COAST FOREST","Shape_Leng":49529.4934685,"Shape_Area":182161072.146}},
{"type":"Feature","geometry":{"type":"Polygon","coordinates":[[[-133.2358,55.4238],[-133.2509,55.4488],[-133.3189,55.4226],[-133.2944,55.3995],[-133.2358,55.4238]]]},"properties":{"NA_L1CODE":"7","NA_L1NAME":"MARINE WEST COAST FOREST","NA_L1KEY":"7  MARINE WEST COAST FOREST","Shape_Leng":17862.7292475,"Shape_Area":22637208.8619}},
{"type":"Feature","geometry":{"type":"Polygon","coordinates":[[[-131.5066,55.9116],[-131.587,55.9117],[-131.5917,55.8925],[-131.5082,55.8362],[-131.7092,55.8366],[-131.7,55.8025],[-131.6352,55.7835],[-131.5739,55.7922],[-131.5367,55.8141],[-131.4971,55.7908],[-131.5341,55.7717],[-131.6703,55.7681],[-131.7234,55.741],[-131.7037,55.6805],[-131.721,55.6365],[-131.6969,55.6114],[-131.6368,55.5956],[-131.6513,55.554],[-131.8273,55.4484],[-131.7344,55.3932],[-131.7253,55.3708],[-131.5458,55.2914],[-131.4758,55.36],[-131.4842,55.3962],[-131.5326,55.4558],[-131.4909,55.4817],[-131.4507,55.3939],[-131.4651,55.2779],[-131.3427,55.2596],[-131.2903,55.2874],[-131.253,55.3305],[-131.2854,55.3798],[-131.196,55.3879],[-131.1874,55.3627],[-131.2283,55.2961],[-131.3038,55.2381],[-131.2598,55.2055],[-131.1576,55.1957],[-131.0624,55.258],[-131.034,55.4011],[-130.9702,55.4031],[-130.9837,55.4561],[-130.9755,55.5172],[-130.9377,55.571],[-130.9427,55.6567],[-130.9685,55.7024],[-131.0292,55.75],[-131.0669,55.8258],[-131.2588,55.9707],[-131.2934,55.9688],[-131.4101,55.9325],[-131.5066,55.9116]]]},"properties":{"NA_L1CODE":"7","NA_L1NAME":"MARINE WEST COAST FOREST","NA_L1KEY":"7  MARINE WEST COAST FOREST","Shape_Leng":455836.692974,"Shape_Area":2967353601.16}},
{"type":"Feature","geometry":{"type":"Polygon","coordinates":[[[-131.5863,55.8578],[-131.6336,55.9103],[-131.6925,55.8699],[-131.5863,55.8578]]]},"properties":{"NA_L1CODE":"7","NA_L1NAME":"MARINE WEST COAST FOREST","NA_L1KEY":"7  MARINE WEST COAST FOREST","Shape_Leng":20942.9144271,"Shape_Area":28504688.2612}},
{"type":"Feature","geometry":{"type":"Polygon","coordinates":[[[-133.553,55.4127],[-133.6032,55.4223],[-133.6435,55.3868],[-133.6323,55.3691],[-133.6828,55.3033],[-133.6273,55.2461],[-133.5969,55.2689],[-133.5668,55.3276],[-133.4549,55.3789],[-133.4665,55.4096],[-133.553,55.4127]]]},"properties":{"NA_L1CODE":"7","NA_L1NAME":"MARINE WEST COAST FOREST","NA_L1KEY":"7  MARINE WEST COAST FOREST","Shape_Leng":58095.1217618,"Shape_Area":140105244.695}},
{"type":"Feature","geometry":{"type":"Polygon","coordinates":[[[-131.4047,55.9698],[-131.4398,55.9945],[-131.5781,55.9417],[-131.5477,55.9142],[-131.505,55.9193],[-131.4047,55.9698]]]},"properties":{"NA_L1CODE":"7","NA_L1NAME":"MARINE WEST COAST FOREST","NA_L1KEY":"7  MARINE WEST COAST FOREST","Shape_Leng":33967.10712,"Shape_Area":49731269.4439}},
{"type":"Feature","geometry":{"type":"Polygon","coordinates":[[[-133.5098,55.524],[-133.54,55.4886],[-133.61,55.4569],[-133.5281,55.4264],[-133.4312,55.4498],[-133.433,55.4851],[-133.5098,55.524]]]},"properties":{"NA_L1CODE":"7","NA_L1NAME":"MARINE WEST COAST FOREST","NA_L1KEY":"7  MARINE WEST COAST FOREST","Shape_Leng":36159.3070578,"Shape_Area":74188877.2364}},
{"type":"Feature","geometry":{"type":"Polygon","coordinates":[[[-133.3079,55.4787],[-133.2871,55.5361],[-133.3354,55.5648],[-133.4475,55.5558],[-133.4535,55.5291],[-133.3599,55.4516],[-133.3079,55.4787]]]},"properties":{"NA_L1CODE":"7","NA_L1NAME":"MARINE WEST COAST FOREST","NA_L1KEY":"7  MARINE WEST COAST FOREST","Shape_Leng":36924.4642058,"Shape_Area":89448793.2641}},
{"type":"Feature","geometry":{"type":"Polygon","coordinates":[[[-133.6367,55.4524],[-133.5867,55.5026],[-133.6174,55.5492],[-133.7336,55.5561],[-133.7809,55.4632],[-133.7251,55.4633],[-133.6669,55.4377],[-133.6367,55.4524]]]},"properties":{"NA_L1CODE":"7","NA_L1NAME":"MARINE WEST COAST FOREST","NA_L1KEY":"7  MARINE WEST COAST FOREST","Shape_Leng":42282.5849243,"Shape_Area":113091658.785}},
{"type":"Feature","geometry":{"type":"Polygon","coordinates":[[[-132.0107,55.9819],[-131.9822,56.0191],[-131.9988,56.0656],[-132.04,56.0896],[-132.067,56.0475],[-132.0107,55.9819]]]},"properties":{"NA_L1CODE":"7","NA_L1NAME":"MARINE WEST COAST FOREST","NA_L1KEY":"7  MARINE WEST COAST FOREST","Shape_Leng":31288.0342784,"Shape_Area":41443795.9097}},
{"type":"Feature","geometry":{"type":"Polygon","coordinates":[[[-133.2521,55.7769],[-133.2175,55.8207],[-133.227,55.8633],[-133.2798,55.9083],[-133.3483,55.8775],[-133.3333,55.8307],[-133.2521,55.7769]]]},"properties":{"NA_L1CODE":"7","NA_L1NAME":"MARINE WEST COAST FOREST","NA_L1KEY":"7  MARINE WEST COAST FOREST","Shape_Leng":36266.0725218,"Shape_Area":77966352.6547}},
{"type":"Feature","geometry":{"type":"Polygon","coordinates":[[[-133.3504,55.8001],[-133.4875,55.7894],[-133.5481,55.8299],[-133.6563,55.8237],[-133.6935,55.7779],[-133.6439,55.7323],[-133.5437,55.6953],[-133.4892,55.7059],[-133.4848,55.7575],[-133.423,55.7393],[-133.3493,55.7567],[-133.3504,55.8001]]]},"properties":{"NA_L1CODE":"7","NA_L1NAME":"MARINE WEST COAST FOREST","NA_L1KEY":"7  MARINE WEST COAST FOREST","Shape_Leng":67572.6803184,"Shape_Area":197614039.172}},
{"type":"Feature","geometry":{"type":"Polygon","coordinates":[[[-133.3764,55.9004],[-133.3763,55.9786],[-133.4435,55.9947],[-133.4858,55.9858],[-133.5028,55.9483],[-133.4201,55.9055],[-133.3764,55.9004]]]},"properties":{"NA_L1CODE":"7","NA_L1NAME":"MARINE WEST COAST FOREST","NA_L1KEY":"7  MARINE WEST COAST FOREST","Shape_Leng":30801.9227364,"Shape_Area":62498710.9248}},
{"type":"Feature","geometry":{"type":"Polygon","coordinates":[[[-133.8685,55.8446],[-133.847,55.8938],[-133.8545,55.9293],[-133.894,55.9365],[-133.9434,55.9142],[-133.9009,55.8457],[-133.8685,55.8446]]]},"properties":{"NA_L1CODE":"7","NA_L1NAME":"MARINE WEST COAST FOREST","NA_L1KEY":"7  MARINE WEST COAST FOREST","Shape_Leng":27001.5683107,"Shape_Area":48452296.3175}},
{"type":"Feature","geometry":{"type":"Polygon","coordinates":[[[-132.3805,56.3095],[-132.4325,56.3547],[-132.5265,56.3407],[-132.5708,56.3012],[-132.6031,56.2423],[-132.6863,56.2403],[-132.7174,56.2193],[-132.7224,56.1391],[-132.6483,56.0504],[-132.5465,56.0799],[-132.4577,56.0612],[-132.4808,56.0322],[-132.435,55.9957],[-132.4477,55.9567],[-132.3503,55.9135],[-132.1543,55.9306],[-132.1296,55.9598],[-132.177,56.0437],[-132.0981,56.1028],[-132.1909,56.1725],[-132.2419,56.1928],[-132.3142,56.1915],[-132.4069,56.214],[-132.3805,56.3095]]]},"properties":{"NA_L1CODE":"7","NA_L1NAME":"MARINE WEST COAST FOREST","NA_L1KEY":"7  MARINE WEST COAST FOREST","Shape_Leng":156750.528324,"Shape_Area":1016802950.95}},
{"type":"Feature","geometry":{"type":"Polygon","coordinates":[[[-132.9201,56.2198],[-132.9881,56.2449],[-133.0029,56.2198],[-132.9201,56.2198]]]},"properties":{"NA_L1CODE":"7","NA_L1NAME":"MARINE WEST COAST FOREST","NA_L1KEY":"7  MARINE WEST COAST FOREST","Shape_Leng":16629.3439583,"Shape_Area":16131684.2549}},
{"type":"Feature","geometry":{"type":"Polygon","coordinates":[[[-134.2386,55.8952],[-134.2881,55.9192],[-134.3673,55.9067],[-134.3174,55.8762],[-134.3296,55.8341],[-134.2893,55.8298],[-134.1741,55.8871],[-134.2386,55.8952]]]},"properties":{"NA_L1CODE":"7","NA_L1NAME":"MARINE WEST COAST FOREST","NA_L1KEY":"7  MARINE WEST COAST FOREST","Shape_Leng":47917.8653036,"Shape_Area":80950483.7815}},
{"type":"Feature","geometry":{"type":"Polygon","coordinates":[[[-133.5379,56.1173],[-133.5976,56.1323],[-133.7005,56.0695],[-133.7939,55.9638],[-133.7832,55.9234],[-133.7138,55.901],[-133.6581,55.9211],[-133.6242,55.9613],[-133.387,56.0296],[-133.3658,55.9911],[-133.2964,56.0184],[-133.3177,56.0907],[-133.2917,56.1491],[-133.4299,56.161],[-133.5379,56.1173]]]},"properties":{"NA_L1CODE":"7","NA_L1NAME":"MARINE WEST COAST FOREST","NA_L1KEY":"7  MARINE WEST COAST FOREST","Shape_Leng":105954.188962,"Shape_Area":466215985.134}},
{"type":"Feature","geometry":{"type":"Polygon","coordinates":[[[-132.4046,56.4098],[-132.4799,56.4419],[-132.5515,56.406],[-132.5484,56.3563],[-132.4905,56.3578],[-132.4046,56.4098]]]},"properties":{"NA_L1CODE":"7","NA_L1NAME":"MARINE WEST COAST FOREST","NA_L1KEY":"7  MARINE WEST COAST FOREST","Shape_Leng":32002.4668141,"Shape_Area":58983802.5611}},
{"type":"Feature","geometry":{"type":"Polygon","coordinates":[[[-132.1465,56.3465],[-132.2376,56.399],[-132.2418,56.4383],[-132.275,56.4611],[-132.3673,56.4928],[-132.3999,56.4861],[-132.3607,56.4201],[-132.3446,56.3407],[-132.3672,56.2849],[-132.3243,56.2389],[-132.2656,56.2071],[-132.1184,56.1652],[-132.074,56.1163],[-132.0236,56.1338],[-131.9357,56.2155],[-131.9992,56.2979],[-132.0296,56.3541],[-132.0851,56.3714],[-132.1465,56.3465]]]},"properties":{"NA_L1CODE":"7","NA_L1NAME":"MARINE WEST COAST FOREST","NA_L1KEY":"7  MARINE WEST COAST FOREST","Shape_Leng":116041.658471,"Shape_Area":571975951.22}},
{"type":"Feature","geometry":{"type":"Polygon","coordinates":[[[-132.6546,56.2796],[-132.652,56.3194],[-132.6779,56.349],[-132.6172,56.3905],[-132.6298,56.4217],[-132.7305,56.4615],[-132.936,56.462],[-133.0146,56.4272],[-133.0727,56.3604],[-133.0698,56.3353],[-132.9584,56.2981],[-132.8522,56.235],[-132.7116,56.2616],[-132.6546,56.2796]]]},"properties":{"NA_L1CODE":"7","NA_L1NAME":"MARINE WEST COAST FOREST","NA_L1KEY":"7  MARINE WEST COAST FOREST","Shape_Leng":86437.8974199,"Shape_Area":500540934.458}},
{"type":"Feature","geometry":{"type":"Polygon","coordinates":[[[-133.1529,56.3118],[-133.2004,56.3386],[-133.4705,56.3358],[-133.5985,56.3556],[-133.6597,56.3148],[-133.6365,56.2167],[-133.5803,56.1807],[-133.5245,56.1894],[-133.2869,56.1632],[-133.2693,56.1527],[-133.293,56.0836],[-133.2532,56.0183],[-133.2695,55.9454],[-133.2466,55.8918],[-133.2137,55.8644],[-133.1573,55.8598],[-133.1752,55.8086],[-133.2633,55.7432],[-133.3308,55.7105],[-133.3691,55.7249],[-133.4042,55.6464],[-133.3885,55.6217],[-133.2739,55.5784],[-133.1809,55.5826],[-133.137,55.6102],[-133.0607,55.6233],[-133.0351,55.6],[-133.1324,55.5152],[-133.1291,55.4585],[-133.0136,55.3805],[-133.0007,55.3433],[-133.1366,55.3802],[-133.2176,55.3818],[-133.2704,55.3339],[-133.2233,55.2842],[-133.135,55.2858],[-133.0477,55.2707],[-133.0101,55.2043],[-132.9136,55.2314],[-132.8521,55.274],[-132.8255,55.2697],[-132.8212,55.2118],[-132.7249,55.1534],[-132.6345,55.1492],[-132.6304,55.1866],[-132.6777,55.2367],[-132.6568,55.2505],[-132.5928,55.186],[-132.5804,55.1206],[-132.5265,55.1121],[-132.6159,54.9831],[-132.607,54.9611],[-132.4908,54.8966],[-132.4104,54.9448],[-132.3648,54.9092],[-132.3495,54.8077],[-132.3097,54.7883],[-132.3044,54.7173],[-132.2401,54.7392],[-132.1575,54.6886],[-132.0248,54.6954],[-131.9578,54.7875],[-131.9753,54.9014],[-131.9781,55.0258],[-132.0743,55.0123],[-132.1507,54.9781],[-132.1843,55.0103],[-132.097,55.036],[-131.9749,55.1769],[-131.9883,55.2582],[-132.0307,55.2774],[-132.0676,55.2527],[-132.082,55.2093],[-132.11,55.1985],[-132.2535,55.2053],[-132.2383,55.2468],[-132.1404,55.2377],[-132.098,55.2686],[-132.1654,55.3608],[-132.2528,55.4056],[-132.3761,55.3925],[-132.4301,55.4296],[-132.32,55.4408],[-132.29,55.4565],[-132.4074,55.5089],[-132.5275,55.5092],[-132.6529,55.4446],[-132.685,55.4573],[-132.5877,55.502],[-132.5362,55.5501],[-132.5693,55.5698],[-132.5491,55.5978],[-132.4999,55.6002],[-132.4242,55.5475],[-132.2405,55.4925],[-132.1675,55.4511],[-132.1413,55.4678],[-132.1756,55.506],[-132.2615,55.5409],[-132.2942,55.54],[-132.3455,55.6032],[-132.373,55.6639],[-132.471,55.6613],[-132.4445,55.7192],[-132.4818,55.7917],[-132.6178,55.9076],[-132.7104,55.956],[-132.7454,55.9847],[-132.8257,56.0196],[-132.9709,56.0563],[-133.0723,56.0393],[-133.1051,56.0559],[-133.1077,56.0976],[-133.0709,56.1134],[-133.0451,56.1864],[-133.0896,56.2503],[-133.1529,56.3118]]]},"properties":{"NA_L1CODE":"7","NA_L1NAME":"MARINE WEST COAST FOREST","NA_L1KEY":"7  MARINE WEST COAST FOREST","Shape_Leng":841296.974764,"Shape_Area":7035703043.97}},
{"type":"Feature","geometry":{"type":"Polygon","coordinates":[[[-132.9859,56.5116],[-132.9642,56.5558],[-132.9916,56.5962],[-133.0767,56.5804],[-133.0475,56.5208],[-132.9859,56.5116]]]},"properties":{"NA_L1CODE":"7","NA_L1NAME":"MARINE WEST COAST FOREST","NA_L1KEY":"7  MARINE WEST COAST FOREST","Shape_Leng":26757.1629419,"Shape_Area":49636196.3824}},
{"type":"Feature","geometry":{"type":"Polygon","coordinates":[[[-132.6835,56.6957],[-132.7422,56.7137],[-132.8189,56.7939],[-132.8981,56.8007],[-132.9338,56.8232],[-132.9798,56.8058],[-132.9435,56.745],[-132.9361,56.6816],[-132.9049,56.6389],[-132.9526,56.627],[-132.971,56.5798],[-132.9411,56.505],[-132.8127,56.4968],[-132.7299,56.5112],[-132.6571,56.551],[-132.6221,56.5528],[-132.5408,56.5885],[-132.6254,56.6391],[-132.6196,56.6681],[-132.6835,56.6957]]]},"properties":{"NA_L1CODE":"7","NA_L1NAME":"MARINE WEST COAST FOREST","NA_L1KEY":"7  MARINE WEST COAST FOREST","Shape_Leng":121968.903605,"Shape_Area":553443533.882}},
{"type":"Feature","geometry":{"type":"Polygon","coordinates":[[[-134.0422,56.8822],[-134.1541,56.9179],[-134.1247,56.8557],[-134.1626,56.847],[-134.2964,56.9102],[-134.3526,56.8973],[-134.4285,56.8411],[-134.4015,56.7272],[-134.3695,56.6815],[-134.2938,56.6506],[-134.2587,56.6078],[-134.246,56.5606],[-134.1992,56.5362],[-134.1402,56.4835],[-134.1011,56.5327],[-134.0573,56.5108],[-134.0344,56.4249],[-134.0515,56.3924],[-134.147,56.3976],[-134.2234,56.4224],[-134.2921,56.3556],[-134.2975,56.2906],[-134.2259,56.1449],[-134.2468,56.118],[-134.2281,56.0744],[-134.1845,56.0606],[-134.1341,56.0055],[-134.1095,56.0453],[-134.1065,56.1331],[-134.1165,56.1682],[-134.0971,56.2297],[-134.0622,56.2385],[-134.0204,56.1734],[-134.0408,56.1106],[-133.9706,56.0844],[-133.9314,56.1451],[-133.9558,56.2017],[-133.9036,56.2027],[-133.883,56.2267],[-133.919,56.2775],[-133.9899,56.2813],[-133.9834,56.3451],[-133.9556,56.3482],[-133.8885,56.2824],[-133.8323,56.3233],[-133.8742,56.365],[-133.9259,56.3818],[-133.8663,56.4331],[-133.8992,56.489],[-133.8528,56.5639],[-133.8409,56.6106],[-133.7441,56.5613],[-133.6975,56.5998],[-133.7702,56.6828],[-133.7707,56.7217],[-133.7311,56.7768],[-133.8841,56.8115],[-133.863,56.75],[-133.8829,56.7192],[-133.9408,56.6925],[-133.9287,56.7629],[-133.9451,56.8057],[-134.0422,56.8822]]]},"properties":{"NA_L1CODE":"7","NA_L1NAME":"MARINE WEST COAST FOREST","NA_L1KEY":"7  MARINE WEST COAST FOREST","Shape_Leng":439077.796153,"Shape_Area":2100360159.23}},
{"type":"Feature","geometry":{"type":"Polygon","coordinates":[[[-133.3922,57.005],[-133.5841,57.0486],[-133.8837,57.0956],[-134.0282,57.0581],[-134.0102,57.0086],[-133.8385,56.9104],[-133.8275,56.8791],[-133.8939,56.8699],[-133.7766,56.8074],[-133.7088,56.8308],[-133.6813,56.8039],[-133.7172,56.6764],[-133.6563,56.5947],[-133.676,56.5697],[-133.672,56.4586],[-133.6363,56.4369],[-133.5398,56.4393],[-133.4409,56.4546],[-133.3776,56.4966],[-133.2724,56.4754],[-133.2034,56.4486],[-133.1484,56.4674],[-133.0994,56.5315],[-133.0981,56.6182],[-133.2547,56.6621],[-133.232,56.6938],[-133.276,56.7359],[-133.3447,56.7646],[-133.3372,56.8049],[-133.263,56.8042],[-133.2318,56.7835],[-133.2132,56.7359],[-133.1719,56.6964],[-133.0257,56.6071],[-132.971,56.6212],[-132.9378,56.6657],[-132.9952,56.802],[-132.9397,56.8408],[-132.999,56.9446],[-133.0883,56.9984],[-133.1954,57.0086],[-133.3922,57.005]]]},"properties":{"NA_L1CODE":"7","NA_L1NAME":"MARINE WEST COAST FOREST","NA_L1KEY":"7  MARINE WEST COAST FOREST","Shape_Leng":327873.692386,"Shape_Area":2832614423.13}},
{"type":"Feature","geometry":{"type":"Polygon","coordinates":[[[-135.4542,57.1775],[-135.5491,57.2258],[-135.5609,57.1558],[-135.5034,57.1571],[-135.4542,57.1775]]]},"properties":{"NA_L1CODE":"7","NA_L1NAME":"MARINE WEST COAST FOREST","NA_L1KEY":"7  MARINE WEST COAST FOREST","Shape_Leng":26106.4589757,"Shape_Area":35485854.1466}},
{"type":"Feature","geometry":{"type":"Polygon","coordinates":[[[-134.804,57.3099],[-134.8013,57.3413],[-134.8376,57.388],[-134.833,57.4164],[-134.9101,57.4269],[-134.9924,57.4197],[-134.962,57.3831],[-134.8285,57.2949],[-134.804,57.3099]]]},"properties":{"NA_L1CODE":"7","NA_L1NAME":"MARINE WEST COAST FOREST","NA_L1KEY":"7  MARINE WEST COAST FOREST","Shape_Leng":42946.5597548,"Shape_Area":91878530.6817}},
{"type":"Feature","geometry":{"type":"Polygon","coordinates":[[[-135.6259,57.2314],[-135.67,57.2513],[-135.709,57.329],[-135.7529,57.3414],[-135.8357,57.3381],[-135.8257,57.2227],[-135.8308,57.1779],[-135.7454,57.1631],[-135.7604,57.1127],[-135.8437,57.0828],[-135.8576,56.9987],[-135.8263,56.9896],[-135.6769,57.0139],[-135.6267,57.0304],[-135.5747,57.1052],[-135.562,57.149],[-135.6259,57.2314]]]},"properties":{"NA_L1CODE":"7","NA_L1NAME":"MARINE WEST COAST FOREST","NA_L1KEY":"7  MARINE WEST COAST FOREST","Shape_Leng":109630.39182,"Shape_Area":448225809.391}},
{"type":"Feature","geometry":{"type":"Polygon","coordinates":[[[-135.1587,57.4632],[-135.2917,57.5057],[-135.3197,57.5357],[-135.3805,57.5569],[-135.4417,57.5575],[-135.5296,57.497],[-135.5401,57.4288],[-135.6833,57.3601],[-135.6655,57.3333],[-135.5904,57.2783],[-135.5558,57.2356],[-135.4725,57.2538],[-135.3497,57.2516],[-135.3741,57.1975],[-135.2815,57.1728],[-135.3714,57.1439],[-135.3998,57.0988],[-135.3383,57.048],[-135.2395,57.0292],[-135.2365,57.008],[-135.33,56.9842],[-135.3893,56.9845],[-135.3867,56.9527],[-135.3336,56.9108],[-135.3825,56.8906],[-135.3729,56.8266],[-135.2816,56.7696],[-135.2714,56.735],[-135.1757,56.7512],[-135.2301,56.6932],[-135.2094,56.6727],[-135.147,56.6904],[-135.1357,56.6107],[-135.0995,56.5977],[-135.0453,56.6164],[-135.0127,56.6463],[-134.9592,56.62],[-135.0347,56.5967],[-135.0595,56.5703],[-135.0288,56.5004],[-134.9,56.3503],[-134.9005,56.3213],[-134.8381,56.3223],[-134.8406,56.2851],[-134.8001,56.2368],[-134.6725,56.1637],[-134.6487,56.2419],[-134.6696,56.2608],[-134.6379,56.3091],[-134.6333,56.4026],[-134.6417,56.4747],[-134.6826,56.5385],[-134.6243,56.5638],[-134.6293,56.7061],[-134.7044,56.8468],[-134.7001,56.9014],[-134.7471,56.9725],[-134.7575,57.0676],[-134.8559,57.2681],[-134.9408,57.2775],[-134.9558,57.3291],[-134.9226,57.3417],[-134.9739,57.381],[-135.1587,57.4632]]]},"properties":{"NA_L1CODE":"7","NA_L1NAME":"MARINE WEST COAST FOREST","NA_L1KEY":"7  MARINE WEST COAST FOREST","Shape_Leng":571015.742912,"Shape_Area":4313502365.23}},
{"type":"Feature","geometry":{"type":"Polygon","coordinates":[[[-136.1388,57.6905],[-136.1881,57.7095],[-136.2492,57.6883],[-136.1834,57.6396],[-136.1388,57.6905]]]},"properties":{"NA_L1CODE":"7","NA_L1NAME":"MARINE WEST COAST FOREST","NA_L1KEY":"7  MARINE WEST COAST FOREST","Shape_Leng":21425.4901517,"Shape_Area":30264739.6482}},
{"type":"Feature","geometry":{"type":"Polygon","coordinates":[[[-134.3932,58.277],[-134.5258,58.3429],[-134.5866,58.3413],[-134.6871,58.2997],[-134.6393,58.2511],[-134.5635,58.2226],[-134.4645,58.2264],[-134.3505,58.1975],[-134.2853,58.2184],[-134.3932,58.277]]]},"properties":{"NA_L1CODE":"7","NA_L1NAME":"MARINE WEST COAST FOREST","NA_L1KEY":"7  MARINE WEST COAST FOREST","Shape_Leng":64205.9295747,"Shape_Area":206907761.179}},
{"type":"Feature","geometry":{"type":"Polygon","coordinates":[[[-134.6796,58.1563],[-134.7057,58.1633],[-134.7103,58.2256],[-134.7361,58.2342],[-134.8027,58.3025],[-134.9537,58.4078],[-134.9703,58.3619],[-134.9501,58.2795],[-134.9003,58.1928],[-134.8575,58.1738],[-134.7883,58.0954],[-134.8127,58.0542],[-134.7629,57.9766],[-134.7022,57.8306],[-134.7331,57.7409],[-134.6982,57.6927],[-134.6743,57.611],[-134.6109,57.563],[-134.5591,57.49],[-134.5508,57.4542],[-134.4649,57.3896],[-134.4865,57.3703],[-134.5747,57.3994],[-134.5626,57.3028],[-134.6536,57.2066],[-134.6395,57.1038],[-134.5986,57.0321],[-134.5206,57.0325],[-134.3775,57.0852],[-134.3293,57.1207],[-134.1585,57.2011],[-134.0946,57.2638],[-134.1595,57.36],[-134.0714,57.3529],[-133.9634,57.3043],[-133.8669,57.3608],[-133.9045,57.4326],[-134.019,57.4631],[-134.0808,57.4671],[-134.0761,57.5056],[-133.9258,57.4878],[-133.9504,57.567],[-133.9391,57.6108],[-134.0472,57.6747],[-134.1284,57.7401],[-134.2306,57.8654],[-134.2801,57.8964],[-134.3365,57.9868],[-134.2321,57.9686],[-134.2721,58.0404],[-134.2193,58.0348],[-134.1387,57.9286],[-134.0991,57.8486],[-134.0272,57.8167],[-133.9964,57.7251],[-133.9622,57.6864],[-133.8588,57.6198],[-133.8411,57.5785],[-133.8028,57.5806],[-133.8115,57.6283],[-133.8828,57.6923],[-133.9102,57.7765],[-133.9015,57.8042],[-133.9801,57.8595],[-133.9994,57.9178],[-134.0995,57.9856],[-134.1029,58.0189],[-134.1821,58.0735],[-134.1989,58.1079],[-134.1647,58.1256],[-134.2027,58.1653],[-134.3147,58.1446],[-134.4468,58.173],[-134.5657,58.1827],[-134.6796,58.1563]]]},"properties":{"NA_L1CODE":"7","NA_L1NAME":"MARINE WEST COAST FOREST","NA_L1KEY":"7  MARINE WEST COAST FOREST","Shape_Leng":620142.785672,"Shape_Area":4498525022.86}},
{"type":"Feature","geometry":{"type":"Polygon","coordinates":[[[-136.3345,58.0127],[-136.4682,58.0983],[-136.5412,58.0898],[-136.5585,58.0322],[-136.527,58.0001],[-136.5686,57.9621],[-136.5692,57.9169],[-136.5208,57.9144],[-136.449,57.854],[-136.3777,57.9302],[-136.3931,57.9568],[-136.3766,57.9976],[-136.3345,58.0127]]]},"properties":{"NA_L1CODE":"7","NA_L1NAME":"MARINE WEST COAST FOREST","NA_L1KEY":"7  MARINE WEST COAST FOREST","Shape_Leng":69940.5845485,"Shape_Area":222565828.984}},
{"type":"Feature","geometry":{"type":"Polygon","coordinates":[[[-135.5343,58.3409],[-135.6115,58.3773],[-135.6643,58.3847],[-135.7305,58.3681],[-135.6796,58.3307],[-135.5711,58.3257],[-135.5343,58.3409]]]},"properties":{"NA_L1CODE":"7","NA_L1NAME":"MARINE WEST COAST FOREST","NA_L1KEY":"7  MARINE WEST COAST FOREST","Shape_Leng":27804.8369479,"Shape_Area":50086510.6561}},
{"type":"Feature","geometry":{"type":"Polygon","coordinates":[[[-136.112,58.0685],[-136.1743,58.0774],[-136.2025,58.1006],[-136.2112,58.1453],[-136.2819,58.22],[-136.3534,58.2184],[-136.3654,58.1459],[-136.4422,58.1196],[-136.4137,58.0733],[-136.342,58.0456],[-136.1336,57.8946],[-136.1489,57.8905],[-136.3351,57.9972],[-136.3747,57.9634],[-136.3653,57.9182],[-136.4104,57.8631],[-136.3015,57.7751],[-136.2394,57.7619],[-136.1584,57.7096],[-136.1263,57.7054],[-136.1509,57.6389],[-136.061,57.5897],[-135.9879,57.5344],[-136.0167,57.4978],[-135.8555,57.4167],[-135.8409,57.3895],[-135.7365,57.3691],[-135.6427,57.3867],[-135.5458,57.4566],[-135.5586,57.5808],[-135.5756,57.5947],[-135.7705,57.6668],[-135.701,57.6817],[-135.6273,57.6721],[-135.6015,57.6905],[-135.4537,57.6241],[-135.3589,57.5907],[-135.1232,57.4938],[-135.0882,57.4647],[-135.0248,57.4563],[-134.8993,57.4592],[-134.8225,57.501],[-134.8546,57.5929],[-134.921,57.6761],[-134.9188,57.7398],[-134.9401,57.7622],[-135.0096,57.7458],[-135.0968,57.7528],[-135.1234,57.7336],[-135.2,57.7291],[-135.2985,57.74],[-135.3624,57.7731],[-135.3702,57.8021],[-135.7485,57.9372],[-135.7098,57.9428],[-135.5519,57.9036],[-135.4077,57.8574],[-135.3196,57.8082],[-135.2328,57.7802],[-135.031,57.7795],[-134.9498,57.8071],[-135.1526,57.8983],[-135.1455,57.9272],[-135.0023,57.8831],[-134.9201,57.9242],[-134.916,57.9816],[-134.9707,58.0459],[-135.1881,58.0833],[-135.2851,58.0908],[-135.4008,58.1396],[-135.4607,58.1179],[-135.4969,58.0684],[-135.5703,58.0046],[-135.6394,57.9884],[-135.6678,58.0241],[-135.6543,58.0499],[-135.5385,58.0989],[-135.498,58.1674],[-135.6327,58.2188],[-135.6681,58.2222],[-135.781,58.2823],[-135.8291,58.2788],[-135.9691,58.2073],[-136.1567,58.2194],[-136.1864,58.168],[-136.1786,58.1018],[-136.112,58.0685]]]},"properties":{"NA_L1CODE":"7","NA_L1NAME":"MARINE WEST COAST FOREST","NA_L1KEY":"7  MARINE WEST COAST FOREST","Shape_Leng":664649.067221,"Shape_Area":5559688519.78}},
{"type":"Feature","geometry":{"type":"Polygon","coordinates":[[[-136.0315,58.2915],[-136.0494,58.3144],[-136.1457,58.2827],[-136.0904,58.255],[-136.0315,58.2915]]]},"properties":{"NA_L1CODE":"7","NA_L1NAME":"MARINE WEST COAST FOREST","NA_L1KEY":"7  MARINE WEST COAST FOREST","Shape_Leng":21766.620707,"Shape_Area":28698403.7477}},
{"type":"Feature","geometry":{"type":"Polygon","coordinates":[[[-136.5584,58.8312],[-136.6475,58.84],[-136.5758,58.7775],[-136.4892,58.7966],[-136.5584,58.8312]]]},"properties":{"NA_L1CODE":"7","NA_L1NAME":"MARINE WEST COAST FOREST","NA_L1KEY":"7  MARINE WEST COAST FOREST","Shape_Leng":26878.5478816,"Shape_Area":36945895.5389}},
{"type":"Feature","geometry":{"type":"Polygon","coordinates":[[[-144.5811,59.7994],[-144.3878,59.9145],[-144.1945,59.999],[-144.3006,59.9854],[-144.4055,59.9377],[-144.54,59.8609],[-144.5811,59.7994]]]},"properties":{"NA_L1CODE":"7","NA_L1NAME":"MARINE WEST COAST FOREST","NA_L1KEY":"7  MARINE WEST COAST FOREST","Shape_Leng":66345.8120763,"Shape_Area":74225276.5808}},
{"type":"Feature","geometry":{"type":"Polygon","coordinates":[[[-153.8676,56.5503],[-153.8846,56.5634],[-154.0679,56.5412],[-154.1276,56.5103],[-154.048,56.4961],[-153.9539,56.5036],[-153.8676,56.5503]]]},"properties":{"NA_L1CODE":"7","NA_L1NAME":"MARINE WEST COAST FOREST","NA_L1KEY":"7  MARINE WEST COAST FOREST","Shape_Leng":36783.9838663,"Shape_Area":73433435.2906}},
{"type":"Feature","geometry":{"type":"Polygon","coordinates":[[[-155.5614,55.9172],[-155.6277,55.9118],[-155.6453,55.8742],[-155.7431,55.8282],[-155.7122,55.7797],[-155.6361,55.7786],[-155.5997,55.764],[-155.5534,55.7978],[-155.5807,55.8563],[-155.5614,55.9172]]]},"properties":{"NA_L1CODE":"7","NA_L1NAME":"MARINE WEST COAST FOREST","NA_L1KEY":"7  MARINE WEST COAST FOREST","Shape_Leng":50528.795175,"Shape_Area":120839219.03}},
{"type":"Feature","geometry":{"type":"Polygon","coordinates":[[[-154.1185,56.5302],[-154.0692,56.5856],[-154.0865,56.6141],[-154.2277,56.6108],[-154.3299,56.5728],[-154.3634,56.5344],[-154.3362,56.5086],[-154.2301,56.4905],[-154.1185,56.5302]]]},"properties":{"NA_L1CODE":"7","NA_L1NAME":"MARINE WEST COAST FOREST","NA_L1KEY":"7  MARINE WEST COAST FOREST","Shape_Leng":50030.7213395,"Shape_Area":172746448.629}},
{"type":"Feature","geometry":{"type":"Polygon","coordinates":[[[-154.0205,56.7079],[-154.0483,56.7284],[-154.1252,56.6958],[-154.0139,56.6859],[-154.0205,56.7079]]]},"properties":{"NA_L1CODE":"7","NA_L1NAME":"MARINE WEST COAST FOREST","NA_L1KEY":"7  MARINE WEST COAST FOREST","Shape_Leng":18873.1628634,"Shape_Area":20929524.0064}},
{"type":"Feature","geometry":{"type":"Polygon","coordinates":[[[-144.9096,60.5053],[-145.0512,60.4495],[-145.0262,60.431],[-144.9477,60.4463],[-144.9096,60.5053]]]},"properties":{"NA_L1CODE":"7","NA_L1NAME":"MARINE WEST COAST FOREST","NA_L1KEY":"7  MARINE WEST COAST FOREST","Shape_Leng":25340.2751807,"Shape_Area":26435121.2651}},
{"type":"Feature","geometry":{"type":"Polygon","coordinates":[[[-154.6479,56.5404],[-154.7113,56.5127],[-154.7879,56.4397],[-154.7688,56.4009],[-154.7289,56.3993],[-154.675,56.4415],[-154.5645,56.4924],[-154.493,56.5046],[-154.5303,56.5507],[-154.5243,56.6011],[-154.6479,56.5404]]]},"properties":{"NA_L1CODE":"7","NA_L1NAME":"MARINE WEST COAST FOREST","NA_L1KEY":"7  MARINE WEST COAST FOREST","Shape_Leng":89201.9562831,"Shape_Area":178458026.443}},
{"type":"Feature","geometry":{"type":"Polygon","coordinates":[[[-153.0252,57.1688],[-153.1367,57.1668],[-153.2185,57.2123],[-153.2674,57.2085],[-153.3302,57.1492],[-153.3862,57.1141],[-153.3176,57.0386],[-153.3485,57.0101],[-153.2944,56.9931],[-153.234,57.0046],[-153.1949,57.0452],[-153.2164,57.0609],[-153.1603,57.0997],[-152.9986,57.1227],[-152.907,57.1284],[-152.8762,57.1652],[-152.9477,57.1872],[-153.0252,57.1688]]]},"properties":{"NA_L1CODE":"7","NA_L1NAME":"MARINE WEST COAST FOREST","NA_L1KEY":"7  MARINE WEST COAST FOREST","Shape_Leng":100480.32475,"Shape_Area":325757422.829}},
{"type":"Feature","geometry":{"type":"Polygon","coordinates":[[[-151.7898,58.2175],[-151.7916,58.258],[-151.8708,58.2493],[-151.8913,58.1972],[-151.8648,58.1686],[-151.8027,58.1913],[-151.7898,58.2175]]]},"properties":{"NA_L1CODE":"7","NA_L1NAME":"MARINE WEST COAST FOREST","NA_L1KEY":"7  MARINE WEST COAST FOREST","Shape_Leng":28033.6512,"Shape_Area":48087433.2959}},
{"type":"Feature","geometry":{"type":"Polygon","coordinates":[[[-146.2096,60.5163],[-146.3113,60.4999],[-146.3072,60.4514],[-146.2181,60.4504],[-146.0793,60.4768],[-145.815,60.5537],[-145.7572,60.5821],[-145.7849,60.602],[-145.9614,60.5714],[-146.2096,60.5163]]]},"properties":{"NA_L1CODE":"7","NA_L1NAME":"MARINE WEST COAST FOREST","NA_L1KEY":"7  MARINE WEST COAST FOREST","Shape_Leng":74643.4175305,"Shape_Area":195776161.295}},
{"type":"Feature","geometry":{"type":"Polygon","coordinates":[[[-156.6828,56.0611],[-156.7504,56.0356],[-156.669,56.0127],[-156.6828,56.0611]]]},"properties":{"NA_L1CODE":"7","NA_L1NAME":"MARINE WEST COAST FOREST","NA_L1KEY":"7  MARINE WEST COAST FOREST","Shape_Leng":20797.4585133,"Shape_Area":18530617.2474}},
{"type":"Feature","geometry":{"type":"Polygon","coordinates":[[[-152.7445,57.9399],[-152.7211,57.9871],[-152.8335,57.9742],[-152.8497,57.9424],[-152.7862,57.9231],[-152.7445,57.9399]]]},"properties":{"NA_L1CODE":"7","NA_L1NAME":"MARINE WEST COAST FOREST","NA_L1KEY":"7  MARINE WEST COAST FOREST","Shape_Leng":24180.7495,"Shape_Area":37932515.6472}},
{"type":"Feature","geometry":{"type":"Polygon","coordinates":[[[-146.5203,60.4796],[-146.6121,60.4801],[-146.7234,60.3888],[-146.7142,60.3429],[-146.6466,60.3273],[-146.6103,60.3465],[-146.5322,60.3306],[-146.6526,60.2944],[-146.693,60.2722],[-146.6413,60.2316],[-146.6017,60.2342],[-146.4171,60.3148],[-146.2915,60.3471],[-146.0851,60.3864],[-146.1215,60.4311],[-146.3259,60.4038],[-146.3587,60.4067],[-146.3519,60.474],[-146.399,60.4796],[-146.4686,60.4531],[-146.5203,60.4796]]]},"properties":{"NA_L1CODE":"7","NA_L1NAME":"MARINE WEST COAST FOREST","NA_L1KEY":"7  MARINE WEST COAST FOREST","Shape_Leng":131053.973488,"Shape_Area":466530035.571}},
{"type":"Feature","geometry":{"type":"Polygon","coordinates":[[[-147.8624,59.9935],[-147.8139,60.0444],[-147.8842,60.0628],[-148.0218,59.9763],[-148.0265,59.9391],[-147.8624,59.9935]]]},"properties":{"NA_L1CODE":"7","NA_L1NAME":"MARINE WEST COAST FOREST","NA_L1KEY":"7  MARINE WEST COAST FOREST","Shape_Leng":42150.2987608,"Shape_Area":80414957.4189}},
{"type":"Feature","geometry":{"type":"Polygon","coordinates":[[[-147.9873,60.0274],[-148.01,60.0342],[-148.1096,59.9693],[-148.0726,59.9616],[-147.9873,60.0274]]]},"properties":{"NA_L1CODE":"7","NA_L1NAME":"MARINE WEST COAST FOREST","NA_L1KEY":"7  MARINE WEST COAST FOREST","Shape_Leng":39396.64574,"Shape_Area":36041395.7212}},
{"type":"Feature","geometry":{"type":"Polygon","coordinates":[[[-147.0837,60.3737],[-147.1432,60.3703],[-147.2038,60.3447],[-147.1687,60.3066],[-147.2082,60.2922],[-147.1933,60.2408],[-147.3076,60.1893],[-147.4359,60.09],[-147.5428,60.0533],[-147.648,60.0038],[-147.7996,59.9203],[-147.892,59.8523],[-147.9201,59.7881],[-147.8701,59.7681],[-147.6094,59.8549],[-147.5331,59.8442],[-147.4343,59.8736],[-147.4439,59.9047],[-147.4932,59.9392],[-147.4314,59.9638],[-147.3756,60.0042],[-147.3322,60.0572],[-147.1879,60.1536],[-147.0519,60.205],[-146.9564,60.2497],[-146.9091,60.2913],[-147.0155,60.2882],[-147.0837,60.3737]]]},"properties":{"NA_L1CODE":"7","NA_L1NAME":"MARINE WEST COAST FOREST","NA_L1KEY":"7  MARINE WEST COAST FOREST","Shape_Leng":212136.910117,"Shape_Area":825989069.776}},
{"type":"Feature","geometry":{"type":"Polygon","coordinates":[[[-147.4267,60.2715],[-147.4903,60.2527],[-147.4739,60.2245],[-147.3403,60.2709],[-147.3559,60.3006],[-147.4267,60.2715]]]},"properties":{"NA_L1CODE":"7","NA_L1NAME":"MARINE WEST COAST FOREST","NA_L1KEY":"7  MARINE WEST COAST FOREST","Shape_Leng":26800.5569485,"Shape_Area":29911618.7066}},
{"type":"Feature","geometry":{"type":"Polygon","coordinates":[[[-147.8827,60.1003],[-147.9053,60.13],[-147.9847,60.1338],[-148.101,60.0578],[-148.0871,60.0121],[-147.8827,60.1003]]]},"properties":{"NA_L1CODE":"7","NA_L1NAME":"MARINE WEST COAST FOREST","NA_L1KEY":"7  MARINE WEST COAST FOREST","Shape_Leng":40540.0248555,"Shape_Area":82420577.736}},
{"type":"Feature","geometry":{"type":"Polygon","coordinates":[[[-159.2163,54.894],[-159.2112,54.934],[-159.3068,54.927],[-159.3218,54.8885],[-159.2556,54.8718],[-159.2163,54.894]]]},"properties":{"NA_L1CODE":"7","NA_L1NAME":"MARINE WEST COAST FOREST","NA_L1KEY":"7  MARINE WEST COAST FOREST","Shape_Leng":24752.8712397,"Shape_Area":42114168.3778}},
{"type":"Feature","geometry":{"type":"Polygon","coordinates":[[[-159.5077,54.7773],[-159.5634,54.8243],[-159.5787,54.7784],[-159.5077,54.7773]]]},"properties":{"NA_L1CODE":"7","NA_L1NAME":"MARINE WEST COAST FOREST","NA_L1KEY":"7  MARINE WEST COAST FOREST","Shape_Leng":22774.699452,"Shape_Area":29527360.1289}},
{"type":"Feature","geometry":{"type":"Polygon","coordinates":[[[-148.0638,60.151],[-148.1299,60.1519],[-148.2815,60.0841],[-148.3132,60.0273],[-148.2713,60.0119],[-148.1921,60.0178],[-148.1416,60.0388],[-148.0805,60.1042],[-148.0638,60.151]]]},"properties":{"NA_L1CODE":"7","NA_L1NAME":"MARINE WEST COAST FOREST","NA_L1KEY":"7  MARINE WEST COAST FOREST","Shape_Leng":55154.6352573,"Shape_Area":120927670.263}},
{"type":"Feature","geometry":{"type":"Polygon","coordinates":[[[-153.2009,57.8194],[-153.2568,57.8894],[-153.352,57.933],[-153.4649,57.9723],[-153.5131,57.9641],[-153.5262,57.9243],[-153.4516,57.8816],[-153.3211,57.8282],[-153.2088,57.8026],[-153.2009,57.8194]]]},"properties":{"NA_L1CODE":"7","NA_L1NAME":"MARINE WEST COAST FOREST","NA_L1KEY":"7  MARINE WEST COAST FOREST","Shape_Leng":57556.6745259,"Shape_Area":161538150.612}},
{"type":"Feature","geometry":{"type":"Polygon","coordinates":[[[-154.6126,57.5174],[-154.7207,57.4255],[-154.6987,57.3918],[-154.7616,57.3572],[-154.7509,57.2982],[-154.6177,57.27],[-154.5852,57.249],[-154.5323,57.1811],[-154.5176,57.0424],[-154.529,56.9991],[-154.4046,56.9675],[-154.3128,56.9186],[-154.2963,56.8421],[-154.231,56.8679],[-154.1411,56.967],[-154.1513,57.0106],[-154.1041,57.0894],[-154.1212,57.1281],[-154.2819,57.1166],[-154.3217,57.1024],[-154.3888,57.05],[-154.4721,57.0676],[-154.4926,57.0939],[-154.4636,57.1284],[-154.3627,57.1452],[-154.2415,57.1527],[-154.1545,57.1472],[-154.0054,57.1179],[-154.087,57.0783],[-154.1262,57.0039],[-154.0958,56.9679],[-154.0508,56.984],[-153.9737,57.0653],[-153.8016,57.1592],[-153.7645,57.1358],[-153.9175,57.0621],[-153.9601,57.0003],[-153.9691,56.9634],[-153.9257,56.9551],[-153.857,56.9763],[-153.8323,56.962],[-153.8717,56.9268],[-153.9571,56.9082],[-154.0675,56.8446],[-154.1291,56.7744],[-154.1341,56.7423],[-153.9759,56.7416],[-153.9008,56.7655],[-153.8002,56.8464],[-153.7011,56.8507],[-153.7273,56.8761],[-153.6921,56.9343],[-153.5939,56.9365],[-153.5481,56.9743],[-153.5423,57.0017],[-153.6145,57.0522],[-153.6961,57.056],[-153.6694,57.0846],[-153.5785,57.0932],[-153.5021,57.0669],[-153.4871,57.0983],[-153.5399,57.1766],[-153.4752,57.1786],[-153.4736,57.1317],[-153.4267,57.1259],[-153.3532,57.1945],[-153.2559,57.227],[-153.0688,57.213],[-152.9374,57.2565],[-153.0126,57.3009],[-153.089,57.2863],[-153.1521,57.2987],[-153.1567,57.3249],[-152.9975,57.3405],[-152.8941,57.3287],[-152.882,57.2902],[-152.8171,57.2675],[-152.7824,57.2855],[-152.7071,57.2875],[-152.6325,57.3233],[-152.6023,57.3831],[-152.6288,57.4069],[-152.7632,57.4595],[-152.8154,57.4722],[-152.8984,57.468],[-152.9206,57.5019],[-152.8764,57.5128],[-152.7455,57.5059],[-152.6854,57.4688],[-152.5207,57.4363],[-152.4932,57.4619],[-152.3457,57.4238],[-152.2942,57.5166],[-152.1542,57.5886],[-152.1569,57.6248],[-152.3196,57.6338],[-152.4116,57.6045],[-152.4407,57.619],[-152.4106,57.6732],[-152.4709,57.6844],[-152.4927,57.7276],[-152.4715,57.7623],[-152.3581,57.7998],[-152.3524,57.8411],[-152.4294,57.8244],[-152.4923,57.9089],[-152.3637,57.8871],[-152.3226,57.9162],[-152.4239,57.9611],[-152.7549,57.8326],[-152.7851,57.861],[-152.8445,57.8311],[-152.8531,57.769],[-152.9142,57.7747],[-152.8964,57.8383],[-152.8551,57.8814],[-152.7984,57.9025],[-152.8397,57.9262],[-152.938,57.9495],[-153.0746,57.94],[-153.2503,57.9963],[-153.2675,57.9568],[-153.1951,57.9306],[-153.1788,57.8827],[-153.2054,57.857],[-153.1835,57.8024],[-153.2053,57.792],[-153.3476,57.8107],[-153.448,57.8432],[-153.4846,57.8289],[-153.4606,57.7951],[-153.3317,57.7499],[-153.3099,57.722],[-153.3491,57.7031],[-153.4054,57.7634],[-153.4942,57.7758],[-153.5064,57.7368],[-153.4662,57.6988],[-153.5234,57.6562],[-153.5558,57.7304],[-153.5461,57.7711],[-153.5759,57.8351],[-153.6259,57.8836],[-153.7159,57.8878],[-153.8255,57.8656],[-153.9318,57.8113],[-153.9289,57.7274],[-153.9041,57.7016],[-153.805,57.6977],[-153.6735,57.6683],[-153.665,57.6399],[-153.8578,57.6515],[-153.878,57.633],[-153.8258,57.5697],[-153.8668,57.5523],[-153.885,57.4926],[-153.875,57.4494],[-153.78,57.3836],[-153.8118,57.3679],[-153.8907,57.4191],[-153.9293,57.5332],[-153.9755,57.5606],[-153.9874,57.6289],[-154.0368,57.6524],[-154.2381,57.6621],[-154.3876,57.6162],[-154.4077,57.5974],[-154.5455,57.5313],[-154.6126,57.5174]]]},"properties":{"NA_L1CODE":"7","NA_L1NAME":"MARINE WEST COAST FOREST","NA_L1KEY":"7  MARINE WEST COAST FOREST","Shape_Leng":1222820.98518,"Shape_Area":9670639387.12}},
{"type":"Feature","geometry":{"type":"Polygon","coordinates":[[[-159.6957,54.8386],[-159.7338,54.8478],[-159.8179,54.8224],[-159.7814,54.8024],[-159.6957,54.8386]]]},"properties":{"NA_L1CODE":"7","NA_L1NAME":"MARINE WEST COAST FOREST","NA_L1KEY":"7  MARINE WEST COAST FOREST","Shape_Leng":18695.7401356,"Shape_Area":20615468.8681}},
{"type":"Feature","geometry":{"type":"Polygon","coordinates":[[[-152.9001,58.0004],[-153.0388,58.0346],[-153.1234,58.0922],[-153.2004,58.1002],[-153.2635,58.1414],[-153.3254,58.1351],[-153.4218,58.0598],[-153.3707,58.0394],[-153.3054,58.0485],[-153.2245,58.0429],[-153.0621,57.9918],[-152.9417,57.9811],[-152.9001,58.0004]]]},"properties":{"NA_L1CODE":"7","NA_L1NAME":"MARINE WEST COAST FOREST","NA_L1KEY":"7  MARINE WEST COAST FOREST","Shape_Leng":75735.4002469,"Shape_Area":202025568.295}},
{"type":"Feature","geometry":{"type":"Polygon","coordinates":[[[-159.3762,55.0654],[-159.4286,55.059],[-159.4006,54.9837],[-159.3299,54.9805],[-159.3379,55.0459],[-159.3762,55.0654]]]},"properties":{"NA_L1CODE":"7","NA_L1NAME":"MARINE WEST COAST FOREST","NA_L1KEY":"7  MARINE WEST COAST FOREST","Shape_Leng":44195.6975016,"Shape_Area":69386907.2923}},
{"type":"Feature","geometry":{"type":"Polygon","coordinates":[[[-152.7845,58.2911],[-152.7984,58.3124],[-152.8956,58.3451],[-152.9169,58.31],[-152.7845,58.2911]]]},"properties":{"NA_L1CODE":"7","NA_L1NAME":"MARINE WEST COAST FOREST","NA_L1KEY":"7  MARINE WEST COAST FOREST","Shape_Leng":24416.1753095,"Shape_Area":28732721.9785}},
{"type":"Feature","geometry":{"type":"Polygon","coordinates":[[[-152.8354,58.2823],[-152.8947,58.2728],[-153.0452,58.3067],[-153.1005,58.2659],[-153.0737,58.2389],[-153.0076,58.222],[-153.0022,58.1898],[-153.1769,58.216],[-153.2103,58.2041],[-153.2236,58.1598],[-153.1542,58.1065],[-153.0699,58.1021],[-153.0236,58.0494],[-152.8607,57.9965],[-152.7784,57.9963],[-152.7035,58.0543],[-152.6307,58.0854],[-152.5954,58.1867],[-152.5218,58.1152],[-152.4409,58.1386],[-152.3501,58.1225],[-152.2633,58.1354],[-152.3274,58.1689],[-152.321,58.2454],[-152.2487,58.2477],[-152.2076,58.215],[-152.1963,58.1765],[-152.1108,58.15],[-152.0741,58.1586],[-151.9715,58.2301],[-151.9707,58.3251],[-151.9902,58.3519],[-152.0772,58.3112],[-152.141,58.2977],[-152.0861,58.3755],[-152.1263,58.3944],[-152.2095,58.353],[-152.2982,58.4296],[-152.3864,58.3625],[-152.396,58.3154],[-152.4908,58.3419],[-152.5358,58.4614],[-152.6451,58.4784],[-152.67,58.4344],[-152.8167,58.4079],[-152.7559,58.3541],[-152.7659,58.2881],[-152.8354,58.2823]]]},"properties":{"NA_L1CODE":"7","NA_L1NAME":"MARINE WEST COAST FOREST","NA_L1KEY":"7  MARINE WEST COAST FOREST","Shape_Leng":335474.588606,"Shape_Area":1832076506.57}},
{"type":"Feature","geometry":{"type":"Polygon","coordinates":[[[-150.3299,59.4618],[-150.4129,59.4468],[-150.3815,59.4199],[-150.3299,59.4618]]]},"properties":{"NA_L1CODE":"7","NA_L1NAME":"MARINE WEST COAST FOREST","NA_L1KEY":"7  MARINE WEST COAST FOREST","Shape_Leng":31383.8470601,"Shape_Area":28718612.2624}},
{"type":"Feature","geometry":{"type":"Polygon","coordinates":[[[-147.9831,60.3534],[-147.9992,60.3868],[-148.0687,60.3653],[-148.1456,60.3229],[-148.1427,60.2964],[-148.093,60.2796],[-148.013,60.2795],[-147.9831,60.3534]]]},"properties":{"NA_L1CODE":"7","NA_L1NAME":"MARINE WEST COAST FOREST","NA_L1KEY":"7  MARINE WEST COAST FOREST","Shape_Leng":34412.3599259,"Shape_Area":73341241.7972}},
{"type":"Feature","geometry":{"type":"Polygon","coordinates":[[[-147.6208,60.4785],[-147.6657,60.479],[-147.7114,60.433],[-147.766,60.4296],[-147.7874,60.47],[-147.8639,60.3611],[-147.9042,60.2308],[-147.754,60.1553],[-147.691,60.2384],[-147.7411,60.2518],[-147.6556,60.3152],[-147.611,60.373],[-147.5994,60.4292],[-147.6208,60.4785]]]},"properties":{"NA_L1CODE":"7","NA_L1NAME":"MARINE WEST COAST FOREST","NA_L1KEY":"7  MARINE WEST COAST FOREST","Shape_Leng":125749.819467,"Shape_Area":340879702.997}},
{"type":"Feature","geometry":{"type":"Polygon","coordinates":[[[-150.6221,59.4046],[-150.6847,59.4157],[-150.7,59.3807],[-150.7474,59.3524],[-150.7713,59.3124],[-150.719,59.294],[-150.6195,59.3552],[-150.6221,59.4046]]]},"properties":{"NA_L1CODE":"7","NA_L1NAME":"MARINE WEST COAST FOREST","NA_L1KEY":"7  MARINE WEST COAST FOREST","Shape_Leng":36087.479224,"Shape_Area":69501442.9249}},
{"type":"Feature","geometry":{"type":"Polygon","coordinates":[[[-152.5662,58.6235],[-152.6585,58.5732],[-152.6663,58.5435],[-152.6367,58.5032],[-152.5364,58.4761],[-152.481,58.4721],[-152.363,58.534],[-152.3301,58.632],[-152.3757,58.6324],[-152.5156,58.5928],[-152.5662,58.6235]]]},"properties":{"NA_L1CODE":"7","NA_L1NAME":"MARINE WEST COAST FOREST","NA_L1KEY":"7  MARINE WEST COAST FOREST","Shape_Leng":63617.3697754,"Shape_Area":225768831.241}},
{"type":"Feature","geometry":{"type":"Polygon","coordinates":[[[-147.3666,60.6534],[-147.3977,60.688],[-147.4779,60.6852],[-147.4689,60.629],[-147.3358,60.6308],[-147.3666,60.6534]]]},"properties":{"NA_L1CODE":"7","NA_L1NAME":"MARINE WEST COAST FOREST","NA_L1KEY":"7  MARINE WEST COAST FOREST","Shape_Leng":34054.1323172,"Shape_Area":52996446.5278}},
{"type":"Feature","geometry":{"type":"Polygon","coordinates":[[[-159.5071,55.2371],[-159.5771,55.2216],[-159.5681,55.1675],[-159.586,55.1291],[-159.6307,55.115],[-159.6331,55.0429],[-159.5265,55.0555],[-159.5234,55.1208],[-159.4978,55.1416],[-159.5071,55.2371]]]},"properties":{"NA_L1CODE":"7","NA_L1NAME":"MARINE WEST COAST FOREST","NA_L1KEY":"7  MARINE WEST COAST FOREST","Shape_Leng":62843.4940466,"Shape_Area":123378596.08}},
{"type":"Feature","geometry":{"type":"Polygon","coordinates":[[[-147.0722,60.8828],[-147.1225,60.9147],[-147.2067,60.9098],[-147.2997,60.8732],[-147.1406,60.8548],[-147.0722,60.8828]]]},"properties":{"NA_L1CODE":"7","NA_L1NAME":"MARINE WEST COAST FOREST","NA_L1KEY":"7  MARINE WEST COAST FOREST","Shape_Leng":31734.1034751,"Shape_Area":55441476.2835}},
{"type":"Feature","geometry":{"type":"Polygon","coordinates":[[[-157.1668,56.5842],[-157.2643,56.5813],[-157.3206,56.5439],[-157.2992,56.5312],[-157.16,56.5319],[-157.1161,56.5534],[-156.9749,56.5441],[-157.0901,56.5843],[-157.1668,56.5842]]]},"properties":{"NA_L1CODE":"7","NA_L1NAME":"MARINE WEST COAST FOREST","NA_L1KEY":"7  MARINE WEST COAST FOREST","Shape_Leng":50229.0673712,"Shape_Area":82840774.6953}},
{"type":"Feature","geometry":{"type":"Polygon","coordinates":[[[-152.2977,58.9499],[-152.3354,58.9067],[-152.238,58.9169],[-152.2178,58.9416],[-152.2977,58.9499]]]},"properties":{"NA_L1CODE":"7","NA_L1NAME":"MARINE WEST COAST FOREST","NA_L1KEY":"7  MARINE WEST COAST FOREST","Shape_Leng":20824.025927,"Shape_Area":22359315.3601}},
{"type":"Feature","geometry":{"type":"Polygon","coordinates":[[[-147.8442,60.6815],[-147.8949,60.7348],[-147.9501,60.75],[-148.0003,60.7133],[-147.9269,60.6571],[-147.8442,60.6815]]]},"properties":{"NA_L1CODE":"7","NA_L1NAME":"MARINE WEST COAST FOREST","NA_L1KEY":"7  MARINE WEST COAST FOREST","Shape_Leng":28817.713749,"Shape_Area":54395356.5984}},
{"type":"Feature","geometry":{"type":"Polygon","coordinates":[[[-157.7933,56.3268],[-157.832,56.3729],[-157.9041,56.3494],[-157.8276,56.3101],[-157.7933,56.3268]]]},"properties":{"NA_L1CODE":"7","NA_L1NAME":"MARINE WEST COAST FOREST","NA_L1KEY":"7  MARINE WEST COAST FOREST","Shape_Leng":21892.9809148,"Shape_Area":27127359.5923}},
{"type":"Feature","geometry":{"type":"Polygon","coordinates":[[[-159.9717,55.1805],[-160.022,55.2057],[-160.0593,55.2027],[-159.9981,55.1354],[-160.0445,55.1169],[-160.0792,55.1507],[-160.1735,55.125],[-160.1703,55.0546],[-160.0818,55.0396],[-160.2462,54.9308],[-160.2158,54.8692],[-160.1092,54.988],[-160.0529,55.0072],[-159.9887,55.0477],[-160.002,55.0699],[-159.937,55.1278],[-159.8657,55.0961],[-159.8215,55.1452],[-159.8875,55.2129],[-159.8436,55.2488],[-159.885,55.292],[-159.9234,55.2577],[-159.9215,55.23],[-159.9717,55.1805]]]},"properties":{"NA_L1CODE":"7","NA_L1NAME":"MARINE WEST COAST FOREST","NA_L1KEY":"7  MARINE WEST COAST FOREST","Shape_Leng":184942.178132,"Shape_Area":313710652.816}},
{"type":"Feature","geometry":{"type":"Polygon","coordinates":[[[-158.7875,55.8903],[-158.792,55.8482],[-158.7233,55.8316],[-158.7026,55.8492],[-158.7875,55.8903]]]},"properties":{"NA_L1CODE":"7","NA_L1NAME":"MARINE WEST COAST FOREST","NA_L1KEY":"7  MARINE WEST COAST FOREST","Shape_Leng":43797.8519642,"Shape_Area":49903609.6204}},
{"type":"Feature","geometry":{"type":"Polygon","coordinates":[[[-148.111,60.6459],[-148.0834,60.6727],[-148.1102,60.7456],[-148.2108,60.753],[-148.2385,60.7191],[-148.1646,60.6313],[-148.111,60.6459]]]},"properties":{"NA_L1CODE":"7","NA_L1NAME":"MARINE WEST COAST FOREST","NA_L1KEY":"7  MARINE WEST COAST FOREST","Shape_Leng":37072.092897,"Shape_Area":85607455.1294}},
{"type":"Feature","geometry":{"type":"Polygon","coordinates":[[[-159.0922,55.8618],[-159.1443,55.8785],[-159.1687,55.8526],[-159.1357,55.8301],[-159.0922,55.8618]]]},"properties":{"NA_L1CODE":"7","NA_L1NAME":"MARINE WEST COAST FOREST","NA_L1KEY":"7  MARINE WEST COAST FOREST","Shape_Leng":16903.8123523,"Shape_Area":20167484.0758}},
{"type":"Feature","geometry":{"type":"Polygon","coordinates":[[[-159.3055,55.8206],[-159.3549,55.8082],[-159.3807,55.7507],[-159.2779,55.7653],[-159.3055,55.8206]]]},"properties":{"NA_L1CODE":"7","NA_L1NAME":"MARINE WEST COAST FOREST","NA_L1KEY":"7  MARINE WEST COAST FOREST","Shape_Leng":30533.1365107,"Shape_Area":42579875.842}},
{"type":"Feature","geometry":{"type":"Polygon","coordinates":[[[-160.2626,55.4668],[-160.3451,55.4258],[-160.3178,55.3952],[-160.2531,55.4168],[-160.162,55.3993],[-160.149,55.4379],[-160.2626,55.4668]]]},"properties":{"NA_L1CODE":"7","NA_L1NAME":"MARINE WEST COAST FOREST","NA_L1KEY":"7  MARINE WEST COAST FOREST","Shape_Leng":39496.0916308,"Shape_Area":67282069.3136}},
{"type":"Feature","geometry":{"type":"Polygon","coordinates":[[[-160.3099,55.3038],[-160.3228,55.3564],[-160.3545,55.3646],[-160.4887,55.3585],[-160.5237,55.3222],[-160.4654,55.292],[-160.3903,55.2888],[-160.3362,55.2464],[-160.3099,55.3038]]]},"properties":{"NA_L1CODE":"7","NA_L1NAME":"MARINE WEST COAST FOREST","NA_L1KEY":"7  MARINE WEST COAST FOREST","Shape_Leng":44673.6991289,"Shape_Area":101297413.509}},
{"type":"Feature","geometry":{"type":"Polygon","coordinates":[[[-160.646,55.3594],[-160.6654,55.399],[-160.7327,55.4084],[-160.7982,55.3823],[-160.8551,55.3188],[-160.8369,55.2585],[-160.8393,55.2053],[-160.8063,55.1713],[-160.7334,55.2006],[-160.6867,55.2002],[-160.6695,55.1703],[-160.6138,55.1511],[-160.5418,55.1606],[-160.4826,55.1833],[-160.4923,55.2239],[-160.5456,55.2357],[-160.5766,55.2984],[-160.5648,55.3338],[-160.5294,55.3453],[-160.5211,55.3801],[-160.5734,55.3896],[-160.6128,55.3535],[-160.646,55.3594]]]},"properties":{"NA_L1CODE":"7","NA_L1NAME":"MARINE WEST COAST FOREST","NA_L1KEY":"7  MARINE WEST COAST FOREST","Shape_Leng":122378.026392,"Shape_Area":438809456.791}},
{"type":"Feature","geometry":{"type":"Polygon","coordinates":[[[-161.347,55.2251],[-161.3996,55.2246],[-161.4382,55.2],[-161.3427,55.1615],[-161.3257,55.1895],[-161.347,55.2251]]]},"properties":{"NA_L1CODE":"7","NA_L1NAME":"MARINE WEST COAST FOREST","NA_L1KEY":"7  MARINE WEST COAST FOREST","Shape_Leng":24620.2718726,"Shape_Area":34501006.0971}},
{"type":"Feature","geometry":{"type":"Polygon","coordinates":[[[-162.5436,54.4172],[-162.6008,54.4479],[-162.7936,54.495],[-162.8322,54.4534],[-162.7618,54.4147],[-162.6123,54.3736],[-162.5342,54.3865],[-162.5436,54.4172]]]},"properties":{"NA_L1CODE":"7","NA_L1NAME":"MARINE WEST COAST FOREST","NA_L1KEY":"7  MARINE WEST COAST FOREST","Shape_Leng":51567.9637998,"Shape_Area":142451105.157}},
{"type":"Feature","geometry":{"type":"Polygon","coordinates":[[[-161.5652,55.253],[-161.6817,55.2361],[-161.6873,55.2015],[-161.6282,55.1943],[-161.5443,55.2414],[-161.5652,55.253]]]},"properties":{"NA_L1CODE":"7","NA_L1NAME":"MARINE WEST COAST FOREST","NA_L1KEY":"7  MARINE WEST COAST FOREST","Shape_Leng":26631.482311,"Shape_Area":42272274.4361}},
{"type":"Feature","geometry":{"type":"Polygon","coordinates":[[[-161.7719,55.1692],[-161.8219,55.1817],[-161.8793,55.1609],[-161.8711,55.1283],[-161.7574,55.1215],[-161.7935,55.0838],[-161.7382,55.0557],[-161.6597,55.1021],[-161.6701,55.1305],[-161.7719,55.1692]]]},"properties":{"NA_L1CODE":"7","NA_L1NAME":"MARINE WEST COAST FOREST","NA_L1KEY":"7  MARINE WEST COAST FOREST","Shape_Leng":52122.3568286,"Shape_Area":87096964.2792}},
{"type":"Feature","geometry":{"type":"Polygon","coordinates":[[[-162.2297,54.8883],[-162.227,54.9503],[-162.2461,54.978],[-162.3209,54.9889],[-162.4324,54.9326],[-162.382,54.8673],[-162.314,54.8336],[-162.2725,54.8478],[-162.2297,54.8883]]]},"properties":{"NA_L1CODE":"7","NA_L1NAME":"MARINE WEST COAST FOREST","NA_L1KEY":"7  MARINE WEST COAST FOREST","Shape_Leng":48007.0507342,"Shape_Area":156465219.907}},
{"type":"Feature","geometry":{"type":"Polygon","coordinates":[[[-151.8358,60.4907],[-151.9314,60.5182],[-151.9783,60.495],[-151.9669,60.4411],[-151.8918,60.4525],[-151.8358,60.4907]]]},"properties":{"NA_L1CODE":"7","NA_L1NAME":"MARINE WEST COAST FOREST","NA_L1KEY":"7  MARINE WEST COAST FOREST","Shape_Leng":55633.1830573,"Shape_Area":64545511.1407}},
{"type":"Feature","geometry":{"type":"Polygon","coordinates":[[[-154.8023,59.4223],[-154.8462,59.3749],[-154.9016,59.3429],[-154.9204,59.3103],[-154.8848,59.2651],[-154.8674,59.2083],[-155.1236,59.1516],[-155.3619,59.1323],[-155.5569,59.0836],[-155.5923,59.0367],[-155.514,59.01],[-155.3405,58.9706],[-155.3302,58.9029],[-155.4165,58.8319],[-155.4773,58.7625],[-155.1762,58.694],[-155.0348,58.676],[-154.9041,58.6836],[-154.7624,58.6627],[-154.7734,58.5203],[-154.9013,58.5025],[-155.0364,58.4946],[-155.0823,58.4262],[-155.1993,58.4298],[-155.3309,58.498],[-155.3925,58.5468],[-155.4956,58.5536],[-155.5441,58.5217],[-155.5821,58.4667],[-155.8745,58.44],[-156.0028,58.3842],[-156.0505,58.331],[-156.018,58.2805],[-155.7428,58.2459],[-155.6515,58.1992],[-155.6698,58.148],[-155.9712,58.0861],[-156.0313,57.982],[-155.974,57.9306],[-155.8328,57.9453],[-155.6901,57.9757],[-155.5266,58.0256],[-155.4503,58.0199],[-155.454,57.9697],[-155.5849,57.843],[-155.7243,57.7787],[-155.9364,57.7093],[-156.1909,57.6339],[-156.3177,57.6461],[-156.513,57.5953],[-156.6484,57.5828],[-156.8229,57.5118],[-156.9706,57.4161],[-157.1236,57.2881],[-157.3401,57.1812],[-157.696,57.0702],[-157.9247,57.0324],[-158.0846,57.0107],[-158.3486,56.9134],[-158.4007,56.8107],[-158.3454,56.6248],[-158.6349,56.6064],[-158.8371,56.5875],[-158.9004,56.5577],[-158.886,56.5113],[-158.7705,56.3868],[-158.8988,56.3348],[-159.0117,56.3426],[-159.4413,56.3323],[-159.5531,56.3211],[-159.6718,56.1414],[-159.7816,56.1115],[-160.1106,56.0929],[-160.1803,56.0588],[-160.3738,55.9819],[-160.4718,55.927],[-160.2831,55.8589],[-160.3106,55.8198],[-160.2592,55.7807],[-160.2948,55.771],[-160.4554,55.7917],[-160.4629,55.8413],[-160.4987,55.8717],[-160.6552,55.8632],[-160.7203,55.8712],[-160.7626,55.8577],[-160.7542,55.7868],[-160.686,55.7691],[-160.6648,55.7294],[-160.794,55.7325],[-160.9424,55.8223],[-160.9557,55.8431],[-161.1947,55.7927],[-161.3955,55.7426],[-161.5026,55.6939],[-161.621,55.6994],[-161.7736,55.7371],[-161.8619,55.7236],[-161.8913,55.6717],[-161.9069,55.5518],[-162.0473,55.5101],[-162.2436,55.4424],[-162.3728,55.3023],[-162.4919,55.2034],[-162.4577,55.1259],[-162.5264,55.1056],[-162.4756,55.0579],[-162.4169,55.039],[-162.3613,55.0443],[-162.2209,55.031],[-162.1903,55.0663],[-162.222,55.1035],[-162.1785,55.1533],[-162.1135,55.1518],[-162.1265,55.1067],[-162.0478,55.0804],[-161.9587,55.1088],[-161.9662,55.1647],[-162.0372,55.2249],[-161.8744,55.2285],[-161.8103,55.3084],[-161.6872,55.4074],[-161.7098,55.5058],[-161.6107,55.6101],[-161.5129,55.6346],[-161.3842,55.6304],[-161.1904,55.5426],[-161.3072,55.5425],[-161.3545,55.5871],[-161.4711,55.4868],[-161.484,55.4198],[-161.5128,55.3859],[-161.462,55.36],[-161.3425,55.3867],[-161.2802,55.3567],[-161.2349,55.3587],[-161.1068,55.3993],[-160.9907,55.4486],[-160.9472,55.5071],[-160.8936,55.5286],[-160.825,55.5163],[-160.8355,55.4778],[-160.7629,55.4555],[-160.6514,55.4718],[-160.6575,55.5211],[-160.7632,55.5316],[-160.7591,55.5535],[-160.6127,55.5801],[-160.5845,55.5738],[-160.5303,55.4787],[-160.4691,55.4962],[-160.4323,55.5764],[-160.3564,55.6089],[-160.4292,55.643],[-160.4051,55.6661],[-160.311,55.6435],[-160.1336,55.6661],[-160.0523,55.7009],[-160.0106,55.7381],[-160.0486,55.7714],[-160.0288,55.7927],[-159.9693,55.7783],[-159.8524,55.8164],[-159.8587,55.8458],[-159.8129,55.8588],[-159.7207,55.8495],[-159.632,55.8286],[-159.614,55.8119],[-159.6505,55.7724],[-159.691,55.6704],[-159.6159,55.6465],[-159.6408,55.6179],[-159.727,55.6163],[-159.7317,55.5727],[-159.6369,55.5835],[-159.5803,55.6426],[-159.5477,55.6444],[-159.5328,55.6929],[-159.49,55.7662],[-159.5239,55.8912],[-159.4614,55.9027],[-159.4597,55.8344],[-159.4043,55.8008],[-159.3979,55.8566],[-159.3678,55.8747],[-159.0754,55.9277],[-159.0366,55.906],[-158.9834,55.934],[-158.9218,55.9327],[-158.8437,56.0146],[-158.7273,56.013],[-158.7323,55.9575],[-158.6524,55.9604],[-158.6358,56.0199],[-158.6815,56.108],[-158.5303,56.1602],[-158.5952,56.0954],[-158.5869,56.0387],[-158.5019,55.9815],[-158.4107,56.0055],[-158.392,56.0695],[-158.4175,56.1207],[-158.4027,56.1608],[-158.3431,56.1545],[-158.3211,56.1851],[-158.3308,56.2308],[-158.218,56.2668],[-158.2013,56.2928],[-158.3169,56.322],[-158.4334,56.343],[-158.5085,56.3253],[-158.5643,56.2869],[-158.5661,56.249],[-158.6678,56.27],[-158.5857,56.3231],[-158.5338,56.3433],[-158.4085,56.4471],[-158.3299,56.4806],[-158.2181,56.4603],[-158.1293,56.4584],[-158.1068,56.4845],[-158.1304,56.5193],[-157.8878,56.4744],[-157.8235,56.5048],[-157.8256,56.5627],[-157.9073,56.5764],[-158.1193,56.5279],[-158.1008,56.5648],[-157.9255,56.6435],[-157.8017,56.6763],[-157.7381,56.6774],[-157.6746,56.6096],[-157.4998,56.6176],[-157.4454,56.641],[-157.4737,56.6638],[-157.5468,56.6807],[-157.5589,56.7129],[-157.5109,56.7663],[-157.413,56.7687],[-157.4225,56.8045],[-157.4657,56.8417],[-157.3795,56.8634],[-157.2579,56.7954],[-157.1933,56.7694],[-157.1571,56.7772],[-157.1262,56.8466],[-157.0696,56.8392],[-157.0303,56.8858],[-156.9297,56.9644],[-156.8823,56.9643],[-156.8352,56.9027],[-156.7942,56.9102],[-156.7672,57.0484],[-156.7244,57.0436],[-156.6885,57.011],[-156.556,56.98],[-156.5824,57.0468],[-156.5279,57.0497],[-156.4552,57.0837],[-156.3402,57.1763],[-156.3854,57.1975],[-156.4119,57.2395],[-156.3518,57.2502],[-156.328,57.2907],[-156.3502,57.3172],[-156.4052,57.3158],[-156.5409,57.2819],[-156.5462,57.3255],[-156.4854,57.3393],[-156.2596,57.4365],[-156.181,57.4812],[-156.0802,57.4424],[-156.0243,57.4394],[-156.0412,57.524],[-156.0315,57.5716],[-155.9147,57.5343],[-155.8772,57.5451],[-155.7309,57.5453],[-155.7284,57.6123],[-155.7582,57.64],[-155.5975,57.6616],[-155.5793,57.6778],[-155.6333,57.7085],[-155.6161,57.7722],[-155.5393,57.7852],[-155.3758,57.7124],[-155.3017,57.7277],[-155.2901,57.7549],[-155.3327,57.7865],[-155.3373,57.8245],[-155.216,57.8421],[-155.0884,57.8738],[-155.0616,57.9045],[-155.115,57.9433],[-155.028,58.0238],[-154.8736,58.0271],[-154.7895,58.0001],[-154.7311,58.026],[-154.7202,58.053],[-154.6462,58.0603],[-154.6364,58.0306],[-154.5823,58.0224],[-154.4695,58.0798],[-154.4742,58.1415],[-154.4442,58.1541],[-154.3562,58.0962],[-154.2691,58.1296],[-154.2708,58.1593],[-154.183,58.1905],[-154.1476,58.2182],[-154.1096,58.2786],[-154.1943,58.3173],[-154.2644,58.295],[-154.2778,58.2654],[-154.3388,58.2617],[-154.3561,58.2843],[-154.1916,58.351],[-154.0574,58.3574],[-153.9942,58.3957],[-154.0544,58.4137],[-154.0847,58.4779],[-154.0656,58.4905],[-153.9262,58.5241],[-153.9026,58.6109],[-153.777,58.6069],[-153.6675,58.6157],[-153.6057,58.636],[-153.5583,58.6897],[-153.4788,58.7147],[-153.4393,58.7126],[-153.3968,58.7502],[-153.3521,58.8484],[-153.2957,58.8698],[-153.4226,58.9673],[-153.4966,58.9976],[-153.5477,58.9875],[-153.6028,59.0026],[-153.722,59.0691],[-153.8584,59.0561],[-153.983,59.0749],[-154.0654,59.0752],[-154.1436,59.0241],[-154.196,59.0502],[-154.175,59.1213],[-154.2155,59.1604],[-154.1477,59.199],[-154.1399,59.2673],[-154.0872,59.3117],[-154.3263,59.3975],[-154.8023,59.4223]]]},"properties":{"NA_L1CODE":"7","NA_L1NAME":"MARINE WEST COAST FOREST","NA_L1KEY":"7  MARINE WEST COAST FOREST","Shape_Leng":2766801.16098,"Shape_Area":31628727905.4}},
{"type":"Feature","geometry":{"type":"Polygon","coordinates":[[[-162.5972,55.1597],[-162.9132,55.1099],[-163.0056,55.0812],[-162.9528,55.0289],[-162.9695,55.0073],[-162.9045,54.9538],[-162.8427,54.9323],[-162.7668,54.9394],[-162.7086,54.9656],[-162.7109,54.9912],[-162.6604,55.0043],[-162.5703,54.9894],[-162.631,55.1035],[-162.5972,55.1597]]]},"properties":{"NA_L1CODE":"7","NA_L1NAME":"MARINE WEST COAST FOREST","NA_L1KEY":"7  MARINE WEST COAST FOREST","Shape_Leng":95897.0147744,"Shape_Area":435923150.918}},
{"type":"Feature","geometry":{"type":"Polygon","coordinates":[[[-163.2933,54.9884],[-163.3418,54.9551],[-163.3311,54.9204],[-163.3441,54.8749],[-163.3847,54.8596],[-163.3597,54.8184],[-163.3197,54.8121],[-163.2214,54.8481],[-163.0339,54.952],[-163.0704,54.9873],[-163.1766,55.0162],[-163.2933,54.9884]]]},"properties":{"NA_L1CODE":"7","NA_L1NAME":"MARINE WEST COAST FOREST","NA_L1KEY":"7  MARINE WEST COAST FOREST","Shape_Leng":69035.6059717,"Shape_Area":280676855.12}},
{"type":"Feature","geometry":{"type":"Polygon","coordinates":[[[-163.4229,54.9485],[-163.7611,54.8896],[-163.9544,54.9022],[-164.3188,54.7593],[-164.5652,54.6708],[-164.7251,54.6545],[-164.8018,54.6422],[-164.9217,54.6014],[-164.9465,54.5781],[-164.9332,54.5274],[-164.8711,54.4487],[-164.835,54.4198],[-164.7384,54.3972],[-164.6477,54.3924],[-164.576,54.4088],[-164.4692,54.4169],[-164.4067,54.4363],[-164.3385,54.4746],[-164.3321,54.5248],[-164.2478,54.5799],[-164.1297,54.6159],[-163.9589,54.6366],[-163.7972,54.6371],[-163.6826,54.6311],[-163.5852,54.617],[-163.5085,54.6484],[-163.4246,54.66],[-163.4244,54.7174],[-163.3951,54.7458],[-163.3254,54.7489],[-163.2833,54.7012],[-163.1184,54.7001],[-163.1021,54.7339],[-163.1455,54.7668],[-163.2977,54.7557],[-163.3705,54.7936],[-163.3725,54.8269],[-163.4156,54.8654],[-163.4002,54.9128],[-163.4229,54.9485]]]},"properties":{"NA_L1CODE":"7","NA_L1NAME":"MARINE WEST COAST FOREST","NA_L1KEY":"7  MARINE WEST COAST FOREST","Shape_Leng":321147.982114,"Shape_Area":2876430260.84}},
{"type":"Feature","geometry":{"type":"Polygon","coordinates":[[[-152.525,60.2526],[-152.3774,60.3535],[-152.2374,60.3969],[-152.3139,60.4224],[-152.3355,60.4731],[-152.3107,60.5102],[-152.1967,60.5754],[-152.1059,60.5964],[-152.0432,60.6661],[-151.8634,60.75],[-151.7447,60.7143],[-151.7139,60.7458],[-151.7839,60.8167],[-151.8007,60.865],[-151.6311,60.9572],[-151.48,61.0126],[-151.1685,61.0466],[-151.1359,61.0664],[-151.0729,61.1408],[-151.019,61.1828],[-150.5913,61.2811],[-150.5999,61.3265],[-150.5555,61.3383],[-150.5224,61.2658],[-150.4389,61.2447],[-150.2189,61.2599],[-150.0906,61.2552],[-149.9738,61.2381],[-149.9124,61.264],[-149.907,61.3336],[-149.8702,61.3819],[-149.7509,61.4454],[-149.5993,61.4954],[-149.4655,61.5011],[-149.266,61.4935],[-149.2657,61.4749],[-149.4173,61.4463],[-149.5291,61.4094],[-149.642,61.3886],[-149.7917,61.3218],[-149.831,61.2955],[-149.8877,61.2292],[-149.9329,61.2046],[-150.0225,61.189],[-150.0709,61.1587],[-149.9261,61.1121],[-149.8223,61.0684],[-149.7327,61.0169],[-149.6124,60.985],[-149.5261,60.9828],[-149.3348,60.9289],[-149.177,60.9434],[-149.0774,60.9044],[-148.9885,60.8471],[-149.1786,60.892],[-149.3646,60.8981],[-149.5156,60.9283],[-149.7673,60.9698],[-149.832,60.9732],[-149.9187,60.9366],[-150.0446,60.9116],[-150.1737,60.9257],[-150.2461,60.9425],[-150.3466,61.0337],[-150.3916,61.04],[-150.6811,60.9606],[-150.7402,60.9295],[-151.0364,60.7969],[-151.2255,60.7813],[-151.4096,60.7261],[-151.416,60.7053],[-151.3378,60.5837],[-151.275,60.5344],[-151.3008,60.3913],[-151.3781,60.3727],[-151.4,60.2535],[-151.4231,60.2204],[-151.5694,60.124],[-151.6249,60.0966],[-151.7229,60.0159],[-151.7595,59.9179],[-151.8776,59.7757],[-151.8511,59.734],[-151.7437,59.6818],[-151.6453,59.6507],[-151.505,59.6358],[-151.4266,59.6711],[-151.3331,59.6867],[-151.0941,59.7897],[-151.0002,59.7971],[-150.9815,59.7696],[-151.0394,59.7302],[-151.1763,59.6549],[-151.1801,59.596],[-151.3041,59.558],[-151.407,59.5443],[-151.4669,59.4923],[-151.5566,59.4722],[-151.6332,59.4838],[-151.8747,59.4236],[-151.9842,59.294],[-151.9789,59.2539],[-151.902,59.2199],[-151.8205,59.2002],[-151.7245,59.1548],[-151.6097,59.1623],[-151.5239,59.2246],[-151.4046,59.252],[-151.3008,59.2111],[-151.1626,59.2017],[-151.1004,59.2183],[-151.1144,59.2546],[-151.1708,59.2875],[-151.0539,59.2964],[-151.0045,59.2692],[-151.0053,59.2081],[-150.9569,59.1956],[-150.8796,59.2602],[-150.8786,59.3175],[-150.769,59.3686],[-150.7325,59.423],[-150.6021,59.4254],[-150.5727,59.4719],[-150.6233,59.5285],[-150.5515,59.5926],[-150.4874,59.5789],[-150.5636,59.537],[-150.5138,59.4636],[-150.4758,59.4597],[-150.4066,59.563],[-150.3729,59.5734],[-150.3166,59.6323],[-150.281,59.6936],[-150.2136,59.7225],[-150.2976,59.5893],[-150.4015,59.4685],[-150.2862,59.4791],[-150.2359,59.4979],[-150.1033,59.6093],[-150.0261,59.6182],[-149.942,59.6604],[-149.9256,59.729],[-150.0455,59.7735],[-150.0018,59.8002],[-149.9079,59.7688],[-149.8432,59.731],[-149.7831,59.6684],[-149.7254,59.6917],[-149.7624,59.793],[-149.8322,59.8465],[-149.7375,59.8488],[-149.7164,59.897],[-149.736,59.9455],[-149.6783,59.9474],[-149.643,59.8996],[-149.6657,59.8429],[-149.6245,59.747],[-149.5449,59.7475],[-149.6181,59.8157],[-149.5525,59.9072],[-149.475,59.9291],[-149.3955,59.9857],[-149.4372,60.0363],[-149.4245,60.1148],[-149.3589,60.1142],[-149.3293,60.007],[-149.3011,59.9725],[-149.2867,59.8745],[-149.1939,59.999],[-149.1552,60.0307],[-149.0615,60.0529],[-149.0401,60.0307],[-149.1134,59.9833],[-149.0877,59.9575],[-148.9866,59.9533],[-148.9039,59.9681],[-148.8739,59.9354],[-148.7901,59.9509],[-148.6849,59.9451],[-148.6234,59.9207],[-148.5512,59.9521],[-148.5372,59.974],[-148.4017,59.9721],[-148.3845,60.0434],[-148.3547,60.0871],[-148.3765,60.1053],[-148.3286,60.1601],[-148.2834,60.1571],[-148.2817,60.1089],[-148.2318,60.1151],[-148.1147,60.1657],[-148.0805,60.2136],[-148.2088,60.2565],[-148.2649,60.2476],[-148.3418,60.1975],[-148.3781,60.2029],[-148.3925,60.2652],[-148.3127,60.2604],[-148.201,60.3024],[-148.2036,60.3323],[-147.9554,60.4179],[-147.9253,60.4413],[-147.9514,60.5018],[-147.9957,60.5384],[-148.0369,60.5442],[-148.0746,60.5868],[-148.1411,60.5815],[-148.23,60.5193],[-148.2523,60.4901],[-148.3224,60.4992],[-148.4261,60.5335],[-148.4718,60.5339],[-148.6669,60.4439],[-148.6993,60.4654],[-148.6086,60.5215],[-148.5217,60.5628],[-148.4362,60.5711],[-148.3134,60.5343],[-148.2256,60.5966],[-148.1861,60.6081],[-148.1974,60.6497],[-148.2529,60.6985],[-148.2426,60.7448],[-148.2819,60.7487],[-148.3564,60.6687],[-148.3915,60.6697],[-148.3562,60.7403],[-148.3943,60.7787],[-148.5017,60.7634],[-148.568,60.7384],[-148.5974,60.6977],[-148.6635,60.7177],[-148.6049,60.7546],[-148.4491,60.8057],[-148.4555,60.8358],[-148.3401,60.8058],[-148.2957,60.8435],[-148.2607,60.9177],[-148.1898,60.9722],[-148.1597,61.0351],[-148.168,61.0675],[-148.2741,61.0476],[-148.3656,61.0022],[-148.3961,61.045],[-148.2735,61.0799],[-148.1409,61.0991],[-148.083,61.008],[-147.9949,61.0546],[-147.9453,61.1205],[-147.7238,61.2707],[-147.6949,61.267],[-147.7172,61.1944],[-147.9193,61.0822],[-147.9267,61.0455],[-148.0115,60.9631],[-148.1018,60.912],[-148.138,60.7985],[-148.0153,60.7843],[-147.8744,60.8319],[-147.7633,60.8125],[-147.7332,60.8388],[-147.7814,60.8759],[-147.7692,60.9196],[-147.6596,60.8432],[-147.5922,60.8562],[-147.5801,60.88],[-147.6139,60.9589],[-147.5443,61.0888],[-147.566,61.136],[-147.5045,61.1472],[-147.4915,61.0747],[-147.5214,61.0293],[-147.5297,60.9327],[-147.473,60.9624],[-147.4357,60.9342],[-147.4317,60.8989],[-147.3674,60.8871],[-147.2474,60.9243],[-147.2163,60.9648],[-147.159,60.9356],[-147.1343,60.9794],[-147.0858,61.0058],[-146.9712,60.9945],[-146.9657,60.9329],[-146.8505,60.9762],[-146.7799,61.0418],[-146.691,61.0592],[-146.6426,61.107],[-146.5927,61.1273],[-146.4124,61.1344],[-146.3016,61.1307],[-146.2579,61.0845],[-146.4873,61.0774],[-146.6059,61.0833],[-146.6561,61.0615],[-146.7344,60.9387],[-146.6891,60.8754],[-146.6274,60.881],[-146.545,60.8381],[-146.5451,60.8104],[-146.3868,60.8118],[-146.2864,60.8384],[-146.229,60.881],[-146.1818,60.8757],[-146.1321,60.8431],[-146.3229,60.791],[-146.4963,60.7758],[-146.5675,60.7506],[-146.6877,60.7444],[-146.6569,60.6933],[-146.6209,60.6825],[-146.4021,60.6994],[-146.3289,60.7379],[-146.2855,60.7146],[-146.1434,60.7323],[-146.0659,60.7312],[-146.2627,60.6503],[-146.2464,60.6265],[-146.1708,60.6286],[-146.0366,60.6629],[-145.8867,60.6126],[-145.8228,60.617],[-145.6739,60.6522],[-145.6441,60.6394],[-145.7701,60.536],[-145.9392,60.4548],[-145.8365,60.4492],[-145.7369,60.4747],[-145.5561,60.4467],[-145.486,60.4176],[-145.4609,60.3887],[-145.3246,60.337],[-145.2353,60.3525],[-145.1025,60.4265],[-145.0064,60.5253],[-144.8831,60.5462],[-144.8533,60.6146],[-144.8007,60.6078],[-144.8096,60.5479],[-144.8678,60.5127],[-144.8811,60.4761],[-144.8243,60.4437],[-144.9085,60.3655],[-144.9332,60.2879],[-144.9092,60.2795],[-144.7734,60.2906],[-144.6971,60.2677],[-144.6518,60.2126],[-144.5342,60.1865],[-144.4063,60.1683],[-144.2072,60.1822],[-144.1971,60.1399],[-144.0991,60.0983],[-144.0058,60.0464],[-143.9642,60.0001],[-143.8818,59.9879],[-143.6706,60.0273],[-143.3899,60.0515],[-143.0654,60.0629],[-142.9301,60.0842],[-142.8154,60.0943],[-142.6849,60.0923],[-142.0146,60.0231],[-141.8247,59.9841],[-141.7466,59.9511],[-141.5934,59.9612],[-141.4248,60.0007],[-141.3695,60.0306],[-141.4628,60.0701],[-141.4762,60.1217],[-141.3783,60.129],[-141.314,60.0822],[-141.2555,59.9937],[-141.2874,59.9352],[-141.4034,59.9095],[-141.4276,59.8678],[-141.2148,59.8276],[-140.9249,59.7565],[-140.8261,59.7279],[-140.6263,59.7066],[-140.3144,59.6923],[-140.2119,59.714],[-140.1572,59.7421],[-139.8979,59.8012],[-139.81,59.8304],[-139.73,59.9103],[-139.6881,59.9322],[-139.6108,59.945],[-139.6052,59.9939],[-139.5571,60.0428],[-139.4939,60.0129],[-139.4338,60.0045],[-139.2778,59.8821],[-139.1851,59.8455],[-139.3034,59.825],[-139.3102,59.7441],[-139.2845,59.7178],[-139.2397,59.6186],[-139.2581,59.5746],[-139.3428,59.5924],[-139.2852,59.6262],[-139.3508,59.7293],[-139.355,59.8025],[-139.309,59.8565],[-139.465,59.9882],[-139.506,59.9728],[-139.5372,59.9332],[-139.6239,59.9016],[-139.6278,59.8577],[-139.5897,59.7922],[-139.5026,59.6977],[-139.5852,59.6444],[-139.6116,59.5964],[-139.6532,59.5712],[-139.8436,59.5563],[-139.8541,59.5274],[-139.6104,59.4578],[-139.5221,59.4099],[-139.3461,59.3569],[-139.2513,59.3522],[-139.2152,59.3171],[-139.027,59.2747],[-138.8466,59.2191],[-138.7424,59.1785],[-138.6339,59.1248],[-138.5281,59.1914],[-138.4544,59.1936],[-138.4893,59.127],[-138.3911,59.0874],[-138.2314,59.0394],[-138.0379,58.9406],[-137.9307,58.8712],[-137.9363,58.7903],[-137.7256,58.69],[-137.6741,58.6521],[-137.6018,58.6479],[-137.4906,58.6804],[-137.4358,58.6503],[-137.5872,58.6171],[-137.5664,58.5904],[-137.3785,58.5037],[-137.1579,58.4176],[-137.0759,58.393],[-137.0139,58.4052],[-136.9194,58.3933],[-136.8417,58.3604],[-136.8194,58.3089],[-136.7276,58.2751],[-136.704,58.2193],[-136.5954,58.2198],[-136.5747,58.2741],[-136.6585,58.3352],[-136.5957,58.3544],[-136.4893,58.3036],[-136.3895,58.2939],[-136.3541,58.3404],[-136.4375,58.4029],[-136.313,58.3782],[-136.2895,58.3199],[-136.2658,58.3153],[-136.0994,58.3433],[-136.0435,58.3772],[-136.0895,58.5096],[-136.1739,58.5352],[-136.2018,58.6151],[-136.3071,58.668],[-136.4662,58.5894],[-136.525,58.6064],[-136.3947,58.6564],[-136.3477,58.6905],[-136.3969,58.721],[-136.5028,58.7549],[-136.5754,58.7576],[-136.6392,58.7916],[-136.6642,58.8433],[-136.7516,58.8712],[-137.0114,58.9022],[-137.0979,58.8339],[-137.1332,58.8393],[-137.0216,58.9193],[-136.9288,58.9214],[-136.9162,58.9506],[-137.0592,59.0341],[-136.9829,59.036],[-136.8731,58.963],[-136.7916,58.9461],[-136.6286,58.8895],[-136.6028,58.9308],[-136.5278,58.933],[-136.4901,58.8379],[-136.2424,58.7501],[-136.1722,58.7539],[-136.0999,58.8605],[-136.1069,58.9145],[-136.1803,59.0315],[-136.107,59.0082],[-136.0467,58.9168],[-136.064,58.8767],[-136.0274,58.8638],[-135.8584,58.9104],[-135.8467,58.8821],[-136.0886,58.8151],[-135.9799,58.7207],[-135.9441,58.6557],[-135.8674,58.6015],[-135.8444,58.543],[-135.8858,58.4837],[-135.919,58.3801],[-135.7191,58.3975],[-135.6076,58.4208],[-135.4738,58.3743],[-135.4286,58.4037],[-135.392,58.3267],[-135.3055,58.2412],[-135.1474,58.2056],[-135.0903,58.2392],[-135.0959,58.2941],[-135.0487,58.2926],[-135.0489,58.3308],[-135.1447,58.5209],[-135.1727,58.5591],[-135.228,58.5948],[-135.2183,58.6339],[-135.144,58.618],[-135.1998,58.6917],[-135.2407,58.7783],[-135.3306,58.8819],[-135.3897,58.9625],[-135.393,59.0545],[-135.4845,59.184],[-135.5546,59.2382],[-135.4609,59.2225],[-135.3968,59.1774],[-135.3498,59.1093],[-135.2918,59.0907],[-135.364,59.2061],[-135.4445,59.2756],[-135.3912,59.3026],[-135.3666,59.4809],[-135.3328,59.4432],[-135.3621,59.3595],[-135.3754,59.272],[-135.2842,59.1996],[-135.2295,59.1194],[-135.1766,59.0004],[-135.1411,58.8595],[-135.1153,58.8128],[-135.0591,58.7559],[-135.0012,58.8077],[-134.9611,58.8044],[-134.9305,58.7546],[-134.9263,58.6895],[-134.9919,58.6737],[-134.8884,58.5692],[-134.7882,58.4928],[-134.7768,58.3913],[-134.7318,58.3713],[-134.6457,58.3756],[-134.5121,58.3516],[-134.2755,58.2427],[-134.2098,58.2036],[-134.1545,58.2041],[-134.097,58.2338],[-134.1425,58.2703],[-134.1248,58.3022],[-134.0507,58.3452],[-133.9952,58.3502],[-133.9699,58.3144],[-134.0449,58.2811],[-134.0854,58.1724],[-134.0504,58.0633],[-133.9268,57.9828],[-133.8848,57.9748],[-133.8098,58.001],[-133.7668,58.0519],[-133.7019,57.9978],[-133.689,57.9502],[-133.7293,57.9497],[-133.7766,57.9836],[-133.8511,57.9548],[-133.8451,57.9335],[-133.7024,57.7922],[-133.6343,57.799],[-133.6435,57.877],[-133.5866,57.9177],[-133.5837,57.8335],[-133.5461,57.7698],[-133.4499,57.7295],[-133.3243,57.6641],[-133.2859,57.6646],[-133.1778,57.6065],[-133.1786,57.5833],[-133.367,57.6482],[-133.5833,57.7168],[-133.6416,57.7149],[-133.6772,57.6578],[-133.6757,57.6296],[-133.6195,57.5826],[-133.5224,57.5415],[-133.5247,57.4687],[-133.4784,57.435],[-133.4729,57.3693],[-133.451,57.3533],[-133.3528,57.3314],[-133.198,57.3285],[-133.1913,57.3082],[-133.2628,57.2862],[-133.3704,57.2817],[-133.4762,57.2919],[-133.5275,57.2557],[-133.5185,57.1743],[-133.4597,57.1452],[-133.2901,57.1061],[-133.1996,57.1684],[-133.1367,57.1512],[-133.1267,57.0877],[-132.9072,57.0241],[-132.8367,57.064],[-132.7824,56.9971],[-132.8136,56.9705],[-132.8766,57.0026],[-132.9477,56.9906],[-132.8212,56.8928],[-132.7632,56.8383],[-132.6358,56.7829],[-132.5276,56.7557],[-132.5134,56.7797],[-132.447,56.8055],[-132.4282,56.7812],[-132.5337,56.7034],[-132.5724,56.639],[-132.4749,56.6077],[-132.327,56.6277],[-132.3625,56.5993],[-132.3655,56.5383],[-132.3024,56.5003],[-132.2105,56.4634],[-132.1805,56.3983],[-132.059,56.3774],[-131.9878,56.3505],[-131.9804,56.3005],[-131.9371,56.2418],[-131.8969,56.2249],[-131.7705,56.225],[-131.636,56.1997],[-131.6539,56.186],[-131.7904,56.1956],[-131.8907,56.192],[-131.9705,56.1582],[-131.981,56.0726],[-131.9582,55.9973],[-131.9743,55.9632],[-132.0404,55.9611],[-132.0696,55.9253],[-132.0461,55.8896],[-132.0918,55.8377],[-132.1875,55.779],[-132.2262,55.7054],[-132.1866,55.5935],[-132.1515,55.5642],[-132.0436,55.5368],[-131.9797,55.4966],[-131.9349,55.5353],[-131.9379,55.5864],[-131.9601,55.6317],[-131.888,55.6169],[-131.8329,55.6667],[-131.7653,55.8081],[-131.7919,55.8317],[-131.8615,55.8431],[-131.8972,55.8688],[-131.7492,55.8803],[-131.6763,55.919],[-131.4379,56.002],[-131.3941,55.9693],[-131.3364,55.9681],[-131.1591,56.0333],[-131.1968,55.981],[-131.1799,55.9485],[-131.0759,55.8834],[-130.9935,55.8007],[-130.8897,55.7101],[-130.8828,55.6216],[-130.862,55.5428],[-130.8953,55.4703],[-130.868,55.3155],[-130.9487,55.2753],[-130.986,55.2446],[-131.0905,55.187],[-131.0662,55.1208],[-130.9777,55.0831],[-130.9011,55.0991],[-130.8615,55.126],[-130.7948,55.1135],[-130.71,55.1517],[-130.5632,55.2612],[-130.5521,55.2363],[-130.6698,55.153],[-130.732,55.0856],[-130.8015,55.0711],[-130.8675,55.0974],[-130.979,55.0556],[-131.0088,55.0049],[-130.9435,54.9633],[-130.9513,54.9341],[-130.941,54.8289],[-130.8932,54.7856],[-130.8422,54.7673],[-130.7856,54.7886],[-130.7269,54.8359],[-130.6989,54.832],[-130.7149,54.7685],[-130.6583,54.7738],[-130.5336,54.8129],[-130.4448,54.8603],[-130.2958,54.9634],[-130.2286,55.0351],[-130.1891,55.1058],[-130.0956,55.214],[-130.0362,55.247],[-129.989,55.2907],[-130.0427,55.3514],[-130.0513,55.4134],[-130.1365,55.5535],[-130.1476,55.5958],[-130.1181,55.6909],[-130.0872,55.673],[-130.1115,55.5563],[-130.0705,55.4939],[-130.0193,55.4479],[-130.0075,55.3379],[-129.9472,55.2844],[-130.0906,55.1859],[-130.134,55.1432],[-130.1655,55.0876],[-130.1349,55.0117],[-130.0973,54.9814],[-130.0278,55.0299],[-130.0095,55.0761],[-129.8964,55.1671],[-129.8899,55.1985],[-129.8145,55.2798],[-129.7799,55.3566],[-129.771,55.4822],[-129.7236,55.4562],[-129.7119,55.4121],[-129.675,55.4056],[-129.7571,55.2755],[-129.81,55.2616],[-129.8569,55.2074],[-129.8625,55.1676],[-129.9532,55.0992],[-130.0096,55.0116],[-129.939,54.9849],[-129.83,54.9955],[-129.7665,54.9859],[-129.6557,54.9865],[-129.6772,54.964],[-129.779,54.9669],[-129.863,54.9529],[-129.9471,54.9182],[-129.9487,54.9531],[-130.0186,54.9698],[-130.078,54.9322],[-130.1666,54.8547],[-130.1665,54.8127],[-130.2147,54.7189],[-130.1836,54.7064],[-130.344,54.6887],[-130.3835,54.6325],[-130.376,54.6175],[-130.2185,54.4845],[-130.2727,54.5025],[-130.3668,54.5812],[-130.3868,54.6154],[-130.4529,54.6102],[-130.4305,54.5559],[-130.4428,54.5081],[-130.4794,54.4402],[-130.4868,54.397],[-130.456,54.3333],[-130.3661,54.3237],[-130.2623,54.3522],[-130.2297,54.2719],[-130.2903,54.2281],[-130.2654,54.1996],[-130.2041,54.1875],[-130.1165,54.1475],[-129.8616,54.2337],[-129.9847,54.1417],[-130.035,54.1451],[-130.072,54.117],[-130.0973,54.0653],[-130.0836,54.0211],[-130.1082,53.9466],[-130.0442,53.8625],[-129.7896,53.7023],[-129.718,53.6175],[-129.6617,53.5739],[-129.3204,53.3682],[-129.2372,53.421],[-129.2338,53.512],[-129.2491,53.5823],[-129.2298,53.6252],[-129.1388,53.679],[-129.0996,53.7217],[-129,53.7572],[-129,56.2088],[-129.0233,56.2233],[-129.0602,56.2743],[-129.1022,56.2983],[-129.1934,56.314],[-129.2491,56.3388],[-129.3131,56.3888],[-129.36,56.3958],[-129.4402,56.4393],[-129.4908,56.4795],[-129.5498,56.4767],[-129.5888,56.4984],[-129.7635,56.4984],[-129.7965,56.5282],[-129.8124,56.5782],[-130.0916,56.625],[-130.1829,56.6216],[-130.2722,56.632],[-130.3877,56.6089],[-130.5738,56.6148],[-130.6553,56.5685],[-130.7859,56.5776],[-130.868,56.6292],[-130.8254,56.6546],[-130.8458,56.7231],[-130.9026,56.75],[-130.9418,56.8038],[-131.0984,56.8973],[-131.0961,56.9359],[-131.0416,56.9705],[-131.0568,57.03],[-130.9991,57.1161],[-131.0381,57.1386],[-131.0239,57.1891],[-131.1193,57.2623],[-131.1649,57.3349],[-131.2421,57.362],[-131.5151,57.4102],[-131.586,57.4334],[-131.6278,57.4824],[-131.6169,57.5216],[-131.6389,57.5601],[-131.7244,57.5954],[-131.8753,57.5538],[-131.9936,57.552],[-132.0982,57.6377],[-132.1481,57.6464],[-132.2336,57.6833],[-132.3684,57.7626],[-132.4071,57.8445],[-132.3876,57.8996],[-132.3491,57.9408],[-132.2886,57.968],[-132.1685,57.9804],[-132.0852,58.0283],[-132.011,58.111],[-132.1004,58.0978],[-132.2089,58.0984],[-132.2003,58.1743],[-132.299,58.1648],[-132.2156,58.2252],[-132.3251,58.2752],[-132.425,58.2985],[-132.4852,58.2996],[-132.4931,58.3554],[-132.5286,58.3887],[-132.5932,58.4176],[-132.6594,58.421],[-132.8618,58.39],[-132.9631,58.3956],[-133.0605,58.3873],[-133.1619,58.4296],[-133.1086,58.4576],[-133.1111,58.5153],[-133.0606,58.6384],[-133.1645,58.6608],[-133.2678,58.6352],[-133.2562,58.6863],[-133.3139,58.7458],[-133.397,58.7714],[-133.5235,58.8593],[-133.5584,58.9048],[-133.6268,58.9303],[-133.64,58.9721],[-133.691,59.0264],[-133.7717,59.0205],[-133.8293,58.9735],[-133.864,58.9687],[-133.8876,59.0197],[-133.9501,59.0274],[-133.9849,59.0711],[-133.9828,59.1238],[-134.0413,59.1058],[-134.1759,59.1145],[-134.2001,59.1353],[-134.2871,59.1441],[-134.3586,59.1659],[-134.3495,59.1931],[-134.4365,59.2295],[-134.5382,59.2522],[-134.5921,59.3024],[-134.6828,59.3464],[-134.6971,59.435],[-134.7427,59.4666],[-134.8757,59.4651],[-134.9447,59.4891],[-135.0191,59.4885],[-135.0147,59.5676],[-135.0972,59.6216],[-135.1777,59.6374],[-135.2353,59.7032],[-135.3359,59.7282],[-135.4485,59.7867],[-135.4039,59.8176],[-135.5781,59.8301],[-135.6639,59.8698],[-135.7404,59.8554],[-135.8256,59.8643],[-136.0323,59.7631],[-136.1881,59.7564],[-136.4235,59.7563],[-136.4987,59.751],[-136.5009,59.7181],[-136.4412,59.6562],[-136.4269,59.6096],[-136.4419,59.5774],[-136.4969,59.5392],[-136.5508,59.5511],[-136.5927,59.5272],[-136.7257,59.5396],[-136.8017,59.5209],[-136.8278,59.4983],[-136.8248,59.4029],[-136.8898,59.3535],[-136.9939,59.3417],[-137.0533,59.287],[-137.1539,59.2241],[-137.2362,59.1986],[-137.3373,59.1943],[-137.437,59.2041],[-137.5919,59.2391],[-138.1162,59.5154],[-138.5341,59.7294],[-138.6164,59.7739],[-138.6651,59.8294],[-138.6895,59.9069],[-139.0472,59.9963],[-139.1894,60.0884],[-139.0805,60.2899],[-139.068,60.3528],[-139.4117,60.3461],[-139.6117,60.5011],[-139.7922,60.6185],[-139.8915,60.6749],[-139.9909,60.7017],[-140.216,60.7387],[-140.4211,60.7843],[-140.4581,60.7986],[-140.6003,60.8229],[-140.6853,60.8262],[-140.9033,60.8619],[-141.2345,60.8517],[-141.704,60.9948],[-141.9918,61.0784],[-142.1812,61.1214],[-142.2104,61.0766],[-142.6253,61.0058],[-142.7623,61.0709],[-142.9891,61.123],[-143.1539,61.1546],[-143.2854,61.2319],[-143.4575,61.2973],[-143.5991,61.2622],[-143.7315,61.2554],[-143.811,61.323],[-143.9685,61.3376],[-144.0682,61.3793],[-144.2503,61.4752],[-144.537,61.6437],[-144.8227,61.6104],[-145.0453,61.5963],[-145.2635,61.6366],[-145.4843,61.7288],[-145.6692,61.8802],[-145.9195,61.7946],[-146.0795,61.8225],[-146.1376,61.8884],[-146.2424,61.9155],[-146.3374,61.9164],[-146.3725,61.8775],[-146.4462,61.8468],[-146.5743,61.8504],[-146.6846,61.8903],[-146.7606,61.9638],[-146.8562,61.946],[-146.9407,61.9151],[-147.0359,61.939],[-147.2598,61.8614],[-147.4104,61.8512],[-147.6556,61.8122],[-147.8505,61.8119],[-148.6572,61.795],[-148.7068,61.7816],[-148.7306,61.8257],[-148.881,61.8244],[-149.3761,61.712],[-149.5823,61.7249],[-149.6857,61.7782],[-149.7137,61.8639],[-149.7063,62.005],[-149.7665,62.1477],[-149.7967,62.2569],[-149.6214,62.343],[-149.6605,62.4208],[-149.8094,62.5178],[-150.0036,62.5225],[-150.084,62.6726],[-149.944,62.7899],[-149.756,62.8973],[-149.831,62.9772],[-150.0011,62.9326],[-150.1741,62.8591],[-150.3211,62.7624],[-150.6689,62.5046],[-150.8523,62.4064],[-150.9572,62.4302],[-150.9804,62.4871],[-151.1647,62.5035],[-151.2784,62.5007],[-151.4052,62.466],[-151.4126,62.3874],[-151.5421,62.3786],[-151.7164,62.4077],[-151.906,62.4623],[-152.0818,62.4177],[-152.1365,62.3636],[-152.1096,62.2964],[-152.0019,62.2161],[-151.993,62.1536],[-152.0115,62.0851],[-152.0839,62.0017],[-152.0363,61.9431],[-151.8041,61.924],[-151.7411,61.871],[-151.6435,61.764],[-151.5892,61.6872],[-151.595,61.6007],[-151.6769,61.5487],[-151.884,61.485],[-151.9168,61.4421],[-151.8946,61.3591],[-151.7619,61.2691],[-151.7919,61.2054],[-151.9784,61.1683],[-152.0571,61.1056],[-152.1182,61.0356],[-152.1882,60.9156],[-152.3745,60.8543],[-152.4657,60.5607],[-152.4849,60.4367],[-152.5294,60.3072],[-152.525,60.2526]]]},"properties":{"NA_L1CODE":"7","NA_L1NAME":"MARINE WEST COAST FOREST","NA_L1KEY":"7  MARINE WEST COAST FOREST","Shape_Leng":20534378.9878,"Shape_Area":390934938013}},
{"type":"Feature","geometry":{"type":"Polygon","coordinates":[[[-160.855,58.7512],[-160.9299,58.7436],[-161.0531,58.6996],[-161.0729,58.6482],[-161.0754,58.5477],[-161.0266,58.5602],[-160.9624,58.5535],[-160.8905,58.5737],[-160.8544,58.6245],[-160.7163,58.7748],[-160.7611,58.7791],[-160.855,58.7512]]]},"properties":{"NA_L1CODE":"7","NA_L1NAME":"MARINE WEST COAST FOREST","NA_L1KEY":"7  MARINE WEST COAST FOREST","Shape_Leng":85605.5695276,"Shape_Area":299617909.513}},
{"type":"Feature","geometry":{"type":"Polygon","coordinates":[[[-159.5253,61.3518],[-159.8017,61.3609],[-160.0747,61.3736],[-160.1933,61.307],[-160.3896,61.2409],[-160.5451,61.2263],[-160.634,61.2259],[-160.6289,61.1864],[-160.6612,61.1301],[-160.8075,61.0814],[-160.9056,61.0772],[-160.8508,60.9069],[-160.8888,60.8659],[-160.9735,60.8575],[-161.0462,60.8077],[-161.0206,60.773],[-161.0885,60.6996],[-161.2358,60.6847],[-161.4059,60.71],[-161.4229,60.6096],[-161.4466,60.5378],[-161.5168,60.4851],[-161.7348,60.4595],[-161.689,60.3176],[-161.7713,60.2821],[-161.6838,60.1687],[-161.7668,60.1358],[-161.8443,60.1274],[-161.8119,60.0535],[-161.9475,60.0307],[-161.9538,59.9472],[-162.0084,59.8638],[-162.0369,59.8475],[-161.9774,59.804],[-161.8848,59.6935],[-161.8742,59.6343],[-161.7085,59.4957],[-161.8326,59.4296],[-161.9604,59.3732],[-161.9682,59.2579],[-162.0167,59.2311],[-161.9854,59.141],[-161.8999,59.075],[-161.8297,59.1154],[-161.6584,59.1217],[-161.5306,59.1126],[-161.5255,59.1011],[-161.7437,59.027],[-161.7964,59.0175],[-161.7852,58.8878],[-161.7517,58.8169],[-161.7028,58.8226],[-161.6521,58.8019],[-161.6958,58.7617],[-161.775,58.7562],[-161.8616,58.7167],[-161.848,58.6694],[-161.9458,58.6553],[-161.9963,58.6829],[-162.1183,58.6691],[-162.172,58.653],[-162.081,58.623],[-161.9113,58.6348],[-161.811,58.6293],[-161.7508,58.5816],[-161.6795,58.5783],[-161.5277,58.6312],[-161.3579,58.6624],[-161.3621,58.7167],[-161.2893,58.7688],[-161.0778,58.8202],[-160.96,58.8779],[-160.8994,58.8867],[-160.8295,58.8532],[-160.755,58.9046],[-160.6547,58.9537],[-160.4715,59.0303],[-160.3826,59.0595],[-160.3423,59.0549],[-160.2536,58.9868],[-160.3031,58.9481],[-160.0159,58.8845],[-159.9181,58.7785],[-159.7982,58.8084],[-159.7414,58.919],[-159.6221,58.9375],[-159.5943,58.8924],[-159.6512,58.8421],[-159.53,58.8317],[-159.4496,58.9046],[-159.2685,59.0246],[-159.1677,58.9728],[-159.0768,58.9492],[-159.0297,59.009],[-159.0296,59.07],[-158.9119,59.0751],[-158.8293,59.0453],[-158.7167,59.0498],[-158.7715,59.1059],[-158.749,59.1476],[-158.6385,59.2074],[-158.5168,59.2337],[-158.4713,59.3989],[-158.6258,59.4546],[-158.8335,59.4633],[-158.8482,59.507],[-158.8084,59.5608],[-158.6642,59.6022],[-158.6652,59.6841],[-158.5623,59.7087],[-158.4088,59.7241],[-158.3014,59.8334],[-158.1963,59.9027],[-158.0737,59.9686],[-157.936,60.021],[-157.9034,60.087],[-157.6017,60.1127],[-157.5061,60.1674],[-157.5062,60.2171],[-157.5063,60.2386],[-157.7456,60.2153],[-157.9135,60.2209],[-157.9355,60.2905],[-157.8792,60.3503],[-157.907,60.4379],[-158.0263,60.5238],[-158.0836,60.6171],[-158.2997,60.5974],[-158.3804,60.6439],[-158.3729,60.7026],[-158.3172,60.7969],[-158.3933,60.8121],[-158.5222,60.6933],[-158.7104,60.6859],[-158.8853,60.6872],[-158.9173,60.7163],[-158.88,60.8121],[-158.7448,60.9423],[-158.5837,60.9687],[-158.5009,60.9515],[-158.1965,60.9439],[-158.2007,61.0228],[-158.1595,61.0973],[-157.9649,61.1598],[-157.7455,61.2501],[-157.5715,61.3473],[-157.5924,61.3959],[-157.7119,61.3872],[-157.8292,61.3891],[-157.9194,61.4568],[-158.0799,61.4575],[-158.2509,61.5343],[-158.4985,61.515],[-158.5476,61.4873],[-158.7459,61.4794],[-159.0195,61.4942],[-159.1931,61.4797],[-159.2579,61.4133],[-159.2535,61.3262],[-159.4045,61.3134],[-159.5253,61.3518]]]},"properties":{"NA_L1CODE":"7","NA_L1NAME":"MARINE WEST COAST FOREST","NA_L1KEY":"7  MARINE WEST COAST FOREST","Shape_Leng":1441803.26717,"Shape_Area":50150872629.8}},
{"type":"Feature","geometry":{"type":"Polygon","coordinates":[[[-169.5008,56.613],[-169.5982,56.6091],[-169.7573,56.6236],[-169.7313,56.5952],[-169.6707,56.5817],[-169.6374,56.5464],[-169.5746,56.5393],[-169.538,56.5693],[-169.4847,56.585],[-169.5008,56.613]]]},"properties":{"NA_L1CODE":"7","NA_L1NAME":"MARINE WEST COAST FOREST","NA_L1KEY":"7  MARINE WEST COAST FOREST","Shape_Leng":47123.5604494,"Shape_Area":90252165.9791}},
{"type":"Feature","geometry":{"type":"Polygon","coordinates":[[[-170.1451,57.2356],[-170.2682,57.213],[-170.3039,57.2207],[-170.3958,57.2067],[-170.4034,57.1608],[-170.2932,57.1548],[-170.2787,57.1342],[-170.1773,57.1634],[-170.1451,57.2356]]]},"properties":{"NA_L1CODE":"7","NA_L1NAME":"MARINE WEST COAST FOREST","NA_L1KEY":"7  MARINE WEST COAST FOREST","Shape_Leng":58761.8062778,"Shape_Area":116264547.682}}
]}