{"type":"FeatureCollection", "features": [
{"type":"Feature","geometry":{"type":"LineString","coordinates":[[-155.1566,19.6808],[-155.1555,19.681]]},"properties":{"LINEARID":"1103890709860","FULLNAME":"Puainako Exd","RTTYP":"M","MTFCC":"S1200"}},
{"type":"Feature","geometry":{"type":"LineString","coordinates":[[-155.1104,19.6926],[-155.1105,19.6926],[-155.1132,19.692],[-155.115,19.6908],[-155.12,19.6842],[-155.1237,19.6812],[-155.1277,19.6793],[-155.1305,19.6793],[-155.1403,19.6817],[-155.1449,19.6815]]},"properties":{"LINEARID":"1104258643968","FULLNAME":"Puainako Exd","RTTYP":"M","MTFCC":"S1200"}},
{"type":"Feature","geometry":{"type":"LineString","coordinates":[[-155.148,19.6812],[-155.1555,19.681]]},"properties":{"LINEARID":"1103933153286","FULLNAME":"Puanako Exd","RTTYP":"M","MTFCC":"S1200"}},
{"type":"Feature","geometry":{"type":"LineString","coordinates":[[-155.0299,19.6141],[-155.0298,19.6165]]},"properties":{"LINEARID":"1104486197669","FULLNAME":"Keaau Byp","RTTYP":"M","MTFCC":"S1200"}},
{"type":"Feature","geometry":{"type":"LineString","coordinates":[[-155.033,19.6262],[-155.0329,19.6261]]},"properties":{"LINEARID":"1105645113072","FULLNAME":"Keaau Byp","RTTYP":"M","MTFCC":"S1200"}},
{"type":"Feature","geometry":{"type":"LineString","coordinates":[[-155.0313,19.6227],[-155.0326,19.6257]]},"properties":{"LINEARID":"1104486222576","FULLNAME":"Keaau Byp","RTTYP":"M","MTFCC":"S1200"}},
{"type":"Feature","geometry":{"type":"LineString","coordinates":[[-156.3549,20.8514],[-156.3496,20.8494],[-156.3483,20.8464],[-156.3448,20.8436],[-156.3404,20.8386],[-156.3337,20.8337],[-156.3302,20.8293]]},"properties":{"LINEARID":"1106092738213","FULLNAME":"Old Haleakala Hwy","RTTYP":"M","MTFCC":"S1200"}},
{"type":"Feature","geometry":{"type":"LineString","coordinates":[[-155.1146,19.8708],[-155.113,19.869]]},"properties":{"LINEARID":"1104258210680","FULLNAME":"Old Mamalahoa Hwy","RTTYP":"M","MTFCC":"S1200"}},
{"type":"Feature","geometry":{"type":"LineString","coordinates":[[-155.1952,19.4501],[-155.1982,19.4489],[-155.205,19.4453],[-155.2193,19.4383]]},"properties":{"LINEARID":"1104692157960","FULLNAME":"Old Volcano Rd","RTTYP":"M","MTFCC":"S1200"}},
{"type":"Feature","geometry":{"type":"LineString","coordinates":[[-155.0446,19.6174],[-155.0405,19.6209],[-155.0393,19.6225],[-155.0384,19.6241],[-155.0395,19.6279],[-155.0396,19.632]]},"properties":{"LINEARID":"1106081431815","FULLNAME":"Old Volcano Rd","RTTYP":"M","MTFCC":"S1200"}},
{"type":"Feature","geometry":{"type":"LineString","coordinates":[[-155.8436,20.2389],[-155.8494,20.239]]},"properties":{"LINEARID":"1103790894549","FULLNAME":"Old Camp Rd 17","RTTYP":"M","MTFCC":"S1200"}},
{"type":"Feature","geometry":{"type":"LineString","coordinates":[[-157.936,21.3429],[-157.9421,21.3459],[-157.9439,21.3475]]},"properties":{"LINEARID":"11010936311265","FULLNAME":"N Nimitz Hwy","RTTYP":"M","MTFCC":"S1200"}},
{"type":"Feature","geometry":{"type":"LineString","coordinates":[[-157.8624,21.3204],[-157.8647,21.3235]]},"properties":{"LINEARID":"1102888289035","FULLNAME":"N Vineyard Blvd","RTTYP":"M","MTFCC":"S1200"}},
{"type":"Feature","geometry":{"type":"LineString","coordinates":[[-158.0298,21.4959],[-158.0294,21.5006]]},"properties":{"LINEARID":"1102406957313","FULLNAME":"N Kamehameha Hwy","RTTYP":"M","MTFCC":"S1200"}},
{"type":"Feature","geometry":{"type":"LineString","coordinates":[[-157.8578,21.3144],[-157.8622,21.3199],[-157.8649,21.3234]]},"properties":{"LINEARID":"110509757760","FULLNAME":"N Vineyard Blvd","RTTYP":"M","MTFCC":"S1200"}},
{"type":"Feature","geometry":{"type":"LineString","coordinates":[[-156.5076,20.8116],[-156.5056,20.811],[-156.4976,20.8016],[-156.4948,20.7995],[-156.4878,20.7976],[-156.4842,20.7949],[-156.4789,20.7922],[-156.4723,20.7892],[-156.4658,20.7852]]},"properties":{"LINEARID":"1105558962350","FULLNAME":"N Kihei Rd","RTTYP":"M","MTFCC":"S1200"}},
{"type":"Feature","geometry":{"type":"LineString","coordinates":[[-157.8708,21.3137],[-157.8725,21.3139]]},"properties":{"LINEARID":"1102406955089","FULLNAME":"N Nimitz Hwy","RTTYP":"M","MTFCC":"S1200"}},
{"type":"Feature","geometry":{"type":"LineString","coordinates":[[-157.89,21.3327],[-157.8914,21.3339],[-157.892,21.3344],[-157.893,21.3348],[-157.8976,21.3349]]},"properties":{"LINEARID":"11010936316051","FULLNAME":"N Nimitz Hwy","RTTYP":"M","MTFCC":"S1200"}},
{"type":"Feature","geometry":{"type":"LineString","coordinates":[[-156.4658,20.7852],[-156.462,20.7857],[-156.4618,20.7858]]},"properties":{"LINEARID":"1105558962349","FULLNAME":"N Kihei Rd","RTTYP":"M","MTFCC":"S1200"}},
{"type":"Feature","geometry":{"type":"LineString","coordinates":[[-155.9593,19.6611],[-155.9651,19.6688],[-155.9666,19.6723],[-155.9682,19.6744],[-155.9685,19.6779],[-155.9718,19.6822],[-155.9727,19.6848],[-155.9743,19.686],[-155.9756,19.6882]]},"properties":{"LINEARID":"110159770805","FULLNAME":"N Kona Belt Rd","RTTYP":"M","MTFCC":"S1200"}},
{"type":"Feature","geometry":{"type":"LineString","coordinates":[[-157.8653,21.313],[-157.8673,21.3141],[-157.8705,21.313],[-157.8729,21.3134],[-157.8742,21.3147],[-157.8766,21.3193],[-157.8787,21.3208],[-157.8821,21.3242],[-157.8858,21.3273],[-157.8867,21.3286],[-157.8868,21.3287],[-157.8872,21.3298],[-157.8885,21.3315],[-157.8891,21.332],[-157.8913,21.3329],[-157.8973,21.3343],[-157.9266,21.3388],[-157.9277,21.339],[-157.9302,21.3399],[-157.9373,21.3433]]},"properties":{"LINEARID":"11010936311225","FULLNAME":"N Nimitz Hwy","RTTYP":"M","MTFCC":"S1200"}},
{"type":"Feature","geometry":{"type":"LineString","coordinates":[[-157.8651,21.3131],[-157.8665,21.3153],[-157.8683,21.3144]]},"properties":{"LINEARID":"11010936311191","FULLNAME":"N Nimitz Hwy","RTTYP":"M","MTFCC":"S1200"}},
{"type":"Feature","geometry":{"type":"LineString","coordinates":[[-157.9373,21.3433],[-157.9406,21.3446]]},"properties":{"LINEARID":"1104257839980","FULLNAME":"N Nimitz Hwy","RTTYP":"M","MTFCC":"S1200"}},
{"type":"Feature","geometry":{"type":"LineString","coordinates":[[-157.8642,21.31],[-157.8645,21.3107]]},"properties":{"LINEARID":"1102406954854","FULLNAME":"N Nimitz Hwy","RTTYP":"M","MTFCC":"S1200"}},
{"type":"Feature","geometry":{"type":"LineString","coordinates":[[-157.8743,21.3153],[-157.8752,21.3171]]},"properties":{"LINEARID":"1104259374704","FULLNAME":"N Nimitz Hwy","RTTYP":"M","MTFCC":"S1200"}},
{"type":"Feature","geometry":{"type":"LineString","coordinates":[[-157.8594,21.3166],[-157.8621,21.32]]},"properties":{"LINEARID":"1102888289036","FULLNAME":"N Vineyard Blvd","RTTYP":"M","MTFCC":"S1200"}},
{"type":"Feature","geometry":{"type":"LineString","coordinates":[[-156.4619,20.7859],[-156.462,20.7858],[-156.4658,20.7852]]},"properties":{"LINEARID":"1105558858499","FULLNAME":"N Kihei Rd","RTTYP":"M","MTFCC":"S1200"}},
{"type":"Feature","geometry":{"type":"LineString","coordinates":[[-157.8683,21.3144],[-157.8708,21.3137]]},"properties":{"LINEARID":"1104259380284","FULLNAME":"N Nimitz Hwy","RTTYP":"M","MTFCC":"S1200"}},
{"type":"Feature","geometry":{"type":"LineString","coordinates":[[-157.9373,21.3433],[-157.9405,21.3442],[-157.9428,21.3462]]},"properties":{"LINEARID":"1102164461353","FULLNAME":"N Nimitz Hwy","RTTYP":"M","MTFCC":"S1200"}},
{"type":"Feature","geometry":{"type":"LineString","coordinates":[[-157.8752,21.3171],[-157.8759,21.3186],[-157.8772,21.3201],[-157.882,21.3243],[-157.8857,21.3274],[-157.8866,21.329],[-157.8875,21.3307],[-157.8888,21.3319],[-157.8897,21.3325]]},"properties":{"LINEARID":"11010936313139","FULLNAME":"N Nimitz Hwy","RTTYP":"M","MTFCC":"S1200"}},
{"type":"Feature","geometry":{"type":"LineString","coordinates":[[-157.9895,21.4082],[-157.9902,21.4124],[-157.9923,21.4151]]},"properties":{"LINEARID":"1104258250100","FULLNAME":"S H2 Fwy","RTTYP":"M","MTFCC":"S1100"}},
{"type":"Feature","geometry":{"type":"LineString","coordinates":[[-157.9949,21.4222],[-157.9956,21.4249],[-157.9969,21.4318]]},"properties":{"LINEARID":"1104258250102","FULLNAME":"S H2 Fwy","RTTYP":"M","MTFCC":"S1100"}},
{"type":"Feature","geometry":{"type":"LineString","coordinates":[[-157.8628,21.3054],[-157.8635,21.3033]]},"properties":{"LINEARID":"1102164460425","FULLNAME":"S Nimitz Hwy","RTTYP":"M","MTFCC":"S1200"}},
{"type":"Feature","geometry":{"type":"LineString","coordinates":[[-158.0284,21.4925],[-158.0285,21.493],[-158.0298,21.4959]]},"properties":{"LINEARID":"1102445587577","FULLNAME":"S Kamehameha Hwy","RTTYP":"M","MTFCC":"S1200"}},
{"type":"Feature","geometry":{"type":"LineString","coordinates":[[-156.5049,20.8869],[-156.5049,20.8809]]},"properties":{"LINEARID":"1104269125490","FULLNAME":"S High St","RTTYP":"M","MTFCC":"S1200"}},
{"type":"Feature","geometry":{"type":"LineString","coordinates":[[-157.8543,21.3103],[-157.8533,21.3093]]},"properties":{"LINEARID":"1102888589037","FULLNAME":"S Vineyard Blvd","RTTYP":"M","MTFCC":"S1200"}},
{"type":"Feature","geometry":{"type":"LineString","coordinates":[[-157.8642,21.31],[-157.8642,21.3081],[-157.863,21.3062]]},"properties":{"LINEARID":"1104259378818","FULLNAME":"S Nimitz Hwy","RTTYP":"M","MTFCC":"S1200"}},
{"type":"Feature","geometry":{"type":"LineString","coordinates":[[-155.8776,19.355],[-155.877,19.362],[-155.8772,19.37],[-155.8762,19.3735],[-155.8766,19.3765],[-155.8781,19.378],[-155.8792,19.3813],[-155.878,19.3863],[-155.8784,19.3935],[-155.8803,19.3988],[-155.8814,19.4057],[-155.8805,19.4089],[-155.8811,19.4116],[-155.8803,19.4166],[-155.8814,19.4183],[-155.8815,19.4208],[-155.8801,19.425],[-155.8804,19.4289],[-155.8814,19.4327],[-155.8811,19.4366],[-155.8798,19.4393],[-155.8798,19.444]]},"properties":{"LINEARID":"1102284340958","FULLNAME":"S Kona Belt Rd","RTTYP":"M","MTFCC":"S1200"}},
{"type":"Feature","geometry":{"type":"LineString","coordinates":[[-155.9183,19.4938],[-155.9143,19.4918],[-155.9115,19.4897],[-155.9113,19.4895],[-155.9059,19.4864],[-155.8976,19.4806],[-155.8947,19.4788],[-155.8908,19.4736],[-155.887,19.4677],[-155.8852,19.4662],[-155.8812,19.4612],[-155.8797,19.456],[-155.8798,19.444]]},"properties":{"LINEARID":"1106087886060","FULLNAME":"S Kona Belt Rd","RTTYP":"M","MTFCC":"S1200"}},
{"type":"Feature","geometry":{"type":"LineString","coordinates":[[-157.8644,21.3099],[-157.8643,21.308]]},"properties":{"LINEARID":"110509752848","FULLNAME":"S Nimitz Hwy","RTTYP":"M","MTFCC":"S1200"}},
{"type":"Feature","geometry":{"type":"LineString","coordinates":[[-157.8573,21.314],[-157.8565,21.313],[-157.8563,21.3128]]},"properties":{"LINEARID":"1102888589051","FULLNAME":"S Vineyard Blvd","RTTYP":"M","MTFCC":"S1200"}},
{"type":"Feature","geometry":{"type":"LineString","coordinates":[[-158.0331,21.4899],[-158.0311,21.4903],[-158.0285,21.4897],[-158.0283,21.4897],[-158.0269,21.4886],[-158.0258,21.4868],[-158.0255,21.4852]]},"properties":{"LINEARID":"1105645260039","FULLNAME":"S H2 Fwy","RTTYP":"M","MTFCC":"S1100"}},
{"type":"Feature","geometry":{"type":"LineString","coordinates":[[-155.8798,19.444],[-155.8799,19.444]]},"properties":{"LINEARID":"1102284340959","FULLNAME":"S Kona Belt Rd","RTTYP":"M","MTFCC":"S1200"}},
{"type":"Feature","geometry":{"type":"LineString","coordinates":[[-157.8578,21.3144],[-157.8566,21.3128],[-157.8565,21.3127],[-157.8531,21.3089]]},"properties":{"LINEARID":"110509757762","FULLNAME":"S Vineyard Blvd","RTTYP":"M","MTFCC":"S1200"}},
{"type":"Feature","geometry":{"type":"LineString","coordinates":[[-157.9909,21.4484],[-157.99,21.4531],[-157.9902,21.4552],[-157.9913,21.4568],[-157.9952,21.4605],[-157.9982,21.4622]]},"properties":{"LINEARID":"1104492477687","FULLNAME":"S H2 Fwy","RTTYP":"M","MTFCC":"S1100"}},
{"type":"Feature","geometry":{"type":"LineString","coordinates":[[-156.4674,20.8913],[-156.4673,20.8912],[-156.4604,20.8763],[-156.4578,20.8717],[-156.457,20.8684]]},"properties":{"LINEARID":"1102219800778","FULLNAME":"S Puunene Ave","RTTYP":"M","MTFCC":"S1200"}},
{"type":"Feature","geometry":{"type":"LineString","coordinates":[[-155.0664,19.6951],[-155.0683,19.6949]]},"properties":{"LINEARID":"1104258211326","FULLNAME":"E Puainako St","RTTYP":"M","MTFCC":"S1200"}},
{"type":"Feature","geometry":{"type":"LineString","coordinates":[[-155.0683,19.6948],[-155.0664,19.695]]},"properties":{"LINEARID":"1104469603090","FULLNAME":"E Puainako St","RTTYP":"M","MTFCC":"S1200"}},
{"type":"Feature","geometry":{"type":"LineString","coordinates":[[-156.4632,20.893],[-156.4621,20.8934]]},"properties":{"LINEARID":"1104468777668","FULLNAME":"E Kaahumanu Ave","RTTYP":"M","MTFCC":"S1200"}},
{"type":"Feature","geometry":{"type":"LineString","coordinates":[[-156.4637,20.8926],[-156.4632,20.893]]},"properties":{"LINEARID":"1104468735481","FULLNAME":"E Kaahumanu Ave","RTTYP":"M","MTFCC":"S1200"}},
{"type":"Feature","geometry":{"type":"LineString","coordinates":[[-156.4674,20.8913],[-156.464,20.8926],[-156.4632,20.893]]},"properties":{"LINEARID":"1104468777670","FULLNAME":"E Kaahumanu Ave","RTTYP":"M","MTFCC":"S1200"}},
{"type":"Feature","geometry":{"type":"LineString","coordinates":[[-156.4673,20.8912],[-156.4641,20.8924]]},"properties":{"LINEARID":"1104468734605","FULLNAME":"E Kaahumanu Ave","RTTYP":"M","MTFCC":"S1200"}},
{"type":"Feature","geometry":{"type":"LineString","coordinates":[[-155.0647,19.6951],[-155.0645,19.6951],[-155.0604,19.6954],[-155.0572,19.6965]]},"properties":{"LINEARID":"11031988886717","FULLNAME":"E Puainako St","RTTYP":"M","MTFCC":"S1200"}},
{"type":"Feature","geometry":{"type":"LineString","coordinates":[[-155.0649,19.6952],[-155.0614,19.6955],[-155.0573,19.6966]]},"properties":{"LINEARID":"11031988886718","FULLNAME":"E Puainako St","RTTYP":"M","MTFCC":"S1200"}},
{"type":"Feature","geometry":{"type":"LineString","coordinates":[[-157.9253,21.372],[-157.9252,21.3729],[-157.9252,21.373],[-157.9263,21.3763]]},"properties":{"LINEARID":"1104257839266","FULLNAME":"W H1 Fwy","RTTYP":"M","MTFCC":"S1100"}},
{"type":"Feature","geometry":{"type":"LineString","coordinates":[[-157.9049,21.3674],[-157.9021,21.3642]]},"properties":{"LINEARID":"1106087879758","FULLNAME":"W Moanalua Fwy","RTTYP":"M","MTFCC":"S1100"}},
{"type":"Feature","geometry":{"type":"LineString","coordinates":[[-156.496,20.8888],[-156.4936,20.8887],[-156.4748,20.8887],[-156.4728,20.8892],[-156.4673,20.8912]]},"properties":{"LINEARID":"1104468730110","FULLNAME":"W Kaahumanu Ave","RTTYP":"M","MTFCC":"S1200"}},
{"type":"Feature","geometry":{"type":"LineString","coordinates":[[-157.9259,21.3707],[-157.928,21.3664],[-157.9281,21.3661],[-157.9306,21.3605],[-157.9325,21.3521],[-157.9334,21.3468],[-157.9322,21.343],[-157.9292,21.3401],[-157.926,21.339],[-157.9014,21.3353],[-157.8983,21.3349],[-157.892,21.3344],[-157.8883,21.3353]]},"properties":{"LINEARID":"1105645261097","FULLNAME":"W H1 Fwy","RTTYP":"M","MTFCC":"S1100"}},
{"type":"Feature","geometry":{"type":"LineString","coordinates":[[-157.9286,21.3794],[-157.929,21.38]]},"properties":{"LINEARID":"1102888239684","FULLNAME":"W H1 Fwy","RTTYP":"M","MTFCC":"S1100"}},
{"type":"Feature","geometry":{"type":"LineString","coordinates":[[-155.0905,19.6933],[-155.0686,19.6949],[-155.0683,19.6948]]},"properties":{"LINEARID":"1104258211327","FULLNAME":"W Puainako St","RTTYP":"M","MTFCC":"S1200"}},
{"type":"Feature","geometry":{"type":"LineString","coordinates":[[-157.9845,21.3961],[-157.9842,21.396]]},"properties":{"LINEARID":"1102393116604","FULLNAME":"W H1 Fwy","RTTYP":"M","MTFCC":"S1100"}},
{"type":"Feature","geometry":{"type":"LineString","coordinates":[[-157.9786,21.3935],[-157.9704,21.3903],[-157.9657,21.3901],[-157.9629,21.391],[-157.9627,21.391],[-157.9615,21.3915]]},"properties":{"LINEARID":"1104257683130","FULLNAME":"W H1 Fwy","RTTYP":"M","MTFCC":"S1100"}},
{"type":"Feature","geometry":{"type":"LineString","coordinates":[[-158.0804,21.3395],[-158.079,21.341],[-158.0681,21.3512],[-158.0658,21.3538],[-158.0646,21.3562],[-158.0633,21.3625],[-158.0615,21.3654],[-158.0521,21.3737],[-158.0488,21.3758],[-158.0411,21.3789],[-158.0376,21.3808]]},"properties":{"LINEARID":"1104257612921","FULLNAME":"W H1 Fwy","RTTYP":"M","MTFCC":"S1100"}},
{"type":"Feature","geometry":{"type":"LineString","coordinates":[[-156.496,20.8888],[-156.499,20.8883]]},"properties":{"LINEARID":"1104468777666","FULLNAME":"W Kaahumanu Ave","RTTYP":"M","MTFCC":"S1200"}},
{"type":"Feature","geometry":{"type":"LineString","coordinates":[[-157.9591,21.3925],[-157.9565,21.3933],[-157.9543,21.3934],[-157.9531,21.3931],[-157.937,21.3873],[-157.9341,21.3859],[-157.9323,21.3843],[-157.9312,21.3829]]},"properties":{"LINEARID":"1104257839268","FULLNAME":"W H1 Fwy","RTTYP":"M","MTFCC":"S1100"}},
{"type":"Feature","geometry":{"type":"LineString","coordinates":[[-157.8323,21.2999],[-157.8301,21.2985],[-157.8249,21.2966],[-157.8214,21.2947],[-157.8178,21.291],[-157.8142,21.2888],[-157.8125,21.2875]]},"properties":{"LINEARID":"1104259508740","FULLNAME":"W H1 Fwy","RTTYP":"M","MTFCC":"S1100"}},
{"type":"Feature","geometry":{"type":"LineString","coordinates":[[-157.8824,21.3367],[-157.8811,21.3363],[-157.8777,21.3358],[-157.8754,21.3349]]},"properties":{"LINEARID":"1105598251145","FULLNAME":"W H1 Fwy","RTTYP":"M","MTFCC":"S1100"}},
{"type":"Feature","geometry":{"type":"LineString","coordinates":[[-157.8736,21.3338],[-157.8728,21.3331],[-157.8698,21.3301],[-157.8663,21.3251],[-157.861,21.3225],[-157.8546,21.3146],[-157.8545,21.3145],[-157.8526,21.3117],[-157.851,21.3073],[-157.8498,21.3062],[-157.8399,21.3027],[-157.8367,21.3023],[-157.8353,21.3018],[-157.8338,21.301]]},"properties":{"LINEARID":"1105645261916","FULLNAME":"W H1 Fwy","RTTYP":"M","MTFCC":"S1100"}},
{"type":"Feature","geometry":{"type":"LineString","coordinates":[[-157.8932,21.3453],[-157.8902,21.3431],[-157.8872,21.3423],[-157.8837,21.3378],[-157.8824,21.3367]]},"properties":{"LINEARID":"1104470496702","FULLNAME":"W Moanalua Fwy","RTTYP":"M","MTFCC":"S1100"}},
{"type":"Feature","geometry":{"type":"LineString","coordinates":[[-157.9236,21.3384],[-157.9268,21.3389],[-157.9281,21.3392],[-157.93,21.3403],[-157.9325,21.343],[-157.9335,21.3455],[-157.9334,21.3489],[-157.9327,21.3522],[-157.9308,21.3608],[-157.9284,21.366],[-157.9283,21.3662],[-157.9254,21.373],[-157.9254,21.3731],[-157.9262,21.3758],[-157.9326,21.3843],[-157.9344,21.3859],[-157.9358,21.3866],[-157.9524,21.3927],[-157.9548,21.3932],[-157.9579,21.3928],[-157.9625,21.3909],[-157.9627,21.3909],[-157.9668,21.3898],[-157.9712,21.3904],[-157.9846,21.3957],[-157.9849,21.3958]]},"properties":{"LINEARID":"1104257741113","FULLNAME":"W H1 Fwy","RTTYP":"M","MTFCC":"S1100"}},
{"type":"Feature","geometry":{"type":"LineString","coordinates":[[-157.9132,21.3706],[-157.9102,21.3727],[-157.9084,21.3763],[-157.907,21.3782],[-157.9022,21.3816],[-157.8973,21.3866],[-157.8939,21.391],[-157.8917,21.393],[-157.8847,21.3965],[-157.8815,21.3971],[-157.8774,21.3994],[-157.8738,21.4027],[-157.87,21.4049],[-157.866,21.4061],[-157.863,21.4066],[-157.859,21.4066],[-157.8535,21.4059],[-157.8462,21.404],[-157.8424,21.4036],[-157.8363,21.404],[-157.8339,21.4038],[-157.8302,21.4024],[-157.8276,21.4023],[-157.8237,21.4045],[-157.8217,21.4052],[-157.8198,21.4051],[-157.8169,21.4036],[-157.8139,21.4007],[-157.8128,21.3987],[-157.8129,21.3935],[-157.8129,21.3934],[-157.8132,21.3893],[-157.8125,21.3868],[-157.8115,21.3852],[-157.8069,21.3807],[-157.8037,21.379],[-157.8016,21.3787],[-157.7998,21.3789],[-157.7973,21.3799],[-157.7907,21.3847],[-157.7905,21.3848],[-157.7854,21.385],[-157.7821,21.3855],[-157.7759,21.3894],[-157.7743,21.3913],[-157.7728,21.3962],[-157.7716,21.3989],[-157.7661,21.4066],[-157.766,21.4067],[-157.7643,21.4091],[-157.7628,21.4135],[-157.7619,21.4217],[-157.7602,21.4276],[-157.7604,21.4315]]},"properties":{"LINEARID":"1104469352246","FULLNAME":"W H3 Fwy","RTTYP":"M","MTFCC":"S1100"}},
{"type":"Feature","geometry":{"type":"LineString","coordinates":[[-156.496,20.8888],[-156.4747,20.8888],[-156.4729,20.8893],[-156.4674,20.8913]]},"properties":{"LINEARID":"1104468777665","FULLNAME":"W Kaahumanu Ave","RTTYP":"M","MTFCC":"S1200"}},
{"type":"Feature","geometry":{"type":"LineString","coordinates":[[-155.049,19.647],[-155.0518,19.6509],[-155.0627,19.6674],[-155.0639,19.6701],[-155.0645,19.673],[-155.0652,19.6813],[-155.0655,19.6862],[-155.0659,19.6911],[-155.0656,19.695],[-155.0656,19.6951],[-155.0648,19.6997],[-155.0642,19.703],[-155.0641,19.7078],[-155.0642,19.7118],[-155.0642,19.712],[-155.0642,19.7226]]},"properties":{"LINEARID":"1105645262854","FULLNAME":"Kanoelehua Ave","RTTYP":"M","MTFCC":"S1200"}},
{"type":"Feature","geometry":{"type":"LineString","coordinates":[[-155.0573,19.6966],[-155.0614,19.6955],[-155.0649,19.6952],[-155.0656,19.6951],[-155.0658,19.6951],[-155.0664,19.6951],[-155.0683,19.6949],[-155.0686,19.6949]]},"properties":{"LINEARID":"11031985022281","FULLNAME":"State Rte 2000","RTTYP":"S","MTFCC":"S1200"}},
{"type":"Feature","geometry":{"type":"LineString","coordinates":[[-155.0669,19.7226],[-155.0643,19.7226],[-155.0642,19.7226]]},"properties":{"LINEARID":"11012814433509","FULLNAME":"Kamehameha Ave","RTTYP":"M","MTFCC":"S1200"}},
{"type":"Feature","geometry":{"type":"LineString","coordinates":[[-155.0494,19.6468],[-155.052,19.6505],[-155.0616,19.665],[-155.0634,19.6679],[-155.0646,19.6724],[-155.0661,19.6913],[-155.0661,19.6929],[-155.0658,19.695],[-155.0658,19.6951],[-155.0644,19.7031],[-155.0643,19.7176],[-155.0643,19.7226]]},"properties":{"LINEARID":"1104469350956","FULLNAME":"Kanoelehua Ave","RTTYP":"M","MTFCC":"S1200"}},
{"type":"Feature","geometry":{"type":"LineString","coordinates":[[-155.0634,19.6679],[-155.0616,19.665],[-155.052,19.6505],[-155.0494,19.6468],[-155.0408,19.6344],[-155.0402,19.633],[-155.0397,19.6269],[-155.0402,19.6245],[-155.0406,19.6234],[-155.0408,19.623],[-155.0447,19.6175],[-155.0469,19.6143],[-155.048,19.612],[-155.0489,19.6081],[-155.0507,19.6056],[-155.0521,19.6036],[-155.056,19.5955],[-155.0585,19.5926],[-155.0598,19.5912],[-155.061,19.5878],[-155.0604,19.5845],[-155.0611,19.5819],[-155.0641,19.5783],[-155.0689,19.575],[-155.0758,19.5724],[-155.0784,19.571],[-155.0859,19.5662],[-155.0918,19.5634],[-155.0954,19.5613],[-155.0989,19.5584],[-155.1054,19.5527],[-155.1069,19.5511],[-155.1093,19.5488],[-155.1122,19.5473],[-155.1228,19.5389],[-155.133,19.5292],[-155.1343,19.5273],[-155.1443,19.4985],[-155.1449,19.4972],[-155.1609,19.475],[-155.1641,19.4708],[-155.1659,19.4664],[-155.1718,19.4572],[-155.1745,19.4549],[-155.1771,19.4542],[-155.1856,19.4524],[-155.1955,19.4504],[-155.1979,19.4496],[-155.205,19.446],[-155.2167,19.4402],[-155.2217,19.4367],[-155.2219,19.4365],[-155.2337,19.4261],[-155.2368,19.424],[-155.2439,19.4225],[-155.2468,19.4233]]},"properties":{"LINEARID":"1106087292908","FULLNAME":"Mamalahoa Hwy","RTTYP":"M","MTFCC":"S1200"}},
{"type":"Feature","geometry":{"type":"LineString","coordinates":[[-155.0709,19.7224],[-155.0747,19.7219],[-155.0787,19.7221],[-155.0789,19.723],[-155.0824,19.7236],[-155.0854,19.7253],[-155.0866,19.7269],[-155.0889,19.7306]]},"properties":{"LINEARID":"1104469296259","FULLNAME":"State Rte 19","RTTYP":"S","MTFCC":"S1200"}},
{"type":"Feature","geometry":{"type":"LineString","coordinates":[[-155.0711,19.7225],[-155.0723,19.7225]]},"properties":{"LINEARID":"1104469295269","FULLNAME":"Bayfront Hwy","RTTYP":"M","MTFCC":"S1200"}},
{"type":"Feature","geometry":{"type":"LineString","coordinates":[[-155.1476,19.6812],[-155.148,19.6812],[-155.1555,19.681]]},"properties":{"LINEARID":"1102280157712","FULLNAME":"Puainako St","RTTYP":"M","MTFCC":"S1200"}},
{"type":"Feature","geometry":{"type":"LineString","coordinates":[[-155.4582,20.0687],[-155.4547,20.0683],[-155.4505,20.0694],[-155.4503,20.0694],[-155.4502,20.0695],[-155.4498,20.0695],[-155.4453,20.0706],[-155.4428,20.07],[-155.4378,20.0673],[-155.4272,20.0648],[-155.4197,20.0637],[-155.4161,20.0623],[-155.4009,20.0531],[-155.3987,20.052],[-155.3888,20.0487],[-155.3741,20.0432],[-155.3716,20.0411],[-155.371,20.0407],[-155.3669,20.0385],[-155.3578,20.0346],[-155.3503,20.0309],[-155.3481,20.03],[-155.3371,20.0267],[-155.3342,20.0255],[-155.3243,20.0202]]},"properties":{"LINEARID":"1106087292888","FULLNAME":"Mamalahoa Hwy","RTTYP":"M","MTFCC":"S1200"}},
{"type":"Feature","geometry":{"type":"LineString","coordinates":[[-155.1979,19.4496],[-155.205,19.446],[-155.2167,19.4402]]},"properties":{"LINEARID":"1103624797406","FULLNAME":"Mamahaloa Hwy","RTTYP":"M","MTFCC":"S1200"}},
{"type":"Feature","geometry":{"type":"LineString","coordinates":[[-155.0336,19.6277],[-155.033,19.6262]]},"properties":{"LINEARID":"1104257694408","FULLNAME":"Keaau Byp","RTTYP":"M","MTFCC":"S1200"}},
{"type":"Feature","geometry":{"type":"LineString","coordinates":[[-155.0585,19.5926],[-155.0598,19.5912]]},"properties":{"LINEARID":"1103822776054","FULLNAME":"Hwy 11","RTTYP":"M","MTFCC":"S1200"}},
{"type":"Feature","geometry":{"type":"LineString","coordinates":[[-155.0408,19.623],[-155.0447,19.6175]]},"properties":{"LINEARID":"1103818331940","FULLNAME":"Volcano Hwy","RTTYP":"M","MTFCC":"S1200"}},
{"type":"Feature","geometry":{"type":"LineString","coordinates":[[-155.8305,20.238],[-155.8306,20.2367],[-155.8302,20.2211],[-155.8307,20.2167],[-155.8306,20.213],[-155.8311,20.2105]]},"properties":{"LINEARID":"1105645260556","FULLNAME":"Hawi Rd","RTTYP":"M","MTFCC":"S1200"}},
{"type":"Feature","geometry":{"type":"LineString","coordinates":[[-155.7656,20.2239],[-155.7666,20.222]]},"properties":{"LINEARID":"1103630349747","FULLNAME":"Greensbank Rd","RTTYP":"M","MTFCC":"S1200"}},
{"type":"Feature","geometry":{"type":"LineString","coordinates":[[-155.7473,20.2204],[-155.7476,20.2203],[-155.7489,20.2214],[-155.7539,20.2207],[-155.7564,20.2207],[-155.7569,20.2222],[-155.7656,20.2239],[-155.7666,20.222]]},"properties":{"LINEARID":"1106087408387","FULLNAME":"Akoni Pule Hwy","RTTYP":"M","MTFCC":"S1200"}},
{"type":"Feature","geometry":{"type":"LineString","coordinates":[[-155.7986,20.2305],[-155.7975,20.2303]]},"properties":{"LINEARID":"110159774068","FULLNAME":"Mahukona-Niulii Rd","RTTYP":"M","MTFCC":"S1200"}},
{"type":"Feature","geometry":{"type":"LineString","coordinates":[[-155.9756,19.6882],[-155.9755,19.6842],[-155.9751,19.6823],[-155.9773,19.6796],[-155.9796,19.6741],[-155.9798,19.6698],[-155.9809,19.6687],[-155.9817,19.6644],[-155.9812,19.661],[-155.9816,19.6594],[-155.9833,19.6576],[-155.9838,19.6542],[-155.9854,19.6517],[-155.9884,19.6497],[-155.9929,19.6475]]},"properties":{"LINEARID":"1104258215929","FULLNAME":"State Hwy 190","RTTYP":"S","MTFCC":"S1200"}},
{"type":"Feature","geometry":{"type":"LineString","coordinates":[[-155.6689,20.0204],[-155.6699,20.0216],[-155.6781,20.0228],[-155.6837,20.0256],[-155.6898,20.0258],[-155.6989,20.0268],[-155.7021,20.0259],[-155.7129,20.028],[-155.7151,20.0278],[-155.7212,20.0263],[-155.7246,20.0259],[-155.7285,20.0244],[-155.7314,20.0225],[-155.7356,20.0233],[-155.7453,20.0241],[-155.7487,20.0221],[-155.7566,20.0243],[-155.7691,20.0226],[-155.7727,20.0218],[-155.7776,20.0223],[-155.783,20.0222],[-155.7842,20.0216],[-155.7857,20.0192],[-155.7877,20.0193],[-155.7899,20.0209],[-155.7917,20.0211],[-155.7963,20.0203],[-155.7992,20.019],[-155.8074,20.0211],[-155.8105,20.0228],[-155.8129,20.0228],[-155.813,20.0124],[-155.82,19.9789],[-155.8207,19.9705],[-155.8221,19.9644],[-155.8243,19.9595],[-155.8338,19.9454],[-155.8395,19.9386],[-155.845,19.9336],[-155.8851,19.9034],[-155.8869,19.9019],[-155.8907,19.8981],[-155.8926,19.8956],[-155.8959,19.89],[-155.9121,19.8538],[-155.9137,19.8508],[-155.9165,19.8469],[-155.9197,19.8436],[-155.9246,19.8399],[-155.966,19.8162],[-155.9689,19.815],[-155.9736,19.8139],[-155.9771,19.8135],[-155.9831,19.8118],[-155.9885,19.8088],[-155.9947,19.8038],[-156.002,19.7967],[-156.0058,19.7924],[-156.0094,19.7878],[-156.0176,19.7763],[-156.0219,19.7689],[-156.0246,19.7623],[-156.0266,19.7548],[-156.0337,19.7133],[-156.0333,19.708],[-156.0312,19.7039]]},"properties":{"LINEARID":"1106087879116","FULLNAME":"State Hwy 19","RTTYP":"S","MTFCC":"S1200"}},
{"type":"Feature","geometry":{"type":"LineString","coordinates":[[-155.6873,19.9354],[-155.6872,19.9343],[-155.6823,19.9293],[-155.6778,19.9259],[-155.6757,19.9214],[-155.6761,19.9158],[-155.6767,19.9146],[-155.676,19.9114],[-155.6747,19.9079],[-155.6752,19.9042],[-155.6765,19.9005],[-155.6766,19.8976],[-155.67,19.8909],[-155.6687,19.8879],[-155.6685,19.8854],[-155.6657,19.8828],[-155.6626,19.879],[-155.6599,19.8729],[-155.6579,19.8697],[-155.6578,19.8685],[-155.6543,19.8652],[-155.6494,19.858],[-155.6482,19.8525],[-155.6433,19.8431],[-155.6423,19.8388],[-155.6412,19.8364],[-155.6383,19.8332],[-155.6389,19.8306],[-155.636,19.8261],[-155.6364,19.8239],[-155.6358,19.8203],[-155.6342,19.8185],[-155.6327,19.8114],[-155.6298,19.8041],[-155.6257,19.7923]]},"properties":{"LINEARID":"1106077942366","FULLNAME":"State Rte 200","RTTYP":"S","MTFCC":"S1200"}},
{"type":"Feature","geometry":{"type":"LineString","coordinates":[[-155.9983,19.6753],[-156.0015,19.6733]]},"properties":{"LINEARID":"1104258645677","FULLNAME":"State Rte 197","RTTYP":"S","MTFCC":"S1200"}},
{"type":"Feature","geometry":{"type":"LineString","coordinates":[[-156.0118,19.6746],[-156.0121,19.6754]]},"properties":{"LINEARID":"1106262825310","FULLNAME":"Kamanu St","RTTYP":"M","MTFCC":"S1200"}},
{"type":"Feature","geometry":{"type":"LineString","coordinates":[[-156.0015,19.6733],[-155.9983,19.6753]]},"properties":{"LINEARID":"1104258207688","FULLNAME":"State Rte 197","RTTYP":"S","MTFCC":"S1200"}},
{"type":"Feature","geometry":{"type":"LineString","coordinates":[[-155.5178,19.7444],[-155.515,19.7425],[-155.5117,19.7393]]},"properties":{"LINEARID":"1105559446297","FULLNAME":"Infantry Rd","RTTYP":"M","MTFCC":"S1200"}},
{"type":"Feature","geometry":{"type":"LineString","coordinates":[[-154.9408,19.4915],[-154.9398,19.4912],[-154.9386,19.4909],[-154.9343,19.4897],[-154.9328,19.4892],[-154.9292,19.4882],[-154.927,19.4882],[-154.9207,19.4878],[-154.9172,19.4867],[-154.9109,19.4859],[-154.907,19.4849],[-154.9049,19.4827],[-154.9028,19.481],[-154.9024,19.481],[-154.898,19.4821],[-154.8936,19.4842],[-154.8888,19.4873],[-154.8837,19.4896],[-154.8828,19.49],[-154.8821,19.4903],[-154.8803,19.4909],[-154.8744,19.4905],[-154.8741,19.4905],[-154.8726,19.4904]]},"properties":{"LINEARID":"1106092827979","FULLNAME":"State Highway 132 Hwy","RTTYP":"M","MTFCC":"S1200"}},
{"type":"Feature","geometry":{"type":"LineString","coordinates":[[-155.1146,19.8708],[-155.1124,19.8718],[-155.1111,19.875]]},"properties":{"LINEARID":"110159763329","FULLNAME":"Honomu Rd","RTTYP":"M","MTFCC":"S1200"}},
{"type":"Feature","geometry":{"type":"LineString","coordinates":[[-155.1425,19.85],[-155.1437,19.8499]]},"properties":{"LINEARID":"1105645262105","FULLNAME":"State Hwy 22","RTTYP":"S","MTFCC":"S1200"}},
{"type":"Feature","geometry":{"type":"LineString","coordinates":[[-154.8726,19.4904],[-154.87,19.4903],[-154.8684,19.4906],[-154.8652,19.4914],[-154.8618,19.4924],[-154.8577,19.4935],[-154.8537,19.4947],[-154.8536,19.4948],[-154.8483,19.4989],[-154.8461,19.5022],[-154.8453,19.5051],[-154.8441,19.5067],[-154.8348,19.5079],[-154.8252,19.5094],[-154.8233,19.5102],[-154.8113,19.5161]]},"properties":{"LINEARID":"1106092750431","FULLNAME":"State Hwy 132","RTTYP":"S","MTFCC":"S1200"}},
{"type":"Feature","geometry":{"type":"LineString","coordinates":[[-154.8726,19.4904],[-154.87,19.4903]]},"properties":{"LINEARID":"1103660200558","FULLNAME":"Hwy 132","RTTYP":"M","MTFCC":"S1200"}},
{"type":"Feature","geometry":{"type":"LineString","coordinates":[[-154.9419,19.4922],[-154.9414,19.4919]]},"properties":{"LINEARID":"110159758190","FULLNAME":"State Hwy 130","RTTYP":"S","MTFCC":"S1200"}},
{"type":"Feature","geometry":{"type":"LineString","coordinates":[[-154.9414,19.4919],[-154.9419,19.4922],[-154.9442,19.4939],[-154.9479,19.4945],[-154.9516,19.4969],[-154.9535,19.4989],[-154.9556,19.5036],[-154.9561,19.5045],[-154.956,19.5054],[-154.9573,19.5065],[-154.9599,19.5102],[-154.9623,19.5124],[-154.9635,19.5143]]},"properties":{"LINEARID":"1106087846762","FULLNAME":"Pahoa Rd","RTTYP":"M","MTFCC":"S1200"}},
{"type":"Feature","geometry":{"type":"LineString","coordinates":[[-154.8936,19.4842],[-154.8888,19.4873],[-154.8837,19.4896],[-154.8828,19.49]]},"properties":{"LINEARID":"1103938689899","FULLNAME":"Pahoa-Kapoho Rd","RTTYP":"M","MTFCC":"S1200"}},
{"type":"Feature","geometry":{"type":"LineString","coordinates":[[-155.8803,19.4166],[-155.884,19.4211],[-155.885,19.4243],[-155.8903,19.4344],[-155.8924,19.4345],[-155.8944,19.4301],[-155.8962,19.4225],[-155.899,19.4218],[-155.902,19.4248],[-155.9045,19.4251],[-155.9069,19.4243],[-155.9096,19.4248],[-155.9117,19.4269]]},"properties":{"LINEARID":"110159773617","FULLNAME":"Keala O Keawe Rd","RTTYP":"M","MTFCC":"S1200"}},
{"type":"Feature","geometry":{"type":"LineString","coordinates":[[-157.8887,21.3159],[-157.8883,21.3151],[-157.8874,21.3132],[-157.8858,21.309],[-157.8855,21.3086],[-157.8851,21.3082],[-157.8831,21.3081]]},"properties":{"LINEARID":"1104259742317","FULLNAME":"State Rte 64","RTTYP":"S","MTFCC":"S1200"}},
{"type":"Feature","geometry":{"type":"LineString","coordinates":[[-157.993,21.4003],[-157.9987,21.4087],[-158.0078,21.4227],[-158.008,21.4247],[-158.0093,21.4261],[-158.0118,21.4272],[-158.0132,21.4291],[-158.0138,21.4367],[-158.0129,21.4409],[-158.0131,21.4427],[-158.0154,21.4503],[-158.0166,21.457],[-158.0173,21.4582]]},"properties":{"LINEARID":"1106077942394","FULLNAME":"State Rte 99","RTTYP":"S","MTFCC":"S1200"}},
{"type":"Feature","geometry":{"type":"LineString","coordinates":[[-158.0677,21.3247],[-158.0681,21.3251],[-158.0708,21.328],[-158.0728,21.3315],[-158.0726,21.3358],[-158.0734,21.3373],[-158.0759,21.3401],[-158.076,21.3402],[-158.0777,21.342]]},"properties":{"LINEARID":"1104258056215","FULLNAME":"State Rte 901","RTTYP":"S","MTFCC":"S1200"}},
{"type":"Feature","geometry":{"type":"LineString","coordinates":[[-158.0681,21.3251],[-158.0708,21.328],[-158.0728,21.3315],[-158.0726,21.3358],[-158.0734,21.3373],[-158.0759,21.3401],[-158.076,21.3402],[-158.0777,21.342]]},"properties":{"LINEARID":"110509757152","FULLNAME":"Makakilo Dr","RTTYP":"M","MTFCC":"S1200"}},
{"type":"Feature","geometry":{"type":"LineString","coordinates":[[-157.7797,21.2778],[-157.7733,21.2771],[-157.7674,21.276],[-157.7651,21.2759],[-157.7589,21.2768],[-157.7539,21.278],[-157.751,21.2782],[-157.7426,21.2804],[-157.7389,21.2808],[-157.7306,21.2828],[-157.726,21.2852],[-157.722,21.2861],[-157.719,21.2855],[-157.7153,21.2831],[-157.7105,21.2807],[-157.705,21.2761],[-157.7019,21.275],[-157.698,21.2749],[-157.6935,21.2753],[-157.6895,21.2732],[-157.6884,21.2733],[-157.6877,21.2763],[-157.6859,21.2766],[-157.6826,21.2781],[-157.6819,21.2792],[-157.6787,21.2804],[-157.6777,21.2823],[-157.6746,21.2857],[-157.6629,21.2918],[-157.6617,21.2945],[-157.6626,21.2972],[-157.6622,21.299],[-157.6604,21.3007],[-157.6572,21.302],[-157.6565,21.3032],[-157.6573,21.3087],[-157.6602,21.31],[-157.6613,21.3113],[-157.6619,21.314],[-157.6638,21.3156],[-157.6682,21.3166],[-157.674,21.3216],[-157.6961,21.3316],[-157.6969,21.3322],[-157.7041,21.3402],[-157.711,21.3459],[-157.7123,21.3465],[-157.7254,21.3485],[-157.7295,21.3512],[-157.7295,21.3535],[-157.7297,21.3546],[-157.7301,21.3552],[-157.7327,21.3577],[-157.7342,21.3594],[-157.7357,21.3614],[-157.7414,21.3698],[-157.7433,21.3722],[-157.7464,21.375],[-157.7506,21.3778],[-157.7561,21.3808],[-157.7569,21.3798],[-157.7586,21.3786],[-157.7597,21.378],[-157.7613,21.3774],[-157.7629,21.3771],[-157.7664,21.3771],[-157.7746,21.3792],[-157.7774,21.3785],[-157.7807,21.375],[-157.7808,21.3749]]},"properties":{"LINEARID":"1104259509177","FULLNAME":"State Hwy 72","RTTYP":"S","MTFCC":"S1200"}},
{"type":"Feature","geometry":{"type":"LineString","coordinates":[[-158.0885,21.3257],[-158.0782,21.323],[-158.074,21.3229],[-158.0677,21.3247],[-158.0675,21.3248],[-158.0549,21.3291],[-158.048,21.3314],[-158.0424,21.3316],[-158.0409,21.3305],[-158.0402,21.3283]]},"properties":{"LINEARID":"1104258059699","FULLNAME":"State Rte 8940","RTTYP":"S","MTFCC":"S1200"}},
{"type":"Feature","geometry":{"type":"LineString","coordinates":[[-157.9358,21.3783],[-157.9379,21.3798],[-157.9625,21.3909],[-157.9627,21.391],[-157.965,21.3921],[-157.9775,21.3963],[-157.9836,21.3962]]},"properties":{"LINEARID":"1104257961841","FULLNAME":"State Hwy 99","RTTYP":"S","MTFCC":"S1200"}},
{"type":"Feature","geometry":{"type":"LineString","coordinates":[[-157.9346,21.3491],[-157.9354,21.3528],[-157.9378,21.363],[-157.9358,21.3683],[-157.9332,21.3727],[-157.9326,21.3746],[-157.9331,21.3761],[-157.9342,21.3771],[-157.9358,21.3783],[-157.9379,21.3798],[-157.9625,21.3909],[-157.9627,21.391],[-157.965,21.3921],[-157.9775,21.3963],[-157.9836,21.3962],[-157.9843,21.3961],[-157.9845,21.3961],[-157.985,21.396],[-157.9851,21.3959],[-157.9877,21.3951]]},"properties":{"LINEARID":"1106092780348","FULLNAME":"State Rte 99","RTTYP":"S","MTFCC":"S1200"}},
{"type":"Feature","geometry":{"type":"LineString","coordinates":[[-157.8649,21.3234],[-157.8622,21.3199],[-157.8578,21.3144],[-157.8566,21.3128],[-157.8565,21.3127],[-157.8531,21.3089]]},"properties":{"LINEARID":"1104269933606","FULLNAME":"State Rte 98","RTTYP":"S","MTFCC":"S1200"}},
{"type":"Feature","geometry":{"type":"LineString","coordinates":[[-157.9336,21.3722],[-157.9327,21.3746],[-157.9333,21.3761],[-157.9357,21.3781],[-157.9373,21.3793],[-157.9627,21.3909],[-157.9629,21.391],[-157.9703,21.3938]]},"properties":{"LINEARID":"1104762233426","FULLNAME":"Kamehameha Hwy","RTTYP":"M","MTFCC":"S1200"}},
{"type":"Feature","geometry":{"type":"LineString","coordinates":[[-157.8842,21.3382],[-157.8873,21.3421],[-157.8902,21.3429],[-157.8929,21.3446],[-157.8959,21.3491]]},"properties":{"LINEARID":"1104257838839","FULLNAME":"State Hwy 78","RTTYP":"S","MTFCC":"S1100"}},
{"type":"Feature","geometry":{"type":"LineString","coordinates":[[-157.9268,21.3583],[-157.9291,21.3574],[-157.9313,21.355],[-157.932,21.3519]]},"properties":{"LINEARID":"1104274451010","FULLNAME":"State Rte 7350","RTTYP":"S","MTFCC":"S1200"}},
{"type":"Feature","geometry":{"type":"LineString","coordinates":[[-157.8976,21.3349],[-157.9014,21.3354],[-157.9194,21.3381]]},"properties":{"LINEARID":"1105319902364","FULLNAME":"Kam Hwy","RTTYP":"M","MTFCC":"S1200"}},
{"type":"Feature","geometry":{"type":"LineString","coordinates":[[-158.023,21.3337],[-158.0229,21.3337],[-158.0197,21.3357],[-158.0088,21.3471],[-158.0065,21.3487]]},"properties":{"LINEARID":"1104258066987","FULLNAME":"Iroquois Rd","RTTYP":"M","MTFCC":"S1200"}},
{"type":"Feature","geometry":{"type":"LineString","coordinates":[[-157.8938,21.3531],[-157.894,21.356]]},"properties":{"LINEARID":"1104259420202","FULLNAME":"State Rte 7345","RTTYP":"S","MTFCC":"S1200"}},
{"type":"Feature","geometry":{"type":"LineString","coordinates":[[-157.8962,21.3504],[-157.8963,21.3511],[-157.8962,21.353],[-157.8966,21.3542],[-157.8985,21.3563],[-157.8995,21.3597]]},"properties":{"LINEARID":"1104257847465","FULLNAME":"Moanalua Fwy","RTTYP":"M","MTFCC":"S1100"}},
{"type":"Feature","geometry":{"type":"LineString","coordinates":[[-157.8333,21.2858],[-157.833,21.2857]]},"properties":{"LINEARID":"1104259377705","FULLNAME":"State Rte 92","RTTYP":"S","MTFCC":"S1200"}},
{"type":"Feature","geometry":{"type":"LineString","coordinates":[[-157.936,21.3429],[-157.9421,21.3459],[-157.9439,21.3475]]},"properties":{"LINEARID":"1105319902334","FULLNAME":"State Rte 92","RTTYP":"S","MTFCC":"S1200"}},
{"type":"Feature","geometry":{"type":"LineString","coordinates":[[-157.8647,21.3235],[-157.8624,21.3204],[-157.8621,21.32],[-157.8594,21.3166],[-157.8573,21.314],[-157.8565,21.313],[-157.8563,21.3128],[-157.8543,21.3103],[-157.8533,21.3093]]},"properties":{"LINEARID":"1104269933655","FULLNAME":"State Rte 98","RTTYP":"S","MTFCC":"S1200"}},
{"type":"Feature","geometry":{"type":"LineString","coordinates":[[-157.853,21.3163],[-157.8509,21.319]]},"properties":{"LINEARID":"1104270230820","FULLNAME":"Pali Hwy","RTTYP":"M","MTFCC":"S1200"}},
{"type":"Feature","geometry":{"type":"LineString","coordinates":[[-157.9194,21.3381],[-157.9256,21.339],[-157.9286,21.3399],[-157.9314,21.3427],[-157.9322,21.343],[-157.9325,21.343],[-157.936,21.3429]]},"properties":{"LINEARID":"1105319902329","FULLNAME":"Nimitz Hwy","RTTYP":"M","MTFCC":"S1200"}},
{"type":"Feature","geometry":{"type":"LineString","coordinates":[[-157.8874,21.3325],[-157.8895,21.3333]]},"properties":{"LINEARID":"1105319903014","FULLNAME":"State Hwy 90","RTTYP":"S","MTFCC":"S1200"}},
{"type":"Feature","geometry":{"type":"LineString","coordinates":[[-157.8678,21.3397],[-157.8677,21.3422]]},"properties":{"LINEARID":"1104258267749","FULLNAME":"State Hwy 63","RTTYP":"S","MTFCC":"S1200"}},
{"type":"Feature","geometry":{"type":"LineString","coordinates":[[-157.8991,21.3448],[-157.896,21.349]]},"properties":{"LINEARID":"1104259461870","FULLNAME":"Puuloa Rd","RTTYP":"M","MTFCC":"S1200"}},
{"type":"Feature","geometry":{"type":"LineString","coordinates":[[-158.0322,21.3744],[-158.0307,21.3745]]},"properties":{"LINEARID":"1104257991254","FULLNAME":"State Rte 93","RTTYP":"S","MTFCC":"S1200"}},
{"type":"Feature","geometry":{"type":"LineString","coordinates":[[-158.0297,21.3748],[-158.0322,21.3744]]},"properties":{"LINEARID":"1104257986312","FULLNAME":"Farrington Hwy","RTTYP":"M","MTFCC":"S1200"}},
{"type":"Feature","geometry":{"type":"LineString","coordinates":[[-158.0835,21.3352],[-158.0832,21.3354]]},"properties":{"LINEARID":"1105319713845","FULLNAME":"State Hwy 93","RTTYP":"S","MTFCC":"S1200"}},
{"type":"Feature","geometry":{"type":"LineString","coordinates":[[-158.083,21.3346],[-158.0835,21.3352]]},"properties":{"LINEARID":"1105319713851","FULLNAME":"State Hwy 93","RTTYP":"S","MTFCC":"S1200"}},
{"type":"Feature","geometry":{"type":"LineString","coordinates":[[-158.0285,21.4915],[-158.0284,21.4925],[-158.0285,21.493]]},"properties":{"LINEARID":"1104474158741","FULLNAME":"State Rte 80","RTTYP":"S","MTFCC":"S1200"}},
{"type":"Feature","geometry":{"type":"LineString","coordinates":[[-158.0283,21.489],[-158.0285,21.4897],[-158.0285,21.49],[-158.0287,21.4911],[-158.0291,21.4912],[-158.032,21.4904],[-158.0379,21.4887],[-158.0395,21.4887],[-158.0396,21.4887],[-158.0434,21.4894],[-158.0501,21.4945],[-158.051,21.4971],[-158.0521,21.5015],[-158.0526,21.5026],[-158.0516,21.5035],[-158.0424,21.512],[-158.0404,21.5151],[-158.0381,21.5207],[-158.0381,21.5235],[-158.0395,21.5279],[-158.0396,21.5282],[-158.0455,21.5467],[-158.0483,21.5503],[-158.05,21.5511],[-158.0634,21.5563],[-158.0664,21.5584],[-158.0685,21.5608],[-158.0713,21.5628],[-158.101,21.5738],[-158.1024,21.5751]]},"properties":{"LINEARID":"1106092779371","FULLNAME":"State Hwy 99","RTTYP":"S","MTFCC":"S1200"}},
{"type":"Feature","geometry":{"type":"LineString","coordinates":[[-158.0526,21.5026],[-158.0516,21.5035],[-158.0424,21.512],[-158.0404,21.5151]]},"properties":{"LINEARID":"110509758226","FULLNAME":"Kamananui Rd","RTTYP":"M","MTFCC":"S1200"}},
{"type":"Feature","geometry":{"type":"LineString","coordinates":[[-158.0521,21.5015],[-158.0526,21.5026],[-158.0516,21.5035]]},"properties":{"LINEARID":"1104258643230","FULLNAME":"State Rte 99","RTTYP":"S","MTFCC":"S1200"}},
{"type":"Feature","geometry":{"type":"LineString","coordinates":[[-158.0491,21.4803],[-158.0469,21.4837],[-158.0422,21.4859],[-158.0395,21.4886],[-158.0395,21.4887]]},"properties":{"LINEARID":"1104270234335","FULLNAME":"State Rte 750","RTTYP":"S","MTFCC":"S1200"}},
{"type":"Feature","geometry":{"type":"LineString","coordinates":[[-158.0335,21.5056],[-158.0297,21.5082],[-158.0268,21.5094],[-158.0181,21.5114],[-158.0081,21.5145]]},"properties":{"LINEARID":"110509757818","FULLNAME":"Whitmore Ave","RTTYP":"M","MTFCC":"S1200"}},
{"type":"Feature","geometry":{"type":"LineString","coordinates":[[-158.1046,21.5542],[-158.1023,21.552],[-158.102,21.5492],[-158.0956,21.5421],[-158.0904,21.5385],[-158.0879,21.5356],[-158.086,21.5347],[-158.0821,21.5313],[-158.0814,21.5295],[-158.0796,21.5283],[-158.0719,21.5214],[-158.07,21.5206],[-158.0593,21.518],[-158.0529,21.5163],[-158.0424,21.512],[-158.0393,21.5106]]},"properties":{"LINEARID":"1104271370478","FULLNAME":"Kaukonahua Rd","RTTYP":"M","MTFCC":"S1200"}},
{"type":"Feature","geometry":{"type":"LineString","coordinates":[[-157.7446,21.4258],[-157.7482,21.4212],[-157.749,21.42],[-157.752,21.4135],[-157.7557,21.4087],[-157.7577,21.4072],[-157.7623,21.4061],[-157.7658,21.4066],[-157.766,21.4067],[-157.7708,21.4098],[-157.7724,21.4106],[-157.776,21.4109],[-157.7784,21.4103],[-157.7821,21.4064],[-157.7831,21.4061],[-157.7928,21.4058],[-157.7978,21.4033],[-157.7995,21.403],[-157.7997,21.403]]},"properties":{"LINEARID":"1104299703327","FULLNAME":"State Hwy 65","RTTYP":"S","MTFCC":"S1200"}},
{"type":"Feature","geometry":{"type":"LineString","coordinates":[[-157.7446,21.4258],[-157.7482,21.4212],[-157.749,21.42],[-157.752,21.4135],[-157.7557,21.4087],[-157.7577,21.4072],[-157.7623,21.4061],[-157.7658,21.4066],[-157.766,21.4067],[-157.7708,21.4098],[-157.7724,21.4106],[-157.776,21.4109],[-157.7784,21.4103],[-157.7821,21.4064],[-157.7831,21.4061],[-157.7928,21.4058],[-157.7978,21.4033],[-157.7995,21.403],[-157.7997,21.403]]},"properties":{"LINEARID":"110509745528","FULLNAME":"State Hwy 630","RTTYP":"S","MTFCC":"S1200"}},
{"type":"Feature","geometry":{"type":"LineString","coordinates":[[-157.7808,21.3749],[-157.7809,21.375],[-157.7905,21.3846],[-157.7907,21.3847],[-157.7931,21.3871],[-157.797,21.3931],[-157.798,21.3971],[-157.7998,21.4016],[-157.7997,21.4029],[-157.7997,21.403],[-157.7994,21.404]]},"properties":{"LINEARID":"1104271138381","FULLNAME":"State Hwy 83","RTTYP":"S","MTFCC":"S1200"}},
{"type":"Feature","geometry":{"type":"LineString","coordinates":[[-158.0998,21.6018],[-158.0995,21.5964],[-158.1002,21.5927],[-158.1004,21.5918],[-158.1021,21.5841]]},"properties":{"LINEARID":"1106087406282","FULLNAME":"Joseph P Leong Hwy","RTTYP":"M","MTFCC":"S1200"}},
{"type":"Feature","geometry":{"type":"LineString","coordinates":[[-157.7557,21.4087],[-157.7568,21.4076],[-157.7596,21.4062],[-157.7622,21.4059],[-157.7659,21.4065],[-157.7661,21.4066],[-157.77,21.4093],[-157.7727,21.4106],[-157.776,21.4109]]},"properties":{"LINEARID":"1104271137119","FULLNAME":"State Rte 65","RTTYP":"S","MTFCC":"S1200"}},
{"type":"Feature","geometry":{"type":"LineString","coordinates":[[-157.8143,21.4182],[-157.813,21.4161],[-157.8079,21.4104],[-157.8074,21.4089],[-157.807,21.4031]]},"properties":{"LINEARID":"1104258240704","FULLNAME":"State Rte 83","RTTYP":"S","MTFCC":"S1200"}},
{"type":"Feature","geometry":{"type":"LineString","coordinates":[[-159.4712,22.2128],[-159.4734,22.2131],[-159.478,22.2123],[-159.4771,22.2107],[-159.483,22.2085],[-159.4854,22.206],[-159.4879,22.2043],[-159.4919,22.2041],[-159.5014,22.2014],[-159.5075,22.2004],[-159.5098,22.201],[-159.5144,22.2043],[-159.5165,22.2068],[-159.5171,22.2099],[-159.5187,22.2122],[-159.5227,22.2134],[-159.5252,22.2132],[-159.5319,22.2155],[-159.5343,22.2153],[-159.538,22.2134],[-159.5386,22.2124],[-159.5413,22.2131],[-159.5431,22.2126],[-159.5434,22.2149],[-159.542,22.216],[-159.5461,22.2212],[-159.5537,22.2231],[-159.5608,22.2226],[-159.5651,22.2194],[-159.568,22.2211],[-159.5699,22.2216],[-159.5759,22.2202],[-159.5797,22.2209],[-159.5826,22.2204]]},"properties":{"LINEARID":"1104977742536","FULLNAME":"State Rte 560","RTTYP":"S","MTFCC":"S1200"}},
{"type":"Feature","geometry":{"type":"LineString","coordinates":[[-159.6312,22.1474],[-159.6367,22.1487],[-159.6382,22.151],[-159.6429,22.1508],[-159.6454,22.1502],[-159.6439,22.1474]]},"properties":{"LINEARID":"1104975930270","FULLNAME":"Kokee State Park Rd","RTTYP":"M","MTFCC":"S1200"}},
{"type":"Feature","geometry":{"type":"LineString","coordinates":[[-159.4712,22.2128],[-159.4734,22.2131]]},"properties":{"LINEARID":"1102300022918","FULLNAME":"State Hwy 560","RTTYP":"S","MTFCC":"S1200"}},
{"type":"Feature","geometry":{"type":"LineString","coordinates":[[-159.7399,21.9807],[-159.7359,21.9764]]},"properties":{"LINEARID":"1104257587988","FULLNAME":"State Hwy 50","RTTYP":"S","MTFCC":"S1200"}},
{"type":"Feature","geometry":{"type":"LineString","coordinates":[[-159.667,21.9613],[-159.6698,21.9603],[-159.672,21.9574]]},"properties":{"LINEARID":"1104257627714","FULLNAME":"Onaona Rd","RTTYP":"M","MTFCC":"S1200"}},
{"type":"Feature","geometry":{"type":"LineString","coordinates":[[-159.3718,21.966],[-159.3652,21.9613],[-159.3614,21.9575],[-159.3595,21.957],[-159.3578,21.9578],[-159.354,21.958]]},"properties":{"LINEARID":"1104977734970","FULLNAME":"State Rte 58","RTTYP":"S","MTFCC":"S1200"}},
{"type":"Feature","geometry":{"type":"LineString","coordinates":[[-159.3718,21.966],[-159.3652,21.9613],[-159.3614,21.9575],[-159.3595,21.957],[-159.3578,21.9578],[-159.354,21.958]]},"properties":{"LINEARID":"1104977734893","FULLNAME":"Nawiliwili Rd","RTTYP":"M","MTFCC":"S1200"}},
{"type":"Feature","geometry":{"type":"LineString","coordinates":[[-159.3417,22.0329],[-159.3407,22.0377]]},"properties":{"LINEARID":"1104975906343","FULLNAME":"Kuhio Hwy","RTTYP":"M","MTFCC":"S1200"}},
{"type":"Feature","geometry":{"type":"LineString","coordinates":[[-156.2648,20.9171],[-156.2659,20.9143],[-156.2672,20.9135],[-156.2663,20.9115],[-156.2627,20.9135],[-156.2515,20.9152],[-156.2487,20.9148],[-156.2441,20.9133],[-156.2412,20.9108],[-156.2377,20.9096],[-156.2348,20.9078],[-156.2323,20.9038],[-156.2295,20.9051],[-156.2273,20.9029],[-156.2252,20.9018],[-156.2258,20.8997],[-156.224,20.8978],[-156.2226,20.8997],[-156.2208,20.8999],[-156.2196,20.8986],[-156.219,20.8944],[-156.2166,20.8922],[-156.2136,20.8903],[-156.2123,20.8886],[-156.2105,20.8884],[-156.2103,20.8869],[-156.2075,20.8847],[-156.2059,20.8845],[-156.2038,20.8815],[-156.2003,20.882],[-156.2004,20.8781],[-156.1971,20.8797],[-156.1944,20.8799],[-156.1917,20.8782],[-156.1901,20.8783],[-156.1881,20.8753],[-156.1869,20.8758],[-156.185,20.8746],[-156.1832,20.872],[-156.1801,20.8713],[-156.179,20.8695],[-156.1768,20.8686],[-156.1751,20.8687],[-156.1715,20.8714],[-156.17,20.872],[-156.1675,20.8698],[-156.1681,20.8684],[-156.1676,20.8644],[-156.1689,20.8616],[-156.1691,20.8546],[-156.1666,20.8572],[-156.1657,20.8598],[-156.1637,20.8601],[-156.1618,20.8627],[-156.1597,20.8616],[-156.1586,20.8594],[-156.1607,20.8553],[-156.1599,20.8547],[-156.1573,20.8561],[-156.1554,20.8586],[-156.1507,20.8594],[-156.1491,20.8592],[-156.1466,20.8574],[-156.1446,20.857],[-156.1415,20.8528],[-156.1381,20.8518],[-156.1365,20.8499],[-156.1363,20.8472],[-156.1389,20.8457],[-156.1403,20.8417],[-156.1392,20.838],[-156.1363,20.8342],[-156.1347,20.8307],[-156.1354,20.8285],[-156.1346,20.8274],[-156.1373,20.8236],[-156.1328,20.8199],[-156.1322,20.8178],[-156.1282,20.8183],[-156.1217,20.8162],[-156.1203,20.8143],[-156.1161,20.8129],[-156.1146,20.811],[-156.1111,20.8118],[-156.1091,20.81],[-156.1063,20.8098],[-156.1049,20.8106],[-156.1021,20.8093],[-156.0985,20.8086],[-156.0964,20.8073],[-156.0951,20.8076],[-156.0942,20.8059],[-156.0923,20.8072],[-156.0894,20.8069],[-156.0864,20.8056],[-156.0834,20.8059],[-156.0806,20.8027],[-156.078,20.8024],[-156.0767,20.8002],[-156.0739,20.7988],[-156.0701,20.7991],[-156.0691,20.7985],[-156.0669,20.7998],[-156.0652,20.7998],[-156.0566,20.7962],[-156.055,20.7963],[-156.0516,20.7939],[-156.0471,20.7937],[-156.0454,20.7914],[-156.039,20.7888],[-156.0382,20.7876],[-156.0361,20.7876],[-156.0313,20.7852],[-156.0282,20.7831],[-156.0229,20.7833],[-156.0186,20.782],[-156.0121,20.7826],[-156.0062,20.7818],[-156.0029,20.7795],[-155.9997,20.7745],[-155.9976,20.7694],[-155.9959,20.7683],[-155.9937,20.7633]]},"properties":{"LINEARID":"11057868404","FULLNAME":"State Rte 360","RTTYP":"S","MTFCC":"S1200"}},
{"type":"Feature","geometry":{"type":"LineString","coordinates":[[-156.6088,21.0177],[-156.6096,21.0198],[-156.613,21.0229],[-156.6155,21.0238],[-156.6175,21.0217],[-156.619,21.0227],[-156.6234,21.022],[-156.6257,21.021],[-156.628,21.0221],[-156.633,21.0204],[-156.6361,21.0185],[-156.6379,21.0159],[-156.6372,21.0139],[-156.6348,21.0135],[-156.6366,21.0118],[-156.6394,21.0126],[-156.6421,21.0104],[-156.6453,21.0106],[-156.6454,21.0093],[-156.6473,21.008],[-156.6488,21.005],[-156.6498,20.9979],[-156.6517,20.9938],[-156.6567,20.9896],[-156.6599,20.9863],[-156.6621,20.9849],[-156.6677,20.9844],[-156.6713,20.9822],[-156.674,20.9778],[-156.6759,20.9753],[-156.6775,20.9701],[-156.6802,20.965],[-156.6815,20.9619],[-156.6832,20.9552],[-156.684,20.9529],[-156.688,20.9451],[-156.6895,20.9418],[-156.69,20.9391],[-156.6901,20.9173],[-156.6894,20.9133],[-156.687,20.9068],[-156.685,20.9033],[-156.6846,20.9016],[-156.6849,20.8935],[-156.6815,20.8824],[-156.6808,20.8813],[-156.6745,20.8749],[-156.6736,20.8733],[-156.6699,20.8645],[-156.6681,20.8616],[-156.6626,20.8541],[-156.6578,20.8497],[-156.6531,20.8441],[-156.6488,20.8372],[-156.6477,20.8358],[-156.6449,20.834],[-156.6425,20.8355],[-156.6407,20.8348],[-156.6382,20.8309],[-156.6335,20.8268],[-156.6306,20.8233],[-156.6285,20.8185],[-156.6254,20.8142],[-156.6226,20.8113],[-156.6184,20.8103],[-156.6108,20.8104],[-156.6062,20.8095],[-156.5999,20.8065],[-156.5931,20.8009],[-156.5896,20.7984],[-156.5846,20.7959],[-156.5801,20.7947],[-156.5677,20.7931],[-156.5642,20.7918],[-156.5554,20.7875],[-156.5543,20.786],[-156.5491,20.7843],[-156.5487,20.7832],[-156.5457,20.7812],[-156.5435,20.7809],[-156.5393,20.7771],[-156.5368,20.7755],[-156.5327,20.7764],[-156.5303,20.7762],[-156.5255,20.7786],[-156.5232,20.7788],[-156.5214,20.7807],[-156.5185,20.7827],[-156.5173,20.7843],[-156.515,20.7897],[-156.5116,20.7955],[-156.5096,20.7999],[-156.5076,20.8116],[-156.5069,20.8168],[-156.5062,20.8372],[-156.5054,20.8473],[-156.5037,20.8541],[-156.5025,20.8659],[-156.5032,20.871],[-156.5049,20.8809],[-156.5049,20.8869]]},"properties":{"LINEARID":"1104468778820","FULLNAME":"Honoapiilani Hwy","RTTYP":"M","MTFCC":"S1200"}},
{"type":"Feature","geometry":{"type":"LineString","coordinates":[[-156.4579,20.8788],[-156.454,20.8833],[-156.4529,20.8854],[-156.4529,20.8855]]},"properties":{"LINEARID":"11057869283","FULLNAME":"Dairy Rd","RTTYP":"M","MTFCC":"S1200"}},
{"type":"Feature","geometry":{"type":"LineString","coordinates":[[-156.496,20.8888],[-156.4936,20.8887],[-156.4748,20.8887],[-156.4728,20.8892],[-156.4673,20.8912],[-156.4641,20.8924]]},"properties":{"LINEARID":"1104468730121","FULLNAME":"State Rte 32","RTTYP":"S","MTFCC":"S1200"}},
{"type":"Feature","geometry":{"type":"LineString","coordinates":[[-156.4637,20.8926],[-156.4632,20.893]]},"properties":{"LINEARID":"1104468735479","FULLNAME":"State Rte 32","RTTYP":"S","MTFCC":"S1200"}},
{"type":"Feature","geometry":{"type":"LineString","coordinates":[[-156.4581,20.7823],[-156.455,20.779],[-156.4534,20.7753],[-156.4504,20.7632],[-156.4475,20.7552],[-156.4468,20.7525],[-156.4455,20.7452],[-156.4454,20.7419],[-156.4459,20.7362],[-156.4456,20.7337],[-156.4446,20.7315],[-156.4408,20.7253],[-156.4375,20.7181],[-156.436,20.7109],[-156.4302,20.6884],[-156.4309,20.6881],[-156.4336,20.687],[-156.4366,20.6877],[-156.4392,20.6872]]},"properties":{"LINEARID":"1105558965993","FULLNAME":"State Rte 31","RTTYP":"S","MTFCC":"S1200"}},
{"type":"Feature","geometry":{"type":"LineString","coordinates":[[-156.4581,20.7823],[-156.4618,20.7858],[-156.4619,20.7859],[-156.4628,20.7873],[-156.4638,20.7908]]},"properties":{"LINEARID":"1105558859996","FULLNAME":"State Rte 31","RTTYP":"S","MTFCC":"S1200"}},
{"type":"Feature","geometry":{"type":"LineString","coordinates":[[-156.3332,20.7376],[-156.3297,20.7408],[-156.3267,20.7416],[-156.3247,20.7434],[-156.3195,20.7462],[-156.3169,20.7464],[-156.3158,20.7486],[-156.3131,20.7492],[-156.3107,20.7521],[-156.3074,20.7551],[-156.3072,20.7614],[-156.3061,20.7655],[-156.306,20.7688],[-156.3075,20.7715],[-156.3078,20.7735],[-156.3073,20.7759],[-156.3082,20.7805],[-156.3068,20.7836],[-156.3079,20.7851],[-156.3082,20.7933],[-156.3093,20.7944],[-156.3091,20.7966],[-156.308,20.7975],[-156.3077,20.8015],[-156.3082,20.8039],[-156.3079,20.8059],[-156.3067,20.8071],[-156.3062,20.8113],[-156.3078,20.8131],[-156.3063,20.8147],[-156.3056,20.8168],[-156.3074,20.8198],[-156.3095,20.821],[-156.3141,20.822],[-156.316,20.8238],[-156.315,20.826],[-156.316,20.8281],[-156.319,20.8276],[-156.3215,20.8292],[-156.3245,20.8286],[-156.3276,20.8293],[-156.3302,20.8293]]},"properties":{"LINEARID":"1104468777649","FULLNAME":"State Rte 377","RTTYP":"S","MTFCC":"S1200"}},
{"type":"Feature","geometry":{"type":"LineString","coordinates":[[-156.3496,20.8494],[-156.3483,20.8464],[-156.3448,20.8436],[-156.3404,20.8386],[-156.3337,20.8337],[-156.3302,20.8293]]},"properties":{"LINEARID":"1104468777686","FULLNAME":"State Rte 37","RTTYP":"S","MTFCC":"S1200"}},
{"type":"Feature","geometry":{"type":"LineString","coordinates":[[-155.0929,19.6937],[-155.0972,19.694],[-155.1043,19.693],[-155.1104,19.6926],[-155.1105,19.6926],[-155.1132,19.692],[-155.115,19.6908],[-155.12,19.6842],[-155.1237,19.6812],[-155.1277,19.6793],[-155.1305,19.6793],[-155.1403,19.6817],[-155.1449,19.6815],[-155.1476,19.6812],[-155.148,19.6812],[-155.1555,19.681]]},"properties":{"LINEARID":"1106092780007","FULLNAME":"State Rte 2000","RTTYP":"S","MTFCC":"S1200"}},
{"type":"Feature","geometry":{"type":"LineString","coordinates":[[-155.0709,19.7224],[-155.071,19.7225]]},"properties":{"LINEARID":"1104469295299","FULLNAME":"Kamehameha Ave","RTTYP":"M","MTFCC":"S1200"}},
{"type":"Feature","geometry":{"type":"LineString","coordinates":[[-155.0652,19.6813],[-155.0655,19.6862]]},"properties":{"LINEARID":"1104257687533","FULLNAME":"State Hwy 11","RTTYP":"S","MTFCC":"S1200"}},
{"type":"Feature","geometry":{"type":"LineString","coordinates":[[-155.1024,19.7177],[-155.1004,19.7182],[-155.0866,19.7269]]},"properties":{"LINEARID":"110159772489","FULLNAME":"Waianuenue Ave","RTTYP":"M","MTFCC":"S1200"}},
{"type":"Feature","geometry":{"type":"LineString","coordinates":[[-155.1038,19.8141],[-155.1002,19.8055],[-155.0978,19.7985],[-155.0975,19.7977],[-155.0959,19.7929],[-155.0931,19.7902],[-155.0918,19.7865],[-155.0938,19.7764],[-155.0937,19.7745],[-155.091,19.7653],[-155.0909,19.7632],[-155.0924,19.7548],[-155.0915,19.7495]]},"properties":{"LINEARID":"1106087292872","FULLNAME":"Mamalahoa Hwy","RTTYP":"M","MTFCC":"S1200"}},
{"type":"Feature","geometry":{"type":"LineString","coordinates":[[-155.0711,19.7225],[-155.0723,19.7225]]},"properties":{"LINEARID":"1104469295785","FULLNAME":"Hawaii Belt Rd","RTTYP":"M","MTFCC":"S1200"}},
{"type":"Feature","geometry":{"type":"LineString","coordinates":[[-155.1221,19.8898],[-155.1236,19.8922],[-155.1276,19.8959],[-155.1297,19.8989],[-155.1328,19.9042],[-155.1347,19.9059],[-155.1367,19.9087],[-155.1381,19.9122],[-155.1398,19.9143],[-155.1489,19.921],[-155.1525,19.9229],[-155.1541,19.9254],[-155.158,19.9291],[-155.1603,19.9324],[-155.1621,19.9338],[-155.1663,19.9359],[-155.1691,19.9388],[-155.1741,19.9416],[-155.1784,19.9465],[-155.1857,19.951],[-155.1887,19.9535],[-155.1928,19.9544],[-155.1958,19.9512],[-155.1979,19.9517],[-155.1969,19.9555],[-155.198,19.9594],[-155.2017,19.9633],[-155.2049,19.9652],[-155.2093,19.9701],[-155.2113,19.9714],[-155.2195,19.9752],[-155.2256,19.9802],[-155.2334,19.9845],[-155.2398,19.9858],[-155.2418,19.9865],[-155.2435,19.9882],[-155.2453,19.9881],[-155.2475,19.9864],[-155.2493,19.9872],[-155.2477,19.9893],[-155.2475,19.9916],[-155.2583,20.0025],[-155.2612,20.0037],[-155.2643,20.0019],[-155.2653,20.003],[-155.2636,20.0044],[-155.2651,20.0068],[-155.27,20.0079],[-155.2756,20.0107],[-155.2783,20.0111],[-155.2854,20.0099],[-155.288,20.0099],[-155.2922,20.0114],[-155.2986,20.0133],[-155.3063,20.0162],[-155.3089,20.0163],[-155.3133,20.0147],[-155.3145,20.0149],[-155.3234,20.0196],[-155.3243,20.0202],[-155.3342,20.0255],[-155.3371,20.0267],[-155.3481,20.03],[-155.3503,20.0309],[-155.3578,20.0346],[-155.3669,20.0385],[-155.371,20.0407],[-155.3716,20.0411],[-155.3741,20.0432],[-155.3888,20.0487],[-155.3987,20.052],[-155.4009,20.0531],[-155.4161,20.0623],[-155.4197,20.0637],[-155.4272,20.0648],[-155.4378,20.0673],[-155.4428,20.07],[-155.4453,20.0706],[-155.4498,20.0695],[-155.4502,20.0695],[-155.4503,20.0694],[-155.4505,20.0694],[-155.4547,20.0683],[-155.4582,20.0687]]},"properties":{"LINEARID":"1106081432104","FULLNAME":"State Hwy 19","RTTYP":"S","MTFCC":"S1200"}},
{"type":"Feature","geometry":{"type":"LineString","coordinates":[[-157.0983,21.1579],[-157.1008,21.1578],[-157.1027,21.1559],[-157.1028,21.1491],[-157.1025,21.1477]]},"properties":{"LINEARID":"1105559138498","FULLNAME":"Launui St","RTTYP":"M","MTFCC":"S1200"}},
{"type":"Feature","geometry":{"type":"LineString","coordinates":[[-157.0852,21.155],[-157.0844,21.158],[-157.0869,21.1592],[-157.0904,21.157],[-157.0919,21.1568],[-157.0983,21.1579],[-157.1008,21.1578],[-157.1027,21.1559],[-157.1028,21.1491],[-157.1025,21.1477]]},"properties":{"LINEARID":"11057871034","FULLNAME":"Airport Loop","RTTYP":"M","MTFCC":"S1200"}},
{"type":"Feature","geometry":{"type":"LineString","coordinates":[[-155.0138,19.5888],[-155.0103,19.5852],[-155.0073,19.5807],[-155.0044,19.5775],[-155.0028,19.5745],[-155.0016,19.5727],[-155.0016,19.5726],[-154.9923,19.5605],[-154.9885,19.5561],[-154.9857,19.5535],[-154.9806,19.5486],[-154.9769,19.5456],[-154.9749,19.5434],[-154.9738,19.5417],[-154.973,19.5387],[-154.9704,19.5266],[-154.9694,19.5242],[-154.9635,19.5143],[-154.9623,19.5124],[-154.9599,19.5102],[-154.9573,19.5065],[-154.956,19.5054],[-154.9561,19.5045],[-154.9556,19.5036],[-154.9535,19.4989],[-154.9516,19.4969],[-154.9479,19.4945],[-154.9442,19.4939],[-154.9419,19.4922],[-154.9414,19.4919]]},"properties":{"LINEARID":"1106092826000","FULLNAME":"Keaau Pahoa Rd","RTTYP":"M","MTFCC":"S1200"}},
{"type":"Feature","geometry":{"type":"LineString","coordinates":[[-155.0298,19.6165],[-155.0302,19.6199],[-155.0313,19.6227]]},"properties":{"LINEARID":"1104486237524","FULLNAME":"Keaau Byp","RTTYP":"M","MTFCC":"S1200"}},
{"type":"Feature","geometry":{"type":"LineString","coordinates":[[-155.0281,19.6065],[-155.031,19.6093],[-155.0347,19.6135]]},"properties":{"LINEARID":"1103698850472","FULLNAME":"Keaau Pahua Rd","RTTYP":"M","MTFCC":"S1200"}},
{"type":"Feature","geometry":{"type":"LineString","coordinates":[[-155.0261,19.6044],[-155.0283,19.6073]]},"properties":{"LINEARID":"1104258210935","FULLNAME":"State Hwy 130","RTTYP":"S","MTFCC":"S1200"}},
{"type":"Feature","geometry":{"type":"LineString","coordinates":[[-155.0507,19.6056],[-155.0521,19.6036]]},"properties":{"LINEARID":"1103942542597","FULLNAME":"Hwy 11","RTTYP":"M","MTFCC":"S1200"}},
{"type":"Feature","geometry":{"type":"LineString","coordinates":[[-155.0326,19.6257],[-155.0345,19.6301],[-155.0358,19.6319],[-155.0394,19.6328],[-155.0402,19.6336]]},"properties":{"LINEARID":"1104486221321","FULLNAME":"Keaau Pahoa Bypass Rd","RTTYP":"M","MTFCC":"S1200"}},
{"type":"Feature","geometry":{"type":"LineString","coordinates":[[-155.6989,20.0268],[-155.7006,20.0291],[-155.7047,20.0311],[-155.7065,20.0315],[-155.7068,20.034],[-155.7101,20.0358],[-155.7123,20.0382],[-155.7173,20.0393],[-155.7182,20.0404],[-155.7225,20.0423],[-155.7272,20.0436],[-155.7308,20.0455],[-155.7327,20.0458],[-155.7396,20.0492],[-155.7435,20.0528],[-155.7466,20.0568],[-155.7477,20.0613],[-155.7495,20.0635],[-155.7519,20.0648],[-155.7528,20.0662],[-155.757,20.0677],[-155.7588,20.0692],[-155.7606,20.0717],[-155.7643,20.0835],[-155.7678,20.088],[-155.7676,20.0901],[-155.7723,20.0934],[-155.773,20.0949],[-155.7763,20.0986],[-155.776,20.1001],[-155.7795,20.1015],[-155.7828,20.105],[-155.7853,20.1089],[-155.7882,20.1163],[-155.7904,20.1196],[-155.7948,20.1284],[-155.796,20.1363],[-155.8085,20.1508],[-155.8105,20.152],[-155.8159,20.1605],[-155.8182,20.1657],[-155.8202,20.1681],[-155.8252,20.1729],[-155.8272,20.1733],[-155.8301,20.1753],[-155.8307,20.1765],[-155.8304,20.1804],[-155.8331,20.1835],[-155.8368,20.1883],[-155.8399,20.1942],[-155.8421,20.1983],[-155.842,20.2023],[-155.8413,20.2036],[-155.8384,20.2038],[-155.8377,20.2063],[-155.8311,20.2105]]},"properties":{"LINEARID":"1106087293713","FULLNAME":"Kohala Mountain Rd","RTTYP":"M","MTFCC":"S1200"}},
{"type":"Feature","geometry":{"type":"LineString","coordinates":[[-155.8387,20.2388],[-155.8386,20.2388]]},"properties":{"LINEARID":"1105645122159","FULLNAME":"Mahukona-Niulii Rd","RTTYP":"M","MTFCC":"S1200"}},
{"type":"Feature","geometry":{"type":"LineString","coordinates":[[-155.7476,20.2203],[-155.7489,20.2214],[-155.7539,20.2207],[-155.7564,20.2207],[-155.7569,20.2222],[-155.7656,20.2239],[-155.7666,20.222]]},"properties":{"LINEARID":"1103663438707","FULLNAME":"Hawi-Niulii Rd","RTTYP":"M","MTFCC":"S1200"}},
{"type":"Feature","geometry":{"type":"LineString","coordinates":[[-155.8192,20.2371],[-155.8182,20.2368]]},"properties":{"LINEARID":"110159773706","FULLNAME":"Mahukonanulii Rd","RTTYP":"M","MTFCC":"S1200"}},
{"type":"Feature","geometry":{"type":"LineString","coordinates":[[-155.9937,19.6463],[-155.9936,19.6465],[-155.9929,19.6475],[-155.9935,19.6464],[-155.9936,19.6462],[-155.9937,19.6463]]},"properties":{"LINEARID":"1104258215930","FULLNAME":"State Hwy 190","RTTYP":"S","MTFCC":"S1200"}},
{"type":"Feature","geometry":{"type":"LineString","coordinates":[[-155.9846,19.6422],[-155.9935,19.6464],[-155.9936,19.6465]]},"properties":{"LINEARID":"1104257624250","FULLNAME":"State Rte 11","RTTYP":"S","MTFCC":"S1200"}},
{"type":"Feature","geometry":{"type":"LineString","coordinates":[[-155.9937,19.6463],[-155.9936,19.6462],[-155.9846,19.6422]]},"properties":{"LINEARID":"1106087886288","FULLNAME":"State Rte 11","RTTYP":"S","MTFCC":"S1200"}},
{"type":"Feature","geometry":{"type":"LineString","coordinates":[[-154.949,19.5018],[-154.9529,19.5044]]},"properties":{"LINEARID":"1104258096961","FULLNAME":"Pahoa Bypass Rd","RTTYP":"M","MTFCC":"S1200"}},
{"type":"Feature","geometry":{"type":"LineString","coordinates":[[-154.9667,19.3625],[-154.9663,19.3625],[-154.9626,19.3644],[-154.9503,19.3737],[-154.9451,19.3779],[-154.9413,19.3814],[-154.9313,19.393],[-154.9284,19.3958],[-154.9255,19.3969],[-154.9195,19.399],[-154.9125,19.4047],[-154.9042,19.4091],[-154.9025,19.4098],[-154.8963,19.4135],[-154.8937,19.4141],[-154.8881,19.4191],[-154.8864,19.4231],[-154.8836,19.4245],[-154.8774,19.4296],[-154.8746,19.4322],[-154.8738,19.4337],[-154.8689,19.4373],[-154.8675,19.4377],[-154.8641,19.4403],[-154.8588,19.4426],[-154.8564,19.4447],[-154.8558,19.4466],[-154.854,19.4486],[-154.8504,19.4515],[-154.8485,19.4549],[-154.8413,19.463],[-154.8375,19.4632],[-154.8325,19.4702],[-154.8334,19.5013],[-154.8348,19.5079]]},"properties":{"LINEARID":"1105645261044","FULLNAME":"State Rte 137","RTTYP":"S","MTFCC":"S1200"}},
{"type":"Feature","geometry":{"type":"LineString","coordinates":[[-154.9413,19.4879],[-154.9409,19.4793],[-154.9412,19.464],[-154.9408,19.46],[-154.9414,19.4474],[-154.9504,19.4202],[-154.9525,19.4137],[-154.953,19.4103],[-154.9532,19.4047],[-154.9537,19.4023],[-154.9572,19.3956],[-154.9578,19.393],[-154.9578,19.3871],[-154.9583,19.3844],[-154.9594,19.3823],[-154.9624,19.3788],[-154.964,19.3749],[-154.9649,19.3701],[-154.9661,19.3678],[-154.9687,19.3659],[-154.9796,19.3603],[-154.986,19.3563],[-154.9877,19.3549]]},"properties":{"LINEARID":"1106088024576","FULLNAME":"State Hwy 130","RTTYP":"S","MTFCC":"S1200"}},
{"type":"Feature","geometry":{"type":"LineString","coordinates":[[-154.9024,19.481],[-154.9028,19.481]]},"properties":{"LINEARID":"1103663438534","FULLNAME":"Kapoho Rd","RTTYP":"M","MTFCC":"S1200"}},
{"type":"Feature","geometry":{"type":"LineString","coordinates":[[-154.9535,19.4989],[-154.9516,19.4969],[-154.9479,19.4945],[-154.9442,19.4939],[-154.9419,19.4922]]},"properties":{"LINEARID":"1103930444676","FULLNAME":"Pahoa Village Rd","RTTYP":"M","MTFCC":"S1200"}},
{"type":"Feature","geometry":{"type":"LineString","coordinates":[[-154.9414,19.496],[-154.9422,19.4969]]},"properties":{"LINEARID":"110159762259","FULLNAME":"Pahoa Byp","RTTYP":"M","MTFCC":"S1200"}},
{"type":"Feature","geometry":{"type":"LineString","coordinates":[[-154.9024,19.481],[-154.898,19.4821],[-154.8936,19.4842],[-154.8888,19.4873],[-154.8837,19.4896]]},"properties":{"LINEARID":"1106092776619","FULLNAME":"Hwy 132","RTTYP":"M","MTFCC":"S1200"}},
{"type":"Feature","geometry":{"type":"LineString","coordinates":[[-154.9042,19.4091],[-154.9025,19.4098]]},"properties":{"LINEARID":"1104692242223","FULLNAME":"Hwy 137","RTTYP":"M","MTFCC":"S1200"}},
{"type":"Feature","geometry":{"type":"LineString","coordinates":[[-155.1031,19.8434],[-155.1033,19.8398]]},"properties":{"LINEARID":"110159771104","FULLNAME":"Mamalahoa Hwy","RTTYP":"M","MTFCC":"S1200"}},
{"type":"Feature","geometry":{"type":"LineString","coordinates":[[-155.1471,19.8503],[-155.148,19.8509]]},"properties":{"LINEARID":"1105645262121","FULLNAME":"State Hwy 22","RTTYP":"S","MTFCC":"S1200"}},
{"type":"Feature","geometry":{"type":"LineString","coordinates":[[-155.8803,19.4166],[-155.884,19.4211],[-155.885,19.4243],[-155.8903,19.4344],[-155.8924,19.4345],[-155.8944,19.4301],[-155.8962,19.4225],[-155.899,19.4218],[-155.902,19.4248],[-155.9045,19.4251],[-155.9069,19.4243],[-155.9096,19.4248],[-155.9117,19.4269]]},"properties":{"LINEARID":"110159773780","FULLNAME":"City of Refuge Rd","RTTYP":"M","MTFCC":"S1200"}},
{"type":"Feature","geometry":{"type":"LineString","coordinates":[[-155.8798,19.444],[-155.8799,19.444]]},"properties":{"LINEARID":"1102284334267","FULLNAME":"Mamalahoa Hwy","RTTYP":"M","MTFCC":"S1200"}},
{"type":"Feature","geometry":{"type":"LineString","coordinates":[[-155.9096,19.4248],[-155.9099,19.4229]]},"properties":{"LINEARID":"1104258111624","FULLNAME":"State Rte 163","RTTYP":"S","MTFCC":"S1200"}},
{"type":"Feature","geometry":{"type":"LineString","coordinates":[[-155.9041,19.4682],[-155.902,19.4651],[-155.8998,19.4641]]},"properties":{"LINEARID":"11015484719829","FULLNAME":"Lower Napoopoo Rd","RTTYP":"M","MTFCC":"S1200"}},
{"type":"Feature","geometry":{"type":"LineString","coordinates":[[-155.9196,19.4763],[-155.9188,19.4737]]},"properties":{"LINEARID":"110159758239","FULLNAME":"State Hwy 160","RTTYP":"S","MTFCC":"S1200"}},
{"type":"Feature","geometry":{"type":"LineString","coordinates":[[-155.9254,19.5306],[-155.925,19.5305]]},"properties":{"LINEARID":"1102513717516","FULLNAME":"State Hwy 11","RTTYP":"S","MTFCC":"S1200"}},
{"type":"Feature","geometry":{"type":"LineString","coordinates":[[-157.9859,21.3974],[-157.9873,21.3991],[-157.988,21.4033],[-157.9891,21.4068],[-157.9895,21.4111],[-157.9904,21.4131],[-157.9933,21.4174],[-157.9942,21.422],[-157.9956,21.4253],[-157.9967,21.4305],[-157.9962,21.4332],[-157.9948,21.4354],[-157.9938,21.4386],[-157.993,21.4428],[-157.9909,21.447],[-157.9897,21.4537],[-157.9899,21.4551],[-157.9909,21.4567],[-157.9953,21.4608],[-158.0014,21.4637],[-158.0043,21.4658],[-158.0092,21.4716],[-158.0119,21.4733],[-158.0209,21.4766],[-158.0225,21.4775],[-158.0236,21.4787],[-158.0244,21.4807],[-158.026,21.4878],[-158.027,21.489],[-158.0284,21.4899],[-158.0285,21.49],[-158.03,21.4904],[-158.032,21.4904]]},"properties":{"LINEARID":"1105048125216","FULLNAME":"I- H-2","RTTYP":"I","MTFCC":"S1100"}},
{"type":"Feature","geometry":{"type":"LineString","coordinates":[[-157.8628,21.3054],[-157.8643,21.308],[-157.8644,21.3099],[-157.8653,21.313],[-157.8673,21.3141],[-157.8705,21.313],[-157.8729,21.3134],[-157.8742,21.3147],[-157.8766,21.3193],[-157.8787,21.3208],[-157.8821,21.3242],[-157.8858,21.3273],[-157.8867,21.3286],[-157.8868,21.3287],[-157.8872,21.3298],[-157.8885,21.3315],[-157.8891,21.332],[-157.8913,21.3329],[-157.8973,21.3343],[-157.9266,21.3388],[-157.9277,21.339],[-157.9302,21.3399],[-157.9373,21.3433],[-157.9406,21.3446],[-157.9428,21.3462],[-157.9439,21.3472]]},"properties":{"LINEARID":"1104259801703","FULLNAME":"State Hwy 92","RTTYP":"S","MTFCC":"S1200"}},
{"type":"Feature","geometry":{"type":"LineString","coordinates":[[-157.7797,21.2778],[-157.7845,21.2783],[-157.7878,21.2787],[-157.7912,21.279],[-157.7941,21.2784],[-157.7958,21.2784],[-157.7976,21.2789],[-157.81,21.2852],[-157.8133,21.288],[-157.8183,21.2912],[-157.8213,21.2945],[-157.8247,21.2964],[-157.8299,21.2983],[-157.8346,21.3013],[-157.8363,21.302],[-157.84,21.3026],[-157.8498,21.3061],[-157.8513,21.3076],[-157.853,21.3121],[-157.8546,21.3144],[-157.8547,21.3145],[-157.8613,21.3226],[-157.8662,21.3248],[-157.8693,21.329],[-157.8729,21.3331],[-157.8737,21.3337],[-157.8779,21.3357],[-157.8821,21.3365],[-157.8842,21.3374],[-157.8888,21.3347],[-157.8908,21.334],[-157.8914,21.3339],[-157.897,21.3344],[-157.9236,21.3384],[-157.9268,21.3389],[-157.9281,21.3392],[-157.93,21.3403],[-157.9325,21.343],[-157.9335,21.3455],[-157.9334,21.3489],[-157.9327,21.3522],[-157.9308,21.3608],[-157.9284,21.366],[-157.9283,21.3662],[-157.9254,21.373],[-157.9254,21.3731],[-157.9262,21.3758],[-157.9326,21.3843],[-157.9344,21.3859],[-157.9358,21.3866],[-157.9524,21.3927],[-157.9548,21.3932],[-157.9579,21.3928],[-157.9625,21.3909],[-157.9627,21.3909],[-157.9668,21.3898],[-157.9712,21.3904],[-157.9846,21.3957],[-157.9849,21.3958],[-157.9851,21.3959],[-157.989,21.3976],[-157.9915,21.3976],[-157.9916,21.3976],[-158.001,21.3992],[-158.0051,21.3984],[-158.0083,21.3969],[-158.015,21.3918],[-158.0223,21.3891],[-158.032,21.3837],[-158.0322,21.3836],[-158.041,21.3787],[-158.0488,21.3756],[-158.0519,21.3737],[-158.0614,21.3652],[-158.063,21.3625],[-158.0641,21.3572],[-158.065,21.3549],[-158.0676,21.3513],[-158.0777,21.342],[-158.084,21.3351],[-158.0857,21.3333],[-158.0894,21.3321],[-158.0895,21.3321],[-158.0927,21.333],[-158.0966,21.3367],[-158.1042,21.3411]]},"properties":{"LINEARID":"1104689770026","FULLNAME":"I- H-1","RTTYP":"I","MTFCC":"S1100"}},
{"type":"Feature","geometry":{"type":"LineString","coordinates":[[-158.0333,21.3856],[-158.0407,21.4028],[-158.0479,21.4177],[-158.0542,21.426],[-158.0553,21.428],[-158.0592,21.4376],[-158.0596,21.4394],[-158.0602,21.4514],[-158.0598,21.4532],[-158.0491,21.4803],[-158.0469,21.4837],[-158.0422,21.4859],[-158.0395,21.4886],[-158.0395,21.4887]]},"properties":{"LINEARID":"1104270292450","FULLNAME":"Kunia Rd","RTTYP":"M","MTFCC":"S1200"}},
{"type":"Feature","geometry":{"type":"LineString","coordinates":[[-158.0333,21.3856],[-158.0407,21.4028],[-158.0479,21.4177],[-158.0542,21.426],[-158.0553,21.428],[-158.0592,21.4376],[-158.0596,21.4394],[-158.0602,21.4514],[-158.0598,21.4532],[-158.0491,21.4803]]},"properties":{"LINEARID":"1104270234336","FULLNAME":"State Rte 750","RTTYP":"S","MTFCC":"S1200"}},
{"type":"Feature","geometry":{"type":"LineString","coordinates":[[-157.9846,21.3957],[-157.9848,21.3959],[-157.985,21.396],[-157.9874,21.3977],[-157.9884,21.4001],[-157.9884,21.4037],[-157.9895,21.4082],[-157.9902,21.4124],[-157.9923,21.4151],[-157.9941,21.4181],[-157.9949,21.4222],[-157.9956,21.4249],[-157.9969,21.4318],[-157.9952,21.4365],[-157.994,21.4416],[-157.9917,21.4457],[-157.9909,21.4484],[-157.99,21.4531],[-157.9902,21.4552],[-157.9913,21.4568],[-157.9952,21.4605],[-157.9982,21.4622],[-158.0022,21.4639],[-158.0045,21.4657],[-158.0092,21.4713],[-158.0114,21.4729],[-158.0209,21.4764],[-158.023,21.4777],[-158.0238,21.4787],[-158.0246,21.4807],[-158.0255,21.4852],[-158.0258,21.4868],[-158.0269,21.4886],[-158.0283,21.4897],[-158.0285,21.4897],[-158.0311,21.4903],[-158.0331,21.4899]]},"properties":{"LINEARID":"1105048125219","FULLNAME":"I- H-2","RTTYP":"I","MTFCC":"S1100"}},
{"type":"Feature","geometry":{"type":"LineString","coordinates":[[-157.9897,21.394],[-157.9916,21.3976],[-157.9918,21.398],[-157.993,21.4003],[-157.9987,21.4087],[-158.0078,21.4227],[-158.008,21.4247],[-158.0093,21.4261],[-158.0118,21.4272],[-158.0132,21.4291],[-158.0138,21.4367],[-158.0129,21.4409],[-158.0131,21.4427],[-158.0154,21.4503],[-158.0166,21.457],[-158.0173,21.4582],[-158.022,21.4607],[-158.0235,21.4624],[-158.0241,21.4675],[-158.0283,21.4897],[-158.0284,21.4899],[-158.0285,21.4906]]},"properties":{"LINEARID":"1105645261148","FULLNAME":"State Hwy 99","RTTYP":"S","MTFCC":"S1200"}},
{"type":"Feature","geometry":{"type":"LineString","coordinates":[[-157.9346,21.3491],[-157.9354,21.3528],[-157.9378,21.363],[-157.9358,21.3683],[-157.9332,21.3727],[-157.9326,21.3746],[-157.9331,21.3761],[-157.9342,21.3771],[-157.9358,21.3783],[-157.9379,21.3798],[-157.9625,21.3909],[-157.9627,21.391],[-157.965,21.3921],[-157.9775,21.3963]]},"properties":{"LINEARID":"1102445644745","FULLNAME":"Kamehameha Hwy","RTTYP":"M","MTFCC":"S1200"}},
{"type":"Feature","geometry":{"type":"LineString","coordinates":[[-157.8578,21.295],[-157.8531,21.2924],[-157.85,21.2917],[-157.8463,21.2902],[-157.8415,21.2889],[-157.8384,21.2849],[-157.8376,21.2845],[-157.8369,21.2845],[-157.8329,21.2855]]},"properties":{"LINEARID":"1104259377584","FULLNAME":"State Rte 92","RTTYP":"S","MTFCC":"S1200"}},
{"type":"Feature","geometry":{"type":"LineString","coordinates":[[-157.8698,21.3363],[-157.868,21.3398],[-157.8677,21.3446],[-157.867,21.3464],[-157.8663,21.3471],[-157.8631,21.3492],[-157.861,21.3514],[-157.8595,21.3549],[-157.8582,21.3571],[-157.8564,21.3595],[-157.8542,21.3614],[-157.8513,21.3633],[-157.8461,21.3656],[-157.8312,21.3698],[-157.8246,21.3732],[-157.8187,21.3759],[-157.8127,21.3791],[-157.8118,21.3799],[-157.8123,21.3814],[-157.8145,21.3827],[-157.8155,21.3869],[-157.8166,21.3887],[-157.816,21.3921],[-157.8131,21.3934],[-157.8129,21.3935],[-157.8105,21.3963],[-157.8101,21.3992],[-157.8092,21.4014],[-157.807,21.4031],[-157.807,21.4032],[-157.8032,21.4038],[-157.7997,21.403]]},"properties":{"LINEARID":"110509757038","FULLNAME":"Likelike Hwy","RTTYP":"M","MTFCC":"S1200"}},
{"type":"Feature","geometry":{"type":"LineString","coordinates":[[-157.9221,21.3702],[-157.9202,21.3699],[-157.92,21.3698],[-157.9177,21.3696],[-157.9143,21.3702],[-157.914,21.3703],[-157.9115,21.3712],[-157.9102,21.3724],[-157.9083,21.3763],[-157.907,21.3781],[-157.9019,21.3816],[-157.8972,21.3865],[-157.8935,21.3913],[-157.8915,21.393],[-157.8856,21.396],[-157.8807,21.3973],[-157.8774,21.3992],[-157.8737,21.4025],[-157.871,21.4042],[-157.8675,21.4056],[-157.8621,21.4064],[-157.8576,21.4062],[-157.8531,21.4053],[-157.8472,21.4036],[-157.8435,21.4031],[-157.8336,21.4033],[-157.8294,21.402],[-157.8279,21.402],[-157.8262,21.4027],[-157.8232,21.4046],[-157.8205,21.4051],[-157.8185,21.4045],[-157.8147,21.4013],[-157.8134,21.3995],[-157.8129,21.3971],[-157.8131,21.3934],[-157.8131,21.3933],[-157.8134,21.3901],[-157.8131,21.3881],[-157.8126,21.3868],[-157.8118,21.3856],[-157.8068,21.3804],[-157.8048,21.3792],[-157.8033,21.3788],[-157.8019,21.3786],[-157.7997,21.3788],[-157.7988,21.379],[-157.7967,21.3802],[-157.7905,21.3846],[-157.7904,21.3846],[-157.7851,21.3848],[-157.7822,21.3853],[-157.7766,21.3886],[-157.7739,21.3916],[-157.7725,21.3966],[-157.7713,21.399],[-157.7659,21.4065],[-157.7658,21.4066],[-157.7644,21.4087],[-157.7627,21.4135],[-157.7618,21.4214],[-157.76,21.4273],[-157.7603,21.4315],[-157.7595,21.4332],[-157.757,21.4353]]},"properties":{"LINEARID":"1105048125228","FULLNAME":"I- H-3","RTTYP":"I","MTFCC":"S1100"}},
{"type":"Feature","geometry":{"type":"LineString","coordinates":[[-157.7571,21.4354],[-157.7601,21.4328],[-157.7604,21.4315],[-157.7602,21.4276],[-157.7619,21.4217],[-157.7628,21.4135],[-157.7643,21.4091],[-157.766,21.4067],[-157.7661,21.4066],[-157.7716,21.3989],[-157.7728,21.3962],[-157.7743,21.3913],[-157.7759,21.3894],[-157.7821,21.3855],[-157.7854,21.385],[-157.7905,21.3848],[-157.7907,21.3847],[-157.7973,21.3799],[-157.7998,21.3789],[-157.8016,21.3787],[-157.8037,21.379],[-157.8069,21.3807],[-157.8115,21.3852],[-157.8125,21.3868],[-157.8132,21.3893],[-157.8129,21.3934],[-157.8129,21.3935],[-157.8128,21.3987],[-157.8139,21.4007],[-157.8169,21.4036],[-157.8198,21.4051],[-157.8217,21.4052],[-157.8237,21.4045],[-157.8276,21.4023],[-157.8302,21.4024],[-157.8339,21.4038],[-157.8363,21.404],[-157.8424,21.4036],[-157.8462,21.404],[-157.8535,21.4059],[-157.859,21.4066],[-157.863,21.4066],[-157.866,21.4061],[-157.87,21.4049],[-157.8738,21.4027],[-157.8774,21.3994],[-157.8815,21.3971],[-157.8847,21.3965],[-157.8917,21.393],[-157.8939,21.391],[-157.8973,21.3866],[-157.9022,21.3816],[-157.907,21.3782],[-157.9084,21.3763],[-157.9102,21.3727],[-157.9132,21.3706],[-157.9144,21.3704],[-157.9147,21.3703],[-157.9176,21.3698],[-157.9199,21.37],[-157.9201,21.3701]]},"properties":{"LINEARID":"1105048125229","FULLNAME":"I- H-3","RTTYP":"I","MTFCC":"S1100"}},
{"type":"Feature","geometry":{"type":"LineString","coordinates":[[-157.8635,21.3033],[-157.8633,21.302],[-157.8629,21.2989],[-157.8605,21.2963],[-157.8578,21.295]]},"properties":{"LINEARID":"1104305253718","FULLNAME":"Ala Moana Blvd","RTTYP":"M","MTFCC":"S1200"}},
{"type":"Feature","geometry":{"type":"LineString","coordinates":[[-157.8116,21.3806],[-157.8115,21.3799],[-157.8126,21.3788],[-157.8186,21.3755],[-157.8238,21.3735],[-157.8301,21.3701],[-157.8328,21.3692],[-157.8457,21.3657],[-157.8528,21.3623],[-157.8557,21.36],[-157.8584,21.3567],[-157.8607,21.3517],[-157.862,21.3499],[-157.867,21.3462],[-157.8676,21.3446],[-157.8677,21.3422],[-157.8678,21.3397]]},"properties":{"LINEARID":"11032391202297","FULLNAME":"Likelike Hwy","RTTYP":"M","MTFCC":"S1200"}},
{"type":"Feature","geometry":{"type":"LineString","coordinates":[[-157.8821,21.3242],[-157.882,21.3243],[-157.8819,21.3244],[-157.8795,21.3269],[-157.8743,21.3319]]},"properties":{"LINEARID":"1106087970608","FULLNAME":"State Hwy 63","RTTYP":"S","MTFCC":"S1200"}},
{"type":"Feature","geometry":{"type":"LineString","coordinates":[[-158.0641,21.3501],[-158.0678,21.3463],[-158.0713,21.3432],[-158.074,21.3412],[-158.076,21.3402],[-158.0795,21.3377],[-158.0802,21.3366],[-158.0832,21.3354]]},"properties":{"LINEARID":"1105319713902","FULLNAME":"State Rte 93","RTTYP":"S","MTFCC":"S1200"}},
{"type":"Feature","geometry":{"type":"LineString","coordinates":[[-157.9014,21.3353],[-157.9014,21.3354],[-157.901,21.3415],[-157.8991,21.3448]]},"properties":{"LINEARID":"1104259417003","FULLNAME":"State Rte 7310","RTTYP":"S","MTFCC":"S1200"}},
{"type":"Feature","geometry":{"type":"LineString","coordinates":[[-157.932,21.3519],[-157.9325,21.3521],[-157.9327,21.3522],[-157.9354,21.3528]]},"properties":{"LINEARID":"1104274447601","FULLNAME":"State Rte 7351","RTTYP":"S","MTFCC":"S1200"}},
{"type":"Feature","geometry":{"type":"LineString","coordinates":[[-157.9187,21.375],[-157.9173,21.376],[-157.9144,21.3807],[-157.9152,21.3829],[-157.9145,21.3849],[-157.9118,21.3852],[-157.9079,21.3878]]},"properties":{"LINEARID":"1104275731042","FULLNAME":"State Rte 7241","RTTYP":"S","MTFCC":"S1200"}},
{"type":"Feature","geometry":{"type":"LineString","coordinates":[[-157.993,21.4003],[-157.9918,21.398],[-157.9916,21.3976],[-157.9897,21.394]]},"properties":{"LINEARID":"1104257930932","FULLNAME":"State Rte 99","RTTYP":"S","MTFCC":"S1200"}},
{"type":"Feature","geometry":{"type":"LineString","coordinates":[[-157.8821,21.3365],[-157.8838,21.3377],[-157.8838,21.3378],[-157.8842,21.3382],[-157.8873,21.3421],[-157.8902,21.3429]]},"properties":{"LINEARID":"11010936314079","FULLNAME":"Lunalilo Fwy","RTTYP":"M","MTFCC":"S1100"}},
{"type":"Feature","geometry":{"type":"LineString","coordinates":[[-157.9349,21.3701],[-157.936,21.3681],[-157.9377,21.3644],[-157.9379,21.3634],[-157.9348,21.3491]]},"properties":{"LINEARID":"1104257932034","FULLNAME":"Kam Hwy","RTTYP":"M","MTFCC":"S1200"}},
{"type":"Feature","geometry":{"type":"LineString","coordinates":[[-157.9842,21.396],[-157.9843,21.3961],[-157.9859,21.3974]]},"properties":{"LINEARID":"1104257627475","FULLNAME":"I- H2","RTTYP":"I","MTFCC":"S1100"}},
{"type":"Feature","geometry":{"type":"LineString","coordinates":[[-157.8333,21.2858],[-157.8332,21.286]]},"properties":{"LINEARID":"1104259509123","FULLNAME":"State Rte 92","RTTYP":"S","MTFCC":"S1200"}},
{"type":"Feature","geometry":{"type":"LineString","coordinates":[[-157.8911,21.3232],[-157.8867,21.3286]]},"properties":{"LINEARID":"1104259742318","FULLNAME":"State Rte 64","RTTYP":"S","MTFCC":"S1200"}},
{"type":"Feature","geometry":{"type":"LineString","coordinates":[[-157.8455,21.3287],[-157.8455,21.3289]]},"properties":{"LINEARID":"1102164519705","FULLNAME":"Pali Hwy","RTTYP":"M","MTFCC":"S1200"}},
{"type":"Feature","geometry":{"type":"LineString","coordinates":[[-157.9189,21.3748],[-157.9188,21.3749]]},"properties":{"LINEARID":"1102393111088","FULLNAME":"Halawa Heights Rd","RTTYP":"M","MTFCC":"S1200"}},
{"type":"Feature","geometry":{"type":"LineString","coordinates":[[-157.9194,21.3381],[-157.9256,21.339],[-157.9286,21.3399],[-157.9314,21.3427]]},"properties":{"LINEARID":"1105048124172","FULLNAME":"State Rte 92","RTTYP":"S","MTFCC":"S1200"}},
{"type":"Feature","geometry":{"type":"LineString","coordinates":[[-157.8895,21.3333],[-157.8874,21.3325],[-157.8894,21.3334]]},"properties":{"LINEARID":"1105319902964","FULLNAME":"Kamehameha Hwy","RTTYP":"M","MTFCC":"S1200"}},
{"type":"Feature","geometry":{"type":"LineString","coordinates":[[-157.8688,21.3373],[-157.8695,21.3365]]},"properties":{"LINEARID":"1104258267317","FULLNAME":"State Hwy 63","RTTYP":"S","MTFCC":"S1200"}},
{"type":"Feature","geometry":{"type":"LineString","coordinates":[[-158.0832,21.3354],[-158.0802,21.3366],[-158.0801,21.3365]]},"properties":{"LINEARID":"1106087435110","FULLNAME":"State Hwy 93","RTTYP":"S","MTFCC":"S1200"}},
{"type":"Feature","geometry":{"type":"LineString","coordinates":[[-158.083,21.3346],[-158.0832,21.3354]]},"properties":{"LINEARID":"1105319710142","FULLNAME":"State Rte 93","RTTYP":"S","MTFCC":"S1200"}},
{"type":"Feature","geometry":{"type":"LineString","coordinates":[[-157.7999,21.413],[-157.802,21.4182],[-157.807,21.4265],[-157.8086,21.4314],[-157.8108,21.435],[-157.8118,21.4378],[-157.8101,21.4413],[-157.8119,21.4429],[-157.8146,21.4486],[-157.8147,21.4502],[-157.8162,21.4538],[-157.8193,21.4526],[-157.8238,21.4519],[-157.8277,21.4563],[-157.8307,21.4567],[-157.833,21.4581],[-157.8342,21.4572],[-157.838,21.4572],[-157.8421,21.4609],[-157.8431,21.4626],[-157.8438,21.4681],[-157.8447,21.4707],[-157.8444,21.4738],[-157.8426,21.4755],[-157.8425,21.4775],[-157.8445,21.4794],[-157.845,21.4822],[-157.8491,21.4863],[-157.8504,21.4894],[-157.8508,21.4937],[-157.8538,21.5007],[-157.8559,21.5046],[-157.8556,21.5076],[-157.8544,21.5093],[-157.8496,21.5125],[-157.8441,21.5152],[-157.8412,21.5158],[-157.8371,21.5173],[-157.8358,21.5186],[-157.8348,21.5257],[-157.8355,21.5286],[-157.8383,21.5343],[-157.8398,21.5357],[-157.8424,21.5422],[-157.8461,21.5451],[-157.8468,21.5494],[-157.8502,21.5541],[-157.8548,21.557],[-157.8602,21.5585],[-157.8643,21.5602],[-157.8703,21.5542],[-157.8754,21.556],[-157.8768,21.5579],[-157.8749,21.5633],[-157.8759,21.5688],[-157.8761,21.5721],[-157.8779,21.5746],[-157.8833,21.5774],[-157.8859,21.5801],[-157.8867,21.5817],[-157.8873,21.5851],[-157.8891,21.5883],[-157.8922,21.5919],[-157.8956,21.5948],[-157.8987,21.6027],[-157.9014,21.6051],[-157.9046,21.6067],[-157.9072,21.6071],[-157.9088,21.6082],[-157.9129,21.6142],[-157.915,21.6195],[-157.9165,21.6213],[-157.9207,21.6247],[-157.9219,21.6264],[-157.9224,21.6292],[-157.9212,21.6333],[-157.9198,21.635],[-157.9197,21.6377],[-157.919,21.6395],[-157.9199,21.6433],[-157.9198,21.6459],[-157.9226,21.6478],[-157.9247,21.6503],[-157.928,21.6517],[-157.9304,21.6549],[-157.9311,21.6571],[-157.936,21.6639],[-157.9381,21.6676],[-157.9393,21.6706],[-157.9406,21.6721],[-157.9474,21.6764],[-157.9538,21.6783],[-157.9672,21.6892],[-157.9798,21.6939],[-157.9841,21.6969],[-157.9884,21.6981],[-157.9926,21.6975],[-157.9982,21.6962],[-158.0023,21.6964],[-158.0094,21.695],[-158.0137,21.6955],[-158.0159,21.6951],[-158.0194,21.6927],[-158.022,21.6885],[-158.0251,21.6857],[-158.0304,21.6826],[-158.0352,21.679],[-158.0402,21.6739],[-158.0567,21.659],[-158.0584,21.6567],[-158.0619,21.6504],[-158.0638,21.6442],[-158.0602,21.6397],[-158.0672,21.6371],[-158.0737,21.6277],[-158.0756,21.6258],[-158.084,21.6198],[-158.0965,21.6075],[-158.0984,21.6054],[-158.0998,21.6018],[-158.1008,21.6016],[-158.1029,21.5983],[-158.1034,21.593],[-158.1027,21.5911],[-158.1032,21.587],[-158.1052,21.5799],[-158.1057,21.5778]]},"properties":{"LINEARID":"1104271365673","FULLNAME":"Kamehameha Hwy","RTTYP":"M","MTFCC":"S1200"}},
{"type":"Feature","geometry":{"type":"LineString","coordinates":[[-158.1046,21.5542],[-158.1023,21.552],[-158.102,21.5492],[-158.0956,21.5421],[-158.0904,21.5385],[-158.0879,21.5356],[-158.086,21.5347],[-158.0821,21.5313],[-158.0814,21.5295],[-158.0796,21.5283],[-158.0719,21.5214],[-158.0631,21.5136],[-158.0568,21.5084],[-158.0527,21.5029]]},"properties":{"LINEARID":"1104271281266","FULLNAME":"State Rte 803","RTTYP":"S","MTFCC":"S1200"}},
{"type":"Feature","geometry":{"type":"LineString","coordinates":[[-157.7808,21.3749],[-157.7809,21.375],[-157.7905,21.3846],[-157.7907,21.3847],[-157.7931,21.3871],[-157.797,21.3931],[-157.798,21.3971],[-157.7998,21.4016],[-157.7997,21.4029],[-157.7997,21.403],[-157.7994,21.404],[-157.7992,21.4109],[-157.7999,21.413]]},"properties":{"LINEARID":"1104258520915","FULLNAME":"Kamehameha Hwy","RTTYP":"M","MTFCC":"S1200"}},
{"type":"Feature","geometry":{"type":"LineString","coordinates":[[-158.051,21.4971],[-158.0503,21.4946],[-158.0437,21.4894],[-158.0396,21.4886],[-158.0395,21.4886],[-158.0374,21.4887],[-158.0331,21.4899]]},"properties":{"LINEARID":"1104258197293","FULLNAME":"State Rte 99","RTTYP":"S","MTFCC":"S1200"}},
{"type":"Feature","geometry":{"type":"LineString","coordinates":[[-158.0287,21.4911],[-158.0287,21.4914]]},"properties":{"LINEARID":"1104258193555","FULLNAME":"State Rte 99","RTTYP":"S","MTFCC":"S1200"}},
{"type":"Feature","geometry":{"type":"LineString","coordinates":[[-157.776,21.4109],[-157.7784,21.4103],[-157.7821,21.4064],[-157.7831,21.4061],[-157.7928,21.4058],[-157.7978,21.4033],[-157.7995,21.403],[-157.7997,21.403]]},"properties":{"LINEARID":"11012156800334","FULLNAME":"State Rte 65","RTTYP":"S","MTFCC":"S1200"}},
{"type":"Feature","geometry":{"type":"LineString","coordinates":[[-157.7454,21.393],[-157.7471,21.3917],[-157.7484,21.3892],[-157.756,21.3808],[-157.7561,21.3808]]},"properties":{"LINEARID":"1104258528387","FULLNAME":"State Hwy 61","RTTYP":"S","MTFCC":"S1200"}},
{"type":"Feature","geometry":{"type":"LineString","coordinates":[[-158.1004,21.5918],[-158.1002,21.5927]]},"properties":{"LINEARID":"110509753988","FULLNAME":"Halieja Byp","RTTYP":"M","MTFCC":"S1200"}},
{"type":"Feature","geometry":{"type":"LineString","coordinates":[[-158.1024,21.5751],[-158.1035,21.5748]]},"properties":{"LINEARID":"1104258645956","FULLNAME":"State Rte 930","RTTYP":"S","MTFCC":"S1200"}},
{"type":"Feature","geometry":{"type":"LineString","coordinates":[[-159.5812,21.9058],[-159.5814,21.9062]]},"properties":{"LINEARID":"1104257986308","FULLNAME":"Halewili Rd","RTTYP":"M","MTFCC":"S1200"}},
{"type":"Feature","geometry":{"type":"LineString","coordinates":[[-159.4697,22.2116],[-159.4655,22.2088],[-159.4568,22.2072],[-159.4534,22.2093],[-159.4515,22.2098],[-159.4465,22.2096],[-159.4445,22.2106],[-159.442,22.213],[-159.4379,22.2139],[-159.4358,22.2126],[-159.4343,22.2093],[-159.433,22.2083],[-159.4304,22.2086],[-159.4248,22.2134],[-159.4226,22.2142],[-159.4189,22.2139],[-159.4164,22.2125],[-159.4129,22.209],[-159.411,22.2049],[-159.4081,22.2027],[-159.4049,22.202],[-159.4005,22.2015],[-159.3917,22.2034],[-159.3858,22.2034],[-159.3805,22.2023],[-159.3781,22.2023],[-159.3725,22.2035],[-159.369,22.2034],[-159.364,22.2019],[-159.3616,22.2003],[-159.3602,22.1965],[-159.3611,22.1876],[-159.3596,22.1837],[-159.3561,22.1807],[-159.3533,22.1792],[-159.3505,22.1785],[-159.3473,22.1787],[-159.3376,22.181],[-159.3342,22.1805],[-159.3276,22.1778],[-159.3258,22.1759],[-159.3258,22.1713],[-159.3247,22.1693],[-159.3178,22.1608],[-159.3158,22.1566],[-159.3149,22.151],[-159.3158,22.1465],[-159.3134,22.1424],[-159.3078,22.14],[-159.3062,22.1388],[-159.3036,22.1347],[-159.3007,22.1218],[-159.3004,22.1187],[-159.3027,22.107],[-159.3074,22.0933],[-159.3068,22.0897],[-159.3094,22.0856],[-159.3128,22.082],[-159.3152,22.0785],[-159.3183,22.0761],[-159.3195,22.0707],[-159.3194,22.0648],[-159.3202,22.0622],[-159.325,22.0574],[-159.3299,22.0547],[-159.3327,22.053],[-159.3342,22.0508],[-159.3356,22.0473],[-159.338,22.0427],[-159.3401,22.0395],[-159.3407,22.0377]]},"properties":{"LINEARID":"1105645260892","FULLNAME":"State Rte 56","RTTYP":"S","MTFCC":"S1200"}},
{"type":"Feature","geometry":{"type":"LineString","coordinates":[[-159.6439,22.1474],[-159.6441,22.1462],[-159.648,22.1441],[-159.6464,22.1419],[-159.6504,22.1405],[-159.6519,22.1385],[-159.6556,22.1358],[-159.6551,22.1329],[-159.6527,22.1329],[-159.652,22.1318],[-159.6568,22.1291],[-159.6593,22.1292],[-159.663,22.1266],[-159.6631,22.1266],[-159.6644,22.1228],[-159.666,22.1197],[-159.6673,22.1191],[-159.6696,22.1155],[-159.6713,22.1122],[-159.6702,22.1102],[-159.673,22.1063],[-159.6745,22.1058],[-159.6773,22.1016],[-159.6761,22.0959],[-159.6735,22.0939],[-159.6734,22.0914],[-159.6704,22.0874],[-159.6678,22.0801],[-159.6641,22.0744],[-159.666,22.0728],[-159.6625,22.0688],[-159.6623,22.0647],[-159.6645,22.0625],[-159.6634,22.0611],[-159.6639,22.0585],[-159.6626,22.0545],[-159.66,22.0515],[-159.6595,22.0485],[-159.6614,22.0488],[-159.6614,22.0462],[-159.6633,22.0451],[-159.6626,22.0425],[-159.6645,22.0391],[-159.6666,22.0385],[-159.6652,22.0369],[-159.6684,22.0342]]},"properties":{"LINEARID":"11055908840","FULLNAME":"Kokee Rd","RTTYP":"M","MTFCC":"S1200"}},
{"type":"Feature","geometry":{"type":"LineString","coordinates":[[-159.3183,22.0761],[-159.3203,22.0757]]},"properties":{"LINEARID":"11055908876","FULLNAME":"Kukui St","RTTYP":"M","MTFCC":"S1200"}},
{"type":"Feature","geometry":{"type":"LineString","coordinates":[[-159.3183,22.0761],[-159.3203,22.0757],[-159.3225,22.0772],[-159.3255,22.0795],[-159.3289,22.0797],[-159.3301,22.081],[-159.3338,22.0817],[-159.3357,22.0801],[-159.3369,22.0812],[-159.3398,22.0802],[-159.3466,22.0819],[-159.3487,22.0813],[-159.3505,22.0795],[-159.3539,22.0789],[-159.3576,22.0767],[-159.3575,22.0753],[-159.3604,22.0731],[-159.3616,22.0734],[-159.3643,22.0622],[-159.3653,22.0597],[-159.3671,22.0597],[-159.3727,22.0543]]},"properties":{"LINEARID":"1104977739275","FULLNAME":"Co Rte 581","RTTYP":"C","MTFCC":"S1200"}},
{"type":"Feature","geometry":{"type":"LineString","coordinates":[[-159.5082,21.9265],[-159.5075,21.9226],[-159.5041,21.9214],[-159.5004,21.9183],[-159.4912,21.9169],[-159.4868,21.916],[-159.4812,21.9098],[-159.4767,21.9068],[-159.4722,21.9069],[-159.4667,21.9036],[-159.4653,21.9042]]},"properties":{"LINEARID":"11055908851","FULLNAME":"Koloa Rd","RTTYP":"M","MTFCC":"S1200"}},
{"type":"Feature","geometry":{"type":"LineString","coordinates":[[-159.4681,21.8833],[-159.4679,21.8861],[-159.4659,21.8895],[-159.4663,21.8925],[-159.4658,21.8965],[-159.4667,21.9036]]},"properties":{"LINEARID":"11055909003","FULLNAME":"Poipu Rd","RTTYP":"M","MTFCC":"S1200"}},
{"type":"Feature","geometry":{"type":"LineString","coordinates":[[-159.3467,22.0003],[-159.3445,21.9963],[-159.3439,21.9943],[-159.3452,21.99],[-159.3497,21.9848],[-159.3512,21.9815],[-159.3527,21.9763],[-159.355,21.9708],[-159.358,21.9676]]},"properties":{"LINEARID":"11055909273","FULLNAME":"Kapule Hwy","RTTYP":"M","MTFCC":"S1200"}},
{"type":"Feature","geometry":{"type":"LineString","coordinates":[[-159.3676,21.981],[-159.3654,21.9806],[-159.3618,21.981],[-159.3565,21.9804],[-159.3512,21.9815],[-159.3503,21.9815],[-159.3466,21.9812],[-159.3447,21.9825]]},"properties":{"LINEARID":"11055909596","FULLNAME":"Ahukini Rd","RTTYP":"M","MTFCC":"S1200"}},
{"type":"Feature","geometry":{"type":"LineString","coordinates":[[-159.4515,21.9618],[-159.4468,21.9624],[-159.441,21.9618],[-159.4394,21.9615]]},"properties":{"LINEARID":"1104977739922","FULLNAME":"State Rte 50","RTTYP":"S","MTFCC":"S1200"}},
{"type":"Feature","geometry":{"type":"LineString","coordinates":[[-159.4515,21.9618],[-159.4473,21.9623],[-159.4394,21.9615]]},"properties":{"LINEARID":"1104977739921","FULLNAME":"State Rte 50","RTTYP":"S","MTFCC":"S1200"}},
{"type":"Feature","geometry":{"type":"LineString","coordinates":[[-159.3616,22.0734],[-159.3643,22.0622],[-159.3653,22.0597],[-159.3671,22.0597],[-159.3727,22.0543]]},"properties":{"LINEARID":"11055909244","FULLNAME":"Kamalu Rd","RTTYP":"M","MTFCC":"S1200"}},
{"type":"Feature","geometry":{"type":"LineString","coordinates":[[-156.3337,20.8337],[-156.3297,20.8369],[-156.3251,20.8392],[-156.3228,20.8412],[-156.3178,20.8486],[-156.3116,20.8528],[-156.3069,20.8586],[-156.3064,20.8611],[-156.3076,20.8632],[-156.3064,20.8669],[-156.306,20.8692],[-156.3044,20.8711],[-156.3033,20.8752],[-156.3035,20.8772],[-156.3021,20.8799],[-156.3017,20.8825],[-156.2995,20.8836],[-156.2994,20.8851],[-156.2972,20.8854],[-156.2954,20.8876],[-156.2951,20.8897],[-156.293,20.8938],[-156.2904,20.8962],[-156.2894,20.9018],[-156.2871,20.9031],[-156.2864,20.9048],[-156.2842,20.9062],[-156.281,20.9068],[-156.279,20.9063],[-156.2749,20.9077],[-156.2716,20.9096],[-156.2692,20.9104],[-156.2695,20.9116],[-156.2648,20.9171]]},"properties":{"LINEARID":"1102888677516","FULLNAME":"State Rte 400","RTTYP":"S","MTFCC":"S1200"}},
{"type":"Feature","geometry":{"type":"LineString","coordinates":[[-156.4658,20.7852],[-156.462,20.7857],[-156.4618,20.7858]]},"properties":{"LINEARID":"1105558962474","FULLNAME":"State Rte 310","RTTYP":"S","MTFCC":"S1200"}},
{"type":"Feature","geometry":{"type":"LineString","coordinates":[[-156.4831,20.9022],[-156.4817,20.9011],[-156.4803,20.8976],[-156.4781,20.8941],[-156.4734,20.8906],[-156.4729,20.8893]]},"properties":{"LINEARID":"11057873267","FULLNAME":"Kahului Beach Rd","RTTYP":"M","MTFCC":"S1200"}},
{"type":"Feature","geometry":{"type":"LineString","coordinates":[[-156.4619,20.7859],[-156.462,20.7858],[-156.4658,20.7852]]},"properties":{"LINEARID":"1105558858496","FULLNAME":"State Rte 310","RTTYP":"S","MTFCC":"S1200"}},
{"type":"Feature","geometry":{"type":"LineString","coordinates":[[-156.3263,20.8112],[-156.3276,20.8073],[-156.3266,20.7903],[-156.3277,20.7836],[-156.3277,20.7806],[-156.3259,20.7748],[-156.3258,20.7733],[-156.3287,20.7636],[-156.3291,20.7535],[-156.333,20.7415],[-156.3332,20.7376],[-156.3333,20.7361],[-156.3393,20.7293],[-156.3411,20.7257],[-156.3464,20.7186],[-156.3468,20.7171],[-156.3504,20.7133],[-156.3519,20.7122],[-156.3537,20.7077],[-156.3569,20.705],[-156.3623,20.7032],[-156.3665,20.7004],[-156.3682,20.6988],[-156.3729,20.6963],[-156.3763,20.694],[-156.3782,20.6919],[-156.3816,20.6875],[-156.3855,20.6841],[-156.3876,20.684],[-156.3899,20.6818],[-156.3922,20.6773],[-156.3937,20.6766],[-156.3956,20.6696],[-156.3986,20.6663],[-156.4002,20.6613],[-156.4007,20.6589],[-156.3996,20.6523],[-156.3967,20.6449],[-156.3952,20.642],[-156.3938,20.6376],[-156.3936,20.6341],[-156.3949,20.6303],[-156.3933,20.6269]]},"properties":{"LINEARID":"1104468777672","FULLNAME":"Kula Hwy","RTTYP":"M","MTFCC":"S1200"}},
{"type":"Feature","geometry":{"type":"LineString","coordinates":[[-156.3263,20.8112],[-156.3276,20.8073],[-156.3266,20.7903],[-156.3277,20.7836],[-156.3277,20.7806],[-156.3259,20.7748],[-156.3258,20.7733],[-156.3287,20.7636],[-156.3291,20.7535],[-156.333,20.7415],[-156.3332,20.7376],[-156.3333,20.7361],[-156.3393,20.7293],[-156.3411,20.7257],[-156.3464,20.7186],[-156.3468,20.7171],[-156.3504,20.7133],[-156.3519,20.7122],[-156.3537,20.7077],[-156.3569,20.705],[-156.3623,20.7032],[-156.3665,20.7004],[-156.3682,20.6988],[-156.3729,20.6963],[-156.3763,20.694],[-156.3782,20.6919],[-156.3816,20.6875],[-156.3855,20.6841],[-156.3876,20.684],[-156.3899,20.6818],[-156.3922,20.6773],[-156.3937,20.6766],[-156.3956,20.6696],[-156.3986,20.6663],[-156.4002,20.6613],[-156.4007,20.6589],[-156.3996,20.6523],[-156.3967,20.6449],[-156.3952,20.642],[-156.3938,20.6376],[-156.3936,20.6341],[-156.3949,20.6303],[-156.3933,20.6269]]},"properties":{"LINEARID":"1104468779269","FULLNAME":"State Rte 37","RTTYP":"S","MTFCC":"S1200"}},
{"type":"Feature","geometry":{"type":"LineString","coordinates":[[-156.3332,20.7376],[-156.3297,20.7408],[-156.3267,20.7416],[-156.3247,20.7434],[-156.3195,20.7462],[-156.3169,20.7464],[-156.3158,20.7486],[-156.3131,20.7492],[-156.3107,20.7521],[-156.3074,20.7551],[-156.3072,20.7614],[-156.3061,20.7655],[-156.306,20.7688],[-156.3075,20.7715]]},"properties":{"LINEARID":"1105558745111","FULLNAME":"Kekaulike Ave","RTTYP":"M","MTFCC":"S1200"}},
{"type":"Feature","geometry":{"type":"LineString","coordinates":[[-156.316,20.8281],[-156.315,20.826],[-156.316,20.8238],[-156.3141,20.822],[-156.3095,20.821],[-156.3074,20.8198],[-156.3056,20.8168],[-156.3063,20.8147],[-156.3078,20.8131],[-156.3062,20.8113],[-156.3067,20.8071],[-156.3079,20.8059],[-156.3082,20.8039],[-156.3077,20.8015],[-156.308,20.7975],[-156.3091,20.7966],[-156.3093,20.7944],[-156.3082,20.7933],[-156.3079,20.7851],[-156.3068,20.7836],[-156.3082,20.7805],[-156.3073,20.7759],[-156.3078,20.7735],[-156.3075,20.7715]]},"properties":{"LINEARID":"11057872530","FULLNAME":"Haleakala Hwy","RTTYP":"M","MTFCC":"S1200"}},
{"type":"Feature","geometry":{"type":"LineString","coordinates":[[-156.8889,20.742],[-156.8949,20.745],[-156.8939,20.7491],[-156.895,20.7501],[-156.8953,20.7561],[-156.8976,20.7622],[-156.9015,20.7641],[-156.9028,20.7631],[-156.9086,20.7637],[-156.9123,20.7702],[-156.9103,20.7718],[-156.909,20.7742],[-156.9056,20.7767],[-156.9031,20.7797],[-156.9082,20.7975],[-156.9118,20.806],[-156.914,20.8121],[-156.9173,20.8145],[-156.9185,20.8176],[-156.9269,20.8107],[-156.9287,20.8096],[-156.9373,20.8061],[-156.9545,20.7977],[-156.9587,20.7956],[-156.9609,20.7932],[-156.9636,20.7924],[-156.9705,20.7942],[-156.9742,20.7934],[-156.9746,20.7915],[-156.9779,20.7899],[-156.9787,20.7879],[-156.9807,20.788],[-156.9826,20.7859],[-156.984,20.7861],[-156.9845,20.7881],[-156.987,20.7891],[-156.9907,20.7878],[-156.9918,20.7868]]},"properties":{"LINEARID":"1105558962814","FULLNAME":"State Hwy 440","RTTYP":"S","MTFCC":"S1200"}},
{"type":"Feature","geometry":{"type":"LineString","coordinates":[[-156.9545,20.7977],[-156.9504,20.7912]]},"properties":{"LINEARID":"1106077884296","FULLNAME":"Lanai Airport Rd","RTTYP":"M","MTFCC":"S1200"}},
{"type":"Feature","geometry":{"type":"LineString","coordinates":[[-156.4978,20.9176],[-156.4952,20.9161],[-156.4895,20.9075],[-156.485,20.9055],[-156.4831,20.9022]]},"properties":{"LINEARID":"11057873250","FULLNAME":"Waiehu Beach Rd","RTTYP":"M","MTFCC":"S1200"}},
{"type":"Feature","geometry":{"type":"LineString","coordinates":[[-155.1105,19.6926],[-155.1132,19.692]]},"properties":{"LINEARID":"1104469613040","FULLNAME":"State Rte 200","RTTYP":"S","MTFCC":"S1200"}},
{"type":"Feature","geometry":{"type":"LineString","coordinates":[[-155.0648,19.6997],[-155.0642,19.703],[-155.0641,19.7078]]},"properties":{"LINEARID":"1104257840085","FULLNAME":"State Hwy 130","RTTYP":"S","MTFCC":"S1200"}},
{"type":"Feature","geometry":{"type":"LineString","coordinates":[[-155.0642,19.7226],[-155.0643,19.7226],[-155.0669,19.7226],[-155.0709,19.7224]]},"properties":{"LINEARID":"1106087880445","FULLNAME":"State Hwy 19","RTTYP":"S","MTFCC":"S1200"}},
{"type":"Feature","geometry":{"type":"LineString","coordinates":[[-155.0669,19.7226],[-155.0709,19.7224]]},"properties":{"LINEARID":"11012814433510","FULLNAME":"Kamehameha Ave","RTTYP":"M","MTFCC":"S1200"}},
{"type":"Feature","geometry":{"type":"LineString","coordinates":[[-155.0711,19.7225],[-155.071,19.7225],[-155.0709,19.7224],[-155.0669,19.7226],[-155.0643,19.7226],[-155.0643,19.7176],[-155.0644,19.7031],[-155.0658,19.6951],[-155.0658,19.695],[-155.0661,19.6929],[-155.0661,19.6913],[-155.0646,19.6724],[-155.0634,19.6679],[-155.0616,19.665],[-155.052,19.6505],[-155.0494,19.6468],[-155.0408,19.6344],[-155.0402,19.633],[-155.0397,19.6269],[-155.0402,19.6245],[-155.0406,19.6234],[-155.0408,19.623],[-155.0447,19.6175],[-155.0469,19.6143],[-155.048,19.612],[-155.0489,19.6081],[-155.0507,19.6056],[-155.0521,19.6036],[-155.056,19.5955],[-155.0585,19.5926],[-155.0598,19.5912],[-155.061,19.5878],[-155.0604,19.5845],[-155.0611,19.5819],[-155.0641,19.5783],[-155.0689,19.575],[-155.0758,19.5724],[-155.0784,19.571],[-155.0859,19.5662],[-155.0918,19.5634],[-155.0954,19.5613],[-155.0989,19.5584],[-155.1054,19.5527],[-155.1069,19.5511],[-155.1093,19.5488],[-155.1122,19.5473],[-155.1228,19.5389],[-155.133,19.5292],[-155.1343,19.5273],[-155.1443,19.4985],[-155.1449,19.4972],[-155.1609,19.475],[-155.1641,19.4708],[-155.1659,19.4664],[-155.1718,19.4572],[-155.1745,19.4549],[-155.1771,19.4542],[-155.1856,19.4524],[-155.1955,19.4504],[-155.1979,19.4496],[-155.205,19.446],[-155.2167,19.4402],[-155.2217,19.4367],[-155.2219,19.4365],[-155.2337,19.4261],[-155.2368,19.424],[-155.2439,19.4225],[-155.2468,19.4233],[-155.2507,19.4253],[-155.2552,19.4322],[-155.2576,19.4335],[-155.2703,19.4369],[-155.273,19.4366],[-155.2843,19.43],[-155.3178,19.4141],[-155.3201,19.4126],[-155.3241,19.4109],[-155.3311,19.4045],[-155.3358,19.4014],[-155.3401,19.397],[-155.3425,19.3939],[-155.3473,19.389],[-155.3515,19.3854],[-155.3541,19.3817],[-155.3575,19.3778],[-155.3634,19.3728],[-155.3722,19.3644],[-155.3801,19.3561],[-155.3859,19.3491],[-155.3862,19.3487],[-155.3905,19.3432],[-155.3948,19.3371],[-155.3977,19.3328],[-155.4131,19.3079],[-155.4201,19.2957],[-155.4261,19.2832],[-155.4281,19.2795],[-155.4317,19.2751],[-155.4339,19.2717],[-155.4494,19.2364],[-155.4507,19.2347],[-155.4581,19.2277],[-155.4622,19.2209],[-155.4661,19.2117],[-155.4735,19.1937],[-155.4758,19.1908],[-155.4986,19.1679],[-155.501,19.1651],[-155.5146,19.1431],[-155.5173,19.1386],[-155.5389,19.1036],[-155.5497,19.089],[-155.5535,19.0851],[-155.5571,19.0766],[-155.5593,19.0739],[-155.5652,19.0703],[-155.5704,19.0655]]},"properties":{"LINEARID":"1106087293908","FULLNAME":"Hawaii Belt Rd","RTTYP":"M","MTFCC":"S1200"}},
{"type":"Feature","geometry":{"type":"LineString","coordinates":[[-155.0709,19.7224],[-155.071,19.7225]]},"properties":{"LINEARID":"1104469295270","FULLNAME":"Bayfront Hwy","RTTYP":"M","MTFCC":"S1200"}},
{"type":"Feature","geometry":{"type":"LineString","coordinates":[[-155.0723,19.7225],[-155.0789,19.723],[-155.0824,19.7236],[-155.0854,19.7253],[-155.0866,19.7269],[-155.0889,19.7306],[-155.0912,19.735],[-155.0912,19.739],[-155.0904,19.7434],[-155.0915,19.7495]]},"properties":{"LINEARID":"1104469295268","FULLNAME":"Bayfront Hwy","RTTYP":"M","MTFCC":"S1200"}},
{"type":"Feature","geometry":{"type":"LineString","coordinates":[[-155.6874,19.936],[-155.6873,19.9354],[-155.6872,19.9343],[-155.6823,19.9293],[-155.6778,19.9259],[-155.6757,19.9214],[-155.6761,19.9158],[-155.6767,19.9146],[-155.676,19.9114],[-155.6747,19.9079],[-155.6752,19.9042],[-155.6765,19.9005],[-155.6766,19.8976],[-155.67,19.8909],[-155.6687,19.8879],[-155.6685,19.8854],[-155.6657,19.8828],[-155.6626,19.879],[-155.6599,19.8729],[-155.6579,19.8697],[-155.6578,19.8685],[-155.6543,19.8652],[-155.6494,19.858],[-155.6482,19.8525],[-155.6433,19.8431],[-155.6423,19.8388],[-155.6412,19.8364],[-155.6383,19.8332],[-155.6389,19.8306],[-155.636,19.8261],[-155.6364,19.8239],[-155.6358,19.8203],[-155.6342,19.8185],[-155.6327,19.8114],[-155.6298,19.8041],[-155.6257,19.7923],[-155.6215,19.7876],[-155.6157,19.7822],[-155.6118,19.7808],[-155.5985,19.7787],[-155.5953,19.7775],[-155.5849,19.769],[-155.5807,19.7671],[-155.5524,19.7634],[-155.5451,19.7615],[-155.537,19.7605],[-155.534,19.7597],[-155.5319,19.7582],[-155.5305,19.7562],[-155.5287,19.7497],[-155.5267,19.7476],[-155.5245,19.7464],[-155.5178,19.7444],[-155.515,19.7425],[-155.5117,19.7393],[-155.5115,19.7391],[-155.5032,19.7312],[-155.5017,19.7293],[-155.5001,19.7245],[-155.4942,19.7182],[-155.4892,19.7118],[-155.4852,19.7076],[-155.4842,19.7054],[-155.4833,19.6957],[-155.4821,19.6933],[-155.4781,19.6907],[-155.4733,19.6898],[-155.4666,19.6892],[-155.46,19.6882],[-155.4524,19.6876],[-155.447,19.6865],[-155.4412,19.6857],[-155.4359,19.6857],[-155.4309,19.6845],[-155.4257,19.6848],[-155.4194,19.6848],[-155.4163,19.6844],[-155.4062,19.6823],[-155.3996,19.6822],[-155.3917,19.6809],[-155.3878,19.6782],[-155.3849,19.6773],[-155.3769,19.676],[-155.3746,19.6743]]},"properties":{"LINEARID":"1106087887434","FULLNAME":"State Hwy 200","RTTYP":"S","MTFCC":"S1200"}},
{"type":"Feature","geometry":{"type":"LineString","coordinates":[[-155.0929,19.6937],[-155.0905,19.6941],[-155.0905,19.6938]]},"properties":{"LINEARID":"11031989602353","FULLNAME":"State Rte 2000","RTTYP":"S","MTFCC":"S1200"}},
{"type":"Feature","geometry":{"type":"LineString","coordinates":[[-155.0711,19.7225],[-155.0723,19.7225]]},"properties":{"LINEARID":"1104469295298","FULLNAME":"Kamehameha Ave","RTTYP":"M","MTFCC":"S1200"}},
{"type":"Feature","geometry":{"type":"LineString","coordinates":[[-155.0905,19.6938],[-155.0929,19.6937]]},"properties":{"LINEARID":"11031989602356","FULLNAME":"State Rte 2000","RTTYP":"S","MTFCC":"S1200"}},
{"type":"Feature","geometry":{"type":"LineString","coordinates":[[-157.0686,21.1676],[-157.0589,21.1655],[-157.0505,21.1632],[-157.0443,21.1608],[-157.0425,21.1595],[-157.0383,21.1547],[-157.0365,21.152]]},"properties":{"LINEARID":"11057872863","FULLNAME":"Farrington Ave","RTTYP":"M","MTFCC":"S1200"}},
{"type":"Feature","geometry":{"type":"LineString","coordinates":[[-155.929,19.5426],[-155.9279,19.5353],[-155.9254,19.5306],[-155.9232,19.5258],[-155.9209,19.5222],[-155.9201,19.5188],[-155.9205,19.5142],[-155.9199,19.5093],[-155.9204,19.5019],[-155.9189,19.4977],[-155.9183,19.4938],[-155.9143,19.4918],[-155.9115,19.4897],[-155.9113,19.4895],[-155.9059,19.4864],[-155.8976,19.4806],[-155.8947,19.4788],[-155.8908,19.4736],[-155.887,19.4677],[-155.8852,19.4662],[-155.8812,19.4612],[-155.8797,19.456],[-155.8798,19.444],[-155.8798,19.4393],[-155.8811,19.4366],[-155.8814,19.4327],[-155.8804,19.4289],[-155.8801,19.425],[-155.8815,19.4208],[-155.8814,19.4183],[-155.8803,19.4166],[-155.8811,19.4116],[-155.8805,19.4089],[-155.8814,19.4057],[-155.8803,19.3988],[-155.8784,19.3935],[-155.878,19.3863],[-155.8792,19.3813],[-155.8781,19.378],[-155.8766,19.3765],[-155.8762,19.3735],[-155.8772,19.37],[-155.877,19.362],[-155.8776,19.355],[-155.8766,19.3535],[-155.8747,19.3485],[-155.8749,19.3443],[-155.8729,19.3412],[-155.8724,19.3347],[-155.8728,19.328],[-155.8723,19.3203],[-155.8748,19.3115],[-155.875,19.3086],[-155.8732,19.3047],[-155.8733,19.2995],[-155.874,19.2985],[-155.8744,19.2946],[-155.8731,19.2896],[-155.8736,19.2863],[-155.8733,19.2834],[-155.8745,19.2791],[-155.8741,19.2756],[-155.8759,19.2725],[-155.8749,19.2683],[-155.8757,19.2597],[-155.8767,19.2573],[-155.8772,19.2522],[-155.8779,19.251],[-155.8778,19.2476],[-155.877,19.2428],[-155.8774,19.2417],[-155.8769,19.2368],[-155.8759,19.2349],[-155.875,19.2266],[-155.8738,19.2234],[-155.8718,19.2197],[-155.8719,19.217],[-155.8713,19.2145],[-155.8698,19.2124],[-155.8682,19.2084],[-155.868,19.2007],[-155.8675,19.1971],[-155.8648,19.1899],[-155.8637,19.1862],[-155.8632,19.1804],[-155.8635,19.1732],[-155.8633,19.1679],[-155.8619,19.1614],[-155.8601,19.1571],[-155.8577,19.1531],[-155.8538,19.1485],[-155.8491,19.1438],[-155.8457,19.1388],[-155.8363,19.1228],[-155.8333,19.1167],[-155.8311,19.1136],[-155.8268,19.1095],[-155.8172,19.1031],[-155.8145,19.1017],[-155.7831,19.0872],[-155.7778,19.0854],[-155.7744,19.0843],[-155.7575,19.0786],[-155.7082,19.0614],[-155.7022,19.06],[-155.6984,19.0596],[-155.6757,19.0581],[-155.6713,19.0603],[-155.6688,19.0608],[-155.6661,19.0599],[-155.662,19.0599],[-155.6554,19.0604],[-155.6527,19.0603],[-155.6424,19.0627],[-155.6385,19.0623],[-155.6367,19.0606],[-155.6336,19.0602],[-155.6312,19.0618],[-155.6289,19.0613],[-155.6256,19.0627],[-155.6236,19.0644],[-155.6216,19.0651]]},"properties":{"LINEARID":"1106087436790","FULLNAME":"Hawaii Belt Rd","RTTYP":"M","MTFCC":"S1200"}},
{"type":"Feature","geometry":{"type":"LineString","coordinates":[[-155.5173,19.1386],[-155.5146,19.1431]]},"properties":{"LINEARID":"1104257592387","FULLNAME":"State Rte 11","RTTYP":"S","MTFCC":"S1200"}},
{"type":"Feature","geometry":{"type":"LineString","coordinates":[[-155.0406,19.6234],[-155.0408,19.623],[-155.0447,19.6175],[-155.0469,19.6143],[-155.048,19.612],[-155.0489,19.6081],[-155.0507,19.6056],[-155.0521,19.6036],[-155.056,19.5955],[-155.0585,19.5926],[-155.0598,19.5912],[-155.061,19.5878],[-155.0604,19.5845],[-155.0611,19.5819],[-155.0641,19.5783],[-155.0689,19.575],[-155.0758,19.5724],[-155.0784,19.571],[-155.0859,19.5662],[-155.0918,19.5634],[-155.0954,19.5613],[-155.0989,19.5584],[-155.1054,19.5527],[-155.1069,19.5511],[-155.1093,19.5488],[-155.1122,19.5473],[-155.1228,19.5389],[-155.133,19.5292],[-155.1343,19.5273],[-155.1443,19.4985],[-155.1449,19.4972],[-155.1609,19.475],[-155.1641,19.4708],[-155.1659,19.4664],[-155.1718,19.4572],[-155.1745,19.4549],[-155.1771,19.4542],[-155.1856,19.4524],[-155.1955,19.4504],[-155.1979,19.4496],[-155.205,19.446],[-155.2167,19.4402],[-155.2217,19.4367]]},"properties":{"LINEARID":"11033192816124","FULLNAME":"Volcano Rd","RTTYP":"M","MTFCC":"S1200"}},
{"type":"Feature","geometry":{"type":"LineString","coordinates":[[-155.1952,19.4501],[-155.1982,19.4489],[-155.205,19.4453],[-155.2193,19.4383]]},"properties":{"LINEARID":"1104692394814","FULLNAME":"Volcano Rd","RTTYP":"M","MTFCC":"S1200"}},
{"type":"Feature","geometry":{"type":"LineString","coordinates":[[-155.0281,19.6065],[-155.031,19.6093],[-155.0347,19.6135]]},"properties":{"LINEARID":"1103698850489","FULLNAME":"Keaau-Pahoa Rd","RTTYP":"M","MTFCC":"S1200"}},
{"type":"Feature","geometry":{"type":"LineString","coordinates":[[-155.5173,19.1386],[-155.5146,19.1431]]},"properties":{"LINEARID":"1104257592386","FULLNAME":"State Rte 11","RTTYP":"S","MTFCC":"S1200"}},
{"type":"Feature","geometry":{"type":"LineString","coordinates":[[-155.0318,19.6235],[-155.0329,19.6261]]},"properties":{"LINEARID":"1104257694406","FULLNAME":"Keaau Byp","RTTYP":"M","MTFCC":"S1200"}},
{"type":"Feature","geometry":{"type":"LineString","coordinates":[[-155.7473,20.2204],[-155.7474,20.2205]]},"properties":{"LINEARID":"1102284348809","FULLNAME":"State Hwy 270","RTTYP":"S","MTFCC":"S1200"}},
{"type":"Feature","geometry":{"type":"LineString","coordinates":[[-155.7473,20.2204],[-155.7467,20.2205]]},"properties":{"LINEARID":"1105578898716","FULLNAME":"Akoni Pule Hwy","RTTYP":"M","MTFCC":"S1200"}},
{"type":"Feature","geometry":{"type":"LineString","coordinates":[[-155.7473,20.2208],[-155.7467,20.2205]]},"properties":{"LINEARID":"1105578838320","FULLNAME":"Akoni Pule Hwy","RTTYP":"M","MTFCC":"S1200"}},
{"type":"Feature","geometry":{"type":"LineString","coordinates":[[-155.8129,20.0228],[-155.813,20.0124],[-155.82,19.9789],[-155.8207,19.9705],[-155.8221,19.9644],[-155.8243,19.9595],[-155.8338,19.9454],[-155.8395,19.9386],[-155.845,19.9336],[-155.8851,19.9034],[-155.8869,19.9019],[-155.8907,19.8981],[-155.8926,19.8956],[-155.8959,19.89],[-155.9121,19.8538],[-155.9137,19.8508],[-155.9165,19.8469],[-155.9197,19.8436],[-155.9246,19.8399],[-155.966,19.8162],[-155.9689,19.815],[-155.9736,19.8139],[-155.9771,19.8135],[-155.9831,19.8118],[-155.9885,19.8088],[-155.9947,19.8038],[-156.002,19.7967],[-156.0058,19.7924],[-156.0094,19.7878],[-156.0176,19.7763],[-156.0219,19.7689],[-156.0246,19.7623],[-156.0266,19.7548],[-156.0337,19.7133],[-156.0333,19.708],[-156.0312,19.7039]]},"properties":{"LINEARID":"1105645260192","FULLNAME":"Queen Kaahumanu Hwy","RTTYP":"M","MTFCC":"S1200"}},
{"type":"Feature","geometry":{"type":"LineString","coordinates":[[-155.9947,19.8038],[-156.002,19.7967],[-156.0058,19.7924],[-156.0094,19.7878],[-156.0176,19.7763],[-156.0219,19.7689],[-156.0246,19.7623],[-156.0266,19.7548],[-156.0337,19.7133],[-156.0333,19.708],[-156.0312,19.7039],[-156.0287,19.6999],[-156.0237,19.6918],[-156.0221,19.6889],[-156.0207,19.6838]]},"properties":{"LINEARID":"1106088109766","FULLNAME":"State Rte 19","RTTYP":"S","MTFCC":"S1200"}},
{"type":"Feature","geometry":{"type":"LineString","coordinates":[[-155.9936,19.6462],[-155.9935,19.6464],[-155.9929,19.6475],[-155.9936,19.6465],[-155.9937,19.6463],[-155.9936,19.6462]]},"properties":{"LINEARID":"1104258112138","FULLNAME":"State Rte 190","RTTYP":"S","MTFCC":"S1200"}},
{"type":"Feature","geometry":{"type":"LineString","coordinates":[[-156.011,19.6719],[-156.0034,19.673]]},"properties":{"LINEARID":"1104258645679","FULLNAME":"State Rte 197","RTTYP":"S","MTFCC":"S1200"}},
{"type":"Feature","geometry":{"type":"LineString","coordinates":[[-155.9831,19.8118],[-155.9879,19.8093],[-155.9947,19.8038]]},"properties":{"LINEARID":"1104257628007","FULLNAME":"State Rte 19","RTTYP":"S","MTFCC":"S1200"}},
{"type":"Feature","geometry":{"type":"LineString","coordinates":[[-155.9936,19.6462],[-155.9937,19.6463],[-156.0004,19.6497],[-156.0043,19.6525],[-156.006,19.6549],[-156.0092,19.6614],[-156.014,19.6688],[-156.0146,19.6702],[-156.018,19.6754],[-156.0189,19.6771],[-156.0199,19.6797],[-156.0207,19.6838]]},"properties":{"LINEARID":"1104472576344","FULLNAME":"State Rte 19","RTTYP":"S","MTFCC":"S1200"}},
{"type":"Feature","geometry":{"type":"LineString","coordinates":[[-156.011,19.6719],[-156.0034,19.673]]},"properties":{"LINEARID":"1104258645678","FULLNAME":"State Rte 197","RTTYP":"S","MTFCC":"S1200"}},
{"type":"Feature","geometry":{"type":"LineString","coordinates":[[-155.9254,19.5306],[-155.9232,19.5258],[-155.9209,19.5222],[-155.9201,19.5188],[-155.9205,19.5142],[-155.9199,19.5093],[-155.9204,19.5019],[-155.9189,19.4977],[-155.9183,19.4938],[-155.9143,19.4918],[-155.9115,19.4897],[-155.9113,19.4895],[-155.9059,19.4864],[-155.8976,19.4806],[-155.8947,19.4788],[-155.8908,19.4736],[-155.887,19.4677],[-155.8852,19.4662],[-155.8812,19.4612],[-155.8797,19.456]]},"properties":{"LINEARID":"1106087980509","FULLNAME":"State Hwy 11","RTTYP":"S","MTFCC":"S1200"}},
{"type":"Feature","geometry":{"type":"LineString","coordinates":[[-155.4502,20.0695],[-155.4503,20.0697]]},"properties":{"LINEARID":"1104258004153","FULLNAME":"State Rte 240","RTTYP":"S","MTFCC":"S1200"}},
{"type":"Feature","geometry":{"type":"LineString","coordinates":[[-155.1111,19.875],[-155.1124,19.8718],[-155.1146,19.8708],[-155.113,19.869],[-155.1165,19.8657],[-155.1187,19.8646],[-155.1216,19.8618],[-155.1223,19.8608],[-155.1234,19.8594],[-155.1309,19.8556],[-155.137,19.8534],[-155.141,19.8503],[-155.1425,19.85],[-155.1437,19.8499],[-155.1452,19.8493],[-155.1471,19.8503],[-155.148,19.8509],[-155.1489,19.8519],[-155.1509,19.8516],[-155.152,19.8534]]},"properties":{"LINEARID":"1105645260543","FULLNAME":"State Rte 220","RTTYP":"S","MTFCC":"S1200"}},
{"type":"Feature","geometry":{"type":"LineString","coordinates":[[-154.9408,19.4915],[-154.9406,19.4936],[-154.9414,19.496]]},"properties":{"LINEARID":"1104469411285","FULLNAME":"Hwy 130","RTTYP":"M","MTFCC":"S1200"}},
{"type":"Feature","geometry":{"type":"LineString","coordinates":[[-154.8577,19.4935],[-154.8537,19.4947]]},"properties":{"LINEARID":"1103818653653","FULLNAME":"Kapoho-Pahoa Rd","RTTYP":"M","MTFCC":"S1200"}},
{"type":"Feature","geometry":{"type":"LineString","coordinates":[[-154.8618,19.4924],[-154.8577,19.4935],[-154.8537,19.4947]]},"properties":{"LINEARID":"1105645260527","FULLNAME":"Hwy 132","RTTYP":"M","MTFCC":"S1200"}},
{"type":"Feature","geometry":{"type":"LineString","coordinates":[[-154.9429,19.4976],[-154.9453,19.4993]]},"properties":{"LINEARID":"1104692184279","FULLNAME":"Pahoa Bypass Rd","RTTYP":"M","MTFCC":"S1200"}},
{"type":"Feature","geometry":{"type":"LineString","coordinates":[[-154.8828,19.49],[-154.8821,19.4903]]},"properties":{"LINEARID":"1103663438533","FULLNAME":"Kapoho Rd","RTTYP":"M","MTFCC":"S1200"}},
{"type":"Feature","geometry":{"type":"LineString","coordinates":[[-155.8926,19.8956],[-155.8869,19.9019]]},"properties":{"LINEARID":"1104257628004","FULLNAME":"State Rte 19","RTTYP":"S","MTFCC":"S1200"}},
{"type":"Feature","geometry":{"type":"LineString","coordinates":[[-157.8693,21.329],[-157.8662,21.3248],[-157.8613,21.3226],[-157.8547,21.3145],[-157.8546,21.3144],[-157.853,21.3121],[-157.8513,21.3076],[-157.8498,21.3061],[-157.84,21.3026],[-157.8363,21.302],[-157.8346,21.3013],[-157.8299,21.2983],[-157.8247,21.2964],[-157.8213,21.2945],[-157.8183,21.2912],[-157.8133,21.288],[-157.81,21.2852],[-157.7976,21.2789],[-157.7958,21.2784],[-157.7941,21.2784],[-157.7912,21.279],[-157.7878,21.2787]]},"properties":{"LINEARID":"1106087439078","FULLNAME":"Lunalilo Fwy","RTTYP":"M","MTFCC":"S1100"}},
{"type":"Feature","geometry":{"type":"LineString","coordinates":[[-158.0677,21.3247],[-158.0681,21.3251],[-158.0708,21.328],[-158.0728,21.3315],[-158.0726,21.3358],[-158.0734,21.3373],[-158.0759,21.3401],[-158.076,21.3402],[-158.0777,21.342]]},"properties":{"LINEARID":"1106092770849","FULLNAME":"Fort Barrette Rd","RTTYP":"M","MTFCC":"S1200"}},
{"type":"Feature","geometry":{"type":"LineString","coordinates":[[-158.0693,21.3003],[-158.0666,21.3009],[-158.0633,21.3003],[-158.0588,21.3015],[-158.0573,21.3037],[-158.0553,21.3139],[-158.0567,21.3166],[-158.0549,21.3291]]},"properties":{"LINEARID":"1104258060705","FULLNAME":"State Rte 8955","RTTYP":"S","MTFCC":"S1200"}},
{"type":"Feature","geometry":{"type":"LineString","coordinates":[[-158.0712,21.3121],[-158.066,21.32],[-158.0673,21.3243],[-158.0677,21.3247]]},"properties":{"LINEARID":"1104258065231","FULLNAME":"Enterprise St","RTTYP":"M","MTFCC":"S1200"}},
{"type":"Feature","geometry":{"type":"LineString","coordinates":[[-157.7845,21.2783],[-157.7797,21.2778]]},"properties":{"LINEARID":"1104492608827","FULLNAME":"Kalanianaole Hwy","RTTYP":"M","MTFCC":"S1100"}},
{"type":"Feature","geometry":{"type":"LineString","coordinates":[[-158.0673,21.3243],[-158.0677,21.3247]]},"properties":{"LINEARID":"1104258096820","FULLNAME":"State Rte 8945","RTTYP":"S","MTFCC":"S1200"}},
{"type":"Feature","geometry":{"type":"LineString","coordinates":[[-158.0885,21.3257],[-158.0782,21.323],[-158.074,21.3229],[-158.0677,21.3247],[-158.0675,21.3248],[-158.0549,21.3291]]},"properties":{"LINEARID":"1104258065232","FULLNAME":"Franklin D Roosevelt Ave","RTTYP":"M","MTFCC":"S1200"}},
{"type":"Feature","geometry":{"type":"LineString","coordinates":[[-158.1353,21.3677],[-158.132,21.3617],[-158.1299,21.3563],[-158.1298,21.3523],[-158.1296,21.351],[-158.1292,21.3497],[-158.1282,21.3486],[-158.1198,21.3443],[-158.1137,21.344],[-158.1101,21.3422],[-158.1042,21.3411]]},"properties":{"LINEARID":"1104257991257","FULLNAME":"State Rte 93","RTTYP":"S","MTFCC":"S1200"}},
{"type":"Feature","geometry":{"type":"LineString","coordinates":[[-157.8908,21.334],[-157.8914,21.3339],[-157.897,21.3344],[-157.9236,21.3384],[-157.9268,21.3389],[-157.9281,21.3392],[-157.93,21.3403]]},"properties":{"LINEARID":"1106087879616","FULLNAME":"Kamehameha Hwy","RTTYP":"M","MTFCC":"S1100"}},
{"type":"Feature","geometry":{"type":"LineString","coordinates":[[-157.8717,21.3342],[-157.8698,21.3363],[-157.868,21.3398],[-157.8677,21.3446],[-157.867,21.3464],[-157.8663,21.3471],[-157.8631,21.3492],[-157.861,21.3514],[-157.8595,21.3549],[-157.8582,21.3571],[-157.8564,21.3595],[-157.8542,21.3614],[-157.8513,21.3633],[-157.8461,21.3656],[-157.8312,21.3698],[-157.8246,21.3732],[-157.8187,21.3759],[-157.8127,21.3791],[-157.8118,21.3799],[-157.8123,21.3814],[-157.8145,21.3827],[-157.8155,21.3869],[-157.8166,21.3887],[-157.816,21.3921],[-157.8131,21.3934],[-157.8129,21.3935],[-157.8105,21.3963],[-157.8101,21.3992],[-157.8092,21.4014],[-157.807,21.4031],[-157.807,21.4032]]},"properties":{"LINEARID":"1105645261131","FULLNAME":"State Rte 63","RTTYP":"S","MTFCC":"S1200"}},
{"type":"Feature","geometry":{"type":"LineString","coordinates":[[-157.89,21.3338],[-157.8895,21.3333],[-157.8894,21.3334],[-157.8873,21.3355],[-157.8842,21.3374],[-157.8838,21.3377],[-157.8837,21.3378],[-157.8834,21.338]]},"properties":{"LINEARID":"1105319916158","FULLNAME":"State Rte 7415","RTTYP":"S","MTFCC":"S1200"}},
{"type":"Feature","geometry":{"type":"LineString","coordinates":[[-157.8546,21.3144],[-157.8545,21.3145],[-157.8503,21.3195],[-157.8465,21.3227],[-157.8452,21.3253],[-157.8455,21.3274],[-157.8449,21.3295],[-157.8399,21.3358],[-157.8365,21.3384],[-157.834,21.3406],[-157.8325,21.3425],[-157.8291,21.3469],[-157.8264,21.3488],[-157.8241,21.3504],[-157.8186,21.3531],[-157.8173,21.3536],[-157.8119,21.3538],[-157.808,21.3557],[-157.8046,21.3605],[-157.7981,21.3636],[-157.795,21.3653],[-157.7918,21.3674],[-157.7862,21.3696],[-157.7846,21.3694],[-157.7821,21.3651],[-157.7812,21.3645],[-157.7802,21.3647],[-157.7797,21.3654],[-157.7802,21.3666],[-157.782,21.3686],[-157.7822,21.3697],[-157.7817,21.3735],[-157.7808,21.3749]]},"properties":{"LINEARID":"1104270234337","FULLNAME":"State Hwy 61","RTTYP":"S","MTFCC":"S1200"}},
{"type":"Feature","geometry":{"type":"LineString","coordinates":[[-157.896,21.3492],[-157.8958,21.3493],[-157.8938,21.3531]]},"properties":{"LINEARID":"1104259508111","FULLNAME":"Jarrett White Rd","RTTYP":"M","MTFCC":"S1200"}},
{"type":"Feature","geometry":{"type":"LineString","coordinates":[[-157.8587,21.3106],[-157.8565,21.3127],[-157.8563,21.3128],[-157.8546,21.3144],[-157.8545,21.3145],[-157.8503,21.3195],[-157.8465,21.3227],[-157.8452,21.3253],[-157.8455,21.3274],[-157.8449,21.3295],[-157.8399,21.3358],[-157.8365,21.3384],[-157.834,21.3406],[-157.8325,21.3425]]},"properties":{"LINEARID":"1104270230823","FULLNAME":"Pali Hwy","RTTYP":"M","MTFCC":"S1200"}},
{"type":"Feature","geometry":{"type":"LineString","coordinates":[[-157.8819,21.3244],[-157.8795,21.3269],[-157.8743,21.3319],[-157.8729,21.3331],[-157.8728,21.3331],[-157.8714,21.3343],[-157.8698,21.336],[-157.8695,21.3365],[-157.8688,21.3373],[-157.8678,21.3397],[-157.8677,21.3422],[-157.8676,21.3446],[-157.867,21.3462],[-157.862,21.3499],[-157.8607,21.3517],[-157.8584,21.3567],[-157.8557,21.36],[-157.8528,21.3623],[-157.8457,21.3657],[-157.8328,21.3692],[-157.8301,21.3701],[-157.8238,21.3735],[-157.8186,21.3755],[-157.8126,21.3788],[-157.8115,21.3799],[-157.8116,21.3806],[-157.8122,21.3815],[-157.8144,21.3828],[-157.8152,21.3863],[-157.8166,21.3888],[-157.8158,21.3921],[-157.8131,21.3933],[-157.8129,21.3934],[-157.8104,21.3962],[-157.8099,21.3994],[-157.809,21.4013],[-157.8069,21.403]]},"properties":{"LINEARID":"11032391202614","FULLNAME":"State Rte 63","RTTYP":"S","MTFCC":"S1200"}},
{"type":"Feature","geometry":{"type":"LineString","coordinates":[[-157.8698,21.3363],[-157.8717,21.3342],[-157.8736,21.3338],[-157.8737,21.3337],[-157.8743,21.3319]]},"properties":{"LINEARID":"1102325698056","FULLNAME":"Kalihi St","RTTYP":"M","MTFCC":"S1200"}},
{"type":"Feature","geometry":{"type":"LineString","coordinates":[[-157.8635,21.3033],[-157.8633,21.302],[-157.8629,21.2989],[-157.8605,21.2963],[-157.8578,21.295],[-157.8528,21.2924],[-157.8492,21.2915],[-157.8407,21.2887],[-157.8399,21.287],[-157.8384,21.2852],[-157.8375,21.2847],[-157.8362,21.2849],[-157.8333,21.2858],[-157.833,21.2857]]},"properties":{"LINEARID":"1104259801709","FULLNAME":"State Hwy 92","RTTYP":"S","MTFCC":"S1200"}},
{"type":"Feature","geometry":{"type":"LineString","coordinates":[[-157.8578,21.295],[-157.8528,21.2924],[-157.8492,21.2915],[-157.8407,21.2887],[-157.8399,21.287],[-157.8384,21.2852],[-157.8375,21.2847],[-157.8362,21.2849],[-157.8333,21.2858]]},"properties":{"LINEARID":"1104259509120","FULLNAME":"State Rte 92","RTTYP":"S","MTFCC":"S1200"}},
{"type":"Feature","geometry":{"type":"LineString","coordinates":[[-157.9428,21.3462],[-157.9439,21.3472],[-157.9441,21.3473]]},"properties":{"LINEARID":"1104257879807","FULLNAME":"State Rte 92","RTTYP":"S","MTFCC":"S1200"}},
{"type":"Feature","geometry":{"type":"LineString","coordinates":[[-157.8648,21.3184],[-157.8673,21.3186],[-157.8753,21.3234],[-157.8795,21.3269],[-157.8829,21.3298],[-157.8874,21.3325]]},"properties":{"LINEARID":"1105645260652","FULLNAME":"State Rte 90","RTTYP":"S","MTFCC":"S1200"}},
{"type":"Feature","geometry":{"type":"LineString","coordinates":[[-157.899,21.3566],[-157.8972,21.3546],[-157.8964,21.3529],[-157.8964,21.3505],[-157.896,21.3492],[-157.8959,21.3491],[-157.8929,21.3446],[-157.8902,21.3429]]},"properties":{"LINEARID":"1104257838841","FULLNAME":"Moanalua Fwy","RTTYP":"M","MTFCC":"S1100"}},
{"type":"Feature","geometry":{"type":"LineString","coordinates":[[-157.993,21.4003],[-157.9917,21.398],[-157.9915,21.3976],[-157.9901,21.395]]},"properties":{"LINEARID":"1105598250743","FULLNAME":"Kam Hwy","RTTYP":"M","MTFCC":"S1200"}},
{"type":"Feature","geometry":{"type":"LineString","coordinates":[[-158.023,21.3337],[-158.0229,21.3337],[-158.0197,21.3357],[-158.0088,21.3471],[-158.0065,21.3487]]},"properties":{"LINEARID":"1104258053612","FULLNAME":"State Rte 7141","RTTYP":"S","MTFCC":"S1200"}},
{"type":"Feature","geometry":{"type":"LineString","coordinates":[[-157.8938,21.3531],[-157.894,21.356]]},"properties":{"LINEARID":"1104259508110","FULLNAME":"Jarrett White Rd","RTTYP":"M","MTFCC":"S1200"}},
{"type":"Feature","geometry":{"type":"LineString","coordinates":[[-158.0265,21.3761],[-158.0266,21.3762],[-158.0276,21.3781],[-158.032,21.3837],[-158.0321,21.3838],[-158.0321,21.3839],[-158.0333,21.3856]]},"properties":{"LINEARID":"1104271363516","FULLNAME":"Kunia Rd","RTTYP":"M","MTFCC":"S1200"}},
{"type":"Feature","geometry":{"type":"LineString","coordinates":[[-157.8375,21.2847],[-157.8362,21.2849]]},"properties":{"LINEARID":"1103594653704","FULLNAME":"Ala Moana","RTTYP":"M","MTFCC":"S1200"}},
{"type":"Feature","geometry":{"type":"LineString","coordinates":[[-157.85,21.32],[-157.8499,21.3201]]},"properties":{"LINEARID":"1102888183379","FULLNAME":"Pali Hwy","RTTYP":"M","MTFCC":"S1200"}},
{"type":"Feature","geometry":{"type":"LineString","coordinates":[[-157.8874,21.3325],[-157.8894,21.3334]]},"properties":{"LINEARID":"1105319916164","FULLNAME":"State Hwy 90","RTTYP":"S","MTFCC":"S1200"}},
{"type":"Feature","geometry":{"type":"LineString","coordinates":[[-157.8874,21.3325],[-157.8895,21.3333]]},"properties":{"LINEARID":"1105319916033","FULLNAME":"State Rte 90","RTTYP":"S","MTFCC":"S1200"}},
{"type":"Feature","geometry":{"type":"LineString","coordinates":[[-158.1045,21.3413],[-158.1088,21.342],[-158.1135,21.3441],[-158.1181,21.3442],[-158.121,21.3449],[-158.1284,21.3489],[-158.1294,21.3506],[-158.1297,21.3522],[-158.1298,21.3563],[-158.132,21.3619],[-158.1353,21.3677]]},"properties":{"LINEARID":"1104473117353","FULLNAME":"Farrington Hwy","RTTYP":"M","MTFCC":"S1200"}},
{"type":"Feature","geometry":{"type":"LineString","coordinates":[[-157.8991,21.3448],[-157.8972,21.3481],[-157.896,21.3492]]},"properties":{"LINEARID":"1104259461871","FULLNAME":"Puuloa Rd","RTTYP":"M","MTFCC":"S1200"}},
{"type":"Feature","geometry":{"type":"LineString","coordinates":[[-157.8991,21.3448],[-157.896,21.349],[-157.8959,21.3491]]},"properties":{"LINEARID":"1104259801202","FULLNAME":"State Rte 7310","RTTYP":"S","MTFCC":"S1200"}},
{"type":"Feature","geometry":{"type":"LineString","coordinates":[[-158.0173,21.4582],[-158.022,21.4607],[-158.0235,21.4624],[-158.0241,21.4675],[-158.0283,21.4897],[-158.0284,21.4899],[-158.0285,21.4906],[-158.0285,21.4915]]},"properties":{"LINEARID":"1106087973544","FULLNAME":"State Rte 99","RTTYP":"S","MTFCC":"S1200"}},
{"type":"Feature","geometry":{"type":"LineString","coordinates":[[-158.0287,21.4911],[-158.0285,21.49],[-158.0285,21.4897],[-158.0283,21.489],[-158.0244,21.4684],[-158.0239,21.4636],[-158.0233,21.4615],[-158.0219,21.4605],[-158.0173,21.4582]]},"properties":{"LINEARID":"1106077942393","FULLNAME":"State Rte 99","RTTYP":"S","MTFCC":"S1200"}},
{"type":"Feature","geometry":{"type":"LineString","coordinates":[[-157.8143,21.4182],[-157.8226,21.4313],[-157.8243,21.4338],[-157.8285,21.4363],[-157.8323,21.4414],[-157.833,21.4493],[-157.8345,21.4526],[-157.838,21.4572],[-157.8421,21.4609],[-157.8431,21.4626],[-157.8438,21.4681],[-157.8447,21.4707],[-157.8444,21.4738],[-157.8426,21.4755],[-157.8425,21.4775],[-157.8445,21.4794],[-157.845,21.4822],[-157.8491,21.4863],[-157.8504,21.4894],[-157.8508,21.4937],[-157.8538,21.5007],[-157.8559,21.5046],[-157.8556,21.5076],[-157.8544,21.5093],[-157.8496,21.5125],[-157.8441,21.5152],[-157.8412,21.5158],[-157.8371,21.5173],[-157.8358,21.5186],[-157.8348,21.5257],[-157.8355,21.5286],[-157.8383,21.5343],[-157.8398,21.5357],[-157.8424,21.5422],[-157.8461,21.5451],[-157.8468,21.5494],[-157.8502,21.5541],[-157.8548,21.557],[-157.8602,21.5585],[-157.8643,21.5602],[-157.8703,21.5542],[-157.8754,21.556],[-157.8768,21.5579],[-157.8749,21.5633],[-157.8759,21.5688],[-157.8761,21.5721],[-157.8779,21.5746],[-157.8833,21.5774],[-157.8859,21.5801],[-157.8867,21.5817],[-157.8873,21.5851],[-157.8891,21.5883],[-157.8922,21.5919],[-157.8956,21.5948],[-157.8987,21.6027],[-157.9014,21.6051],[-157.9046,21.6067],[-157.9072,21.6071],[-157.9088,21.6082],[-157.9129,21.6142],[-157.915,21.6195],[-157.9165,21.6213],[-157.9207,21.6247],[-157.9219,21.6264],[-157.9224,21.6292],[-157.9212,21.6333],[-157.9198,21.635],[-157.9197,21.6377],[-157.919,21.6395],[-157.9199,21.6433],[-157.9198,21.6459],[-157.9226,21.6478],[-157.9247,21.6503],[-157.928,21.6517],[-157.9304,21.6549],[-157.9311,21.6571],[-157.936,21.6639],[-157.9381,21.6676],[-157.9393,21.6706],[-157.9406,21.6721],[-157.9474,21.6764],[-157.9538,21.6783],[-157.9672,21.6892],[-157.9798,21.6939],[-157.9841,21.6969],[-157.9884,21.6981],[-157.9926,21.6975],[-157.9982,21.6962],[-158.0023,21.6964],[-158.0094,21.695],[-158.0137,21.6955],[-158.0159,21.6951],[-158.0194,21.6927],[-158.022,21.6885],[-158.0251,21.6857],[-158.0304,21.6826],[-158.0352,21.679],[-158.0402,21.6739],[-158.0567,21.659],[-158.0584,21.6567],[-158.0619,21.6504],[-158.0638,21.6442],[-158.0602,21.6397],[-158.0672,21.6371],[-158.0737,21.6277],[-158.0756,21.6258],[-158.084,21.6198],[-158.0965,21.6075],[-158.0984,21.6054],[-158.0998,21.6018],[-158.0995,21.5964],[-158.1002,21.5927],[-158.1004,21.5918],[-158.1021,21.5841],[-158.1024,21.5826],[-158.1029,21.5772],[-158.1024,21.5751]]},"properties":{"LINEARID":"1104258643140","FULLNAME":"State Rte 83","RTTYP":"S","MTFCC":"S1200"}},
{"type":"Feature","geometry":{"type":"LineString","coordinates":[[-158.0291,21.4912],[-158.032,21.4904],[-158.0379,21.4887],[-158.0395,21.4887],[-158.0396,21.4887],[-158.0434,21.4894],[-158.0501,21.4945],[-158.051,21.4971],[-158.0521,21.5015],[-158.0526,21.5026]]},"properties":{"LINEARID":"110509757822","FULLNAME":"Wilikina Dr","RTTYP":"M","MTFCC":"S1200"}},
{"type":"Feature","geometry":{"type":"LineString","coordinates":[[-158.0527,21.5029],[-158.0568,21.5084],[-158.0631,21.5136],[-158.0719,21.5214]]},"properties":{"LINEARID":"1104271277141","FULLNAME":"Wilikina Dr","RTTYP":"M","MTFCC":"S1200"}},
{"type":"Feature","geometry":{"type":"LineString","coordinates":[[-158.0283,21.489],[-158.0285,21.4897],[-158.0285,21.49],[-158.0287,21.4911],[-158.0291,21.4912],[-158.0287,21.4914]]},"properties":{"LINEARID":"1104474153406","FULLNAME":"Kamehameha Hwy","RTTYP":"M","MTFCC":"S1200"}},
{"type":"Feature","geometry":{"type":"LineString","coordinates":[[-157.838,21.4572],[-157.8345,21.4526],[-157.833,21.4493],[-157.8323,21.4414],[-157.8285,21.4363],[-157.8243,21.4338],[-157.8226,21.4313],[-157.8143,21.4182],[-157.8078,21.4105],[-157.8072,21.4087],[-157.807,21.4032]]},"properties":{"LINEARID":"110509756367","FULLNAME":"Kahekili Hwy","RTTYP":"M","MTFCC":"S1200"}},
{"type":"Feature","geometry":{"type":"LineString","coordinates":[[-157.7577,21.4072],[-157.7623,21.4061],[-157.7658,21.4066]]},"properties":{"LINEARID":"110509753256","FULLNAME":"Saddle Rd","RTTYP":"M","MTFCC":"S1200"}},
{"type":"Feature","geometry":{"type":"LineString","coordinates":[[-157.7557,21.4087],[-157.7577,21.4072],[-157.7623,21.4061],[-157.7658,21.4066],[-157.766,21.4067],[-157.7708,21.4098],[-157.7724,21.4106],[-157.776,21.4109]]},"properties":{"LINEARID":"11012159019111","FULLNAME":"State Rte 630","RTTYP":"S","MTFCC":"S1200"}},
{"type":"Feature","geometry":{"type":"LineString","coordinates":[[-158.0521,21.5015],[-158.0516,21.5035]]},"properties":{"LINEARID":"1104258199121","FULLNAME":"State Rte 99","RTTYP":"S","MTFCC":"S1200"}},
{"type":"Feature","geometry":{"type":"LineString","coordinates":[[-158.0291,21.4912],[-158.0287,21.4914]]},"properties":{"LINEARID":"1102445634947","FULLNAME":"State Hwy 80","RTTYP":"S","MTFCC":"S1200"}},
{"type":"Feature","geometry":{"type":"LineString","coordinates":[[-157.776,21.4109],[-157.7784,21.4103],[-157.7821,21.4064],[-157.7831,21.4061],[-157.7928,21.4058],[-157.7978,21.4033],[-157.7995,21.403],[-157.7997,21.403]]},"properties":{"LINEARID":"1104271137470","FULLNAME":"Kaneohe Bay Dr","RTTYP":"M","MTFCC":"S1200"}},
{"type":"Feature","geometry":{"type":"LineString","coordinates":[[-158.2672,21.576],[-158.2589,21.5771],[-158.2565,21.5771],[-158.2506,21.5781],[-158.2477,21.5778],[-158.2371,21.579],[-158.2294,21.5785],[-158.2223,21.5778],[-158.2193,21.578],[-158.2085,21.581],[-158.2023,21.5811],[-158.1857,21.5808],[-158.1752,21.5791],[-158.1391,21.5703],[-158.1233,21.5664],[-158.1131,21.562],[-158.1103,21.5662],[-158.1069,21.5746],[-158.1065,21.5756],[-158.1065,21.5757]]},"properties":{"LINEARID":"1106092755624","FULLNAME":"State Hwy 930","RTTYP":"S","MTFCC":"S1200"}},
{"type":"Feature","geometry":{"type":"LineString","coordinates":[[-158.2371,21.579],[-158.2294,21.5785],[-158.2223,21.5778],[-158.2193,21.578],[-158.2085,21.581],[-158.2023,21.5811],[-158.1857,21.5808],[-158.1752,21.5791],[-158.1391,21.5703],[-158.1233,21.5664],[-158.1131,21.562],[-158.1103,21.5662],[-158.1069,21.5746]]},"properties":{"LINEARID":"1104258241635","FULLNAME":"State Rte 930","RTTYP":"S","MTFCC":"S1200"}},
{"type":"Feature","geometry":{"type":"LineString","coordinates":[[-158.0396,21.5282],[-158.0455,21.5467],[-158.0483,21.5503],[-158.05,21.5511],[-158.0634,21.5563],[-158.0664,21.5584],[-158.0685,21.5608],[-158.0713,21.5628],[-158.101,21.5738],[-158.1024,21.5751],[-158.1035,21.5748],[-158.105,21.5759],[-158.1051,21.576],[-158.1057,21.5778]]},"properties":{"LINEARID":"1106092814221","FULLNAME":"Kamehameha Hwy","RTTYP":"M","MTFCC":"S1200"}},
{"type":"Feature","geometry":{"type":"LineString","coordinates":[[-157.7446,21.4258],[-157.7482,21.4212]]},"properties":{"LINEARID":"110509752726","FULLNAME":"Mokapu Rd","RTTYP":"M","MTFCC":"S1200"}},
{"type":"Feature","geometry":{"type":"LineString","coordinates":[[-157.7446,21.4258],[-157.7482,21.4212],[-157.749,21.42],[-157.752,21.4135],[-157.7557,21.4087]]},"properties":{"LINEARID":"11012159019189","FULLNAME":"State Rte 630","RTTYP":"S","MTFCC":"S1200"}},
{"type":"Feature","geometry":{"type":"LineString","coordinates":[[-157.7446,21.4258],[-157.7482,21.4212],[-157.749,21.42],[-157.752,21.4135],[-157.7557,21.4087]]},"properties":{"LINEARID":"11012156800472","FULLNAME":"State Rte 65","RTTYP":"S","MTFCC":"S1200"}},
{"type":"Feature","geometry":{"type":"LineString","coordinates":[[-157.7724,21.4106],[-157.776,21.4109]]},"properties":{"LINEARID":"1104271137472","FULLNAME":"Kaneohe Bay Dr","RTTYP":"M","MTFCC":"S1200"}},
{"type":"Feature","geometry":{"type":"LineString","coordinates":[[-158.1054,21.5751],[-158.1055,21.5751]]},"properties":{"LINEARID":"110509748965","FULLNAME":"Weed Cir","RTTYP":"M","MTFCC":"S1200"}},
{"type":"Feature","geometry":{"type":"LineString","coordinates":[[-157.7557,21.4087],[-157.7568,21.4076],[-157.7596,21.4062],[-157.7622,21.4059],[-157.7659,21.4065],[-157.7661,21.4066],[-157.77,21.4093],[-157.7727,21.4106],[-157.776,21.4109]]},"properties":{"LINEARID":"1104271085165","FULLNAME":"State Rte 630","RTTYP":"S","MTFCC":"S1200"}},
{"type":"Feature","geometry":{"type":"LineString","coordinates":[[-159.5812,21.9058],[-159.5815,21.906]]},"properties":{"LINEARID":"1104257992894","FULLNAME":"State Rte 540","RTTYP":"S","MTFCC":"S1200"}},
{"type":"Feature","geometry":{"type":"LineString","coordinates":[[-159.5812,21.9058],[-159.5815,21.906]]},"properties":{"LINEARID":"1104257992896","FULLNAME":"Halewili Rd","RTTYP":"M","MTFCC":"S1200"}},
{"type":"Feature","geometry":{"type":"LineString","coordinates":[[-159.4657,21.9508],[-159.468,21.9372],[-159.4686,21.9362],[-159.4681,21.9319],[-159.4687,21.9306],[-159.4691,21.9195],[-159.4677,21.9135],[-159.4659,21.9099],[-159.4653,21.9042],[-159.4667,21.9036],[-159.4658,21.8965],[-159.4663,21.8925],[-159.4659,21.8895],[-159.4679,21.8861],[-159.4681,21.8833]]},"properties":{"LINEARID":"11055908039","FULLNAME":"Co Rte 520","RTTYP":"C","MTFCC":"S1200"}},
{"type":"Feature","geometry":{"type":"LineString","coordinates":[[-159.4515,21.9618],[-159.4473,21.9623],[-159.4394,21.9615],[-159.435,21.9619],[-159.43,21.9643],[-159.4273,21.9647],[-159.4136,21.9631],[-159.4102,21.9629],[-159.4061,21.9631],[-159.402,21.9641],[-159.3927,21.9682],[-159.3798,21.9724],[-159.3725,21.976]]},"properties":{"LINEARID":"1105645260106","FULLNAME":"Kaumualii Hwy","RTTYP":"M","MTFCC":"S1200"}},
{"type":"Feature","geometry":{"type":"LineString","coordinates":[[-159.4394,21.9615],[-159.435,21.9619],[-159.43,21.9643],[-159.4273,21.9647],[-159.4136,21.9631],[-159.4102,21.9629],[-159.4061,21.9631],[-159.402,21.9641],[-159.3927,21.9682],[-159.3798,21.9724],[-159.3725,21.976]]},"properties":{"LINEARID":"1104977739925","FULLNAME":"State Rte 50","RTTYP":"S","MTFCC":"S1200"}},
{"type":"Feature","geometry":{"type":"LineString","coordinates":[[-159.3468,22.0007],[-159.3485,22.0002],[-159.3506,21.9977],[-159.355,21.9943],[-159.3615,21.9921],[-159.3658,21.9914],[-159.3662,21.9868],[-159.3676,21.981],[-159.3686,21.9775]]},"properties":{"LINEARID":"1105645261412","FULLNAME":"Kuhio Hwy","RTTYP":"M","MTFCC":"S1200"}},
{"type":"Feature","geometry":{"type":"LineString","coordinates":[[-159.3676,21.981],[-159.3654,21.9806],[-159.3618,21.981],[-159.3565,21.9804],[-159.3512,21.9815],[-159.3503,21.9815]]},"properties":{"LINEARID":"11055908054","FULLNAME":"State Rte 570","RTTYP":"S","MTFCC":"S1200"}},
{"type":"Feature","geometry":{"type":"LineString","coordinates":[[-159.4515,21.9618],[-159.4468,21.9624],[-159.441,21.9618]]},"properties":{"LINEARID":"1104977737555","FULLNAME":"Kaumualii Hwy","RTTYP":"M","MTFCC":"S1200"}},
{"type":"Feature","geometry":{"type":"LineString","coordinates":[[-159.3356,22.0473],[-159.3404,22.05],[-159.3425,22.0496],[-159.3472,22.0502],[-159.3483,22.0492],[-159.3516,22.0492],[-159.3561,22.0463],[-159.3606,22.0461],[-159.3626,22.0478],[-159.3663,22.0496],[-159.3689,22.0531],[-159.3727,22.0543],[-159.3796,22.0568],[-159.3841,22.0563],[-159.3849,22.0573],[-159.3871,22.0567],[-159.3943,22.0622],[-159.3944,22.0641],[-159.3957,22.0656],[-159.3978,22.0636],[-159.403,22.0619],[-159.4063,22.0626],[-159.4093,22.064],[-159.41,22.0658],[-159.4123,22.0673],[-159.4141,22.0702],[-159.4164,22.0713],[-159.4191,22.0715],[-159.4209,22.0731]]},"properties":{"LINEARID":"1104257990985","FULLNAME":"Kuamoo Rd","RTTYP":"M","MTFCC":"S1200"}},
{"type":"Feature","geometry":{"type":"LineString","coordinates":[[-156.2508,20.71],[-156.2515,20.7124],[-156.251,20.7163],[-156.2497,20.7175],[-156.2493,20.7198],[-156.2465,20.724],[-156.2417,20.7287],[-156.2383,20.7344],[-156.2395,20.7359],[-156.2379,20.7371],[-156.236,20.7401],[-156.2334,20.7412],[-156.2343,20.7427],[-156.2378,20.7437],[-156.2413,20.7402],[-156.2423,20.7412],[-156.241,20.7445],[-156.2393,20.7467],[-156.237,20.7472],[-156.2364,20.7486],[-156.2331,20.7503],[-156.232,20.7531],[-156.2354,20.7522],[-156.2365,20.7526],[-156.239,20.7516],[-156.2421,20.7533],[-156.2397,20.7546],[-156.2382,20.7565],[-156.2352,20.757],[-156.233,20.7588],[-156.2362,20.76],[-156.2397,20.7594],[-156.2458,20.7601],[-156.2454,20.7616],[-156.2435,20.7635],[-156.2439,20.7671],[-156.2414,20.7711],[-156.2422,20.7735],[-156.2448,20.775],[-156.2459,20.7746],[-156.2475,20.7717],[-156.2514,20.7699],[-156.2545,20.769],[-156.2571,20.7666],[-156.2591,20.7638],[-156.2637,20.7601],[-156.2643,20.7588],[-156.2673,20.7563],[-156.2703,20.7549],[-156.2712,20.7529],[-156.2753,20.7511],[-156.2745,20.7545],[-156.2794,20.7555],[-156.2795,20.7571],[-156.2828,20.7591],[-156.2847,20.7573],[-156.2851,20.7607],[-156.2885,20.7613],[-156.2877,20.7643],[-156.2932,20.7633],[-156.2921,20.7687],[-156.2935,20.7689],[-156.2959,20.7662],[-156.2966,20.7702],[-156.3001,20.7672],[-156.3014,20.7686],[-156.3038,20.7679],[-156.3035,20.7709],[-156.306,20.7688]]},"properties":{"LINEARID":"11057868419","FULLNAME":"State Hwy 378","RTTYP":"S","MTFCC":"S1200"}},
{"type":"Feature","geometry":{"type":"LineString","coordinates":[[-156.464,20.8926],[-156.4637,20.8926],[-156.4529,20.8855],[-156.447,20.8822],[-156.4398,20.8797],[-156.4346,20.879],[-156.4327,20.8792],[-156.4302,20.8808],[-156.4263,20.886],[-156.4236,20.8896]]},"properties":{"LINEARID":"1104468777663","FULLNAME":"Hana Hwy","RTTYP":"M","MTFCC":"S1200"}},
{"type":"Feature","geometry":{"type":"LineString","coordinates":[[-156.4581,20.7823],[-156.455,20.779],[-156.4534,20.7753],[-156.4504,20.7632],[-156.4475,20.7552],[-156.4468,20.7525],[-156.4455,20.7452],[-156.4454,20.7419],[-156.4459,20.7362],[-156.4456,20.7337],[-156.4446,20.7315],[-156.4408,20.7253],[-156.4375,20.7181],[-156.436,20.7109],[-156.4302,20.6884],[-156.4309,20.6881]]},"properties":{"LINEARID":"1105558973757","FULLNAME":"Piilani Hwy","RTTYP":"M","MTFCC":"S1200"}},
{"type":"Feature","geometry":{"type":"LineString","coordinates":[[-155.6257,19.7923],[-155.6215,19.7876],[-155.6157,19.7822],[-155.6118,19.7808],[-155.5985,19.7787],[-155.5953,19.7775],[-155.5849,19.769],[-155.5807,19.7671],[-155.5524,19.7634],[-155.5451,19.7615],[-155.537,19.7605],[-155.534,19.7597],[-155.5319,19.7582],[-155.5305,19.7562],[-155.5287,19.7497],[-155.5267,19.7476],[-155.5245,19.7464],[-155.5178,19.7444],[-155.515,19.7425],[-155.5117,19.7393],[-155.5115,19.7391],[-155.5032,19.7312],[-155.5017,19.7293],[-155.5001,19.7245],[-155.4942,19.7182],[-155.4892,19.7118],[-155.4852,19.7076],[-155.4842,19.7054],[-155.4833,19.6957],[-155.4821,19.6933],[-155.4781,19.6907],[-155.4733,19.6898],[-155.4666,19.6892],[-155.46,19.6882],[-155.4524,19.6876],[-155.447,19.6865],[-155.4412,19.6857],[-155.4359,19.6857],[-155.4309,19.6845],[-155.4257,19.6848],[-155.4194,19.6848],[-155.4163,19.6844],[-155.4062,19.6823],[-155.3996,19.6822],[-155.3917,19.6809],[-155.3878,19.6782],[-155.3849,19.6773],[-155.3769,19.676],[-155.3746,19.6743],[-155.3714,19.6712],[-155.37,19.6705],[-155.3658,19.6698],[-155.3596,19.6707],[-155.3508,19.6712],[-155.3435,19.6732],[-155.3396,19.6756],[-155.3375,19.6763],[-155.3323,19.6763],[-155.3284,19.676],[-155.3234,19.6773],[-155.3174,19.677],[-155.3092,19.6771],[-155.3042,19.6781],[-155.3017,19.679],[-155.2944,19.6842],[-155.2916,19.6857],[-155.2858,19.6863],[-155.2827,19.6873],[-155.2783,19.6869],[-155.2763,19.6872],[-155.2735,19.6887],[-155.2714,19.6888],[-155.2687,19.6881],[-155.2663,19.6885],[-155.2599,19.691],[-155.2557,19.6939],[-155.2466,19.6943],[-155.2437,19.6953],[-155.241,19.6972],[-155.2369,19.6993],[-155.2331,19.6997],[-155.2261,19.6979],[-155.223,19.6966],[-155.2209,19.6949],[-155.2149,19.6947],[-155.2021,19.6922],[-155.1962,19.6897],[-155.1934,19.6866],[-155.1914,19.683],[-155.1869,19.6816],[-155.18,19.6815],[-155.1764,19.6837],[-155.1693,19.6818],[-155.1661,19.6788],[-155.1645,19.6785],[-155.1601,19.6808],[-155.1566,19.6808],[-155.1555,19.681],[-155.1554,19.6813],[-155.1471,19.6835],[-155.1432,19.6853],[-155.136,19.6853],[-155.1328,19.6874],[-155.1309,19.6867],[-155.1297,19.688],[-155.1252,19.6904],[-155.1233,19.6935],[-155.1204,19.6947],[-155.1173,19.6966],[-155.1148,19.6991],[-155.1138,19.7024],[-155.1112,19.7039],[-155.1109,19.7072],[-155.1068,19.7131],[-155.1024,19.7177],[-155.1004,19.7182],[-155.0866,19.7269]]},"properties":{"LINEARID":"1106087439213","FULLNAME":"State Rte 200","RTTYP":"S","MTFCC":"S1200"}},
{"type":"Feature","geometry":{"type":"LineString","coordinates":[[-155.1645,19.6785],[-155.1601,19.6808],[-155.1566,19.6808],[-155.1555,19.681],[-155.1554,19.6813],[-155.1471,19.6835],[-155.1432,19.6853],[-155.136,19.6853],[-155.1328,19.6874],[-155.1309,19.6867],[-155.1297,19.688],[-155.1252,19.6904],[-155.1233,19.6935],[-155.1204,19.6947],[-155.1173,19.6966],[-155.1148,19.6991],[-155.1138,19.7024],[-155.1112,19.7039],[-155.1109,19.7072],[-155.1068,19.7131],[-155.1024,19.7177]]},"properties":{"LINEARID":"1104469668588","FULLNAME":"Kaumana Dr","RTTYP":"M","MTFCC":"S1200"}},
{"type":"Feature","geometry":{"type":"LineString","coordinates":[[-155.0643,19.7176],[-155.0643,19.7226]]},"properties":{"LINEARID":"1104257840029","FULLNAME":"State Hwy 11","RTTYP":"S","MTFCC":"S1200"}},
{"type":"Feature","geometry":{"type":"LineString","coordinates":[[-155.0918,19.5634],[-155.0859,19.5662],[-155.0784,19.571],[-155.0758,19.5724],[-155.0689,19.575],[-155.0641,19.5783],[-155.0611,19.5819],[-155.0604,19.5845],[-155.061,19.5878],[-155.0598,19.5912],[-155.0585,19.5926],[-155.056,19.5955],[-155.0521,19.6036],[-155.0507,19.6056],[-155.0489,19.6081],[-155.048,19.612],[-155.0469,19.6143],[-155.0447,19.6175],[-155.0408,19.623],[-155.0406,19.6234],[-155.0402,19.6245],[-155.0397,19.6269],[-155.0402,19.633],[-155.0408,19.6344],[-155.0494,19.6468],[-155.052,19.6505],[-155.0616,19.665],[-155.0634,19.6679],[-155.0646,19.6724],[-155.0661,19.6913],[-155.0661,19.6929]]},"properties":{"LINEARID":"1106087981271","FULLNAME":"State Hwy 11","RTTYP":"S","MTFCC":"S1200"}},
{"type":"Feature","geometry":{"type":"LineString","coordinates":[[-155.0645,19.6951],[-155.0604,19.6954],[-155.0572,19.6965]]},"properties":{"LINEARID":"1104258205109","FULLNAME":"State Rte 2000","RTTYP":"S","MTFCC":"S1200"}},
{"type":"Feature","geometry":{"type":"LineString","coordinates":[[-155.071,19.7225],[-155.0669,19.7226]]},"properties":{"LINEARID":"1104469290764","FULLNAME":"Kamehameha Ave","RTTYP":"M","MTFCC":"S1200"}},
{"type":"Feature","geometry":{"type":"LineString","coordinates":[[-155.6096,20.0404],[-155.6026,20.0416],[-155.5971,20.0426],[-155.5878,20.0455],[-155.57,20.0497],[-155.554,20.0529],[-155.5509,20.0543],[-155.5408,20.0619],[-155.5378,20.0626],[-155.5311,20.0619],[-155.5282,20.0623],[-155.5211,20.0653],[-155.5171,20.0665],[-155.5058,20.0677],[-155.4953,20.071],[-155.4929,20.0712],[-155.4841,20.0703],[-155.4813,20.0703],[-155.4728,20.0712]]},"properties":{"LINEARID":"1105645259120","FULLNAME":"Mamalahoa Hwy","RTTYP":"M","MTFCC":"S1200"}},
{"type":"Feature","geometry":{"type":"LineString","coordinates":[[-155.4498,20.0695],[-155.4503,20.0697],[-155.4504,20.0698],[-155.4531,20.0729],[-155.4593,20.0761],[-155.4612,20.0762],[-155.4674,20.0789],[-155.4733,20.0807],[-155.4763,20.0809],[-155.4828,20.0821],[-155.4861,20.0842],[-155.4891,20.084],[-155.4912,20.0845],[-155.493,20.0866],[-155.4985,20.0884],[-155.5062,20.0928],[-155.5087,20.0933],[-155.5124,20.096],[-155.5197,20.0983],[-155.5229,20.1003],[-155.5288,20.1032],[-155.5381,20.1072],[-155.5474,20.1107],[-155.5543,20.1129],[-155.5599,20.1154],[-155.56,20.1154],[-155.5626,20.116],[-155.5779,20.1157],[-155.5813,20.1159]]},"properties":{"LINEARID":"1106087836214","FULLNAME":"State Hwy 240","RTTYP":"S","MTFCC":"S1200"}},
{"type":"Feature","geometry":{"type":"LineString","coordinates":[[-155.4531,20.0729],[-155.4593,20.0761],[-155.4612,20.0762],[-155.4674,20.0789],[-155.4733,20.0807],[-155.4763,20.0809],[-155.4828,20.0821],[-155.4861,20.0842],[-155.4891,20.084],[-155.4912,20.0845],[-155.493,20.0866],[-155.4985,20.0884],[-155.5062,20.0928],[-155.5087,20.0933],[-155.5124,20.096],[-155.5197,20.0983],[-155.5229,20.1003],[-155.5288,20.1032],[-155.5381,20.1072],[-155.5474,20.1107],[-155.5543,20.1129],[-155.5599,20.1154],[-155.56,20.1154],[-155.5626,20.116],[-155.5779,20.1157],[-155.5813,20.1159]]},"properties":{"LINEARID":"1106087292826","FULLNAME":"Waipio Rd","RTTYP":"M","MTFCC":"S1200"}},
{"type":"Feature","geometry":{"type":"LineString","coordinates":[[-155.5814,20.1166],[-155.584,20.1177]]},"properties":{"LINEARID":"1106260979602","FULLNAME":"Kukuihaele Rd","RTTYP":"M","MTFCC":"S1200"}},
{"type":"Feature","geometry":{"type":"LineString","coordinates":[[-157.0729,21.1503],[-157.0686,21.1676]]},"properties":{"LINEARID":"11057868454","FULLNAME":"State Rte 481","RTTYP":"S","MTFCC":"S1200"}},
{"type":"Feature","geometry":{"type":"LineString","coordinates":[[-157.0543,21.1333],[-157.0519,21.1346],[-157.0501,21.1368],[-157.0421,21.148],[-157.0399,21.15],[-157.0365,21.152],[-157.0245,21.1579],[-157.022,21.1577],[-157.0197,21.1559],[-157.0174,21.1557],[-157.0152,21.1546],[-157.0133,21.155],[-157.0102,21.1588],[-157.0084,21.1603],[-157.0039,21.1625],[-156.9971,21.1634],[-156.9964,21.1653],[-156.9985,21.1681],[-156.9994,21.1722],[-157.0053,21.1754]]},"properties":{"LINEARID":"11057868449","FULLNAME":"State Rte 470","RTTYP":"S","MTFCC":"S1200"}},
{"type":"Feature","geometry":{"type":"LineString","coordinates":[[-155.8798,19.444],[-155.8798,19.4393],[-155.8811,19.4366],[-155.8814,19.4327],[-155.8804,19.4289],[-155.8801,19.425],[-155.8815,19.4208],[-155.8814,19.4183],[-155.8803,19.4166],[-155.8811,19.4116],[-155.8805,19.4089],[-155.8814,19.4057],[-155.8803,19.3988],[-155.8784,19.3935],[-155.878,19.3863],[-155.8792,19.3813],[-155.8781,19.378],[-155.8766,19.3765],[-155.8762,19.3735],[-155.8772,19.37],[-155.877,19.362],[-155.8776,19.355],[-155.8766,19.3535],[-155.8747,19.3485],[-155.8749,19.3443],[-155.8729,19.3412],[-155.8724,19.3347],[-155.8728,19.328],[-155.8723,19.3203],[-155.8748,19.3115],[-155.875,19.3086],[-155.8732,19.3047],[-155.8733,19.2995],[-155.874,19.2985],[-155.8744,19.2946],[-155.8731,19.2896],[-155.8736,19.2863],[-155.8733,19.2834],[-155.8745,19.2791],[-155.8741,19.2756],[-155.8759,19.2725],[-155.8749,19.2683],[-155.8757,19.2597],[-155.8767,19.2573],[-155.8772,19.2522],[-155.8779,19.251],[-155.8778,19.2476],[-155.877,19.2428],[-155.8774,19.2417],[-155.8769,19.2368],[-155.8759,19.2349],[-155.875,19.2266],[-155.8738,19.2234],[-155.8718,19.2197],[-155.8719,19.217],[-155.8713,19.2145],[-155.8698,19.2124],[-155.8682,19.2084],[-155.868,19.2007],[-155.8675,19.1971],[-155.8648,19.1899],[-155.8637,19.1862],[-155.8632,19.1804],[-155.8635,19.1732],[-155.8633,19.1679],[-155.8619,19.1614],[-155.8601,19.1571],[-155.8577,19.1531],[-155.8538,19.1485],[-155.8491,19.1438],[-155.8457,19.1388],[-155.8363,19.1228],[-155.8333,19.1167],[-155.8311,19.1136],[-155.8268,19.1095],[-155.8172,19.1031],[-155.8145,19.1017],[-155.7831,19.0872],[-155.7778,19.0854],[-155.7744,19.0843],[-155.7575,19.0786],[-155.7082,19.0614],[-155.7022,19.06],[-155.6984,19.0596],[-155.6757,19.0581],[-155.6713,19.0603],[-155.6688,19.0608],[-155.6661,19.0599],[-155.662,19.0599],[-155.6554,19.0604],[-155.6527,19.0603],[-155.6424,19.0627],[-155.6385,19.0623],[-155.6367,19.0606],[-155.6336,19.0602],[-155.6312,19.0618],[-155.6289,19.0613],[-155.6256,19.0627],[-155.6236,19.0644],[-155.6216,19.0651],[-155.6195,19.0666],[-155.6188,19.0682],[-155.6163,19.0683],[-155.6152,19.067],[-155.6123,19.0683],[-155.6112,19.067],[-155.6079,19.065],[-155.599,19.0602],[-155.5887,19.0601],[-155.5822,19.0614],[-155.5734,19.0642],[-155.5704,19.0655],[-155.5652,19.0703],[-155.5593,19.0739],[-155.5571,19.0766],[-155.5535,19.0851],[-155.5497,19.089],[-155.5389,19.1036],[-155.5173,19.1386],[-155.5146,19.1431],[-155.501,19.1651],[-155.4986,19.1679],[-155.4758,19.1908],[-155.4735,19.1937],[-155.4661,19.2117],[-155.4622,19.2209],[-155.4581,19.2277],[-155.4507,19.2347],[-155.4494,19.2364],[-155.4339,19.2717],[-155.4317,19.2751],[-155.4281,19.2795],[-155.4261,19.2832],[-155.4201,19.2957],[-155.4131,19.3079],[-155.3977,19.3328],[-155.3948,19.3371]]},"properties":{"LINEARID":"1106087434653","FULLNAME":"Mamalahoa Hwy","RTTYP":"M","MTFCC":"S1200"}},
{"type":"Feature","geometry":{"type":"LineString","coordinates":[[-155.0261,19.6044],[-155.018,19.5948],[-155.0138,19.5888],[-155.0103,19.5852],[-155.0073,19.5807],[-155.0044,19.5775],[-155.0028,19.5745],[-155.0016,19.5727],[-155.0016,19.5726],[-154.9923,19.5605],[-154.9885,19.5561],[-154.9857,19.5535],[-154.9806,19.5486],[-154.9769,19.5456],[-154.9749,19.5434],[-154.9738,19.5417],[-154.973,19.5387],[-154.9704,19.5266],[-154.9694,19.5242],[-154.9635,19.5143],[-154.9623,19.5124],[-154.9599,19.5102],[-154.9573,19.5065],[-154.956,19.5054],[-154.9529,19.5044],[-154.949,19.5018],[-154.9453,19.4993],[-154.9429,19.4976],[-154.9422,19.4969],[-154.9414,19.496],[-154.9406,19.4936],[-154.9408,19.4915],[-154.9413,19.4879],[-154.9409,19.4793],[-154.9412,19.464],[-154.9408,19.46],[-154.9414,19.4474],[-154.9504,19.4202],[-154.9525,19.4137],[-154.953,19.4103],[-154.9532,19.4047],[-154.9537,19.4023],[-154.9572,19.3956],[-154.9578,19.393],[-154.9578,19.3871],[-154.9583,19.3844],[-154.9594,19.3823],[-154.9624,19.3788],[-154.964,19.3749],[-154.9649,19.3701],[-154.9661,19.3678],[-154.9687,19.3659],[-154.9796,19.3603],[-154.986,19.3563],[-154.9877,19.3549],[-154.9905,19.3527],[-154.9927,19.3503]]},"properties":{"LINEARID":"1106088003329","FULLNAME":"State Rte 130","RTTYP":"S","MTFCC":"S1200"}},
{"type":"Feature","geometry":{"type":"LineString","coordinates":[[-155.1771,19.4542],[-155.1856,19.4524]]},"properties":{"LINEARID":"1103657377353","FULLNAME":"Hwy 11","RTTYP":"M","MTFCC":"S1200"}},
{"type":"Feature","geometry":{"type":"LineString","coordinates":[[-155.0261,19.6044],[-155.0286,19.6073],[-155.0294,19.6089],[-155.03,19.611],[-155.0301,19.6122],[-155.03,19.6162],[-155.0304,19.6199],[-155.0318,19.6235],[-155.0329,19.6261],[-155.033,19.6262],[-155.0336,19.6277],[-155.0346,19.6301],[-155.0361,19.6319],[-155.0396,19.6326]]},"properties":{"LINEARID":"1104486237362","FULLNAME":"State Rte 130","RTTYP":"S","MTFCC":"S1200"}},
{"type":"Feature","geometry":{"type":"LineString","coordinates":[[-155.0405,19.6209],[-155.0393,19.6225],[-155.0384,19.6241],[-155.0395,19.6279],[-155.0396,19.632]]},"properties":{"LINEARID":"1105598216652","FULLNAME":"State Hwy 130","RTTYP":"S","MTFCC":"S1200"}},
{"type":"Feature","geometry":{"type":"LineString","coordinates":[[-155.0447,19.6175],[-155.0408,19.623],[-155.0406,19.6234],[-155.0402,19.6245]]},"properties":{"LINEARID":"1106087872014","FULLNAME":"Hwy 11","RTTYP":"M","MTFCC":"S1200"}},
{"type":"Feature","geometry":{"type":"LineString","coordinates":[[-155.0016,19.5726],[-155.0016,19.5727],[-155.0028,19.5745]]},"properties":{"LINEARID":"1103944981276","FULLNAME":"Pahoa Rd","RTTYP":"M","MTFCC":"S1200"}},
{"type":"Feature","geometry":{"type":"LineString","coordinates":[[-155.1093,19.5488],[-155.1069,19.5511]]},"properties":{"LINEARID":"1103934823354","FULLNAME":"State Rd 11","RTTYP":"S","MTFCC":"S1200"}},
{"type":"Feature","geometry":{"type":"LineString","coordinates":[[-155.0387,19.6217],[-155.0389,19.622]]},"properties":{"LINEARID":"1104258170728","FULLNAME":"State Hwy 130","RTTYP":"S","MTFCC":"S1200"}},
{"type":"Feature","geometry":{"type":"LineString","coordinates":[[-155.8305,20.238],[-155.8257,20.2383],[-155.8192,20.2371],[-155.8182,20.2368],[-155.8136,20.2348],[-155.8048,20.2316],[-155.8009,20.2308],[-155.7986,20.2305],[-155.7975,20.2303],[-155.7902,20.2295],[-155.7716,20.2253],[-155.7683,20.2244],[-155.7678,20.2225]]},"properties":{"LINEARID":"1103663438704","FULLNAME":"Hawi-Niulii Rd","RTTYP":"M","MTFCC":"S1200"}},
{"type":"Feature","geometry":{"type":"LineString","coordinates":[[-155.7473,20.2204],[-155.7474,20.2205]]},"properties":{"LINEARID":"1102284734145","FULLNAME":"Akoni Pule Hwy","RTTYP":"M","MTFCC":"S1200"}},
{"type":"Feature","geometry":{"type":"LineString","coordinates":[[-155.8295,20.2115],[-155.8295,20.2116]]},"properties":{"LINEARID":"1104257734376","FULLNAME":"State Hwy 250","RTTYP":"S","MTFCC":"S1200"}},
{"type":"Feature","geometry":{"type":"LineString","coordinates":[[-155.8331,20.1835],[-155.8368,20.1883],[-155.8399,20.1942]]},"properties":{"LINEARID":"110159759431","FULLNAME":"Hawi Rd","RTTYP":"M","MTFCC":"S1200"}},
{"type":"Feature","geometry":{"type":"LineString","coordinates":[[-155.6222,20.0371],[-155.6323,20.0349],[-155.634,20.0343],[-155.6394,20.0304],[-155.6459,20.0286],[-155.6517,20.0279],[-155.6612,20.0247],[-155.6643,20.0241],[-155.668,20.0212],[-155.6689,20.0204],[-155.6734,20.0166],[-155.6761,20.0119],[-155.6774,20.0001],[-155.6765,19.995],[-155.6769,19.9884],[-155.6773,19.9754],[-155.678,19.974],[-155.6787,19.9693],[-155.6803,19.9644],[-155.6813,19.9521],[-155.6804,19.9462],[-155.6833,19.9417],[-155.6862,19.9398],[-155.6874,19.936],[-155.6899,19.9304],[-155.6942,19.9225],[-155.6966,19.9186],[-155.7014,19.9146],[-155.7051,19.9077],[-155.7062,19.9033],[-155.7098,19.8953],[-155.7267,19.8684],[-155.7403,19.8471],[-155.7426,19.8458],[-155.7643,19.84],[-155.7693,19.8379],[-155.7712,19.8376],[-155.7771,19.8382],[-155.7853,19.8357],[-155.7896,19.8337],[-155.7966,19.8336],[-155.7999,19.8317],[-155.8022,19.8311],[-155.8109,19.8309],[-155.8164,19.83],[-155.8345,19.8209],[-155.8426,19.8162],[-155.8438,19.8143],[-155.8436,19.8123],[-155.8409,19.8071],[-155.8445,19.805],[-155.8502,19.8002],[-155.8565,19.7984],[-155.876,19.7919],[-155.891,19.7874],[-155.8976,19.7852],[-155.9107,19.7803],[-155.917,19.7762],[-155.9224,19.7749],[-155.9251,19.7736],[-155.9273,19.7717],[-155.9307,19.7702],[-155.9329,19.7686],[-155.9356,19.7681],[-155.9388,19.7666],[-155.9591,19.7618],[-155.9614,19.7606],[-155.9657,19.7566],[-155.9708,19.7546],[-155.9725,19.7532],[-155.9738,19.7508],[-155.9747,19.7442],[-155.9773,19.737],[-155.9787,19.7305],[-155.9785,19.7242],[-155.9774,19.7211],[-155.9776,19.7175],[-155.9778,19.7164],[-155.978,19.7138],[-155.9768,19.7085],[-155.9766,19.7056],[-155.9771,19.6984],[-155.9769,19.6954],[-155.9756,19.6882],[-155.9743,19.686],[-155.9727,19.6848],[-155.9718,19.6822],[-155.9685,19.6779],[-155.9682,19.6744],[-155.9666,19.6723],[-155.9651,19.6688],[-155.9593,19.6611],[-155.958,19.6594],[-155.9578,19.659],[-155.9562,19.6553],[-155.9548,19.649],[-155.9526,19.6432],[-155.9514,19.6369],[-155.949,19.6342],[-155.9484,19.632],[-155.9488,19.6282],[-155.9484,19.6267],[-155.9489,19.6217],[-155.9487,19.6189],[-155.9494,19.6155],[-155.9495,19.6094],[-155.9484,19.6038],[-155.9491,19.6009],[-155.9483,19.5952],[-155.9456,19.5883],[-155.9454,19.5836],[-155.9437,19.58],[-155.9438,19.5753],[-155.9428,19.5715],[-155.9434,19.5705],[-155.9417,19.5674],[-155.9391,19.5633],[-155.9382,19.5603],[-155.936,19.5553],[-155.9351,19.5545],[-155.9334,19.551],[-155.9311,19.5481],[-155.9316,19.5461],[-155.9294,19.544],[-155.929,19.5426],[-155.9279,19.5353],[-155.9254,19.5306]]},"properties":{"LINEARID":"1106087434646","FULLNAME":"Mamalahoa Hwy","RTTYP":"M","MTFCC":"S1200"}},
{"type":"Feature","geometry":{"type":"LineString","coordinates":[[-155.9668,19.6128],[-155.9586,19.5966],[-155.9571,19.5908],[-155.9546,19.5869],[-155.9519,19.5808],[-155.9477,19.5748],[-155.9449,19.5716],[-155.9428,19.5682],[-155.9398,19.5599],[-155.9356,19.551],[-155.9324,19.5459],[-155.929,19.5426],[-155.9279,19.5353],[-155.9254,19.5306]]},"properties":{"LINEARID":"1106087980507","FULLNAME":"State Hwy 11","RTTYP":"S","MTFCC":"S1200"}},
{"type":"Feature","geometry":{"type":"LineString","coordinates":[[-155.9776,19.7175],[-155.9778,19.7164]]},"properties":{"LINEARID":"1103834029634","FULLNAME":"Hwy 190","RTTYP":"M","MTFCC":"S1200"}},
{"type":"Feature","geometry":{"type":"LineString","coordinates":[[-155.9254,19.5306],[-155.9232,19.5258],[-155.9209,19.5222],[-155.9201,19.5188],[-155.9205,19.5142],[-155.9199,19.5093],[-155.9204,19.5019],[-155.9189,19.4977],[-155.9183,19.4938],[-155.9143,19.4918],[-155.9115,19.4897],[-155.9113,19.4895],[-155.9059,19.4864],[-155.8976,19.4806],[-155.8947,19.4788],[-155.8908,19.4736],[-155.887,19.4677],[-155.8852,19.4662],[-155.8812,19.4612],[-155.8797,19.456],[-155.8798,19.444]]},"properties":{"LINEARID":"1106087434652","FULLNAME":"Mamalahoa Hwy","RTTYP":"M","MTFCC":"S1200"}},
{"type":"Feature","geometry":{"type":"LineString","coordinates":[[-155.9983,19.6753],[-155.9982,19.6754]]},"properties":{"LINEARID":"1104258645681","FULLNAME":"State Rte 197","RTTYP":"S","MTFCC":"S1200"}},
{"type":"Feature","geometry":{"type":"LineString","coordinates":[[-155.4504,20.0696],[-155.4503,20.0694]]},"properties":{"LINEARID":"1104258004146","FULLNAME":"State Rte 240","RTTYP":"S","MTFCC":"S1200"}},
{"type":"Feature","geometry":{"type":"LineString","coordinates":[[-154.9408,19.4915],[-154.9398,19.4912]]},"properties":{"LINEARID":"1104692187791","FULLNAME":"Hwy 132","RTTYP":"M","MTFCC":"S1200"}},
{"type":"Feature","geometry":{"type":"LineString","coordinates":[[-155.9183,19.4938],[-155.9178,19.4919],[-155.9148,19.4871],[-155.9144,19.4846],[-155.9123,19.4818],[-155.9105,19.4808],[-155.9077,19.4806],[-155.9046,19.4781],[-155.9008,19.474],[-155.8989,19.4699],[-155.8999,19.4663],[-155.8998,19.4641],[-155.902,19.4651],[-155.9041,19.4682],[-155.9049,19.4692],[-155.9061,19.4679],[-155.908,19.4677],[-155.9107,19.4696],[-155.9126,19.47],[-155.9158,19.4734],[-155.9188,19.4737],[-155.9183,19.4713],[-155.9191,19.4668],[-155.919,19.4629],[-155.9142,19.4307],[-155.9117,19.4269]]},"properties":{"LINEARID":"1104486301874","FULLNAME":"Co Rd 160","RTTYP":"C","MTFCC":"S1200"}},
{"type":"Feature","geometry":{"type":"LineString","coordinates":[[-155.9049,19.4692],[-155.9041,19.4682]]},"properties":{"LINEARID":"11015484703368","FULLNAME":"L","RTTYP":"M","MTFCC":"S1200"}},
{"type":"Feature","geometry":{"type":"LineString","coordinates":[[-157.8874,21.3132],[-157.8883,21.3151],[-157.8887,21.3159],[-157.8916,21.3215],[-157.8913,21.323],[-157.8868,21.3287]]},"properties":{"LINEARID":"1104259461150","FULLNAME":"Sand Island Access Rd","RTTYP":"M","MTFCC":"S1200"}},
{"type":"Feature","geometry":{"type":"LineString","coordinates":[[-158.0835,21.3352],[-158.084,21.3351],[-158.0843,21.335],[-158.09,21.3336],[-158.0902,21.3342],[-158.0918,21.3379],[-158.0929,21.3388],[-158.0964,21.3395],[-158.0999,21.3408],[-158.1045,21.3413]]},"properties":{"LINEARID":"1105319713907","FULLNAME":"State Rte 93","RTTYP":"S","MTFCC":"S1200"}},
{"type":"Feature","geometry":{"type":"LineString","coordinates":[[-157.7845,21.2783],[-157.7797,21.2778]]},"properties":{"LINEARID":"1104492608414","FULLNAME":"State Hwy 72","RTTYP":"S","MTFCC":"S1100"}},
{"type":"Feature","geometry":{"type":"LineString","coordinates":[[-158.0885,21.3257],[-158.0782,21.323],[-158.074,21.3229],[-158.0677,21.3247],[-158.0675,21.3248],[-158.0549,21.3291],[-158.048,21.3314],[-158.0424,21.3316],[-158.0409,21.3305],[-158.0402,21.3283]]},"properties":{"LINEARID":"1104258065230","FULLNAME":"Roosevelt Ave","RTTYP":"M","MTFCC":"S1200"}},
{"type":"Feature","geometry":{"type":"LineString","coordinates":[[-158.1353,21.3677],[-158.132,21.3617],[-158.1299,21.3563],[-158.1298,21.3523],[-158.1296,21.351],[-158.1292,21.3497],[-158.1282,21.3486],[-158.1198,21.3443],[-158.1137,21.344],[-158.1101,21.3422],[-158.1042,21.3411]]},"properties":{"LINEARID":"1104473117352","FULLNAME":"Farrington Hwy","RTTYP":"M","MTFCC":"S1200"}},
{"type":"Feature","geometry":{"type":"LineString","coordinates":[[-158.1042,21.3411],[-158.1101,21.3422],[-158.1137,21.344],[-158.1198,21.3443],[-158.1282,21.3486],[-158.1292,21.3497],[-158.1296,21.351],[-158.1298,21.3523],[-158.1299,21.3563],[-158.132,21.3617],[-158.1353,21.3677],[-158.1363,21.3702],[-158.1393,21.3751],[-158.1416,21.3779],[-158.159,21.394],[-158.1615,21.3957],[-158.1658,21.3975],[-158.1707,21.3984],[-158.1731,21.3994],[-158.1758,21.4017],[-158.1772,21.4061],[-158.1766,21.4139],[-158.1787,21.4269],[-158.1799,21.4289],[-158.183,21.4312],[-158.1843,21.4338],[-158.1876,21.4443],[-158.1893,21.4479],[-158.1915,21.4502],[-158.2037,21.4588],[-158.2108,21.4621],[-158.2136,21.4653],[-158.2193,21.476],[-158.2206,21.4776],[-158.2264,21.4806],[-158.2283,21.4827],[-158.2295,21.4865],[-158.2287,21.4927],[-158.2297,21.5011],[-158.2287,21.5098],[-158.2279,21.5143],[-158.2278,21.5203],[-158.2274,21.5224],[-158.2277,21.5298],[-158.2285,21.5344],[-158.2294,21.5359],[-158.236,21.5415],[-158.2402,21.5466],[-158.2405,21.5477],[-158.247,21.5539],[-158.2487,21.5562],[-158.2525,21.5574],[-158.2562,21.5595],[-158.2584,21.5614]]},"properties":{"LINEARID":"1106087416784","FULLNAME":"State Hwy 93","RTTYP":"S","MTFCC":"S1200"}},
{"type":"Feature","geometry":{"type":"LineString","coordinates":[[-158.0898,21.3291],[-158.0913,21.3261],[-158.0981,21.3198],[-158.0995,21.3175],[-158.0994,21.3135],[-158.1118,21.3132],[-158.1132,21.3143],[-158.1149,21.3182]]},"properties":{"LINEARID":"1104257618469","FULLNAME":"State Rte 95","RTTYP":"S","MTFCC":"S1200"}},
{"type":"Feature","geometry":{"type":"LineString","coordinates":[[-157.8976,21.3349],[-157.893,21.3348],[-157.892,21.3344],[-157.8914,21.3339],[-157.89,21.3327],[-157.8897,21.3325],[-157.8888,21.3319],[-157.8875,21.3307],[-157.8866,21.329],[-157.8857,21.3274],[-157.882,21.3243],[-157.8772,21.3201],[-157.8759,21.3186],[-157.8752,21.3171],[-157.8743,21.3153],[-157.8725,21.3139],[-157.8708,21.3137],[-157.8683,21.3144],[-157.8665,21.3153],[-157.8651,21.3131],[-157.8645,21.3107],[-157.8642,21.31],[-157.8642,21.3081],[-157.863,21.3062],[-157.8627,21.3048],[-157.8633,21.302]]},"properties":{"LINEARID":"1105319902337","FULLNAME":"State Rte 92","RTTYP":"S","MTFCC":"S1200"}},
{"type":"Feature","geometry":{"type":"LineString","coordinates":[[-157.8578,21.295],[-157.8531,21.2924],[-157.85,21.2917],[-157.8463,21.2902],[-157.8415,21.2889],[-157.8384,21.2849],[-157.8376,21.2845],[-157.8369,21.2845],[-157.8329,21.2855]]},"properties":{"LINEARID":"1104259378517","FULLNAME":"Ala Moana Blvd","RTTYP":"M","MTFCC":"S1200"}},
{"type":"Feature","geometry":{"type":"LineString","coordinates":[[-157.7797,21.2778],[-157.7733,21.2771],[-157.7674,21.276],[-157.7651,21.2759],[-157.7589,21.2768],[-157.7539,21.278],[-157.751,21.2782],[-157.7426,21.2804],[-157.7389,21.2808],[-157.7306,21.2828],[-157.726,21.2852],[-157.722,21.2861],[-157.719,21.2855],[-157.7153,21.2831]]},"properties":{"LINEARID":"1104258527784","FULLNAME":"State Rte 72","RTTYP":"S","MTFCC":"S1200"}},
{"type":"Feature","geometry":{"type":"LineString","coordinates":[[-157.9909,21.3154],[-158.0075,21.3117],[-158.0105,21.3129],[-158.0171,21.3236]]},"properties":{"LINEARID":"1104258086253","FULLNAME":"State Rte 76","RTTYP":"S","MTFCC":"S1200"}},
{"type":"Feature","geometry":{"type":"LineString","coordinates":[[-157.9291,21.3657],[-157.9284,21.366],[-157.9281,21.3661],[-157.9208,21.3691],[-157.92,21.3698],[-157.9199,21.37],[-157.9195,21.3721],[-157.9195,21.3722],[-157.9187,21.375],[-157.9189,21.3748],[-157.9197,21.3723],[-157.9197,21.3721],[-157.9201,21.3701],[-157.9202,21.3699],[-157.9215,21.3689],[-157.928,21.3664],[-157.9283,21.3662],[-157.9292,21.3658]]},"properties":{"LINEARID":"1104259463041","FULLNAME":"Kahuapaani St","RTTYP":"M","MTFCC":"S1200"}},
{"type":"Feature","geometry":{"type":"LineString","coordinates":[[-157.9863,21.3954],[-157.9849,21.3958],[-157.9848,21.3959],[-157.9842,21.396],[-157.9831,21.396],[-157.9805,21.3955],[-157.976,21.3957],[-157.9703,21.3938],[-157.9629,21.391],[-157.9627,21.3909],[-157.9373,21.3793],[-157.9357,21.3781],[-157.9333,21.3761],[-157.9327,21.3746],[-157.9336,21.3722],[-157.9349,21.3701],[-157.936,21.3681],[-157.9377,21.3644],[-157.9379,21.3634],[-157.9348,21.3491]]},"properties":{"LINEARID":"1106092780353","FULLNAME":"State Rte 99","RTTYP":"S","MTFCC":"S1200"}},
{"type":"Feature","geometry":{"type":"LineString","coordinates":[[-157.8531,21.3089],[-157.8565,21.3127],[-157.8566,21.3128],[-157.8578,21.3144],[-157.8622,21.3199],[-157.8649,21.3234]]},"properties":{"LINEARID":"1104270292459","FULLNAME":"State Hwy 98","RTTYP":"S","MTFCC":"S1200"}},
{"type":"Feature","geometry":{"type":"LineString","coordinates":[[-157.8633,21.302],[-157.8629,21.2989],[-157.8605,21.2963],[-157.8578,21.295]]},"properties":{"LINEARID":"1104259509121","FULLNAME":"State Rte 92","RTTYP":"S","MTFCC":"S1200"}},
{"type":"Feature","geometry":{"type":"LineString","coordinates":[[-157.9439,21.3472],[-157.9441,21.3473]]},"properties":{"LINEARID":"1104257838287","FULLNAME":"North Rd","RTTYP":"M","MTFCC":"S1200"}},
{"type":"Feature","geometry":{"type":"LineString","coordinates":[[-157.8821,21.3242],[-157.882,21.3243],[-157.8819,21.3244],[-157.8795,21.3269],[-157.8743,21.3319]]},"properties":{"LINEARID":"1104288449733","FULLNAME":"Kalihi St","RTTYP":"M","MTFCC":"S1200"}},
{"type":"Feature","geometry":{"type":"LineString","coordinates":[[-157.9916,21.3976],[-157.9915,21.3976],[-157.989,21.3976]]},"properties":{"LINEARID":"1102325703420","FULLNAME":"Kamehameha Hwy","RTTYP":"M","MTFCC":"S1100"}},
{"type":"Feature","geometry":{"type":"LineString","coordinates":[[-157.8465,21.3229],[-157.8453,21.3255]]},"properties":{"LINEARID":"1104258679676","FULLNAME":"Pali Hwy","RTTYP":"M","MTFCC":"S1200"}},
{"type":"Feature","geometry":{"type":"LineString","coordinates":[[-158.0322,21.3836],[-158.0322,21.3837]]},"properties":{"LINEARID":"1104258038287","FULLNAME":"State Rte 76","RTTYP":"S","MTFCC":"S1200"}},
{"type":"Feature","geometry":{"type":"LineString","coordinates":[[-157.8547,21.3146],[-157.8546,21.3146],[-157.8543,21.315]]},"properties":{"LINEARID":"1105645260095","FULLNAME":"Pali Hwy","RTTYP":"M","MTFCC":"S1200"}},
{"type":"Feature","geometry":{"type":"LineString","coordinates":[[-158.0307,21.3745],[-158.0297,21.3748]]},"properties":{"LINEARID":"1104257961261","FULLNAME":"State Rte 93","RTTYP":"S","MTFCC":"S1200"}},
{"type":"Feature","geometry":{"type":"LineString","coordinates":[[-158.0335,21.5056],[-158.0297,21.5082],[-158.0268,21.5094],[-158.0181,21.5114],[-158.0081,21.5145]]},"properties":{"LINEARID":"1104258246229","FULLNAME":"State Rte 7012","RTTYP":"S","MTFCC":"S1200"}},
{"type":"Feature","geometry":{"type":"LineString","coordinates":[[-158.0081,21.5145],[-158.0181,21.5114],[-158.0268,21.5094],[-158.0297,21.5082],[-158.0335,21.5056]]},"properties":{"LINEARID":"1104258645515","FULLNAME":"State Hwy 804","RTTYP":"S","MTFCC":"S1200"}},
{"type":"Feature","geometry":{"type":"LineString","coordinates":[[-158.0719,21.5214],[-158.07,21.5206],[-158.0593,21.518],[-158.0529,21.5163],[-158.0424,21.512],[-158.0393,21.5106]]},"properties":{"LINEARID":"1104271365783","FULLNAME":"State Hwy 801","RTTYP":"S","MTFCC":"S1200"}},
{"type":"Feature","geometry":{"type":"LineString","coordinates":[[-157.838,21.4572],[-157.8342,21.4572],[-157.833,21.4581],[-157.8307,21.4567],[-157.8277,21.4563],[-157.8238,21.4519],[-157.8193,21.4526],[-157.8162,21.4538],[-157.8147,21.4502],[-157.8146,21.4486],[-157.8119,21.4429],[-157.8101,21.4413],[-157.8118,21.4378],[-157.8108,21.435],[-157.8086,21.4314],[-157.807,21.4265],[-157.802,21.4182],[-157.7999,21.413],[-157.7992,21.4109],[-157.7994,21.404],[-157.7997,21.403]]},"properties":{"LINEARID":"1104270231959","FULLNAME":"State Hwy 830","RTTYP":"S","MTFCC":"S1200"}},
{"type":"Feature","geometry":{"type":"LineString","coordinates":[[-157.7557,21.4087],[-157.7577,21.4072],[-157.7623,21.4061],[-157.7658,21.4066],[-157.766,21.4067],[-157.7708,21.4098],[-157.7724,21.4106],[-157.776,21.4109]]},"properties":{"LINEARID":"11012156800410","FULLNAME":"State Rte 65","RTTYP":"S","MTFCC":"S1200"}},
{"type":"Feature","geometry":{"type":"LineString","coordinates":[[-157.7997,21.4029],[-157.7996,21.4029],[-157.7983,21.4029],[-157.7936,21.4054],[-157.7902,21.4058]]},"properties":{"LINEARID":"1104258277055","FULLNAME":"State Rte 65","RTTYP":"S","MTFCC":"S1200"}},
{"type":"Feature","geometry":{"type":"LineString","coordinates":[[-157.7727,21.4106],[-157.776,21.4109]]},"properties":{"LINEARID":"1102164504161","FULLNAME":"Kaneohe Bay Dr","RTTYP":"M","MTFCC":"S1200"}},
{"type":"Feature","geometry":{"type":"LineString","coordinates":[[-159.5812,21.9058],[-159.5814,21.9062]]},"properties":{"LINEARID":"1104257986272","FULLNAME":"State Rte 540","RTTYP":"S","MTFCC":"S1200"}},
{"type":"Feature","geometry":{"type":"LineString","coordinates":[[-159.4697,22.2116],[-159.4655,22.2088],[-159.4568,22.2072],[-159.4534,22.2093],[-159.4515,22.2098],[-159.4465,22.2096],[-159.4445,22.2106],[-159.442,22.213],[-159.4379,22.2139],[-159.4358,22.2126],[-159.4343,22.2093],[-159.433,22.2083],[-159.4304,22.2086],[-159.4248,22.2134],[-159.4226,22.2142],[-159.4189,22.2139],[-159.4164,22.2125],[-159.4129,22.209],[-159.411,22.2049],[-159.4081,22.2027],[-159.4049,22.202],[-159.4005,22.2015],[-159.3917,22.2034],[-159.3858,22.2034],[-159.3805,22.2023],[-159.3781,22.2023],[-159.3725,22.2035],[-159.369,22.2034],[-159.364,22.2019],[-159.3616,22.2003],[-159.3602,22.1965],[-159.3611,22.1876],[-159.3596,22.1837],[-159.3561,22.1807],[-159.3533,22.1792],[-159.3505,22.1785],[-159.3473,22.1787],[-159.3376,22.181],[-159.3342,22.1805],[-159.3276,22.1778],[-159.3258,22.1759],[-159.3258,22.1713],[-159.3247,22.1693],[-159.3178,22.1608],[-159.3158,22.1566],[-159.3149,22.151],[-159.3158,22.1465],[-159.3134,22.1424],[-159.3078,22.14],[-159.3062,22.1388],[-159.3036,22.1347],[-159.3007,22.1218],[-159.3004,22.1187],[-159.3027,22.107],[-159.3074,22.0933],[-159.3068,22.0897],[-159.3094,22.0856],[-159.3128,22.082],[-159.3152,22.0785],[-159.3183,22.0761],[-159.3195,22.0707],[-159.3194,22.0648],[-159.3202,22.0622],[-159.325,22.0574],[-159.3299,22.0547],[-159.3327,22.053],[-159.3342,22.0508],[-159.3356,22.0473],[-159.338,22.0427],[-159.3401,22.0395],[-159.3407,22.0377]]},"properties":{"LINEARID":"1104977737790","FULLNAME":"Kuhio Hwy","RTTYP":"M","MTFCC":"S1200"}},
{"type":"Feature","geometry":{"type":"LineString","coordinates":[[-159.4734,22.2131],[-159.478,22.2123],[-159.4771,22.2107],[-159.483,22.2085],[-159.4854,22.206],[-159.4879,22.2043],[-159.4919,22.2041],[-159.5014,22.2014],[-159.5075,22.2004],[-159.5098,22.201],[-159.5144,22.2043],[-159.5165,22.2068],[-159.5171,22.2099],[-159.5187,22.2122],[-159.5227,22.2134],[-159.5252,22.2132],[-159.5319,22.2155],[-159.5343,22.2153],[-159.538,22.2134],[-159.5386,22.2124],[-159.5413,22.2131],[-159.5431,22.2126],[-159.5434,22.2149],[-159.542,22.216],[-159.5461,22.2212],[-159.5537,22.2231],[-159.5608,22.2226],[-159.5651,22.2194],[-159.568,22.2211],[-159.5699,22.2216],[-159.5759,22.2202],[-159.5797,22.2209],[-159.5826,22.2204]]},"properties":{"LINEARID":"1104977737794","FULLNAME":"Kuhio Hwy","RTTYP":"M","MTFCC":"S1200"}},
{"type":"Feature","geometry":{"type":"LineString","coordinates":[[-159.3616,22.0734],[-159.3604,22.0731],[-159.3575,22.0753],[-159.3576,22.0767],[-159.3539,22.0789],[-159.3505,22.0795],[-159.3487,22.0813],[-159.3466,22.0819],[-159.3398,22.0802],[-159.3369,22.0812],[-159.3357,22.0801],[-159.3338,22.0817],[-159.3301,22.081],[-159.3289,22.0797],[-159.3255,22.0795],[-159.3225,22.0772],[-159.3203,22.0757]]},"properties":{"LINEARID":"1104977742839","FULLNAME":"Olohena Rd","RTTYP":"M","MTFCC":"S1200"}},
{"type":"Feature","geometry":{"type":"LineString","coordinates":[[-159.4697,22.2116],[-159.4712,22.2128],[-159.4734,22.2131]]},"properties":{"LINEARID":"1104977737795","FULLNAME":"Kuhio Hwy","RTTYP":"M","MTFCC":"S1200"}},
{"type":"Feature","geometry":{"type":"LineString","coordinates":[[-159.4697,22.2116],[-159.4712,22.2128]]},"properties":{"LINEARID":"1104977740694","FULLNAME":"State Rte 56","RTTYP":"S","MTFCC":"S1200"}},
{"type":"Feature","geometry":{"type":"LineString","coordinates":[[-159.777,22.0336],[-159.7781,22.0366],[-159.7793,22.0372]]},"properties":{"LINEARID":"1104975919806","FULLNAME":"Lio Rd","RTTYP":"M","MTFCC":"S1200"}},
{"type":"Feature","geometry":{"type":"LineString","coordinates":[[-159.354,21.958],[-159.3535,21.9597],[-159.3529,21.9609],[-159.3533,21.9638],[-159.3573,21.9657],[-159.358,21.9676],[-159.355,21.9708],[-159.3527,21.9763],[-159.3512,21.9815],[-159.3497,21.9848],[-159.3452,21.99],[-159.3439,21.9943],[-159.3445,21.9963],[-159.3467,22.0003]]},"properties":{"LINEARID":"1104977738416","FULLNAME":"State Rte 51","RTTYP":"S","MTFCC":"S1200"}},
{"type":"Feature","geometry":{"type":"LineString","coordinates":[[-159.3468,22.0007],[-159.3468,22.0035],[-159.345,22.0119],[-159.3436,22.017],[-159.342,22.0204],[-159.3417,22.023],[-159.3426,22.0267],[-159.3417,22.0329]]},"properties":{"LINEARID":"1106262886964","FULLNAME":"Kuhio Hwy","RTTYP":"M","MTFCC":"S1200"}},
{"type":"Feature","geometry":{"type":"LineString","coordinates":[[-159.3356,22.0473],[-159.3404,22.05],[-159.3425,22.0496],[-159.3472,22.0502],[-159.3483,22.0492],[-159.3516,22.0492],[-159.3561,22.0463],[-159.3606,22.0461],[-159.3626,22.0478],[-159.3663,22.0496],[-159.3689,22.0531],[-159.3727,22.0543],[-159.3796,22.0568],[-159.3841,22.0563],[-159.3849,22.0573],[-159.3871,22.0567],[-159.3943,22.0622],[-159.3944,22.0641],[-159.3957,22.0656],[-159.3978,22.0636],[-159.403,22.0619],[-159.4063,22.0626],[-159.4093,22.064],[-159.41,22.0658],[-159.4123,22.0673],[-159.4141,22.0702],[-159.4164,22.0713],[-159.4191,22.0715],[-159.4209,22.0731]]},"properties":{"LINEARID":"1104257990984","FULLNAME":"State Rte 580","RTTYP":"S","MTFCC":"S1200"}},
{"type":"Feature","geometry":{"type":"LineString","coordinates":[[-159.3417,22.0329],[-159.3407,22.0377]]},"properties":{"LINEARID":"1104975906344","FULLNAME":"State Rte 56","RTTYP":"S","MTFCC":"S1200"}},
{"type":"Feature","geometry":{"type":"LineString","coordinates":[[-156.3064,20.8669],[-156.306,20.8692],[-156.3044,20.8711],[-156.3033,20.8752],[-156.3035,20.8772],[-156.3021,20.8799],[-156.3017,20.8825],[-156.2995,20.8836],[-156.2994,20.8851],[-156.2972,20.8854],[-156.2954,20.8876],[-156.2951,20.8897],[-156.293,20.8938],[-156.2904,20.8962],[-156.2894,20.9018],[-156.2871,20.9031],[-156.2864,20.9048],[-156.2842,20.9062],[-156.281,20.9068],[-156.279,20.9063],[-156.2749,20.9077],[-156.2716,20.9096],[-156.2692,20.9104],[-156.2695,20.9116],[-156.2648,20.9171]]},"properties":{"LINEARID":"1104468773933","FULLNAME":"Kaupakalua Rd","RTTYP":"M","MTFCC":"S1200"}},
{"type":"Feature","geometry":{"type":"LineString","coordinates":[[-156.2508,20.71],[-156.2515,20.7124],[-156.251,20.7163],[-156.2497,20.7175],[-156.2493,20.7198],[-156.2465,20.724],[-156.2417,20.7287],[-156.2383,20.7344],[-156.2395,20.7359],[-156.2379,20.7371],[-156.236,20.7401],[-156.2334,20.7412],[-156.2343,20.7427],[-156.2378,20.7437],[-156.2413,20.7402],[-156.2423,20.7412],[-156.241,20.7445],[-156.2393,20.7467],[-156.237,20.7472],[-156.2364,20.7486],[-156.2331,20.7503],[-156.232,20.7531],[-156.2354,20.7522],[-156.2365,20.7526],[-156.239,20.7516],[-156.2421,20.7533],[-156.2397,20.7546],[-156.2382,20.7565],[-156.2352,20.757],[-156.233,20.7588],[-156.2362,20.76],[-156.2397,20.7594],[-156.2458,20.7601],[-156.2454,20.7616],[-156.2435,20.7635],[-156.2439,20.7671],[-156.2414,20.7711],[-156.2422,20.7735],[-156.2448,20.775],[-156.2459,20.7746],[-156.2475,20.7717],[-156.2514,20.7699],[-156.2545,20.769],[-156.2571,20.7666],[-156.2591,20.7638],[-156.2637,20.7601],[-156.2643,20.7588],[-156.2673,20.7563],[-156.2703,20.7549],[-156.2712,20.7529],[-156.2753,20.7511],[-156.2745,20.7545],[-156.2794,20.7555],[-156.2795,20.7571],[-156.2828,20.7591],[-156.2847,20.7573],[-156.2851,20.7607],[-156.2885,20.7613],[-156.2877,20.7643],[-156.2932,20.7633],[-156.2921,20.7687],[-156.2935,20.7689],[-156.2959,20.7662],[-156.2966,20.7702],[-156.3001,20.7672],[-156.3014,20.7686],[-156.3038,20.7679],[-156.3035,20.7709],[-156.306,20.7688]]},"properties":{"LINEARID":"11057872528","FULLNAME":"Haleakala Hwy","RTTYP":"M","MTFCC":"S1200"}},
{"type":"Feature","geometry":{"type":"LineString","coordinates":[[-156.2508,20.71],[-156.2515,20.7124],[-156.251,20.7163],[-156.2497,20.7175],[-156.2493,20.7198],[-156.2465,20.724],[-156.2417,20.7287],[-156.2383,20.7344],[-156.2395,20.7359],[-156.2379,20.7371],[-156.236,20.7401],[-156.2334,20.7412],[-156.2343,20.7427],[-156.2378,20.7437],[-156.2413,20.7402],[-156.2423,20.7412],[-156.241,20.7445],[-156.2393,20.7467],[-156.237,20.7472],[-156.2364,20.7486],[-156.2331,20.7503],[-156.232,20.7531],[-156.2354,20.7522],[-156.2365,20.7526],[-156.239,20.7516],[-156.2421,20.7533],[-156.2397,20.7546],[-156.2382,20.7565],[-156.2352,20.757],[-156.233,20.7588],[-156.2362,20.76],[-156.2397,20.7594],[-156.2458,20.7601],[-156.2454,20.7616],[-156.2435,20.7635],[-156.2439,20.7671],[-156.2414,20.7711],[-156.2422,20.7735],[-156.2448,20.775],[-156.2459,20.7746],[-156.2475,20.7717],[-156.2514,20.7699],[-156.2545,20.769],[-156.2571,20.7666],[-156.2591,20.7638],[-156.2637,20.7601],[-156.2643,20.7588],[-156.2673,20.7563],[-156.2703,20.7549],[-156.2712,20.7529],[-156.2753,20.7511],[-156.2745,20.7545],[-156.2794,20.7555],[-156.2795,20.7571],[-156.2828,20.7591],[-156.2847,20.7573],[-156.2851,20.7607],[-156.2885,20.7613],[-156.2877,20.7643],[-156.2932,20.7633],[-156.2921,20.7687],[-156.2935,20.7689],[-156.2959,20.7662],[-156.2966,20.7702],[-156.3001,20.7672],[-156.3014,20.7686],[-156.3038,20.7679],[-156.3035,20.7709],[-156.306,20.7688]]},"properties":{"LINEARID":"1104258672689","FULLNAME":"Crater Rd","RTTYP":"M","MTFCC":"S1200"}},
{"type":"Feature","geometry":{"type":"LineString","coordinates":[[-156.6088,21.0177],[-156.6096,21.0198],[-156.613,21.0229],[-156.6155,21.0238],[-156.6175,21.0217],[-156.619,21.0227],[-156.6234,21.022],[-156.6257,21.021],[-156.628,21.0221],[-156.633,21.0204],[-156.6361,21.0185],[-156.6379,21.0159],[-156.6372,21.0139],[-156.6348,21.0135],[-156.6366,21.0118],[-156.6394,21.0126],[-156.6421,21.0104],[-156.6453,21.0106],[-156.6454,21.0093],[-156.6473,21.008],[-156.6488,21.005],[-156.6498,20.9979],[-156.6517,20.9938],[-156.6567,20.9896],[-156.6599,20.9863],[-156.6621,20.9849],[-156.6677,20.9844],[-156.6713,20.9822],[-156.674,20.9778],[-156.6759,20.9753],[-156.6775,20.9701],[-156.6802,20.965],[-156.6815,20.9619],[-156.6832,20.9552],[-156.684,20.9529],[-156.688,20.9451],[-156.6895,20.9418],[-156.69,20.9391],[-156.6901,20.9173],[-156.6894,20.9133],[-156.687,20.9068],[-156.685,20.9033],[-156.6846,20.9016],[-156.6849,20.8935],[-156.6815,20.8824],[-156.6808,20.8813],[-156.6745,20.8749],[-156.6736,20.8733],[-156.6699,20.8645],[-156.6681,20.8616],[-156.6626,20.8541],[-156.6578,20.8497],[-156.6531,20.8441],[-156.6488,20.8372],[-156.6477,20.8358],[-156.6449,20.834],[-156.6425,20.8355],[-156.6407,20.8348],[-156.6382,20.8309],[-156.6335,20.8268],[-156.6306,20.8233],[-156.6285,20.8185],[-156.6254,20.8142],[-156.6226,20.8113],[-156.6184,20.8103],[-156.6108,20.8104],[-156.6062,20.8095],[-156.5999,20.8065],[-156.5931,20.8009],[-156.5896,20.7984],[-156.5846,20.7959],[-156.5801,20.7947],[-156.5677,20.7931],[-156.5642,20.7918],[-156.5554,20.7875],[-156.5543,20.786],[-156.5491,20.7843],[-156.5487,20.7832],[-156.5457,20.7812],[-156.5435,20.7809],[-156.5393,20.7771],[-156.5368,20.7755],[-156.5327,20.7764],[-156.5303,20.7762],[-156.5255,20.7786],[-156.5232,20.7788],[-156.5214,20.7807],[-156.5185,20.7827],[-156.5173,20.7843],[-156.515,20.7897],[-156.5116,20.7955],[-156.5096,20.7999],[-156.5076,20.8116],[-156.5069,20.8168],[-156.5062,20.8372],[-156.5054,20.8473],[-156.5037,20.8541],[-156.5025,20.8659],[-156.5032,20.871],[-156.5049,20.8809],[-156.5049,20.8869]]},"properties":{"LINEARID":"1104468779303","FULLNAME":"State Rte 30","RTTYP":"S","MTFCC":"S1200"}},
{"type":"Feature","geometry":{"type":"LineString","coordinates":[[-156.5069,20.8168],[-156.5028,20.8187],[-156.4971,20.824],[-156.4946,20.8268],[-156.4935,20.8288],[-156.4918,20.8352],[-156.4905,20.8387],[-156.4808,20.8559],[-156.4778,20.8599],[-156.4758,20.8619],[-156.4604,20.8763],[-156.4579,20.8788],[-156.454,20.8833],[-156.4529,20.8854],[-156.4529,20.8855]]},"properties":{"LINEARID":"11057868421","FULLNAME":"State Rte 380","RTTYP":"S","MTFCC":"S1200"}},
{"type":"Feature","geometry":{"type":"LineString","coordinates":[[-156.5069,20.8168],[-156.5028,20.8187],[-156.4971,20.824],[-156.4946,20.8268],[-156.4935,20.8288],[-156.4918,20.8352],[-156.4905,20.8387],[-156.4808,20.8559],[-156.4778,20.8599],[-156.4758,20.8619],[-156.4604,20.8763],[-156.4579,20.8788]]},"properties":{"LINEARID":"11057872675","FULLNAME":"Kuihelani Hwy","RTTYP":"M","MTFCC":"S1200"}},
{"type":"Feature","geometry":{"type":"LineString","coordinates":[[-156.4674,20.8913],[-156.4673,20.8912],[-156.4604,20.8763],[-156.4578,20.8717],[-156.457,20.8684],[-156.4573,20.8657],[-156.4631,20.8441],[-156.4633,20.8421],[-156.4663,20.8306],[-156.4684,20.8129],[-156.4681,20.8079],[-156.4638,20.7908],[-156.463,20.7874],[-156.462,20.7858],[-156.462,20.7857]]},"properties":{"LINEARID":"1104468779014","FULLNAME":"State Rte 311","RTTYP":"S","MTFCC":"S1200"}},
{"type":"Feature","geometry":{"type":"LineString","coordinates":[[-156.4729,20.8893],[-156.4734,20.8906],[-156.4781,20.8941],[-156.4803,20.8976],[-156.4817,20.9011],[-156.4831,20.9022],[-156.485,20.9055],[-156.4895,20.9075],[-156.4952,20.9161],[-156.4978,20.9176],[-156.4988,20.9204],[-156.5054,20.9257],[-156.5101,20.9292],[-156.5139,20.9359],[-156.5143,20.94],[-156.5137,20.9425],[-156.516,20.9441],[-156.5178,20.9474],[-156.5181,20.9494],[-156.5175,20.9512],[-156.5201,20.9539],[-156.5243,20.9544],[-156.5258,20.956],[-156.5253,20.9583],[-156.5312,20.9591],[-156.5322,20.9577],[-156.5339,20.9572],[-156.5336,20.9603],[-156.5319,20.9615],[-156.5334,20.9648],[-156.5356,20.9665],[-156.5367,20.9655],[-156.5384,20.967],[-156.5386,20.9696],[-156.5377,20.9715],[-156.5361,20.9722],[-156.5344,20.9745],[-156.5361,20.9775],[-156.5382,20.9779],[-156.5387,20.9767],[-156.5427,20.9752],[-156.5422,20.978],[-156.541,20.9792],[-156.5444,20.9802],[-156.5459,20.9818],[-156.5434,20.985],[-156.5451,20.9867],[-156.5454,20.9888],[-156.5437,20.9916],[-156.5444,20.9961],[-156.5455,20.9969],[-156.5474,20.995],[-156.5488,20.9961],[-156.5547,20.9981],[-156.5535,20.9999],[-156.5564,21.0031],[-156.5569,21.0069],[-156.5622,21.0112],[-156.5674,21.0114],[-156.5709,21.014],[-156.5737,21.0145],[-156.5758,21.0159],[-156.5774,21.0147],[-156.5787,21.0157],[-156.5802,21.0136],[-156.5812,21.016],[-156.5873,21.0184],[-156.5876,21.0201],[-156.5901,21.0202],[-156.5886,21.0234],[-156.5912,21.0247],[-156.5931,21.0242],[-156.5946,21.0288],[-156.5969,21.03],[-156.6001,21.0296],[-156.6017,21.027],[-156.604,21.0275],[-156.6054,21.0261],[-156.6043,21.025],[-156.6064,21.0237],[-156.6087,21.0233],[-156.608,21.021],[-156.6092,21.0203],[-156.6088,21.0177]]},"properties":{"LINEARID":"1104468777667","FULLNAME":"State Rte 340","RTTYP":"S","MTFCC":"S1200"}},
{"type":"Feature","geometry":{"type":"LineString","coordinates":[[-156.4632,20.893],[-156.4621,20.8934]]},"properties":{"LINEARID":"1104468786607","FULLNAME":"State Rte 32","RTTYP":"S","MTFCC":"S1200"}},
{"type":"Feature","geometry":{"type":"LineString","coordinates":[[-156.4641,20.8924],[-156.4529,20.8854],[-156.4463,20.8817],[-156.4416,20.88],[-156.4344,20.8788],[-156.4319,20.8794],[-156.4302,20.8806],[-156.4262,20.886],[-156.4236,20.8896]]},"properties":{"LINEARID":"1104468786564","FULLNAME":"State Rte 36","RTTYP":"S","MTFCC":"S1200"}},
{"type":"Feature","geometry":{"type":"LineString","coordinates":[[-156.462,20.7857],[-156.4581,20.7823]]},"properties":{"LINEARID":"1105558965997","FULLNAME":"State Rte 31","RTTYP":"S","MTFCC":"S1200"}},
{"type":"Feature","geometry":{"type":"LineString","coordinates":[[-156.4581,20.7823],[-156.4618,20.7858],[-156.4619,20.7859],[-156.4628,20.7873],[-156.4638,20.7908]]},"properties":{"LINEARID":"1105558860008","FULLNAME":"Piilani Hwy","RTTYP":"M","MTFCC":"S1200"}},
{"type":"Feature","geometry":{"type":"LineString","coordinates":[[-156.3782,20.6919],[-156.3763,20.694],[-156.3729,20.6963],[-156.3682,20.6988],[-156.3665,20.7004],[-156.3623,20.7032],[-156.3569,20.705]]},"properties":{"LINEARID":"11057873035","FULLNAME":"Ulupalakua Rd","RTTYP":"M","MTFCC":"S1200"}},
{"type":"Feature","geometry":{"type":"LineString","coordinates":[[-156.9185,20.8176],[-156.9269,20.8107],[-156.9287,20.8096],[-156.9373,20.8061],[-156.9545,20.7977],[-156.9587,20.7956],[-156.9609,20.7932],[-156.9636,20.7924],[-156.9705,20.7942],[-156.9742,20.7934],[-156.9746,20.7915],[-156.9779,20.7899],[-156.9787,20.7879],[-156.9807,20.788],[-156.9826,20.7859],[-156.984,20.7861],[-156.9845,20.7881],[-156.987,20.7891],[-156.9907,20.7878],[-156.9918,20.7868]]},"properties":{"LINEARID":"11057872937","FULLNAME":"Kaumalapau Hwy","RTTYP":"M","MTFCC":"S1200"}},
{"type":"Feature","geometry":{"type":"LineString","coordinates":[[-156.4263,20.886],[-156.4262,20.886],[-156.4245,20.8857],[-156.4156,20.8824],[-156.4084,20.8809],[-156.4038,20.8787],[-156.399,20.8746],[-156.3954,20.8726],[-156.3784,20.8664],[-156.3734,20.8638],[-156.3655,20.8582],[-156.3549,20.8514],[-156.3496,20.8494]]},"properties":{"LINEARID":"11057872531","FULLNAME":"Haleakala Hwy","RTTYP":"M","MTFCC":"S1200"}},
{"type":"Feature","geometry":{"type":"LineString","coordinates":[[-156.496,20.8888],[-156.499,20.8883],[-156.5049,20.8869]]},"properties":{"LINEARID":"1104468786606","FULLNAME":"State Rte 32","RTTYP":"S","MTFCC":"S1200"}},
{"type":"Feature","geometry":{"type":"LineString","coordinates":[[-155.37,19.6705],[-155.3658,19.6698],[-155.3596,19.6707],[-155.3508,19.6712],[-155.3435,19.6732],[-155.3396,19.6756],[-155.3375,19.6763],[-155.3323,19.6763],[-155.3284,19.676],[-155.3234,19.6773],[-155.3174,19.677],[-155.3092,19.6771],[-155.3042,19.6781],[-155.3017,19.679],[-155.2944,19.6842],[-155.2916,19.6857],[-155.2858,19.6863],[-155.2827,19.6873],[-155.2783,19.6869],[-155.2763,19.6872],[-155.2735,19.6887],[-155.2714,19.6888],[-155.2687,19.6881],[-155.2663,19.6885],[-155.2599,19.691],[-155.2557,19.6939],[-155.2466,19.6943],[-155.2437,19.6953],[-155.241,19.6972],[-155.2369,19.6993],[-155.2331,19.6997],[-155.2261,19.6979],[-155.223,19.6966],[-155.2209,19.6949],[-155.2149,19.6947],[-155.2021,19.6922],[-155.1962,19.6897],[-155.1934,19.6866],[-155.1914,19.683],[-155.1869,19.6816],[-155.18,19.6815],[-155.1764,19.6837],[-155.1693,19.6818],[-155.1661,19.6788],[-155.1645,19.6785],[-155.1601,19.6808],[-155.1566,19.6808],[-155.1555,19.681],[-155.1554,19.6813],[-155.1471,19.6835],[-155.1432,19.6853],[-155.136,19.6853],[-155.1328,19.6874],[-155.1309,19.6867],[-155.1297,19.688],[-155.1252,19.6904],[-155.1233,19.6935],[-155.1204,19.6947],[-155.1173,19.6966],[-155.1148,19.6991],[-155.1138,19.7024],[-155.1112,19.7039],[-155.1109,19.7072],[-155.1068,19.7131],[-155.1024,19.7177],[-155.1004,19.7182],[-155.0866,19.7269]]},"properties":{"LINEARID":"1104486364936","FULLNAME":"State Hwy 200","RTTYP":"S","MTFCC":"S1200"}},
{"type":"Feature","geometry":{"type":"LineString","coordinates":[[-155.0709,19.7224],[-155.071,19.7225],[-155.0669,19.7226],[-155.0709,19.7224]]},"properties":{"LINEARID":"1105598252941","FULLNAME":"State Rte 19","RTTYP":"S","MTFCC":"S1200"}},
{"type":"Feature","geometry":{"type":"LineString","coordinates":[[-155.0709,19.7224],[-155.0747,19.7219],[-155.0787,19.7221]]},"properties":{"LINEARID":"11012814433508","FULLNAME":"Kamehameha Ave","RTTYP":"M","MTFCC":"S1200"}},
{"type":"Feature","geometry":{"type":"LineString","coordinates":[[-155.1221,19.8898],[-155.1201,19.884],[-155.1146,19.8777],[-155.1111,19.875],[-155.1076,19.8722],[-155.1058,19.8691],[-155.1016,19.8651],[-155.1005,19.8627],[-155.0998,19.8586],[-155.0999,19.8554],[-155.1026,19.8475],[-155.1031,19.8434],[-155.1033,19.8398],[-155.1049,19.8178],[-155.1038,19.8141],[-155.1002,19.8055],[-155.0978,19.7985],[-155.0975,19.7977],[-155.0959,19.7929],[-155.0931,19.7902],[-155.0918,19.7865],[-155.0938,19.7764],[-155.0937,19.7745],[-155.091,19.7653],[-155.0909,19.7632],[-155.0924,19.7548],[-155.0915,19.7495],[-155.0904,19.7434],[-155.0912,19.739],[-155.0912,19.735],[-155.0889,19.7306],[-155.0866,19.7269],[-155.0854,19.7253],[-155.0824,19.7236],[-155.0789,19.723],[-155.0723,19.7225]]},"properties":{"LINEARID":"1104469295782","FULLNAME":"Hawaii Belt Rd","RTTYP":"M","MTFCC":"S1200"}},
{"type":"Feature","geometry":{"type":"LineString","coordinates":[[-155.0686,19.6949],[-155.0683,19.6948],[-155.0664,19.695],[-155.0658,19.695],[-155.0656,19.695],[-155.0647,19.6951]]},"properties":{"LINEARID":"1106092823503","FULLNAME":"State Rte 2000","RTTYP":"S","MTFCC":"S1200"}},
{"type":"Feature","geometry":{"type":"LineString","coordinates":[[-155.8869,19.9019],[-155.8851,19.9034],[-155.845,19.9336],[-155.8395,19.9386],[-155.8338,19.9454],[-155.8243,19.9595],[-155.8221,19.9644],[-155.8207,19.9705],[-155.82,19.9789],[-155.813,20.0124],[-155.8129,20.0228],[-155.8105,20.0228],[-155.8074,20.0211],[-155.7992,20.019],[-155.7963,20.0203],[-155.7917,20.0211],[-155.7899,20.0209],[-155.7877,20.0193],[-155.7857,20.0192],[-155.7842,20.0216],[-155.783,20.0222],[-155.7776,20.0223],[-155.7727,20.0218],[-155.7691,20.0226],[-155.7566,20.0243],[-155.7487,20.0221],[-155.7453,20.0241],[-155.7356,20.0233],[-155.7314,20.0225],[-155.7285,20.0244],[-155.7246,20.0259],[-155.7212,20.0263],[-155.7151,20.0278],[-155.7129,20.028],[-155.7021,20.0259],[-155.6989,20.0268],[-155.6898,20.0258],[-155.6837,20.0256],[-155.6781,20.0228],[-155.6699,20.0216],[-155.6689,20.0204],[-155.668,20.0212],[-155.6643,20.0241],[-155.6612,20.0247],[-155.6517,20.0279],[-155.6459,20.0286],[-155.6394,20.0304],[-155.634,20.0343],[-155.6323,20.0349],[-155.6222,20.0371],[-155.6096,20.0404],[-155.6026,20.0416],[-155.5971,20.0426],[-155.5878,20.0455],[-155.57,20.0497],[-155.554,20.0529],[-155.5509,20.0543],[-155.5408,20.0619],[-155.5378,20.0626],[-155.5311,20.0619],[-155.5282,20.0623],[-155.5211,20.0653],[-155.5171,20.0665],[-155.5058,20.0677],[-155.4953,20.071],[-155.4929,20.0712],[-155.4841,20.0703],[-155.4813,20.0703],[-155.4728,20.0712],[-155.4678,20.0717],[-155.4642,20.0709],[-155.4583,20.0688]]},"properties":{"LINEARID":"1106088109745","FULLNAME":"State Rte 19","RTTYP":"S","MTFCC":"S1200"}},
{"type":"Feature","geometry":{"type":"LineString","coordinates":[[-155.4504,20.0698],[-155.4531,20.0729],[-155.4593,20.0761],[-155.4612,20.0762],[-155.4674,20.0789],[-155.4733,20.0807],[-155.4763,20.0809],[-155.4828,20.0821],[-155.4861,20.0842],[-155.4891,20.084],[-155.4912,20.0845],[-155.493,20.0866],[-155.4985,20.0884],[-155.5062,20.0928],[-155.5087,20.0933],[-155.5124,20.096],[-155.5197,20.0983],[-155.5229,20.1003],[-155.5288,20.1032],[-155.5381,20.1072],[-155.5474,20.1107],[-155.5543,20.1129],[-155.5599,20.1154],[-155.56,20.1154],[-155.5626,20.116],[-155.5779,20.1157],[-155.5813,20.1159]]},"properties":{"LINEARID":"1106088003353","FULLNAME":"State Rte 240","RTTYP":"S","MTFCC":"S1200"}},
{"type":"Feature","geometry":{"type":"LineString","coordinates":[[-155.1221,19.8898],[-155.1236,19.8922],[-155.1276,19.8959],[-155.1297,19.8989],[-155.1328,19.9042],[-155.1347,19.9059],[-155.1367,19.9087],[-155.1381,19.9122],[-155.1398,19.9143],[-155.1489,19.921],[-155.1525,19.9229],[-155.1541,19.9254],[-155.158,19.9291],[-155.1603,19.9324],[-155.1621,19.9338],[-155.1663,19.9359],[-155.1691,19.9388],[-155.1741,19.9416],[-155.1784,19.9465],[-155.1857,19.951],[-155.1887,19.9535],[-155.1928,19.9544],[-155.1958,19.9512],[-155.1979,19.9517],[-155.1969,19.9555],[-155.198,19.9594],[-155.2017,19.9633],[-155.2049,19.9652],[-155.2093,19.9701],[-155.2113,19.9714],[-155.2195,19.9752],[-155.2256,19.9802],[-155.2334,19.9845],[-155.2398,19.9858],[-155.2418,19.9865],[-155.2435,19.9882],[-155.2453,19.9881],[-155.2475,19.9864],[-155.2493,19.9872],[-155.2477,19.9893],[-155.2475,19.9916],[-155.2583,20.0025],[-155.2612,20.0037],[-155.2643,20.0019],[-155.2653,20.003],[-155.2636,20.0044],[-155.2651,20.0068],[-155.27,20.0079],[-155.2756,20.0107],[-155.2783,20.0111],[-155.2854,20.0099],[-155.288,20.0099],[-155.2922,20.0114],[-155.2986,20.0133],[-155.3063,20.0162],[-155.3089,20.0163],[-155.3133,20.0147],[-155.3145,20.0149],[-155.3234,20.0196],[-155.3243,20.0202],[-155.3342,20.0255],[-155.3371,20.0267],[-155.3481,20.03],[-155.3503,20.0309],[-155.3578,20.0346],[-155.3669,20.0385],[-155.371,20.0407],[-155.3716,20.0411],[-155.3741,20.0432],[-155.3888,20.0487],[-155.3987,20.052],[-155.4009,20.0531],[-155.4161,20.0623],[-155.4197,20.0637],[-155.4272,20.0648],[-155.4378,20.0673],[-155.4428,20.07],[-155.4453,20.0706],[-155.4498,20.0695],[-155.4502,20.0695],[-155.4503,20.0694],[-155.4505,20.0694],[-155.4547,20.0683],[-155.4582,20.0687]]},"properties":{"LINEARID":"1106087293904","FULLNAME":"Hawaii Belt Rd","RTTYP":"M","MTFCC":"S1200"}},
{"type":"Feature","geometry":{"type":"LineString","coordinates":[[-155.4498,20.0695],[-155.4503,20.0697],[-155.4504,20.0698],[-155.4531,20.0729],[-155.4593,20.0761],[-155.4612,20.0762],[-155.4674,20.0789],[-155.4733,20.0807],[-155.4763,20.0809]]},"properties":{"LINEARID":"1104258013850","FULLNAME":"Mamane St","RTTYP":"M","MTFCC":"S1200"}},
{"type":"Feature","geometry":{"type":"LineString","coordinates":[[-155.4498,20.0695],[-155.4503,20.0697],[-155.4504,20.0698],[-155.4531,20.0729]]},"properties":{"LINEARID":"1104258013851","FULLNAME":"Honokaa-Waipio Rd","RTTYP":"M","MTFCC":"S1200"}},
{"type":"Feature","geometry":{"type":"LineString","coordinates":[[-156.7388,21.1569],[-156.7404,21.1552],[-156.7399,21.1541],[-156.7345,21.1537],[-156.7356,21.1524],[-156.735,21.1495],[-156.736,21.1474],[-156.7349,21.1445],[-156.735,21.1406],[-156.7295,21.1353],[-156.7345,21.133],[-156.7346,21.1299],[-156.7327,21.128],[-156.7326,21.1267],[-156.7342,21.1235],[-156.7339,21.1198],[-156.7356,21.1192],[-156.7352,21.1168],[-156.7366,21.1151],[-156.7387,21.1139],[-156.741,21.1148],[-156.7399,21.1118],[-156.7421,21.111],[-156.7454,21.1107],[-156.7445,21.1085],[-156.7467,21.1054],[-156.7479,21.1052],[-156.7539,21.1003],[-156.7603,21.0961],[-156.7679,21.0906],[-156.7744,21.088],[-156.7775,21.0853],[-156.7803,21.0853],[-156.7881,21.0789],[-156.7916,21.0768],[-156.7936,21.0741],[-156.7989,21.0726],[-156.8048,21.0702],[-156.8135,21.0679],[-156.8218,21.066],[-156.8257,21.0633],[-156.8318,21.0612],[-156.8366,21.0572],[-156.8411,21.056],[-156.8427,21.0587],[-156.8473,21.0587],[-156.8499,21.058],[-156.8596,21.0565],[-156.8652,21.0559],[-156.8694,21.0537],[-156.8745,21.0524],[-156.8742,21.049],[-156.8748,21.0475],[-156.8777,21.0476],[-156.8853,21.0495],[-156.8912,21.0542],[-156.8935,21.0552],[-156.9019,21.0561],[-156.9101,21.0582],[-156.921,21.0603],[-156.9273,21.0611],[-156.9338,21.0613],[-156.9403,21.0629],[-156.9469,21.0638],[-156.9505,21.066],[-156.9525,21.0667],[-156.9579,21.0676],[-156.963,21.0692],[-156.9773,21.0725],[-156.981,21.0738],[-156.9898,21.0777],[-156.9956,21.079],[-157.0017,21.0815],[-157.005,21.0819],[-157.0118,21.0849],[-157.0169,21.0867],[-157.0197,21.0889],[-157.0226,21.0894],[-157.0241,21.0898],[-157.0362,21.0967],[-157.0402,21.0977],[-157.0436,21.0997],[-157.0516,21.1071],[-157.0537,21.111],[-157.054,21.113],[-157.054,21.132],[-157.0543,21.1333],[-157.0556,21.1358],[-157.0584,21.1383],[-157.0625,21.1443],[-157.0673,21.1483],[-157.0729,21.1503],[-157.081,21.1526],[-157.0852,21.155],[-157.0873,21.1555],[-157.0927,21.1528],[-157.0961,21.1485],[-157.0981,21.1477],[-157.1025,21.1477],[-157.111,21.1479],[-157.114,21.1476],[-157.1193,21.1456],[-157.1356,21.1458],[-157.1393,21.147],[-157.1465,21.1482],[-157.1507,21.1475],[-157.1532,21.1484],[-157.1583,21.1476],[-157.1614,21.1485],[-157.165,21.1476],[-157.1694,21.1487],[-157.1711,21.1478],[-157.1725,21.1455],[-157.1793,21.1437],[-157.1838,21.1441],[-157.1873,21.1459],[-157.1905,21.1439],[-157.192,21.1441],[-157.1958,21.1465],[-157.2005,21.1471],[-157.206,21.1449],[-157.2102,21.1403],[-157.2136,21.1384],[-157.2152,21.1333],[-157.2137,21.1329]]},"properties":{"LINEARID":"1106087902631","FULLNAME":"Mauna Loa Hwy","RTTYP":"M","MTFCC":"S1200"}},
{"type":"Feature","geometry":{"type":"LineString","coordinates":[[-155.5173,19.1386],[-155.5389,19.1036],[-155.5497,19.089],[-155.5535,19.0851],[-155.5571,19.0766],[-155.5593,19.0739],[-155.5652,19.0703],[-155.5704,19.0655],[-155.5734,19.0642],[-155.5822,19.0614],[-155.5887,19.0601],[-155.599,19.0602],[-155.6079,19.065],[-155.6112,19.067],[-155.6123,19.0683],[-155.6152,19.067],[-155.6163,19.0683],[-155.6188,19.0682],[-155.6195,19.0666],[-155.6216,19.0651],[-155.6236,19.0644],[-155.6256,19.0627],[-155.6289,19.0613],[-155.6312,19.0618],[-155.6336,19.0602],[-155.6367,19.0606],[-155.6385,19.0623],[-155.6424,19.0627],[-155.6527,19.0603],[-155.6554,19.0604],[-155.662,19.0599],[-155.6661,19.0599],[-155.6688,19.0608],[-155.6713,19.0603],[-155.6757,19.0581],[-155.6984,19.0596],[-155.7022,19.06],[-155.7082,19.0614],[-155.7575,19.0786],[-155.7744,19.0843]]},"properties":{"LINEARID":"1104257592390","FULLNAME":"State Rte 11","RTTYP":"S","MTFCC":"S1200"}},
{"type":"Feature","geometry":{"type":"LineString","coordinates":[[-155.5146,19.1431],[-155.501,19.1651],[-155.4986,19.1679],[-155.4758,19.1908],[-155.4735,19.1937],[-155.4661,19.2117],[-155.4622,19.2209],[-155.4581,19.2277],[-155.4507,19.2347],[-155.4494,19.2364],[-155.4339,19.2717],[-155.4317,19.2751],[-155.4281,19.2795],[-155.4261,19.2832],[-155.4201,19.2957],[-155.4131,19.3079],[-155.3977,19.3328],[-155.3948,19.3371],[-155.3905,19.3432],[-155.3862,19.3487],[-155.3859,19.3491],[-155.3801,19.3561],[-155.3722,19.3644],[-155.3634,19.3728],[-155.3575,19.3778],[-155.3541,19.3817],[-155.3515,19.3854],[-155.3473,19.389],[-155.3425,19.3939],[-155.3401,19.397],[-155.3358,19.4014],[-155.3311,19.4045],[-155.3241,19.4109],[-155.3201,19.4126],[-155.3178,19.4141],[-155.2843,19.43],[-155.273,19.4366],[-155.2703,19.4369],[-155.2576,19.4335],[-155.2552,19.4322],[-155.2507,19.4253],[-155.2468,19.4233],[-155.2439,19.4225],[-155.2368,19.424],[-155.2337,19.4261],[-155.2219,19.4365],[-155.2217,19.4367],[-155.2167,19.4402],[-155.205,19.446],[-155.1979,19.4496],[-155.1955,19.4504],[-155.1856,19.4524],[-155.1771,19.4542],[-155.1745,19.4549],[-155.1718,19.4572],[-155.1659,19.4664],[-155.1641,19.4708],[-155.1609,19.475],[-155.1449,19.4972],[-155.1443,19.4985],[-155.1343,19.5273],[-155.133,19.5292],[-155.1228,19.5389],[-155.1122,19.5473],[-155.1093,19.5488],[-155.1069,19.5511],[-155.1054,19.5527],[-155.0989,19.5584],[-155.0954,19.5613],[-155.0918,19.5634],[-155.0859,19.5662],[-155.0784,19.571],[-155.0758,19.5724],[-155.0689,19.575],[-155.0641,19.5783],[-155.0611,19.5819],[-155.0604,19.5845],[-155.061,19.5878],[-155.0598,19.5912],[-155.0585,19.5926],[-155.056,19.5955],[-155.0521,19.6036],[-155.0507,19.6056],[-155.0489,19.6081],[-155.048,19.612],[-155.0469,19.6143],[-155.0447,19.6175],[-155.0408,19.623],[-155.0406,19.6234],[-155.0402,19.6245],[-155.0397,19.6269]]},"properties":{"LINEARID":"1106087886280","FULLNAME":"State Rte 11","RTTYP":"S","MTFCC":"S1200"}},
{"type":"Feature","geometry":{"type":"LineString","coordinates":[[-155.9846,19.6422],[-155.9816,19.64],[-155.9806,19.639],[-155.9793,19.6371],[-155.977,19.6327],[-155.9668,19.6128],[-155.9586,19.5966],[-155.9571,19.5908],[-155.9546,19.5869],[-155.9519,19.5808],[-155.9477,19.5748],[-155.9449,19.5716],[-155.9428,19.5682],[-155.9398,19.5599],[-155.9356,19.551],[-155.9324,19.5459],[-155.929,19.5426],[-155.9279,19.5353],[-155.9254,19.5306],[-155.9232,19.5258],[-155.9209,19.5222],[-155.9201,19.5188],[-155.9205,19.5142],[-155.9199,19.5093],[-155.9204,19.5019],[-155.9189,19.4977],[-155.9183,19.4938],[-155.9143,19.4918],[-155.9115,19.4897],[-155.9113,19.4895],[-155.9059,19.4864],[-155.8976,19.4806],[-155.8947,19.4788],[-155.8908,19.4736],[-155.887,19.4677],[-155.8852,19.4662],[-155.8812,19.4612],[-155.8797,19.456],[-155.8798,19.444],[-155.8798,19.4393],[-155.8811,19.4366],[-155.8814,19.4327],[-155.8804,19.4289],[-155.8801,19.425],[-155.8815,19.4208],[-155.8814,19.4183],[-155.8803,19.4166],[-155.8811,19.4116],[-155.8805,19.4089],[-155.8814,19.4057],[-155.8803,19.3988],[-155.8784,19.3935],[-155.878,19.3863],[-155.8792,19.3813],[-155.8781,19.378],[-155.8766,19.3765],[-155.8762,19.3735],[-155.8772,19.37],[-155.877,19.362],[-155.8776,19.355],[-155.8766,19.3535],[-155.8747,19.3485],[-155.8749,19.3443],[-155.8729,19.3412],[-155.8724,19.3347],[-155.8728,19.328],[-155.8723,19.3203],[-155.8748,19.3115],[-155.875,19.3086],[-155.8732,19.3047],[-155.8733,19.2995],[-155.874,19.2985],[-155.8744,19.2946],[-155.8731,19.2896],[-155.8736,19.2863],[-155.8733,19.2834],[-155.8745,19.2791],[-155.8741,19.2756],[-155.8759,19.2725],[-155.8749,19.2683],[-155.8757,19.2597],[-155.8767,19.2573],[-155.8772,19.2522],[-155.8779,19.251],[-155.8778,19.2476],[-155.877,19.2428],[-155.8774,19.2417],[-155.8769,19.2368],[-155.8759,19.2349],[-155.875,19.2266],[-155.8738,19.2234],[-155.8718,19.2197],[-155.8719,19.217],[-155.8713,19.2145],[-155.8698,19.2124],[-155.8682,19.2084],[-155.868,19.2007],[-155.8675,19.1971],[-155.8648,19.1899],[-155.8637,19.1862],[-155.8632,19.1804],[-155.8635,19.1732],[-155.8633,19.1679],[-155.8619,19.1614],[-155.8601,19.1571],[-155.8577,19.1531],[-155.8538,19.1485],[-155.8491,19.1438],[-155.8457,19.1388],[-155.8363,19.1228],[-155.8333,19.1167],[-155.8311,19.1136],[-155.8268,19.1095],[-155.8172,19.1031],[-155.8145,19.1017],[-155.7831,19.0872],[-155.7778,19.0854]]},"properties":{"LINEARID":"1106087886278","FULLNAME":"State Rte 11","RTTYP":"S","MTFCC":"S1200"}},
{"type":"Feature","geometry":{"type":"LineString","coordinates":[[-154.9749,19.5434],[-154.9769,19.5456]]},"properties":{"LINEARID":"110159772886","FULLNAME":"Keaau-Pahoa Hwy","RTTYP":"M","MTFCC":"S1200"}},
{"type":"Feature","geometry":{"type":"LineString","coordinates":[[-155.7744,19.0843],[-155.7778,19.0854]]},"properties":{"LINEARID":"1102278483018","FULLNAME":"State Rte 11","RTTYP":"S","MTFCC":"S1200"}},
{"type":"Feature","geometry":{"type":"LineString","coordinates":[[-155.037,19.6179],[-155.037,19.618]]},"properties":{"LINEARID":"1104258170727","FULLNAME":"State Hwy 130","RTTYP":"S","MTFCC":"S1200"}},
{"type":"Feature","geometry":{"type":"LineString","coordinates":[[-155.7473,20.2204],[-155.7467,20.2205],[-155.7456,20.2199],[-155.7444,20.2157],[-155.7431,20.213],[-155.734,20.2047],[-155.7339,20.2038]]},"properties":{"LINEARID":"11012814430943","FULLNAME":"State Hwy 270","RTTYP":"S","MTFCC":"S1200"}},
{"type":"Feature","geometry":{"type":"LineString","coordinates":[[-155.8048,20.2316],[-155.8009,20.2308]]},"properties":{"LINEARID":"1105061285456","FULLNAME":"Akoni Pule","RTTYP":"M","MTFCC":"S1200"}},
{"type":"Feature","geometry":{"type":"LineString","coordinates":[[-156.0287,19.6999],[-156.0237,19.6918],[-156.0221,19.6889],[-156.0207,19.6838],[-156.0195,19.6787],[-156.018,19.6755],[-156.0152,19.6714],[-156.0088,19.6614],[-156.0058,19.655],[-156.0037,19.6523],[-156.0004,19.6499],[-155.9936,19.6465],[-155.9935,19.6464],[-155.9846,19.6422],[-155.9816,19.64]]},"properties":{"LINEARID":"1104485277086","FULLNAME":"State Hwy 19","RTTYP":"S","MTFCC":"S1200"}},
{"type":"Feature","geometry":{"type":"LineString","coordinates":[[-155.6689,20.0204],[-155.6734,20.0166],[-155.6761,20.0119],[-155.6774,20.0001],[-155.6765,19.995],[-155.6769,19.9884],[-155.6773,19.9754],[-155.678,19.974],[-155.6787,19.9693],[-155.6803,19.9644],[-155.6813,19.9521],[-155.6804,19.9462],[-155.6833,19.9417],[-155.6862,19.9398],[-155.6874,19.936],[-155.6899,19.9304],[-155.6942,19.9225],[-155.6966,19.9186],[-155.7014,19.9146],[-155.7051,19.9077],[-155.7062,19.9033],[-155.7098,19.8953],[-155.7267,19.8684],[-155.7403,19.8471],[-155.7426,19.8458],[-155.7643,19.84],[-155.7693,19.8379],[-155.7712,19.8376],[-155.7771,19.8382],[-155.7853,19.8357],[-155.7896,19.8337],[-155.7966,19.8336],[-155.7999,19.8317],[-155.8022,19.8311],[-155.8109,19.8309],[-155.8164,19.83],[-155.8345,19.8209],[-155.8426,19.8162],[-155.8438,19.8143],[-155.8436,19.8123],[-155.8409,19.8071],[-155.8445,19.805],[-155.8502,19.8002],[-155.8565,19.7984],[-155.876,19.7919],[-155.891,19.7874],[-155.8976,19.7852],[-155.9107,19.7803],[-155.917,19.7762],[-155.9224,19.7749],[-155.9251,19.7736],[-155.9273,19.7717],[-155.9307,19.7702],[-155.9329,19.7686],[-155.9356,19.7681],[-155.9388,19.7666],[-155.9591,19.7618],[-155.9614,19.7606],[-155.9657,19.7566],[-155.9708,19.7546],[-155.9725,19.7532],[-155.9738,19.7508],[-155.9747,19.7442],[-155.9773,19.737],[-155.9787,19.7305],[-155.9785,19.7242],[-155.9774,19.7211],[-155.9776,19.7175],[-155.9778,19.7164],[-155.978,19.7138],[-155.9768,19.7085],[-155.9766,19.7056],[-155.9771,19.6984],[-155.9769,19.6954],[-155.9756,19.6882],[-155.9755,19.6842],[-155.9751,19.6823],[-155.9773,19.6796],[-155.9796,19.6741],[-155.9798,19.6698],[-155.9809,19.6687],[-155.9817,19.6644],[-155.9812,19.661],[-155.9816,19.6594],[-155.9833,19.6576],[-155.9838,19.6542],[-155.9854,19.6517],[-155.9884,19.6497],[-155.9929,19.6475]]},"properties":{"LINEARID":"1104258206723","FULLNAME":"State Rte 190","RTTYP":"S","MTFCC":"S1200"}},
{"type":"Feature","geometry":{"type":"LineString","coordinates":[[-155.9756,19.6882],[-155.9755,19.6842],[-155.9751,19.6823],[-155.9773,19.6796],[-155.9796,19.6741],[-155.9798,19.6698],[-155.9809,19.6687],[-155.9817,19.6644],[-155.9812,19.661],[-155.9816,19.6594],[-155.9833,19.6576],[-155.9838,19.6542],[-155.9854,19.6517],[-155.9884,19.6497],[-155.9929,19.6475]]},"properties":{"LINEARID":"1104258197274","FULLNAME":"Palani Rd","RTTYP":"M","MTFCC":"S1200"}},
{"type":"Feature","geometry":{"type":"LineString","coordinates":[[-155.9756,19.6882],[-155.9743,19.686],[-155.9727,19.6848],[-155.9718,19.6822],[-155.9685,19.6779],[-155.9682,19.6744],[-155.9666,19.6723],[-155.9651,19.6688],[-155.9593,19.6611],[-155.958,19.6594],[-155.9578,19.659],[-155.9562,19.6553],[-155.9548,19.649],[-155.9526,19.6432],[-155.9514,19.6369],[-155.949,19.6342],[-155.9484,19.632],[-155.9488,19.6282],[-155.9484,19.6267],[-155.9489,19.6217],[-155.9487,19.6189],[-155.9494,19.6155],[-155.9495,19.6094],[-155.9484,19.6038],[-155.9491,19.6009],[-155.9483,19.5952],[-155.9456,19.5883],[-155.9454,19.5836],[-155.9437,19.58],[-155.9438,19.5753],[-155.9428,19.5715],[-155.9434,19.5705],[-155.9417,19.5674]]},"properties":{"LINEARID":"1106087923049","FULLNAME":"State Hwy 180","RTTYP":"S","MTFCC":"S1200"}},
{"type":"Feature","geometry":{"type":"LineString","coordinates":[[-155.9668,19.6128],[-155.9586,19.5966],[-155.9571,19.5908],[-155.9546,19.5869],[-155.9519,19.5808],[-155.9477,19.5748],[-155.9449,19.5716],[-155.9428,19.5682],[-155.9398,19.5599],[-155.9356,19.551],[-155.9324,19.5459],[-155.929,19.5426]]},"properties":{"LINEARID":"1104257611196","FULLNAME":"Kuakini Hwy","RTTYP":"M","MTFCC":"S1200"}},
{"type":"Feature","geometry":{"type":"LineString","coordinates":[[-155.9489,19.6217],[-155.9484,19.6267],[-155.9488,19.6282],[-155.9484,19.632],[-155.949,19.6342],[-155.9514,19.6369],[-155.9526,19.6432],[-155.9548,19.649],[-155.9562,19.6553],[-155.9578,19.659]]},"properties":{"LINEARID":"1105645259562","FULLNAME":"Kona Belt Rd","RTTYP":"M","MTFCC":"S1200"}},
{"type":"Feature","geometry":{"type":"LineString","coordinates":[[-155.5115,19.7391],[-155.5032,19.7312],[-155.5017,19.7293]]},"properties":{"LINEARID":"1105559446294","FULLNAME":"Humuula Rd","RTTYP":"M","MTFCC":"S1200"}},
{"type":"Feature","geometry":{"type":"LineString","coordinates":[[-155.958,19.6594],[-155.9593,19.6611]]},"properties":{"LINEARID":"1102513718611","FULLNAME":"Kona Belt Rd","RTTYP":"M","MTFCC":"S1200"}},
{"type":"Feature","geometry":{"type":"LineString","coordinates":[[-155.4503,20.0697],[-155.4504,20.0698]]},"properties":{"LINEARID":"1104258093425","FULLNAME":"State Rte 240","RTTYP":"S","MTFCC":"S1200"}},
{"type":"Feature","geometry":{"type":"LineString","coordinates":[[-154.9414,19.4919],[-154.9408,19.4915],[-154.9398,19.4912],[-154.9386,19.4909]]},"properties":{"LINEARID":"110159773427","FULLNAME":"Pahoa-Kapoho Rd","RTTYP":"M","MTFCC":"S1200"}},
{"type":"Feature","geometry":{"type":"LineString","coordinates":[[-155.0978,19.7985],[-155.0975,19.7977]]},"properties":{"LINEARID":"110159757867","FULLNAME":"Hwy 19","RTTYP":"M","MTFCC":"S1200"}},
{"type":"Feature","geometry":{"type":"LineString","coordinates":[[-155.1216,19.8618],[-155.1223,19.8608]]},"properties":{"LINEARID":"1104258079831","FULLNAME":"State Hwy 220","RTTYP":"S","MTFCC":"S1200"}},
{"type":"Feature","geometry":{"type":"LineString","coordinates":[[-154.9413,19.4879],[-154.9409,19.4793],[-154.9412,19.464],[-154.9408,19.46],[-154.9414,19.4474],[-154.9504,19.4202],[-154.9525,19.4137],[-154.953,19.4103],[-154.9532,19.4047],[-154.9537,19.4023],[-154.9572,19.3956],[-154.9578,19.393],[-154.9578,19.3871],[-154.9583,19.3844],[-154.9594,19.3823],[-154.9624,19.3788],[-154.964,19.3749],[-154.9649,19.3701],[-154.9667,19.3625]]},"properties":{"LINEARID":"1105645260645","FULLNAME":"Pahoa Kalapana Rd","RTTYP":"M","MTFCC":"S1200"}},
{"type":"Feature","geometry":{"type":"LineString","coordinates":[[-154.8744,19.4905],[-154.8741,19.4905],[-154.8726,19.4904]]},"properties":{"LINEARID":"1106087408407","FULLNAME":"Kapoho Rd","RTTYP":"M","MTFCC":"S1200"}},
{"type":"Feature","geometry":{"type":"LineString","coordinates":[[-154.9663,19.3625],[-154.9626,19.3644],[-154.9503,19.3737],[-154.9451,19.3779],[-154.9413,19.3814],[-154.9313,19.393]]},"properties":{"LINEARID":"1106087437135","FULLNAME":"Kalapana Kapoho Beach","RTTYP":"M","MTFCC":"S1200"}},
{"type":"Feature","geometry":{"type":"LineString","coordinates":[[-154.9561,19.5045],[-154.9556,19.5036],[-154.9535,19.4989],[-154.9516,19.4969],[-154.9479,19.4945],[-154.9442,19.4939],[-154.9419,19.4922]]},"properties":{"LINEARID":"1105061293030","FULLNAME":"Main Gov't Rd","RTTYP":"M","MTFCC":"S1200"}},
{"type":"Feature","geometry":{"type":"LineString","coordinates":[[-154.9414,19.4919],[-154.9408,19.4915]]},"properties":{"LINEARID":"1103663418811","FULLNAME":"Puna Rd","RTTYP":"M","MTFCC":"S1200"}},
{"type":"Feature","geometry":{"type":"LineString","coordinates":[[-154.9556,19.5036],[-154.9561,19.5045]]},"properties":{"LINEARID":"1103660200502","FULLNAME":"Pahoa Village Rd","RTTYP":"M","MTFCC":"S1200"}},
{"type":"Feature","geometry":{"type":"LineString","coordinates":[[-154.8536,19.4948],[-154.8483,19.4989],[-154.8461,19.5022]]},"properties":{"LINEARID":"1103660200633","FULLNAME":"Hwy 132","RTTYP":"M","MTFCC":"S1200"}},
{"type":"Feature","geometry":{"type":"LineString","coordinates":[[-154.8821,19.4903],[-154.8803,19.4909]]},"properties":{"LINEARID":"1103660200537","FULLNAME":"Hwy 132","RTTYP":"M","MTFCC":"S1200"}},
{"type":"Feature","geometry":{"type":"LineString","coordinates":[[-154.8684,19.4906],[-154.8652,19.4914]]},"properties":{"LINEARID":"1103660200462","FULLNAME":"Hwy 132","RTTYP":"M","MTFCC":"S1200"}},
{"type":"Feature","geometry":{"type":"LineString","coordinates":[[-155.5971,20.0426],[-155.6026,20.0416]]},"properties":{"LINEARID":"1105645261367","FULLNAME":"Mamlahoa Hwy","RTTYP":"M","MTFCC":"S1200"}},
{"type":"Feature","geometry":{"type":"LineString","coordinates":[[-155.8803,19.4166],[-155.884,19.4211],[-155.885,19.4243],[-155.8903,19.4344],[-155.8924,19.4345],[-155.8944,19.4301],[-155.8962,19.4225],[-155.899,19.4218],[-155.902,19.4248],[-155.9045,19.4251],[-155.9069,19.4243],[-155.9096,19.4248],[-155.9117,19.4269],[-155.9142,19.4307],[-155.919,19.4629],[-155.9191,19.4668],[-155.9183,19.4713],[-155.9188,19.4737]]},"properties":{"LINEARID":"1106087923382","FULLNAME":"State Hwy 160","RTTYP":"S","MTFCC":"S1200"}},
{"type":"Feature","geometry":{"type":"LineString","coordinates":[[-155.8869,19.9019],[-155.8907,19.8981],[-155.8926,19.8956]]},"properties":{"LINEARID":"1104257628005","FULLNAME":"State Rte 19","RTTYP":"S","MTFCC":"S1200"}},
{"type":"Feature","geometry":null,"properties":{"LINEARID":"1104257599899","FULLNAME":"Keei Rd","RTTYP":"M","MTFCC":"S1200"}},
{"type":"Feature","geometry":{"type":"LineString","coordinates":[[-157.8874,21.3132],[-157.8883,21.3151],[-157.8887,21.3159],[-157.8916,21.3215],[-157.8913,21.323],[-157.8868,21.3287]]},"properties":{"LINEARID":"1104259745839","FULLNAME":"State Hwy 64","RTTYP":"S","MTFCC":"S1200"}},
{"type":"Feature","geometry":{"type":"LineString","coordinates":[[-158.0681,21.3251],[-158.0708,21.328],[-158.0728,21.3315],[-158.0726,21.3358],[-158.0734,21.3373],[-158.0759,21.3401],[-158.076,21.3402],[-158.0777,21.342]]},"properties":{"LINEARID":"1104300024892","FULLNAME":"State Hwy 901","RTTYP":"S","MTFCC":"S1200"}},
{"type":"Feature","geometry":{"type":"LineString","coordinates":[[-158.0693,21.3003],[-158.0666,21.3009],[-158.0633,21.3003],[-158.0588,21.3015],[-158.0573,21.3037],[-158.0553,21.3139],[-158.0567,21.3166],[-158.0549,21.3291]]},"properties":{"LINEARID":"1104258640782","FULLNAME":"Coral Sea St","RTTYP":"M","MTFCC":"S1200"}},
{"type":"Feature","geometry":{"type":"LineString","coordinates":[[-158.0693,21.3003],[-158.0666,21.3009],[-158.0633,21.3003],[-158.0588,21.3015],[-158.0573,21.3037],[-158.0553,21.3139],[-158.0567,21.3166],[-158.0549,21.3291]]},"properties":{"LINEARID":"1104258642009","FULLNAME":"Coral Sea Rd","RTTYP":"M","MTFCC":"S1200"}},
{"type":"Feature","geometry":{"type":"LineString","coordinates":[[-158.0712,21.3121],[-158.066,21.32],[-158.0673,21.3243]]},"properties":{"LINEARID":"1104258058645","FULLNAME":"State Rte 8945","RTTYP":"S","MTFCC":"S1200"}},
{"type":"Feature","geometry":{"type":"LineString","coordinates":[[-158.0802,21.3366],[-158.0801,21.3365],[-158.0759,21.3401],[-158.0738,21.3412],[-158.0712,21.3431],[-158.0683,21.3456],[-158.0641,21.3501]]},"properties":{"LINEARID":"1104257986315","FULLNAME":"Farrington Hwy","RTTYP":"M","MTFCC":"S1200"}},
{"type":"Feature","geometry":{"type":"LineString","coordinates":[[-158.0801,21.3365],[-158.0759,21.3401],[-158.0738,21.3412],[-158.0712,21.3431],[-158.0683,21.3456],[-158.0641,21.3501]]},"properties":{"LINEARID":"1104257991253","FULLNAME":"State Rte 93","RTTYP":"S","MTFCC":"S1200"}},
{"type":"Feature","geometry":{"type":"LineString","coordinates":[[-158.0307,21.3745],[-158.0295,21.3747],[-158.0267,21.376],[-158.0265,21.3761],[-158.0194,21.3797],[-158.0131,21.3823],[-158.0014,21.3845],[-157.9992,21.3856],[-157.9895,21.3938],[-157.9863,21.3954],[-157.9849,21.3958]]},"properties":{"LINEARID":"1104257991260","FULLNAME":"State Rte 93","RTTYP":"S","MTFCC":"S1200"}},
{"type":"Feature","geometry":{"type":"LineString","coordinates":[[-158.0307,21.3745],[-158.0295,21.3747],[-158.0267,21.376],[-158.0265,21.3761],[-158.0194,21.3797],[-158.0131,21.3823],[-158.0014,21.3845],[-157.9992,21.3856],[-157.9895,21.3938],[-157.9863,21.3954],[-157.9849,21.3958],[-157.9848,21.3959],[-157.9842,21.396],[-157.9831,21.396],[-157.9805,21.3955],[-157.976,21.3957]]},"properties":{"LINEARID":"1104257986317","FULLNAME":"Farrington Hwy","RTTYP":"M","MTFCC":"S1200"}},
{"type":"Feature","geometry":{"type":"LineString","coordinates":[[-158.1024,21.3046],[-158.0981,21.3052]]},"properties":{"LINEARID":"110509756706","FULLNAME":"Komohana St","RTTYP":"M","MTFCC":"S1200"}},
{"type":"Feature","geometry":{"type":"LineString","coordinates":[[-158.0194,21.3797],[-158.0131,21.3823],[-158.0014,21.3845],[-157.9992,21.3856],[-157.9895,21.3938]]},"properties":{"LINEARID":"1104257991264","FULLNAME":"State Hwy 93","RTTYP":"S","MTFCC":"S1200"}},
{"type":"Feature","geometry":{"type":"LineString","coordinates":[[-157.9373,21.3433],[-157.9406,21.3446],[-157.9428,21.3462]]},"properties":{"LINEARID":"1104257879809","FULLNAME":"State Rte 92","RTTYP":"S","MTFCC":"S1200"}},
{"type":"Feature","geometry":{"type":"LineString","coordinates":[[-157.9881,21.3949],[-157.9888,21.3945],[-157.9989,21.386],[-158.0019,21.3845],[-158.0136,21.3823],[-158.0174,21.3809],[-158.0266,21.3762],[-158.0268,21.3761],[-158.0297,21.3748]]},"properties":{"LINEARID":"1104257986313","FULLNAME":"Farrington Hwy","RTTYP":"M","MTFCC":"S1200"}},
{"type":"Feature","geometry":{"type":"LineString","coordinates":[[-157.9292,21.3658],[-157.9283,21.3662],[-157.928,21.3664],[-157.9215,21.3689],[-157.9202,21.3699],[-157.9201,21.3701],[-157.9197,21.3721],[-157.9197,21.3723],[-157.9189,21.3748],[-157.9187,21.375]]},"properties":{"LINEARID":"1104275731079","FULLNAME":"State Rte 7241","RTTYP":"S","MTFCC":"S1200"}},
{"type":"Feature","geometry":{"type":"LineString","coordinates":[[-157.9836,21.3962],[-157.9775,21.3963]]},"properties":{"LINEARID":"1102325692745","FULLNAME":"Farrington Hwy","RTTYP":"M","MTFCC":"S1200"}},
{"type":"Feature","geometry":{"type":"LineString","coordinates":[[-157.8264,21.3488],[-157.8241,21.3504],[-157.8186,21.3531],[-157.8173,21.3536],[-157.8119,21.3538],[-157.808,21.3557],[-157.8046,21.3605],[-157.7981,21.3636],[-157.795,21.3653],[-157.7918,21.3674],[-157.7862,21.3696],[-157.7846,21.3694],[-157.7821,21.3651],[-157.7812,21.3645],[-157.7802,21.3647],[-157.7797,21.3654],[-157.7802,21.3666],[-157.782,21.3686],[-157.7822,21.3697],[-157.7817,21.3735],[-157.7808,21.3749]]},"properties":{"LINEARID":"110509747555","FULLNAME":"Pali Hwy","RTTYP":"M","MTFCC":"S1200"}},
{"type":"Feature","geometry":{"type":"LineString","coordinates":[[-157.8648,21.3184],[-157.8622,21.3199],[-157.8621,21.32],[-157.8605,21.3212]]},"properties":{"LINEARID":"1104274132658","FULLNAME":"State Rte 7413","RTTYP":"S","MTFCC":"S1200"}},
{"type":"Feature","geometry":{"type":"LineString","coordinates":[[-157.8959,21.3491],[-157.8958,21.3492],[-157.8938,21.3531]]},"properties":{"LINEARID":"1104259420116","FULLNAME":"State Rte 7345","RTTYP":"S","MTFCC":"S1200"}},
{"type":"Feature","geometry":{"type":"LineString","coordinates":[[-157.8743,21.3319],[-157.8729,21.3331],[-157.8728,21.3331],[-157.8714,21.3343]]},"properties":{"LINEARID":"1106087970605","FULLNAME":"State Hwy 63","RTTYP":"S","MTFCC":"S1200"}},
{"type":"Feature","geometry":{"type":"LineString","coordinates":[[-157.9342,21.3771],[-157.9295,21.3756],[-157.9276,21.3747]]},"properties":{"LINEARID":"1105084009838","FULLNAME":"State Rte 78","RTTYP":"S","MTFCC":"S1200"}},
{"type":"Feature","geometry":{"type":"LineString","coordinates":[[-157.8643,21.308],[-157.8628,21.3054]]},"properties":{"LINEARID":"1104271365713","FULLNAME":"Ala Moana Blvd","RTTYP":"M","MTFCC":"S1200"}},
{"type":"Feature","geometry":{"type":"LineString","coordinates":[[-158.0171,21.3236],[-158.0221,21.3315],[-158.023,21.3337],[-158.0255,21.3426]]},"properties":{"LINEARID":"1105645261136","FULLNAME":"State Rte 76","RTTYP":"S","MTFCC":"S1200"}},
{"type":"Feature","geometry":{"type":"LineString","coordinates":[[-158.0171,21.3236],[-158.0217,21.3311],[-158.0229,21.3337],[-158.025,21.3415],[-158.0294,21.3577],[-158.0294,21.3593],[-158.0264,21.3657],[-158.0258,21.3716],[-158.0261,21.3748],[-158.0265,21.3761],[-158.0266,21.3762],[-158.0276,21.3781],[-158.032,21.3837],[-158.0321,21.3838]]},"properties":{"LINEARID":"1105645261139","FULLNAME":"State Rte 76","RTTYP":"S","MTFCC":"S1200"}},
{"type":"Feature","geometry":{"type":"LineString","coordinates":[[-157.9187,21.375],[-157.9195,21.3722],[-157.9195,21.3721],[-157.9199,21.37],[-157.92,21.3698],[-157.9208,21.3691],[-157.9281,21.3661],[-157.9284,21.366],[-157.9291,21.3657]]},"properties":{"LINEARID":"1104259459900","FULLNAME":"State Rte 7241","RTTYP":"S","MTFCC":"S1200"}},
{"type":"Feature","geometry":{"type":"LineString","coordinates":[[-158.0898,21.3291],[-158.0897,21.3298]]},"properties":{"LINEARID":"1104257601682","FULLNAME":"State Hwy 95","RTTYP":"S","MTFCC":"S1200"}},
{"type":"Feature","geometry":{"type":"LineString","coordinates":[[-157.8874,21.3325],[-157.8894,21.3334]]},"properties":{"LINEARID":"1105319903016","FULLNAME":"State Rte 90","RTTYP":"S","MTFCC":"S1200"}},
{"type":"Feature","geometry":{"type":"LineString","coordinates":[[-158.1353,21.3677],[-158.1363,21.3702],[-158.1393,21.3751],[-158.1416,21.3779],[-158.159,21.394],[-158.1615,21.3957],[-158.1658,21.3975],[-158.1707,21.3984],[-158.1731,21.3994],[-158.1758,21.4017],[-158.1772,21.4061],[-158.1766,21.4139],[-158.1787,21.4269],[-158.1799,21.4289],[-158.183,21.4312],[-158.1843,21.4338],[-158.1876,21.4443],[-158.1893,21.4479],[-158.1915,21.4502],[-158.2037,21.4588],[-158.2108,21.4621],[-158.2136,21.4653],[-158.2193,21.476],[-158.2206,21.4776],[-158.2264,21.4806],[-158.2283,21.4827],[-158.2295,21.4865],[-158.2287,21.4927],[-158.2297,21.5011],[-158.2287,21.5098],[-158.2279,21.5143],[-158.2278,21.5203],[-158.2274,21.5224],[-158.2277,21.5298],[-158.2285,21.5344],[-158.2294,21.5359],[-158.236,21.5415],[-158.2402,21.5466],[-158.2405,21.5477],[-158.247,21.5539],[-158.2487,21.5562],[-158.2525,21.5574],[-158.2562,21.5595],[-158.2584,21.5614]]},"properties":{"LINEARID":"1104257594374","FULLNAME":"Farrington Hwy","RTTYP":"M","MTFCC":"S1200"}},
{"type":"Feature","geometry":{"type":"LineString","coordinates":[[-158.1353,21.3677],[-158.1363,21.3702],[-158.1393,21.3751],[-158.1416,21.3779],[-158.159,21.394],[-158.1615,21.3957],[-158.1658,21.3975],[-158.1707,21.3984],[-158.1731,21.3994],[-158.1758,21.4017],[-158.1772,21.4061],[-158.1766,21.4139],[-158.1787,21.4269],[-158.1799,21.4289],[-158.183,21.4312],[-158.1843,21.4338],[-158.1876,21.4443],[-158.1893,21.4479],[-158.1915,21.4502],[-158.2037,21.4588],[-158.2108,21.4621],[-158.2136,21.4653],[-158.2193,21.476],[-158.2206,21.4776],[-158.2264,21.4806],[-158.2283,21.4827],[-158.2295,21.4865],[-158.2287,21.4927],[-158.2297,21.5011],[-158.2287,21.5098],[-158.2279,21.5143],[-158.2278,21.5203],[-158.2274,21.5224],[-158.2277,21.5298],[-158.2285,21.5344],[-158.2294,21.5359],[-158.236,21.5415],[-158.2402,21.5466]]},"properties":{"LINEARID":"1104257991258","FULLNAME":"State Rte 93","RTTYP":"S","MTFCC":"S1200"}},
{"type":"Feature","geometry":{"type":"LineString","coordinates":[[-158.1045,21.3413],[-158.1088,21.342],[-158.1135,21.3441],[-158.1181,21.3442],[-158.121,21.3449],[-158.1284,21.3489],[-158.1294,21.3506],[-158.1297,21.3522],[-158.1298,21.3563],[-158.132,21.3619],[-158.1353,21.3677]]},"properties":{"LINEARID":"1104257991259","FULLNAME":"State Rte 93","RTTYP":"S","MTFCC":"S1200"}},
{"type":"Feature","geometry":{"type":"LineString","coordinates":[[-158.0832,21.3354],[-158.0802,21.3366]]},"properties":{"LINEARID":"1105319713953","FULLNAME":"Farrington Hwy","RTTYP":"M","MTFCC":"S1200"}},
{"type":"Feature","geometry":{"type":"LineString","coordinates":[[-158.083,21.3346],[-158.0823,21.3337]]},"properties":{"LINEARID":"1105319713955","FULLNAME":"Farrington Hwy","RTTYP":"M","MTFCC":"S1200"}},
{"type":"Feature","geometry":{"type":"LineString","coordinates":[[-158.083,21.3346],[-158.0832,21.3354]]},"properties":{"LINEARID":"1105319710141","FULLNAME":"State Hwy 93","RTTYP":"S","MTFCC":"S1200"}},
{"type":"Feature","geometry":{"type":"LineString","coordinates":[[-158.083,21.3346],[-158.0835,21.3352]]},"properties":{"LINEARID":"1105319713912","FULLNAME":"State Rte 93","RTTYP":"S","MTFCC":"S1200"}},
{"type":"Feature","geometry":{"type":"LineString","coordinates":[[-158.0285,21.493],[-158.0298,21.4959],[-158.0294,21.5006],[-158.03,21.5024],[-158.0335,21.5056],[-158.0393,21.5106],[-158.0405,21.5127],[-158.0404,21.5151]]},"properties":{"LINEARID":"1104474158740","FULLNAME":"State Rte 80","RTTYP":"S","MTFCC":"S1200"}},
{"type":"Feature","geometry":{"type":"LineString","coordinates":[[-158.0287,21.4911],[-158.0291,21.4912],[-158.032,21.4904],[-158.0379,21.4887],[-158.0395,21.4887],[-158.0396,21.4887],[-158.0434,21.4894],[-158.0501,21.4945],[-158.051,21.4971]]},"properties":{"LINEARID":"1104258643220","FULLNAME":"State Rte 99","RTTYP":"S","MTFCC":"S1200"}},
{"type":"Feature","geometry":{"type":"LineString","coordinates":[[-158.1046,21.5542],[-158.1023,21.552],[-158.102,21.5492],[-158.0956,21.5421],[-158.0904,21.5385],[-158.0879,21.5356],[-158.086,21.5347],[-158.0821,21.5313],[-158.0814,21.5295],[-158.0796,21.5283],[-158.0719,21.5214],[-158.0631,21.5136],[-158.0568,21.5084],[-158.0527,21.5029]]},"properties":{"LINEARID":"1104271365677","FULLNAME":"State Hwy 803","RTTYP":"S","MTFCC":"S1200"}},
{"type":"Feature","geometry":{"type":"LineString","coordinates":[[-157.7295,21.3535],[-157.7297,21.3546],[-157.7301,21.3552],[-157.7327,21.3577],[-157.7342,21.3594],[-157.7357,21.3614],[-157.7414,21.3698],[-157.7433,21.3722],[-157.7464,21.375],[-157.7506,21.3778],[-157.7561,21.3808]]},"properties":{"LINEARID":"1104258527782","FULLNAME":"State Rte 72","RTTYP":"S","MTFCC":"S1200"}},
{"type":"Feature","geometry":{"type":"LineString","coordinates":[[-157.7808,21.3749],[-157.7809,21.375],[-157.7905,21.3846],[-157.7907,21.3847],[-157.7931,21.3871],[-157.797,21.3931],[-157.798,21.3971],[-157.7998,21.4016],[-157.7997,21.4029],[-157.8032,21.4037],[-157.8069,21.403]]},"properties":{"LINEARID":"1104271139209","FULLNAME":"State Rte 83","RTTYP":"S","MTFCC":"S1200"}},
{"type":"Feature","geometry":{"type":"LineString","coordinates":[[-158.0066,21.5149],[-158.0081,21.5145]]},"properties":{"LINEARID":"1104258246251","FULLNAME":"Center St","RTTYP":"M","MTFCC":"S1200"}},
{"type":"Feature","geometry":{"type":"LineString","coordinates":[[-157.7999,21.413],[-157.7991,21.4106],[-157.7991,21.4053],[-157.7995,21.403],[-157.7996,21.4029],[-157.7995,21.4014],[-157.7976,21.3966],[-157.7964,21.3923],[-157.7939,21.3884],[-157.7905,21.3848],[-157.7904,21.3846],[-157.7808,21.375],[-157.7807,21.375]]},"properties":{"LINEARID":"1104258316398","FULLNAME":"Kamehameha Hwy","RTTYP":"M","MTFCC":"S1200"}},
{"type":"Feature","geometry":{"type":"LineString","coordinates":[[-157.7454,21.393],[-157.7471,21.3917],[-157.7484,21.3892],[-157.756,21.3808],[-157.7561,21.3808]]},"properties":{"LINEARID":"1104258448929","FULLNAME":"Kailua Rd","RTTYP":"M","MTFCC":"S1200"}},
{"type":"Feature","geometry":{"type":"LineString","coordinates":[[-158.1065,21.5756],[-158.1065,21.5757],[-158.1063,21.5763],[-158.1051,21.576],[-158.105,21.5759]]},"properties":{"LINEARID":"1106092780513","FULLNAME":"Weed Cir","RTTYP":"M","MTFCC":"S1200"}},
{"type":"Feature","geometry":{"type":"LineString","coordinates":[[-159.4515,21.9618],[-159.4561,21.9605],[-159.4657,21.9508],[-159.4689,21.9486],[-159.4748,21.9469],[-159.4768,21.9455],[-159.4809,21.9395],[-159.484,21.9338],[-159.4858,21.9299],[-159.4873,21.9283],[-159.4907,21.9264],[-159.4925,21.9247],[-159.495,21.9236],[-159.4992,21.923],[-159.5046,21.9238],[-159.5061,21.9256],[-159.5082,21.9265],[-159.5125,21.9234],[-159.5161,21.9238],[-159.5186,21.9252],[-159.5228,21.9249],[-159.5287,21.9257],[-159.5353,21.925],[-159.5435,21.9236],[-159.5474,21.9216],[-159.5524,21.9218],[-159.5571,21.9212],[-159.5647,21.9194],[-159.5678,21.9166],[-159.573,21.915],[-159.5781,21.9104],[-159.5814,21.9062],[-159.5815,21.906],[-159.5844,21.9049],[-159.5845,21.9049],[-159.5852,21.9064],[-159.585,21.9085],[-159.5861,21.9093],[-159.5897,21.9091],[-159.5957,21.9079],[-159.5987,21.9086],[-159.603,21.9116],[-159.6049,21.9125],[-159.6116,21.9131],[-159.6132,21.9138],[-159.6173,21.917],[-159.6218,21.9186],[-159.6241,21.92],[-159.6277,21.9235],[-159.6425,21.9337],[-159.6455,21.9366],[-159.6469,21.9387],[-159.6486,21.9432],[-159.651,21.9462],[-159.6574,21.9499],[-159.6673,21.9548],[-159.672,21.9574],[-159.6771,21.9605],[-159.6812,21.961],[-159.6997,21.9616],[-159.7054,21.9609],[-159.7094,21.9628],[-159.7135,21.9665],[-159.716,21.9677],[-159.7273,21.971],[-159.7329,21.9738],[-159.7359,21.9764],[-159.7399,21.9807],[-159.7781,22.0213],[-159.7794,22.0242],[-159.7792,22.026],[-159.777,22.0336],[-159.7781,22.0366],[-159.7793,22.0372],[-159.78,22.0373]]},"properties":{"LINEARID":"1105645260110","FULLNAME":"Kaumualii Hwy","RTTYP":"M","MTFCC":"S1200"}},
{"type":"Feature","geometry":{"type":"LineString","coordinates":[[-159.5353,21.925],[-159.5386,21.9199],[-159.557,21.9005],[-159.5603,21.9],[-159.5659,21.9031],[-159.5723,21.9056],[-159.5812,21.9058]]},"properties":{"LINEARID":"1104257992897","FULLNAME":"Halewili Rd","RTTYP":"M","MTFCC":"S1200"}},
{"type":"Feature","geometry":{"type":"LineString","coordinates":[[-159.3128,22.082],[-159.3162,22.0821],[-159.3207,22.0796],[-159.3225,22.0772],[-159.3242,22.0731],[-159.3274,22.0723]]},"properties":{"LINEARID":"1103783478242","FULLNAME":"Kapaa Bypass Rd","RTTYP":"M","MTFCC":"S1200"}},
{"type":"Feature","geometry":{"type":"LineString","coordinates":[[-159.6684,22.0342],[-159.6718,22.0314],[-159.672,22.029],[-159.673,22.0269],[-159.6728,22.0241],[-159.6752,22.0223],[-159.674,22.0202],[-159.6741,22.0187],[-159.6775,22.012],[-159.6759,22.0103],[-159.6782,22.0052],[-159.6776,22.0008],[-159.6765,21.9959],[-159.6753,21.9933],[-159.6724,21.9908],[-159.6725,21.9875],[-159.6716,21.9847],[-159.6675,21.9798],[-159.6641,21.9777],[-159.6638,21.9747],[-159.6642,21.9717],[-159.6638,21.9683],[-159.6642,21.9631],[-159.6674,21.965],[-159.668,21.9637],[-159.667,21.9613],[-159.6698,21.9603],[-159.672,21.9574]]},"properties":{"LINEARID":"1106087287129","FULLNAME":"Waimea Canyon Dr","RTTYP":"M","MTFCC":"S1200"}},
{"type":"Feature","geometry":{"type":"LineString","coordinates":[[-159.3718,21.966],[-159.3798,21.9724],[-159.3718,21.966]]},"properties":{"LINEARID":"1104977734896","FULLNAME":"Nawiliwili Rd","RTTYP":"M","MTFCC":"S1200"}},
{"type":"Feature","geometry":{"type":"LineString","coordinates":[[-159.3725,21.976],[-159.3721,21.976]]},"properties":{"LINEARID":"1104977740678","FULLNAME":"State Rte 56","RTTYP":"S","MTFCC":"S1200"}},
{"type":"Feature","geometry":{"type":"LineString","coordinates":[[-159.3658,21.9914],[-159.3661,21.9934],[-159.3684,21.9957],[-159.3709,21.9965],[-159.3722,21.9984],[-159.3742,21.9994],[-159.3755,22.0024],[-159.3764,22.0063],[-159.3783,22.0086],[-159.3816,22.0112],[-159.3827,22.0138],[-159.3829,22.0163],[-159.386,22.0196],[-159.387,22.0241],[-159.3868,22.0251],[-159.3833,22.0267],[-159.3826,22.0285],[-159.3796,22.0306],[-159.3794,22.0345]]},"properties":{"LINEARID":"11055908908","FULLNAME":"Maalo Rd","RTTYP":"M","MTFCC":"S1200"}},
{"type":"Feature","geometry":{"type":"LineString","coordinates":[[-159.3417,22.0329],[-159.3407,22.0377]]},"properties":{"LINEARID":"1104977737792","FULLNAME":"Kuhio Hwy","RTTYP":"M","MTFCC":"S1200"}},
{"type":"Feature","geometry":{"type":"LineString","coordinates":[[-159.3467,22.0003],[-159.3468,22.0007]]},"properties":{"LINEARID":"1106262886925","FULLNAME":"State Rte 56","RTTYP":"S","MTFCC":"S1200"}},
{"type":"Feature","geometry":{"type":"LineString","coordinates":[[-156.1222,20.6365],[-156.1176,20.639],[-156.1123,20.6392],[-156.1116,20.6401],[-156.1044,20.6415],[-156.1031,20.641],[-156.1007,20.6419],[-156.0999,20.6448],[-156.098,20.6425],[-156.0965,20.6419],[-156.0948,20.6443],[-156.0917,20.6438],[-156.0871,20.6451],[-156.0854,20.6466],[-156.085,20.6482],[-156.0829,20.6483],[-156.0812,20.6506],[-156.0782,20.6516],[-156.0712,20.6501],[-156.0645,20.6491],[-156.0619,20.6513],[-156.0607,20.6509],[-156.0584,20.6526],[-156.0554,20.6537],[-156.0509,20.656],[-156.0476,20.6592],[-156.0447,20.6636],[-156.0434,20.6637],[-156.0428,20.666],[-156.0408,20.6692],[-156.0406,20.6721],[-156.0366,20.6736],[-156.0353,20.6757],[-156.033,20.676],[-156.0318,20.6777],[-156.0295,20.6788],[-156.0284,20.6807],[-156.0303,20.6827],[-156.0291,20.6841],[-156.0265,20.6838],[-156.0239,20.6819],[-156.0184,20.6875],[-156.0174,20.6867],[-156.0112,20.687],[-156.0081,20.689],[-156.0061,20.6912],[-156.0033,20.6928],[-156.003,20.6944],[-156.0007,20.6967],[-155.9999,20.6995],[-155.9978,20.7016],[-155.9975,20.7036],[-155.9947,20.7078],[-155.9927,20.7138],[-155.9938,20.7219],[-155.9935,20.7282],[-155.9856,20.7362],[-155.9854,20.7399],[-155.9859,20.7452],[-155.987,20.752],[-155.9884,20.7569],[-155.9907,20.7579],[-155.9937,20.7633],[-155.9959,20.7683],[-155.9976,20.7694],[-155.9997,20.7745],[-156.0029,20.7795],[-156.0062,20.7818],[-156.0121,20.7826],[-156.0186,20.782],[-156.0229,20.7833],[-156.0282,20.7831],[-156.0313,20.7852],[-156.0361,20.7876],[-156.0382,20.7876],[-156.039,20.7888],[-156.0454,20.7914],[-156.0471,20.7937],[-156.0516,20.7939],[-156.055,20.7963],[-156.0566,20.7962],[-156.0652,20.7998],[-156.0669,20.7998],[-156.0691,20.7985],[-156.0701,20.7991],[-156.0739,20.7988],[-156.0767,20.8002],[-156.078,20.8024],[-156.0806,20.8027],[-156.0834,20.8059],[-156.0864,20.8056],[-156.0894,20.8069],[-156.0923,20.8072],[-156.0942,20.8059],[-156.0951,20.8076],[-156.0964,20.8073],[-156.0985,20.8086],[-156.1021,20.8093],[-156.1049,20.8106],[-156.1063,20.8098],[-156.1091,20.81],[-156.1111,20.8118],[-156.1146,20.811],[-156.1161,20.8129],[-156.1203,20.8143],[-156.1217,20.8162],[-156.1282,20.8183],[-156.1322,20.8178],[-156.1328,20.8199],[-156.1373,20.8236],[-156.1346,20.8274],[-156.1354,20.8285],[-156.1347,20.8307],[-156.1363,20.8342],[-156.1392,20.838],[-156.1403,20.8417],[-156.1389,20.8457],[-156.1363,20.8472],[-156.1365,20.8499],[-156.1381,20.8518],[-156.1415,20.8528],[-156.1446,20.857],[-156.1466,20.8574],[-156.1491,20.8592],[-156.1507,20.8594],[-156.1554,20.8586],[-156.1573,20.8561],[-156.1599,20.8547],[-156.1607,20.8553],[-156.1586,20.8594],[-156.1597,20.8616],[-156.1618,20.8627],[-156.1637,20.8601],[-156.1657,20.8598],[-156.1666,20.8572],[-156.1691,20.8546],[-156.1689,20.8616],[-156.1676,20.8644],[-156.1681,20.8684],[-156.1675,20.8698],[-156.17,20.872],[-156.1715,20.8714],[-156.1751,20.8687],[-156.1768,20.8686],[-156.179,20.8695],[-156.1801,20.8713],[-156.1832,20.872],[-156.185,20.8746],[-156.1869,20.8758],[-156.1881,20.8753],[-156.1901,20.8783],[-156.1917,20.8782],[-156.1944,20.8799],[-156.1971,20.8797],[-156.2004,20.8781],[-156.2003,20.882],[-156.2038,20.8815],[-156.2059,20.8845],[-156.2075,20.8847],[-156.2103,20.8869],[-156.2105,20.8884],[-156.2123,20.8886],[-156.2136,20.8903],[-156.2166,20.8922],[-156.219,20.8944],[-156.2196,20.8986],[-156.2208,20.8999],[-156.2226,20.8997],[-156.224,20.8978],[-156.2258,20.8997],[-156.2252,20.9018],[-156.2273,20.9029],[-156.2295,20.9051],[-156.2323,20.9038],[-156.2348,20.9078],[-156.2377,20.9096],[-156.2412,20.9108],[-156.2441,20.9133],[-156.2487,20.9148],[-156.2515,20.9152],[-156.2627,20.9135],[-156.2663,20.9115],[-156.2672,20.9135],[-156.2659,20.9143],[-156.2648,20.9171],[-156.2672,20.9179],[-156.2724,20.9209],[-156.2749,20.9213],[-156.278,20.924],[-156.2803,20.9253],[-156.2828,20.9257],[-156.2853,20.9244],[-156.2869,20.922],[-156.2912,20.9228],[-156.2936,20.9221],[-156.2962,20.9188],[-156.2983,20.9188],[-156.3012,20.9215],[-156.308,20.9292],[-156.3102,20.9305],[-156.3137,20.9309],[-156.32,20.9299],[-156.3244,20.9303],[-156.3317,20.933],[-156.334,20.9346],[-156.3369,20.9375],[-156.3388,20.9372],[-156.3378,20.9349],[-156.3396,20.9344],[-156.3413,20.937],[-156.3435,20.9378],[-156.349,20.9366],[-156.358,20.9328],[-156.3602,20.9328],[-156.3619,20.9314],[-156.3645,20.9305],[-156.3661,20.9293],[-156.3669,20.9273],[-156.3709,20.9233],[-156.3757,20.9204],[-156.3812,20.9161],[-156.3963,20.9101],[-156.4131,20.9047],[-156.4158,20.9028],[-156.4191,20.8959],[-156.4236,20.8896]]},"properties":{"LINEARID":"1104468777661","FULLNAME":"Hana Hwy","RTTYP":"M","MTFCC":"S1200"}},
{"type":"Feature","geometry":{"type":"LineString","coordinates":[[-155.9937,20.7633],[-155.9907,20.7579],[-155.9884,20.7569],[-155.987,20.752],[-155.9859,20.7452],[-155.9854,20.7399],[-155.9856,20.7362],[-155.9935,20.7282],[-155.9938,20.7219],[-155.9927,20.7138],[-155.9947,20.7078],[-155.9975,20.7036],[-155.9978,20.7016],[-155.9999,20.6995],[-156.0007,20.6967],[-156.003,20.6944],[-156.0033,20.6928],[-156.0061,20.6912],[-156.0081,20.689],[-156.0112,20.687],[-156.0174,20.6867],[-156.0184,20.6875],[-156.0239,20.6819],[-156.0265,20.6838],[-156.0291,20.6841],[-156.0303,20.6827],[-156.0284,20.6807],[-156.0295,20.6788],[-156.0318,20.6777],[-156.033,20.676],[-156.0353,20.6757],[-156.0366,20.6736],[-156.0406,20.6721],[-156.0408,20.6692],[-156.0428,20.666],[-156.0434,20.6637],[-156.0447,20.6636],[-156.0476,20.6592],[-156.0509,20.656],[-156.0554,20.6537],[-156.0584,20.6526],[-156.0607,20.6509],[-156.0619,20.6513],[-156.0645,20.6491],[-156.0712,20.6501]]},"properties":{"LINEARID":"1104468739965","FULLNAME":"State Rte 330","RTTYP":"S","MTFCC":"S1200"}},
{"type":"Feature","geometry":{"type":"LineString","coordinates":[[-156.0712,20.6501],[-156.0782,20.6516],[-156.0812,20.6506],[-156.0829,20.6483],[-156.085,20.6482],[-156.0854,20.6466],[-156.0871,20.6451],[-156.0917,20.6438],[-156.0948,20.6443],[-156.0965,20.6419],[-156.098,20.6425],[-156.0999,20.6448],[-156.1007,20.6419],[-156.1031,20.641],[-156.1044,20.6415],[-156.1116,20.6401],[-156.1123,20.6392],[-156.1176,20.639],[-156.1222,20.6365],[-156.1268,20.6342],[-156.1389,20.6344],[-156.1502,20.6318],[-156.1565,20.6311],[-156.1573,20.6303],[-156.1621,20.6288],[-156.1653,20.6291],[-156.1675,20.6287],[-156.1686,20.6298],[-156.171,20.6304],[-156.1725,20.6278],[-156.1751,20.6275],[-156.1789,20.6284],[-156.181,20.6282],[-156.192,20.6302],[-156.1958,20.6287],[-156.203,20.6286],[-156.2085,20.6254],[-156.2105,20.6247],[-156.2141,20.6251],[-156.2154,20.6237],[-156.2172,20.6235],[-156.2234,20.6199],[-156.2294,20.6198],[-156.2368,20.6182],[-156.244,20.6181],[-156.2498,20.6187],[-156.2514,20.6194],[-156.2541,20.618],[-156.2603,20.6164],[-156.2642,20.616],[-156.2682,20.6169],[-156.2763,20.6153],[-156.2829,20.6151],[-156.286,20.6145],[-156.2907,20.6145],[-156.2975,20.6124],[-156.3013,20.6127],[-156.3048,20.6101],[-156.3071,20.6097],[-156.3096,20.6103],[-156.3171,20.6136],[-156.3242,20.6145],[-156.3349,20.6141],[-156.3392,20.6141],[-156.3466,20.6134],[-156.3512,20.6141],[-156.3572,20.6156],[-156.3606,20.6171],[-156.3682,20.6191],[-156.3797,20.6218],[-156.386,20.6239],[-156.3897,20.6248],[-156.3933,20.6269],[-156.3966,20.6292],[-156.397,20.6318],[-156.4,20.6343],[-156.4054,20.6363],[-156.4066,20.6383],[-156.4085,20.6434],[-156.4107,20.6448],[-156.4112,20.6475],[-156.4121,20.6481]]},"properties":{"LINEARID":"1104468779812","FULLNAME":"State Rte 31","RTTYP":"S","MTFCC":"S1200"}},
{"type":"Feature","geometry":{"type":"LineString","coordinates":[[-156.3337,20.8337],[-156.3297,20.8369],[-156.3251,20.8392],[-156.3228,20.8412],[-156.3178,20.8486],[-156.3116,20.8528],[-156.3069,20.8586],[-156.3064,20.8611],[-156.3076,20.8632],[-156.3064,20.8669]]},"properties":{"LINEARID":"1104468773929","FULLNAME":"Makawao Ave","RTTYP":"M","MTFCC":"S1200"}},
{"type":"Feature","geometry":{"type":"LineString","coordinates":[[-156.496,20.8888],[-156.4747,20.8888],[-156.4729,20.8893],[-156.4674,20.8913],[-156.464,20.8926],[-156.4632,20.893]]},"properties":{"LINEARID":"1104468786608","FULLNAME":"State Rte 32","RTTYP":"S","MTFCC":"S1200"}},
{"type":"Feature","geometry":{"type":"LineString","coordinates":[[-156.4978,20.9176],[-156.4952,20.9161],[-156.4895,20.9075],[-156.485,20.9055],[-156.4831,20.9022],[-156.4817,20.9011],[-156.4803,20.8976],[-156.4781,20.8941],[-156.4734,20.8906],[-156.4729,20.8893]]},"properties":{"LINEARID":"1104468772344","FULLNAME":"State Rte 3400","RTTYP":"S","MTFCC":"S1200"}},
{"type":"Feature","geometry":{"type":"LineString","coordinates":[[-156.3349,20.6141],[-156.3392,20.6141],[-156.3466,20.6134],[-156.3512,20.6141],[-156.3572,20.6156],[-156.3606,20.6171],[-156.3682,20.6191],[-156.3797,20.6218],[-156.386,20.6239],[-156.3897,20.6248],[-156.3933,20.6269],[-156.3966,20.6292],[-156.397,20.6318],[-156.4,20.6343],[-156.4054,20.6363],[-156.4066,20.6383],[-156.4085,20.6434],[-156.4107,20.6448],[-156.4112,20.6475],[-156.4121,20.6481]]},"properties":{"LINEARID":"1104468780691","FULLNAME":"Kalama Park Rd","RTTYP":"M","MTFCC":"S1200"}},
{"type":"Feature","geometry":{"type":"LineString","coordinates":[[-156.4392,20.6872],[-156.4366,20.6877],[-156.4336,20.687],[-156.4309,20.6881]]},"properties":{"LINEARID":"1103663754830","FULLNAME":"Wailea Ike Dr","RTTYP":"M","MTFCC":"S1200"}},
{"type":"Feature","geometry":{"type":"LineString","coordinates":[[-155.4733,19.6898],[-155.4666,19.6892],[-155.46,19.6882],[-155.4524,19.6876],[-155.447,19.6865],[-155.4412,19.6857],[-155.4359,19.6857],[-155.4309,19.6845],[-155.4257,19.6848],[-155.4194,19.6848],[-155.4163,19.6844],[-155.4062,19.6823],[-155.3996,19.6822],[-155.3917,19.6809],[-155.3878,19.6782],[-155.3849,19.6773],[-155.3769,19.676],[-155.3746,19.6743],[-155.3714,19.6712],[-155.37,19.6705],[-155.3658,19.6698],[-155.3596,19.6707],[-155.3508,19.6712],[-155.3435,19.6732],[-155.3396,19.6756],[-155.3375,19.6763],[-155.3323,19.6763],[-155.3284,19.676],[-155.3234,19.6773],[-155.3174,19.677],[-155.3092,19.6771],[-155.3042,19.6781],[-155.3017,19.679],[-155.2944,19.6842],[-155.2916,19.6857],[-155.2858,19.6863],[-155.2827,19.6873],[-155.2783,19.6869],[-155.2763,19.6872],[-155.2735,19.6887],[-155.2714,19.6888],[-155.2687,19.6881],[-155.2663,19.6885],[-155.2599,19.691],[-155.2557,19.6939],[-155.2466,19.6943],[-155.2437,19.6953],[-155.241,19.6972],[-155.2369,19.6993],[-155.2331,19.6997],[-155.2261,19.6979],[-155.223,19.6966],[-155.2209,19.6949],[-155.2149,19.6947],[-155.2021,19.6922],[-155.1962,19.6897],[-155.1934,19.6866],[-155.1914,19.683],[-155.1869,19.6816],[-155.18,19.6815],[-155.1764,19.6837],[-155.1693,19.6818],[-155.1661,19.6788],[-155.1645,19.6785]]},"properties":{"LINEARID":"1105559515792","FULLNAME":"Saddle Rd","RTTYP":"M","MTFCC":"S1200"}},
{"type":"Feature","geometry":{"type":"LineString","coordinates":[[-155.0642,19.7226],[-155.0642,19.712],[-155.0642,19.7118],[-155.0641,19.7078],[-155.0642,19.703],[-155.0648,19.6997],[-155.0656,19.6951],[-155.0656,19.695],[-155.0659,19.6911],[-155.0655,19.6862],[-155.0652,19.6813],[-155.0645,19.673],[-155.0639,19.6701],[-155.0627,19.6674],[-155.0518,19.6509],[-155.049,19.647],[-155.0457,19.6425],[-155.0411,19.6354],[-155.0402,19.6336],[-155.0397,19.6313],[-155.0397,19.6269]]},"properties":{"LINEARID":"1105645260483","FULLNAME":"State Rte 11","RTTYP":"S","MTFCC":"S1200"}},
{"type":"Feature","geometry":{"type":"LineString","coordinates":[[-155.071,19.7225],[-155.0711,19.7225]]},"properties":{"LINEARID":"1104469295300","FULLNAME":"Kamehameha Ave","RTTYP":"M","MTFCC":"S1200"}},
{"type":"Feature","geometry":{"type":"LineString","coordinates":[[-155.0397,19.6269],[-155.0402,19.633],[-155.0408,19.6344],[-155.0494,19.6468],[-155.052,19.6505],[-155.0616,19.665],[-155.0634,19.6679],[-155.0646,19.6724],[-155.0661,19.6913],[-155.0661,19.6929],[-155.0658,19.695],[-155.0658,19.6951],[-155.0644,19.7031],[-155.0643,19.7176],[-155.0643,19.7226]]},"properties":{"LINEARID":"1105645260479","FULLNAME":"State Rte 11","RTTYP":"S","MTFCC":"S1200"}},
{"type":"Feature","geometry":{"type":"LineString","coordinates":[[-155.0905,19.6938],[-155.0905,19.6933],[-155.0686,19.6949]]},"properties":{"LINEARID":"1106092823505","FULLNAME":"State Rte 2000","RTTYP":"S","MTFCC":"S1200"}},
{"type":"Feature","geometry":{"type":"LineString","coordinates":[[-155.1221,19.8898],[-155.1201,19.884],[-155.1146,19.8777],[-155.1111,19.875],[-155.1076,19.8722],[-155.1058,19.8691],[-155.1016,19.8651],[-155.1005,19.8627],[-155.0998,19.8586],[-155.0999,19.8554],[-155.1026,19.8475],[-155.1031,19.8434],[-155.1033,19.8398],[-155.1049,19.8178],[-155.1038,19.8141],[-155.1002,19.8055],[-155.0978,19.7985],[-155.0975,19.7977],[-155.0959,19.7929],[-155.0931,19.7902],[-155.0918,19.7865],[-155.0938,19.7764],[-155.0937,19.7745],[-155.091,19.7653],[-155.0909,19.7632],[-155.0924,19.7548],[-155.0915,19.7495],[-155.0904,19.7434],[-155.0912,19.739],[-155.0912,19.735],[-155.0889,19.7306],[-155.0866,19.7269],[-155.0854,19.7253],[-155.0824,19.7236],[-155.0789,19.723]]},"properties":{"LINEARID":"1106087880332","FULLNAME":"State Hwy 19","RTTYP":"S","MTFCC":"S1200"}},
{"type":"Feature","geometry":{"type":"LineString","coordinates":[[-155.0664,19.6951],[-155.0658,19.6951],[-155.0656,19.6951],[-155.0649,19.6952]]},"properties":{"LINEARID":"1104258644012","FULLNAME":"Puainako St","RTTYP":"M","MTFCC":"S1200"}},
{"type":"Feature","geometry":{"type":"LineString","coordinates":[[-155.0905,19.6933],[-155.0905,19.6938],[-155.0905,19.6941]]},"properties":{"LINEARID":"1104258207195","FULLNAME":"Komohana St","RTTYP":"M","MTFCC":"S1200"}},
{"type":"Feature","geometry":{"type":"LineString","coordinates":[[-155.071,19.7225],[-155.0669,19.7226]]},"properties":{"LINEARID":"1104469290765","FULLNAME":"Bayfront Hwy","RTTYP":"M","MTFCC":"S1200"}},
{"type":"Feature","geometry":{"type":"LineString","coordinates":[[-155.0402,19.633],[-155.0408,19.6344],[-155.0494,19.6468],[-155.052,19.6505]]},"properties":{"LINEARID":"1103822071326","FULLNAME":"Hwy 11","RTTYP":"M","MTFCC":"S1200"}},
{"type":"Feature","geometry":{"type":"LineString","coordinates":[[-155.0711,19.7225],[-155.0723,19.7225]]},"properties":{"LINEARID":"1104469290491","FULLNAME":"Bayfront Hwy","RTTYP":"M","MTFCC":"S1200"}},
{"type":"Feature","geometry":{"type":"LineString","coordinates":[[-155.4531,20.0729],[-155.4593,20.0761],[-155.4612,20.0762],[-155.4674,20.0789],[-155.4733,20.0807],[-155.4763,20.0809],[-155.4828,20.0821],[-155.4861,20.0842],[-155.4891,20.084],[-155.4912,20.0845],[-155.493,20.0866],[-155.4985,20.0884],[-155.5062,20.0928],[-155.5087,20.0933],[-155.5124,20.096],[-155.5197,20.0983],[-155.5229,20.1003],[-155.5288,20.1032],[-155.5381,20.1072],[-155.5474,20.1107],[-155.5543,20.1129],[-155.5599,20.1154]]},"properties":{"LINEARID":"1102284796009","FULLNAME":"Honokaa Waipio Rd","RTTYP":"M","MTFCC":"S1200"}},
{"type":"Feature","geometry":{"type":"LineString","coordinates":[[-155.4642,20.0709],[-155.4583,20.0688]]},"properties":{"LINEARID":"1102284566475","FULLNAME":"Mamalahoa Hwy","RTTYP":"M","MTFCC":"S1200"}},
{"type":"Feature","geometry":{"type":"LineString","coordinates":[[-157.0686,21.1676],[-157.0589,21.1655],[-157.0505,21.1632],[-157.0443,21.1608],[-157.0425,21.1595],[-157.0383,21.1547],[-157.0365,21.152]]},"properties":{"LINEARID":"11057868450","FULLNAME":"State Hwy 480","RTTYP":"S","MTFCC":"S1200"}},
{"type":"Feature","geometry":{"type":"LineString","coordinates":[[-155.3862,19.3487],[-155.3859,19.3491]]},"properties":{"LINEARID":"1104692547783","FULLNAME":"Mamalahoa Hwy","RTTYP":"M","MTFCC":"S1200"}},
{"type":"Feature","geometry":{"type":"LineString","coordinates":[[-154.9561,19.5045],[-154.956,19.5054],[-154.9573,19.5065],[-154.9599,19.5102],[-154.9623,19.5124],[-154.9635,19.5143],[-154.9694,19.5242],[-154.9704,19.5266],[-154.973,19.5387],[-154.9738,19.5417],[-154.9749,19.5434],[-154.9769,19.5456],[-154.9806,19.5486],[-154.9857,19.5535],[-154.9885,19.5561],[-154.9923,19.5605],[-155.0016,19.5726],[-155.0016,19.5727],[-155.0028,19.5745],[-155.0044,19.5775],[-155.0073,19.5807],[-155.0103,19.5852],[-155.0138,19.5888],[-155.018,19.5948],[-155.0261,19.6044]]},"properties":{"LINEARID":"1106087982016","FULLNAME":"State Hwy 130","RTTYP":"S","MTFCC":"S1200"}},
{"type":"Feature","geometry":{"type":"LineString","coordinates":[[-155.0028,19.5745],[-155.0044,19.5775],[-155.0073,19.5807],[-155.0103,19.5852],[-155.0138,19.5888]]},"properties":{"LINEARID":"1104258096957","FULLNAME":"Pahoa Rd","RTTYP":"M","MTFCC":"S1200"}},
{"type":"Feature","geometry":{"type":"LineString","coordinates":[[-155.0261,19.6044],[-155.0283,19.6073],[-155.0295,19.6095],[-155.0298,19.611],[-155.0299,19.6141],[-155.0298,19.6165],[-155.0302,19.6199],[-155.0313,19.6227],[-155.0326,19.6257],[-155.0345,19.6301],[-155.0358,19.6319],[-155.0394,19.6328],[-155.0402,19.6336]]},"properties":{"LINEARID":"1105645260437","FULLNAME":"State Rte 130","RTTYP":"S","MTFCC":"S1200"}},
{"type":"Feature","geometry":{"type":"LineString","coordinates":[[-155.7778,19.0854],[-155.7744,19.0843]]},"properties":{"LINEARID":"1104257592388","FULLNAME":"State Rte 11","RTTYP":"S","MTFCC":"S1200"}},
{"type":"Feature","geometry":{"type":"LineString","coordinates":[[-155.0261,19.6044],[-155.0283,19.6073],[-155.0295,19.6095],[-155.0298,19.611],[-155.0299,19.6141]]},"properties":{"LINEARID":"1104486237523","FULLNAME":"Keaau Byp","RTTYP":"M","MTFCC":"S1200"}},
{"type":"Feature","geometry":{"type":"LineString","coordinates":[[-155.1093,19.5488],[-155.1069,19.5511]]},"properties":{"LINEARID":"1103944981865","FULLNAME":"Volcano Hwy","RTTYP":"M","MTFCC":"S1200"}},
{"type":"Feature","geometry":{"type":"LineString","coordinates":[[-155.0286,19.6073],[-155.0261,19.6044]]},"properties":{"LINEARID":"1104258088302","FULLNAME":"State Hwy 130","RTTYP":"S","MTFCC":"S1200"}},
{"type":"Feature","geometry":{"type":"LineString","coordinates":[[-155.0281,19.6065],[-155.031,19.6093]]},"properties":{"LINEARID":"1104469389206","FULLNAME":"State Hwy 130","RTTYP":"S","MTFCC":"S1200"}},
{"type":"Feature","geometry":{"type":"LineString","coordinates":[[-155.8395,20.2388],[-155.8436,20.2389],[-155.8494,20.239],[-155.8559,20.2392],[-155.8629,20.2384],[-155.8689,20.2363],[-155.8731,20.2328],[-155.8755,20.2299],[-155.8851,20.2167],[-155.8879,20.2116],[-155.8959,20.1922],[-155.8968,20.1878]]},"properties":{"LINEARID":"110159774066","FULLNAME":"Mahukona-Niulii Rd","RTTYP":"M","MTFCC":"S1200"}},
{"type":"Feature","geometry":{"type":"LineString","coordinates":[[-155.8129,20.0228],[-155.8168,20.0266],[-155.8215,20.0304],[-155.8272,20.0375],[-155.8291,20.0381],[-155.8319,20.041],[-155.8363,20.0465],[-155.8456,20.0613],[-155.8614,20.0805],[-155.8677,20.0905],[-155.8693,20.0927],[-155.8714,20.0983],[-155.8743,20.1046],[-155.8765,20.1116],[-155.8843,20.13],[-155.8949,20.1664],[-155.8952,20.168],[-155.8957,20.1804],[-155.8968,20.1878],[-155.8959,20.1922],[-155.8879,20.2116],[-155.8851,20.2167],[-155.8755,20.2299],[-155.8731,20.2328],[-155.8689,20.2363],[-155.8629,20.2384],[-155.8559,20.2392],[-155.8494,20.239],[-155.8436,20.2389],[-155.8395,20.2388],[-155.8387,20.2388],[-155.8386,20.2388],[-155.8327,20.2379],[-155.8305,20.238],[-155.8257,20.2383],[-155.8192,20.2371],[-155.8182,20.2368],[-155.8136,20.2348],[-155.8048,20.2316],[-155.8009,20.2308],[-155.7986,20.2305],[-155.7975,20.2303],[-155.7902,20.2295],[-155.7716,20.2253],[-155.7683,20.2244],[-155.7678,20.2225],[-155.7665,20.2237],[-155.7656,20.2239],[-155.7569,20.2222],[-155.7564,20.2207],[-155.7539,20.2207],[-155.7489,20.2214],[-155.7476,20.2203],[-155.7473,20.2204],[-155.7467,20.2205],[-155.7456,20.2199],[-155.7444,20.2157],[-155.7431,20.213],[-155.734,20.2047],[-155.7339,20.2038]]},"properties":{"LINEARID":"1104257855515","FULLNAME":"State Rte 270","RTTYP":"S","MTFCC":"S1200"}},
{"type":"Feature","geometry":{"type":"LineString","coordinates":[[-155.7665,20.2237],[-155.7678,20.2225],[-155.7683,20.2244],[-155.7716,20.2253],[-155.7902,20.2295],[-155.7975,20.2303],[-155.7986,20.2305],[-155.8009,20.2308],[-155.8048,20.2316],[-155.8136,20.2348],[-155.8182,20.2368],[-155.8192,20.2371],[-155.8257,20.2383],[-155.8305,20.238],[-155.8327,20.2379],[-155.8386,20.2388],[-155.8387,20.2388],[-155.8395,20.2388],[-155.8436,20.2389],[-155.8494,20.239],[-155.8559,20.2392],[-155.8629,20.2384],[-155.8689,20.2363],[-155.8731,20.2328],[-155.8755,20.2299],[-155.8851,20.2167],[-155.8879,20.2116],[-155.8959,20.1922],[-155.8968,20.1878],[-155.8957,20.1804],[-155.8952,20.168],[-155.8949,20.1664],[-155.8843,20.13],[-155.8765,20.1116],[-155.8743,20.1046],[-155.8714,20.0983],[-155.8693,20.0927],[-155.8677,20.0905],[-155.8614,20.0805],[-155.8456,20.0613],[-155.8363,20.0465],[-155.8319,20.041],[-155.8291,20.0381],[-155.8272,20.0375],[-155.8215,20.0304],[-155.8168,20.0266],[-155.8129,20.0228]]},"properties":{"LINEARID":"1105645259191","FULLNAME":"Akoni Pule Hwy","RTTYP":"M","MTFCC":"S1200"}},
{"type":"Feature","geometry":{"type":"LineString","coordinates":[[-155.8129,20.0228],[-155.8168,20.0266],[-155.8215,20.0304],[-155.8272,20.0375],[-155.8291,20.0381],[-155.8319,20.041],[-155.8363,20.0465],[-155.8456,20.0613],[-155.8614,20.0805],[-155.8677,20.0905],[-155.8693,20.0927],[-155.8714,20.0983],[-155.8743,20.1046],[-155.8765,20.1116],[-155.8843,20.13],[-155.8949,20.1664],[-155.8952,20.168],[-155.8957,20.1804],[-155.8968,20.1878],[-155.8959,20.1922],[-155.8879,20.2116],[-155.8851,20.2167],[-155.8755,20.2299],[-155.8731,20.2328],[-155.8689,20.2363],[-155.8629,20.2384],[-155.8559,20.2392],[-155.8494,20.239],[-155.8436,20.2389],[-155.8395,20.2388],[-155.8387,20.2388],[-155.8386,20.2388],[-155.8327,20.2379],[-155.8305,20.238],[-155.8257,20.2383],[-155.8192,20.2371],[-155.8182,20.2368],[-155.8136,20.2348],[-155.8048,20.2316],[-155.8009,20.2308],[-155.7986,20.2305],[-155.7975,20.2303],[-155.7902,20.2295],[-155.7716,20.2253],[-155.7683,20.2244],[-155.7678,20.2225],[-155.7665,20.2237],[-155.7656,20.2239],[-155.7569,20.2222],[-155.7564,20.2207],[-155.7539,20.2207],[-155.7489,20.2214],[-155.7476,20.2203],[-155.7473,20.2204]]},"properties":{"LINEARID":"11012814430942","FULLNAME":"State Hwy 270","RTTYP":"S","MTFCC":"S1200"}},
{"type":"Feature","geometry":{"type":"LineString","coordinates":[[-155.8129,20.0228],[-155.8168,20.0266],[-155.8215,20.0304],[-155.8272,20.0375],[-155.8291,20.0381],[-155.8319,20.041],[-155.8363,20.0465],[-155.8456,20.0613],[-155.8614,20.0805],[-155.8677,20.0905],[-155.8693,20.0927],[-155.8714,20.0983],[-155.8743,20.1046],[-155.8765,20.1116],[-155.8843,20.13],[-155.8949,20.1664],[-155.8952,20.168],[-155.8957,20.1804],[-155.8968,20.1878]]},"properties":{"LINEARID":"110159774259","FULLNAME":"Kawaihae-Mahukona Rd","RTTYP":"M","MTFCC":"S1200"}},
{"type":"Feature","geometry":{"type":"LineString","coordinates":[[-155.6989,20.0268],[-155.7006,20.0291],[-155.7047,20.0311],[-155.7065,20.0315],[-155.7068,20.034],[-155.7101,20.0358],[-155.7123,20.0382],[-155.7173,20.0393],[-155.7182,20.0404],[-155.7225,20.0423],[-155.7272,20.0436],[-155.7308,20.0455],[-155.7327,20.0458],[-155.7396,20.0492],[-155.7435,20.0528],[-155.7466,20.0568],[-155.7477,20.0613],[-155.7495,20.0635],[-155.7519,20.0648],[-155.7528,20.0662],[-155.757,20.0677],[-155.7588,20.0692],[-155.7606,20.0717],[-155.7643,20.0835],[-155.7678,20.088],[-155.7676,20.0901],[-155.7723,20.0934],[-155.773,20.0949],[-155.7763,20.0986],[-155.776,20.1001],[-155.7795,20.1015],[-155.7828,20.105],[-155.7853,20.1089],[-155.7882,20.1163],[-155.7904,20.1196],[-155.7948,20.1284],[-155.796,20.1363],[-155.8085,20.1508],[-155.8105,20.152],[-155.8159,20.1605],[-155.8182,20.1657],[-155.8202,20.1681],[-155.8252,20.1729],[-155.8272,20.1733],[-155.8301,20.1753],[-155.8307,20.1765],[-155.8304,20.1804],[-155.8331,20.1835],[-155.8368,20.1883],[-155.8399,20.1942],[-155.8421,20.1983],[-155.842,20.2023],[-155.8413,20.2036],[-155.8384,20.2038],[-155.8377,20.2063],[-155.8311,20.2105],[-155.8306,20.213],[-155.8307,20.2167],[-155.8302,20.2211],[-155.8306,20.2367],[-155.8305,20.238]]},"properties":{"LINEARID":"1105645262547","FULLNAME":"State Rte 250","RTTYP":"S","MTFCC":"S1200"}},
{"type":"Feature","geometry":{"type":"LineString","coordinates":[[-155.7467,20.2205],[-155.7456,20.2199],[-155.7444,20.2157],[-155.7431,20.213],[-155.734,20.2047],[-155.7339,20.2038]]},"properties":{"LINEARID":"1105578898715","FULLNAME":"Akoni Pule Hwy","RTTYP":"M","MTFCC":"S1200"}},
{"type":"Feature","geometry":{"type":"LineString","coordinates":[[-155.6689,20.0204],[-155.6734,20.0166],[-155.6761,20.0119],[-155.6774,20.0001],[-155.6765,19.995],[-155.6769,19.9884],[-155.6773,19.9754],[-155.678,19.974],[-155.6787,19.9693],[-155.6803,19.9644],[-155.6813,19.9521],[-155.6804,19.9462],[-155.6833,19.9417],[-155.6862,19.9398],[-155.6874,19.936],[-155.6899,19.9304],[-155.6942,19.9225],[-155.6966,19.9186],[-155.7014,19.9146],[-155.7051,19.9077],[-155.7062,19.9033],[-155.7098,19.8953],[-155.7267,19.8684],[-155.7403,19.8471],[-155.7426,19.8458],[-155.7643,19.84],[-155.7693,19.8379],[-155.7712,19.8376],[-155.7771,19.8382],[-155.7853,19.8357],[-155.7896,19.8337],[-155.7966,19.8336],[-155.7999,19.8317],[-155.8022,19.8311],[-155.8109,19.8309],[-155.8164,19.83],[-155.8345,19.8209],[-155.8426,19.8162],[-155.8438,19.8143],[-155.8436,19.8123],[-155.8409,19.8071],[-155.8445,19.805],[-155.8502,19.8002],[-155.8565,19.7984],[-155.876,19.7919],[-155.891,19.7874],[-155.8976,19.7852],[-155.9107,19.7803],[-155.917,19.7762],[-155.9224,19.7749],[-155.9251,19.7736],[-155.9273,19.7717],[-155.9307,19.7702],[-155.9329,19.7686],[-155.9356,19.7681],[-155.9388,19.7666],[-155.9591,19.7618],[-155.9614,19.7606],[-155.9657,19.7566],[-155.9708,19.7546],[-155.9725,19.7532],[-155.9738,19.7508],[-155.9747,19.7442],[-155.9773,19.737],[-155.9787,19.7305],[-155.9785,19.7242],[-155.9774,19.7211],[-155.9776,19.7175],[-155.9778,19.7164],[-155.978,19.7138],[-155.9768,19.7085],[-155.9766,19.7056],[-155.9771,19.6984],[-155.9769,19.6954],[-155.9756,19.6882]]},"properties":{"LINEARID":"1105645261672","FULLNAME":"Hawaii Belt Rd","RTTYP":"M","MTFCC":"S1200"}},
{"type":"Feature","geometry":{"type":"LineString","coordinates":[[-156.0207,19.6838],[-156.0195,19.6787],[-156.018,19.6755],[-156.0152,19.6714],[-156.0088,19.6614],[-156.0058,19.655],[-156.0037,19.6523],[-156.0004,19.6499],[-155.9936,19.6465]]},"properties":{"LINEARID":"1104472576345","FULLNAME":"State Rte 19","RTTYP":"S","MTFCC":"S1200"}},
{"type":"Feature","geometry":{"type":"LineString","coordinates":[[-155.6815,19.8662],[-155.6808,19.8543],[-155.6804,19.8472],[-155.6806,19.8453],[-155.6728,19.8448],[-155.6721,19.8437],[-155.6707,19.8351],[-155.6698,19.8328],[-155.6683,19.8309],[-155.6674,19.8273],[-155.6706,19.8212],[-155.668,19.8168],[-155.66,19.8066],[-155.6555,19.8043],[-155.6536,19.8019],[-155.6526,19.7989],[-155.6468,19.7946],[-155.6389,19.791],[-155.6365,19.7907],[-155.6347,19.792],[-155.6304,19.7915],[-155.6257,19.7923]]},"properties":{"LINEARID":"1106077886417","FULLNAME":"Daniel K Inouye Hwy","RTTYP":"M","MTFCC":"S1200"}},
{"type":"Feature","geometry":{"type":"LineString","coordinates":[[-155.6874,19.936],[-155.6873,19.9354],[-155.6872,19.9343],[-155.6823,19.9293],[-155.6778,19.9259],[-155.6757,19.9214],[-155.6761,19.9158],[-155.6767,19.9146],[-155.676,19.9114],[-155.6747,19.9079],[-155.6752,19.9042],[-155.6765,19.9005],[-155.6766,19.8976],[-155.67,19.8909],[-155.6687,19.8879],[-155.6685,19.8854],[-155.6657,19.8828],[-155.6626,19.879],[-155.6599,19.8729],[-155.6579,19.8697],[-155.6578,19.8685],[-155.6543,19.8652],[-155.6494,19.858],[-155.6482,19.8525],[-155.6433,19.8431],[-155.6423,19.8388],[-155.6412,19.8364],[-155.6383,19.8332],[-155.6389,19.8306],[-155.636,19.8261],[-155.6364,19.8239],[-155.6358,19.8203],[-155.6342,19.8185],[-155.6327,19.8114],[-155.6298,19.8041],[-155.6257,19.7923],[-155.6215,19.7876],[-155.6157,19.7822]]},"properties":{"LINEARID":"1104755710987","FULLNAME":"Saddle Rd","RTTYP":"M","MTFCC":"S1200"}},
{"type":"Feature","geometry":{"type":"LineString","coordinates":[[-156.0152,19.6714],[-156.011,19.6719],[-156.0034,19.673],[-156.0015,19.6733],[-155.9983,19.6753]]},"properties":{"LINEARID":"1104258644179","FULLNAME":"Kealakehe Pkwy","RTTYP":"M","MTFCC":"S1200"}},
{"type":"Feature","geometry":{"type":"LineString","coordinates":[[-156.0152,19.6714],[-156.011,19.6719]]},"properties":{"LINEARID":"1104258645680","FULLNAME":"State Rte 197","RTTYP":"S","MTFCC":"S1200"}},
{"type":"Feature","geometry":{"type":"LineString","coordinates":[[-155.4498,20.0695],[-155.4503,20.0697]]},"properties":{"LINEARID":"1104258093421","FULLNAME":"State Rte 240","RTTYP":"S","MTFCC":"S1200"}},
{"type":"Feature","geometry":{"type":"LineString","coordinates":[[-155.5267,19.7476],[-155.5245,19.7464]]},"properties":{"LINEARID":"1105559446298","FULLNAME":"Humuula Rd","RTTYP":"M","MTFCC":"S1200"}},
{"type":"Feature","geometry":{"type":"LineString","coordinates":[[-154.9386,19.4909],[-154.9343,19.4897],[-154.9328,19.4892],[-154.9292,19.4882],[-154.927,19.4882]]},"properties":{"LINEARID":"1106092829359","FULLNAME":"Hwy 132","RTTYP":"M","MTFCC":"S1200"}},
{"type":"Feature","geometry":{"type":"LineString","coordinates":[[-154.9343,19.4897],[-154.9328,19.4892]]},"properties":{"LINEARID":"1104692187799","FULLNAME":"Pahoa - Kapoho Rd","RTTYP":"M","MTFCC":"S1200"}},
{"type":"Feature","geometry":{"type":"LineString","coordinates":[[-155.1038,19.8141],[-155.1049,19.8178],[-155.1033,19.8398],[-155.1031,19.8434],[-155.1026,19.8475],[-155.0999,19.8554],[-155.0998,19.8586],[-155.1005,19.8627],[-155.1016,19.8651],[-155.1058,19.8691],[-155.1076,19.8722],[-155.1111,19.875],[-155.1146,19.8777],[-155.1201,19.884],[-155.1221,19.8898],[-155.1222,19.8897]]},"properties":{"LINEARID":"1106087293351","FULLNAME":"Mamalaloa Hwy","RTTYP":"M","MTFCC":"S1200"}},
{"type":"Feature","geometry":{"type":"LineString","coordinates":[[-154.8684,19.4906],[-154.8652,19.4914],[-154.8618,19.4924],[-154.8577,19.4935]]},"properties":{"LINEARID":"1106088117424","FULLNAME":"Kapoho-Pattoa Rd","RTTYP":"M","MTFCC":"S1200"}},
{"type":"Feature","geometry":{"type":"LineString","coordinates":[[-155.6699,20.0216],[-155.6781,20.0228],[-155.6837,20.0256],[-155.6898,20.0258],[-155.6989,20.0268],[-155.7021,20.0259],[-155.7129,20.028],[-155.7151,20.0278],[-155.7212,20.0263],[-155.7246,20.0259],[-155.7285,20.0244],[-155.7314,20.0225],[-155.7356,20.0233],[-155.7453,20.0241],[-155.7487,20.0221],[-155.7566,20.0243],[-155.7691,20.0226],[-155.7727,20.0218],[-155.7776,20.0223],[-155.783,20.0222],[-155.7842,20.0216],[-155.7857,20.0192],[-155.7877,20.0193],[-155.7899,20.0209],[-155.7917,20.0211],[-155.7963,20.0203],[-155.7992,20.019],[-155.8074,20.0211],[-155.8105,20.0228],[-155.8129,20.0228]]},"properties":{"LINEARID":"110159768816","FULLNAME":"Kawaihae Rd","RTTYP":"M","MTFCC":"S1200"}},
{"type":"Feature","geometry":{"type":"LineString","coordinates":[[-155.1222,19.8897],[-155.1221,19.8898]]},"properties":{"LINEARID":"1102284245844","FULLNAME":"Hawaii Belt Rd","RTTYP":"M","MTFCC":"S1200"}},
{"type":"Feature","geometry":{"type":"LineString","coordinates":[[-155.1222,19.8897],[-155.1221,19.8898]]},"properties":{"LINEARID":"1102284469288","FULLNAME":"State Hwy 19","RTTYP":"S","MTFCC":"S1200"}},
{"type":"Feature","geometry":{"type":"LineString","coordinates":[[-155.8803,19.4166],[-155.884,19.4211],[-155.885,19.4243],[-155.8903,19.4344],[-155.8924,19.4345],[-155.8944,19.4301],[-155.8962,19.4225],[-155.899,19.4218],[-155.902,19.4248],[-155.9045,19.4251],[-155.9069,19.4243],[-155.9096,19.4248],[-155.9117,19.4269]]},"properties":{"LINEARID":"1104258109378","FULLNAME":"State Rte 160","RTTYP":"S","MTFCC":"S1200"}},
{"type":"Feature","geometry":{"type":"LineString","coordinates":[[-155.9188,19.4737],[-155.9158,19.4734],[-155.9126,19.47],[-155.9107,19.4696],[-155.908,19.4677],[-155.9061,19.4679],[-155.9049,19.4692],[-155.9041,19.4682],[-155.902,19.4651],[-155.8998,19.4641],[-155.8999,19.4663],[-155.8989,19.4699],[-155.9008,19.474],[-155.9046,19.4781],[-155.9077,19.4806],[-155.9105,19.4808],[-155.9123,19.4818],[-155.9144,19.4846],[-155.9148,19.4871],[-155.9178,19.4919],[-155.9183,19.4938]]},"properties":{"LINEARID":"1106087871187","FULLNAME":"Napoopoo Rd","RTTYP":"M","MTFCC":"S1200"}},
{"type":"Feature","geometry":{"type":"LineString","coordinates":[[-155.9196,19.4763],[-155.9188,19.4737],[-155.9183,19.4713],[-155.9191,19.4668],[-155.919,19.4629],[-155.9142,19.4307],[-155.9117,19.4269]]},"properties":{"LINEARID":"1106087294744","FULLNAME":"Puuhonua Rd","RTTYP":"M","MTFCC":"S1200"}},
{"type":"Feature","geometry":{"type":"LineString","coordinates":[[-155.9254,19.5306],[-155.925,19.5305]]},"properties":{"LINEARID":"1104257624511","FULLNAME":"Mamalahoa Hwy","RTTYP":"M","MTFCC":"S1200"}},
{"type":"Feature","geometry":{"type":"LineString","coordinates":[[-157.9373,21.3433],[-157.9302,21.3399],[-157.9277,21.339],[-157.9266,21.3388],[-157.8973,21.3343],[-157.8913,21.3329],[-157.8891,21.332],[-157.8885,21.3315],[-157.8872,21.3298],[-157.8868,21.3287],[-157.8867,21.3286],[-157.8858,21.3273],[-157.8821,21.3242],[-157.8787,21.3208],[-157.8766,21.3193],[-157.8742,21.3147],[-157.8729,21.3134],[-157.8705,21.313],[-157.8673,21.3141],[-157.8653,21.313],[-157.8644,21.3099],[-157.8643,21.308],[-157.8628,21.3054],[-157.8635,21.3033],[-157.8633,21.302]]},"properties":{"LINEARID":"1104259509122","FULLNAME":"State Rte 92","RTTYP":"S","MTFCC":"S1200"}},
{"type":"Feature","geometry":{"type":"LineString","coordinates":[[-158.0902,21.3342],[-158.0918,21.3379],[-158.0929,21.3388],[-158.0964,21.3395],[-158.0999,21.3408],[-158.1045,21.3413]]},"properties":{"LINEARID":"1102325703668","FULLNAME":"Farrington Hwy","RTTYP":"M","MTFCC":"S1200"}},
{"type":"Feature","geometry":{"type":"LineString","coordinates":[[-157.8872,21.3298],[-157.8885,21.3315],[-157.8891,21.332],[-157.8913,21.3329],[-157.8973,21.3343],[-157.9266,21.3388],[-157.9277,21.339],[-157.9302,21.3399],[-157.9373,21.3433],[-157.9406,21.3446],[-157.9428,21.3462],[-157.9439,21.3472],[-157.9441,21.3473]]},"properties":{"LINEARID":"1106087963057","FULLNAME":"Nimitz Hwy","RTTYP":"M","MTFCC":"S1200"}},
{"type":"Feature","geometry":{"type":"LineString","coordinates":[[-158.0994,21.3135],[-158.1118,21.3132],[-158.1132,21.3143],[-158.1149,21.3182],[-158.1177,21.3208],[-158.1187,21.3206]]},"properties":{"LINEARID":"110509757184","FULLNAME":"Malakole St","RTTYP":"M","MTFCC":"S1200"}},
{"type":"Feature","geometry":{"type":"LineString","coordinates":[[-157.7153,21.2831],[-157.7193,21.2858],[-157.722,21.2863],[-157.726,21.2853],[-157.7307,21.2829],[-157.7392,21.2809],[-157.7433,21.2803],[-157.7511,21.2784],[-157.7538,21.2782],[-157.759,21.2769],[-157.7652,21.2761],[-157.7674,21.2762],[-157.7732,21.2772],[-157.7797,21.2779]]},"properties":{"LINEARID":"1104258463929","FULLNAME":"State Rte 72","RTTYP":"S","MTFCC":"S1200"}},
{"type":"Feature","geometry":{"type":"LineString","coordinates":[[-157.9851,21.3959],[-157.9877,21.3951],[-157.9881,21.3949],[-157.9888,21.3945],[-157.9989,21.386],[-158.0019,21.3845],[-158.0136,21.3823],[-158.0174,21.3809],[-158.0266,21.3762],[-158.0268,21.3761],[-158.0297,21.3748]]},"properties":{"LINEARID":"1104257991256","FULLNAME":"State Rte 93","RTTYP":"S","MTFCC":"S1200"}},
{"type":"Feature","geometry":{"type":"LineString","coordinates":[[-157.8743,21.3319],[-157.8729,21.3331],[-157.8728,21.3331],[-157.8714,21.3343],[-157.8698,21.336]]},"properties":{"LINEARID":"1104288449762","FULLNAME":"Kalihi St","RTTYP":"M","MTFCC":"S1200"}},
{"type":"Feature","geometry":{"type":"LineString","coordinates":[[-157.8578,21.295],[-157.8528,21.2924],[-157.8492,21.2915],[-157.8407,21.2887],[-157.8399,21.287],[-157.8384,21.2852],[-157.8375,21.2847],[-157.8362,21.2849],[-157.8333,21.2858],[-157.833,21.2857]]},"properties":{"LINEARID":"1106087417457","FULLNAME":"Ala Moana Blvd","RTTYP":"M","MTFCC":"S1200"}},
{"type":"Feature","geometry":{"type":"LineString","coordinates":[[-157.9881,21.3949],[-157.9877,21.3951],[-157.9851,21.3959],[-157.985,21.396],[-157.9845,21.3961],[-157.9843,21.3961],[-157.9836,21.3962]]},"properties":{"LINEARID":"1104257627631","FULLNAME":"Kam Hwy","RTTYP":"M","MTFCC":"S1200"}},
{"type":"Feature","geometry":{"type":"LineString","coordinates":[[-157.9896,21.3941],[-157.9901,21.395],[-157.9915,21.3976],[-157.9917,21.398],[-157.993,21.4003]]},"properties":{"LINEARID":"1104288529940","FULLNAME":"State Rte 99","RTTYP":"S","MTFCC":"S1200"}},
{"type":"Feature","geometry":{"type":"LineString","coordinates":[[-157.8566,21.3128],[-157.8565,21.313],[-157.8547,21.3145],[-157.8547,21.3146],[-157.8546,21.3146],[-157.8543,21.315],[-157.853,21.3163],[-157.8509,21.319],[-157.85,21.32],[-157.8499,21.3201],[-157.8465,21.3229],[-157.8453,21.3255],[-157.8457,21.3275],[-157.8455,21.3287],[-157.8455,21.3289],[-157.84,21.3359],[-157.8382,21.3372],[-157.8335,21.3415],[-157.8292,21.347],[-157.824,21.3507],[-157.8185,21.3533],[-157.8172,21.3537],[-157.816,21.3538],[-157.8114,21.3541],[-157.808,21.3558],[-157.805,21.3602],[-157.8035,21.3613],[-157.7985,21.3634],[-157.7954,21.3652],[-157.7919,21.3676],[-157.7898,21.3685],[-157.7855,21.3699],[-157.7844,21.3694],[-157.782,21.3651],[-157.78,21.3652],[-157.7801,21.3663],[-157.7816,21.368],[-157.782,21.3685],[-157.7822,21.3692],[-157.7818,21.3735],[-157.7809,21.375],[-157.7808,21.375],[-157.7777,21.3784],[-157.776,21.3793],[-157.7746,21.3793],[-157.7661,21.3772],[-157.7623,21.3772],[-157.7595,21.3782],[-157.7573,21.3797],[-157.7561,21.3808],[-157.7561,21.3809],[-157.7483,21.3895],[-157.7473,21.3916],[-157.7468,21.3923],[-157.7451,21.3933]]},"properties":{"LINEARID":"1104470147446","FULLNAME":"State Rte 61","RTTYP":"S","MTFCC":"S1200"}},
{"type":"Feature","geometry":{"type":"LineString","coordinates":[[-158.0322,21.3837],[-158.0323,21.3838],[-158.0333,21.3856]]},"properties":{"LINEARID":"1105645260576","FULLNAME":"State Rte 750","RTTYP":"S","MTFCC":"S1200"}},
{"type":"Feature","geometry":{"type":"LineString","coordinates":[[-158.023,21.3337],[-158.0229,21.3337],[-158.0197,21.3357],[-158.0088,21.3471],[-158.0065,21.3487]]},"properties":{"LINEARID":"1104258096557","FULLNAME":"State Hwy 764","RTTYP":"S","MTFCC":"S1200"}},
{"type":"Feature","geometry":{"type":"LineString","coordinates":[[-157.8995,21.3597],[-157.8985,21.3563],[-157.8966,21.3542],[-157.8962,21.353],[-157.8963,21.3511]]},"properties":{"LINEARID":"1104257847466","FULLNAME":"State Hwy 78","RTTYP":"S","MTFCC":"S1100"}},
{"type":"Feature","geometry":{"type":"LineString","coordinates":[[-158.0321,21.3838],[-158.0321,21.3839],[-158.0333,21.3856]]},"properties":{"LINEARID":"1105645260917","FULLNAME":"State Hwy 750","RTTYP":"S","MTFCC":"S1200"}},
{"type":"Feature","geometry":{"type":"LineString","coordinates":[[-158.0673,21.3243],[-158.0675,21.3248]]},"properties":{"LINEARID":"1104258096821","FULLNAME":"State Rte 8945","RTTYP":"S","MTFCC":"S1200"}},
{"type":"Feature","geometry":{"type":"LineString","coordinates":[[-158.025,21.3415],[-158.0294,21.3577],[-158.0294,21.3593],[-158.0264,21.3657],[-158.0258,21.3716],[-158.0261,21.3748],[-158.0265,21.3761]]},"properties":{"LINEARID":"1104257608031","FULLNAME":"Fort Weaver Rd","RTTYP":"M","MTFCC":"S1200"}},
{"type":"Feature","geometry":{"type":"LineString","coordinates":[[-157.9894,21.3982],[-157.989,21.3981]]},"properties":{"LINEARID":"1102325703421","FULLNAME":"Kamehameha Hwy","RTTYP":"M","MTFCC":"S1100"}},
{"type":"Feature","geometry":{"type":"LineString","coordinates":[[-157.8333,21.2858],[-157.8332,21.286]]},"properties":{"LINEARID":"1102164477923","FULLNAME":"Ala Moana","RTTYP":"M","MTFCC":"S1200"}},
{"type":"Feature","geometry":{"type":"LineString","coordinates":[[-158.0895,21.3323],[-158.0895,21.3321],[-158.0898,21.3291]]},"properties":{"LINEARID":"1104257618470","FULLNAME":"State Rte 95","RTTYP":"S","MTFCC":"S1200"}},
{"type":"Feature","geometry":{"type":"LineString","coordinates":[[-158.0895,21.3323],[-158.0895,21.3321],[-158.0898,21.3291],[-158.0897,21.3298],[-158.0894,21.3321],[-158.0895,21.3323],[-158.09,21.3336],[-158.0895,21.3323]]},"properties":{"LINEARID":"1104257594373","FULLNAME":"Kalaeloa Blvd","RTTYP":"M","MTFCC":"S1200"}},
{"type":"Feature","geometry":{"type":"LineString","coordinates":[[-158.0898,21.3291],[-158.0897,21.3298],[-158.0894,21.3321]]},"properties":{"LINEARID":"1104257564124","FULLNAME":"State Rte 95","RTTYP":"S","MTFCC":"S1200"}},
{"type":"Feature","geometry":{"type":"LineString","coordinates":[[-157.89,21.3338],[-157.8895,21.3333]]},"properties":{"LINEARID":"1105319903055","FULLNAME":"Middle St","RTTYP":"M","MTFCC":"S1200"}},
{"type":"Feature","geometry":{"type":"LineString","coordinates":[[-158.0322,21.3744],[-158.0307,21.3745]]},"properties":{"LINEARID":"1104257986319","FULLNAME":"Farrington Hwy","RTTYP":"M","MTFCC":"S1200"}},
{"type":"Feature","geometry":{"type":"LineString","coordinates":[[-158.0835,21.3352],[-158.0832,21.3354]]},"properties":{"LINEARID":"1105319713904","FULLNAME":"State Rte 93","RTTYP":"S","MTFCC":"S1200"}},
{"type":"Feature","geometry":{"type":"LineString","coordinates":[[-158.083,21.3346],[-158.0832,21.3354]]},"properties":{"LINEARID":"1105319710145","FULLNAME":"Farrington Hwy","RTTYP":"M","MTFCC":"S1200"}},
{"type":"Feature","geometry":{"type":"LineString","coordinates":[[-157.7561,21.3809],[-157.756,21.3808],[-157.7502,21.3776],[-157.7463,21.375],[-157.7441,21.3731],[-157.7422,21.3711],[-157.7349,21.3605],[-157.7297,21.3548],[-157.7294,21.354],[-157.7295,21.3535]]},"properties":{"LINEARID":"1104258448281","FULLNAME":"State Rte 72","RTTYP":"S","MTFCC":"S1200"}},
{"type":"Feature","geometry":{"type":"LineString","coordinates":[[-157.776,21.4109],[-157.7784,21.4103],[-157.7821,21.4064],[-157.7831,21.4061],[-157.7928,21.4058],[-157.7978,21.4033]]},"properties":{"LINEARID":"11012159019026","FULLNAME":"State Rte 630","RTTYP":"S","MTFCC":"S1200"}},
{"type":"Feature","geometry":{"type":"LineString","coordinates":[[-157.7996,21.4029],[-157.7995,21.4014],[-157.7976,21.3966],[-157.7964,21.3923],[-157.7939,21.3884],[-157.7905,21.3848],[-157.7904,21.3846],[-157.7808,21.375],[-157.7807,21.375]]},"properties":{"LINEARID":"1104271077897","FULLNAME":"State Rte 83","RTTYP":"S","MTFCC":"S1200"}},
{"type":"Feature","geometry":{"type":"LineString","coordinates":[[-158.1047,21.5542],[-158.1067,21.5548],[-158.1085,21.5593],[-158.1131,21.562],[-158.1103,21.5662],[-158.1069,21.5746],[-158.1065,21.5756]]},"properties":{"LINEARID":"1104271370479","FULLNAME":"Kaukonahua Rd","RTTYP":"M","MTFCC":"S1200"}},
{"type":"Feature","geometry":{"type":"LineString","coordinates":[[-158.1024,21.5826],[-158.1029,21.5772],[-158.1024,21.5751]]},"properties":{"LINEARID":"1103729758222","FULLNAME":"Joseph P Leong Hwy","RTTYP":"M","MTFCC":"S1200"}},
{"type":"Feature","geometry":{"type":"LineString","coordinates":[[-158.1131,21.562],[-158.1085,21.5593],[-158.1067,21.5548],[-158.1047,21.5542]]},"properties":{"LINEARID":"1104271281227","FULLNAME":"State Rte 803","RTTYP":"S","MTFCC":"S1200"}},
{"type":"Feature","geometry":{"type":"LineString","coordinates":[[-157.7997,21.4029],[-157.7997,21.403],[-157.7994,21.404],[-157.7992,21.4109],[-157.7999,21.413]]},"properties":{"LINEARID":"1104270292432","FULLNAME":"State Rte 830","RTTYP":"S","MTFCC":"S1200"}},
{"type":"Feature","geometry":{"type":"LineString","coordinates":[[-159.5861,21.9024],[-159.5882,21.9001]]},"properties":{"LINEARID":"1104977740302","FULLNAME":"Waialo Rd","RTTYP":"M","MTFCC":"S1200"}},
{"type":"Feature","geometry":{"type":"LineString","coordinates":[[-159.5844,21.9049],[-159.5861,21.9024]]},"properties":{"LINEARID":"1104975902275","FULLNAME":"State Rte 541","RTTYP":"S","MTFCC":"S1200"}},
{"type":"Feature","geometry":{"type":"LineString","coordinates":[[-159.4712,22.2128],[-159.4697,22.2116]]},"properties":{"LINEARID":"1104975929676","FULLNAME":"State Rte 56","RTTYP":"S","MTFCC":"S1200"}},
{"type":"Feature","geometry":{"type":"LineString","coordinates":[[-159.663,22.1266],[-159.6631,22.1266]]},"properties":{"LINEARID":"1104977737357","FULLNAME":"State Rte 550","RTTYP":"S","MTFCC":"S1200"}},
{"type":"Feature","geometry":{"type":"LineString","coordinates":[[-159.4657,21.9508],[-159.468,21.9372],[-159.4686,21.9362],[-159.4681,21.9319],[-159.4687,21.9306],[-159.4691,21.9195],[-159.4677,21.9135],[-159.4659,21.9099],[-159.4653,21.9042]]},"properties":{"LINEARID":"11055909837","FULLNAME":"Maluhia Rd","RTTYP":"M","MTFCC":"S1200"}},
{"type":"Feature","geometry":{"type":"LineString","coordinates":[[-159.3535,21.9597],[-159.3529,21.9609],[-159.3533,21.9638],[-159.3573,21.9657],[-159.358,21.9676]]},"properties":{"LINEARID":"11055908583","FULLNAME":"Rice St","RTTYP":"M","MTFCC":"S1200"}},
{"type":"Feature","geometry":{"type":"LineString","coordinates":[[-159.3721,21.976],[-159.3701,21.9762],[-159.3686,21.9775]]},"properties":{"LINEARID":"1104975905331","FULLNAME":"Kuhio Hwy","RTTYP":"M","MTFCC":"S1200"}},
{"type":"Feature","geometry":{"type":"LineString","coordinates":[[-159.3721,21.976],[-159.3686,21.9775]]},"properties":{"LINEARID":"1104977740677","FULLNAME":"State Rte 56","RTTYP":"S","MTFCC":"S1200"}},
{"type":"Feature","geometry":{"type":"LineString","coordinates":[[-159.3468,22.0007],[-159.3468,22.0035],[-159.345,22.0119],[-159.3436,22.017],[-159.342,22.0204],[-159.3417,22.023],[-159.3426,22.0267],[-159.3417,22.0329]]},"properties":{"LINEARID":"1106262886926","FULLNAME":"State Rte 56","RTTYP":"S","MTFCC":"S1200"}},
{"type":"Feature","geometry":{"type":"LineString","coordinates":[[-159.3417,22.0329],[-159.3407,22.0377]]},"properties":{"LINEARID":"1104977740675","FULLNAME":"State Rte 56","RTTYP":"S","MTFCC":"S1200"}},
{"type":"Feature","geometry":{"type":"LineString","coordinates":[[-159.3467,22.0003],[-159.3468,22.0007]]},"properties":{"LINEARID":"1106262886965","FULLNAME":"Kuhio Hwy","RTTYP":"M","MTFCC":"S1200"}},
{"type":"Feature","geometry":{"type":"LineString","coordinates":[[-156.464,20.8926],[-156.4637,20.8926],[-156.4529,20.8855],[-156.447,20.8822],[-156.4398,20.8797],[-156.4346,20.879],[-156.4327,20.8792],[-156.4302,20.8808],[-156.4263,20.886],[-156.4236,20.8896]]},"properties":{"LINEARID":"1104468786562","FULLNAME":"State Rte 36","RTTYP":"S","MTFCC":"S1200"}},
{"type":"Feature","geometry":null,"properties":{"LINEARID":"1102634052253","FULLNAME":"Lanai Airport Rd","RTTYP":"M","MTFCC":"S1200"}},
{"type":"Feature","geometry":{"type":"LineString","coordinates":[[-156.3302,20.8293],[-156.3293,20.8349],[-156.3297,20.8369],[-156.3315,20.8393],[-156.341,20.8459],[-156.3453,20.848],[-156.3496,20.8494]]},"properties":{"LINEARID":"11057873282","FULLNAME":"New Haleakala Hwy","RTTYP":"M","MTFCC":"S1200"}},
{"type":"Feature","geometry":{"type":"LineString","coordinates":[[-156.4263,20.886],[-156.4262,20.886],[-156.4245,20.8857],[-156.4156,20.8824],[-156.4084,20.8809],[-156.4038,20.8787],[-156.399,20.8746],[-156.3954,20.8726],[-156.3784,20.8664],[-156.3734,20.8638],[-156.3655,20.8582],[-156.3549,20.8514],[-156.3496,20.8494]]},"properties":{"LINEARID":"11057868345","FULLNAME":"State Rte 37","RTTYP":"S","MTFCC":"S1200"}},
{"type":"Feature","geometry":{"type":"LineString","coordinates":[[-156.499,20.8883],[-156.5049,20.8869]]},"properties":{"LINEARID":"1104468777815","FULLNAME":"Main St","RTTYP":"M","MTFCC":"S1200"}},
{"type":"Feature","geometry":{"type":"LineString","coordinates":[[-155.0642,19.7118],[-155.0642,19.712]]},"properties":{"LINEARID":"1104257683855","FULLNAME":"State Hwy 130","RTTYP":"S","MTFCC":"S1200"}},
{"type":"Feature","geometry":{"type":"LineString","coordinates":[[-155.071,19.7225],[-155.0711,19.7225]]},"properties":{"LINEARID":"1104469295271","FULLNAME":"Bayfront Hwy","RTTYP":"M","MTFCC":"S1200"}},
{"type":"Feature","geometry":{"type":"LineString","coordinates":[[-155.0915,19.7375],[-155.0912,19.735],[-155.0912,19.739],[-155.0915,19.7375]]},"properties":{"LINEARID":"1105598253450","FULLNAME":"State Rte 19","RTTYP":"S","MTFCC":"S1200"}},
{"type":"Feature","geometry":{"type":"LineString","coordinates":[[-155.0711,19.7225],[-155.0723,19.7225]]},"properties":{"LINEARID":"1104469290490","FULLNAME":"Kamehameha Ave","RTTYP":"M","MTFCC":"S1200"}},
{"type":"Feature","geometry":{"type":"LineString","coordinates":[[-155.4583,20.0688],[-155.4642,20.0709],[-155.4678,20.0717],[-155.4728,20.0712],[-155.4813,20.0703],[-155.4841,20.0703],[-155.4929,20.0712],[-155.4953,20.071],[-155.5058,20.0677],[-155.5171,20.0665],[-155.5211,20.0653],[-155.5282,20.0623],[-155.5311,20.0619],[-155.5378,20.0626],[-155.5408,20.0619],[-155.5509,20.0543],[-155.554,20.0529],[-155.57,20.0497],[-155.5878,20.0455],[-155.5971,20.0426],[-155.6026,20.0416],[-155.6096,20.0404]]},"properties":{"LINEARID":"1106087293871","FULLNAME":"Hawaii Belt Rd","RTTYP":"M","MTFCC":"S1200"}},
{"type":"Feature","geometry":{"type":"LineString","coordinates":[[-155.4583,20.0688],[-155.4642,20.0709],[-155.4678,20.0717],[-155.4728,20.0712],[-155.4813,20.0703],[-155.4841,20.0703],[-155.4929,20.0712],[-155.4953,20.071],[-155.5058,20.0677],[-155.5171,20.0665],[-155.5211,20.0653],[-155.5282,20.0623],[-155.5311,20.0619],[-155.5378,20.0626],[-155.5408,20.0619],[-155.5509,20.0543],[-155.554,20.0529],[-155.57,20.0497],[-155.5878,20.0455],[-155.5971,20.0426],[-155.6026,20.0416],[-155.6096,20.0404],[-155.6222,20.0371],[-155.6323,20.0349],[-155.634,20.0343],[-155.6394,20.0304],[-155.6459,20.0286],[-155.6517,20.0279],[-155.6612,20.0247],[-155.6643,20.0241],[-155.668,20.0212]]},"properties":{"LINEARID":"1106092828110","FULLNAME":"State Hwy 19","RTTYP":"S","MTFCC":"S1200"}},
{"type":"Feature","geometry":{"type":"LineString","coordinates":[[-155.584,20.1177],[-155.5814,20.1166],[-155.5813,20.1159],[-155.5779,20.1157],[-155.5626,20.116],[-155.56,20.1154]]},"properties":{"LINEARID":"1102284796005","FULLNAME":"Honokaa-Waipio Rd","RTTYP":"M","MTFCC":"S1200"}},
{"type":"Feature","geometry":{"type":"LineString","coordinates":[[-157.0226,21.0894],[-157.0241,21.0898],[-157.0362,21.0967],[-157.0402,21.0977],[-157.0436,21.0997],[-157.0516,21.1071],[-157.0537,21.111],[-157.054,21.113],[-157.054,21.132],[-157.0543,21.1333],[-157.0556,21.1358],[-157.0584,21.1383],[-157.0625,21.1443],[-157.0673,21.1483],[-157.0729,21.1503],[-157.081,21.1526],[-157.0852,21.155],[-157.0873,21.1555],[-157.0927,21.1528],[-157.0961,21.1485],[-157.0981,21.1477],[-157.1025,21.1477],[-157.111,21.1479],[-157.114,21.1476],[-157.1193,21.1456],[-157.1356,21.1458],[-157.1393,21.147],[-157.1465,21.1482],[-157.1507,21.1475],[-157.1532,21.1484],[-157.1583,21.1476],[-157.1614,21.1485],[-157.165,21.1476],[-157.1694,21.1487],[-157.1711,21.1478],[-157.1725,21.1455],[-157.1793,21.1437],[-157.1838,21.1441],[-157.1873,21.1459],[-157.1905,21.1439],[-157.192,21.1441],[-157.1958,21.1465],[-157.2005,21.1471],[-157.206,21.1449],[-157.2102,21.1403],[-157.2136,21.1384],[-157.2152,21.1333],[-157.2137,21.1329]]},"properties":{"LINEARID":"1104468780220","FULLNAME":"State Rte 460","RTTYP":"S","MTFCC":"S1200"}},
{"type":"Feature","geometry":{"type":"LineString","coordinates":[[-157.0053,21.1754],[-156.9994,21.1722],[-156.9985,21.1681],[-156.9964,21.1653],[-156.9971,21.1634],[-157.0039,21.1625],[-157.0084,21.1603],[-157.0102,21.1588],[-157.0133,21.155],[-157.0152,21.1546],[-157.0174,21.1557],[-157.0197,21.1559],[-157.022,21.1577],[-157.0245,21.1579],[-157.0365,21.152],[-157.0399,21.15],[-157.0421,21.148],[-157.0501,21.1368],[-157.0519,21.1346],[-157.0543,21.1333]]},"properties":{"LINEARID":"1104468780506","FULLNAME":"Kalae Hwy","RTTYP":"M","MTFCC":"S1200"}},
{"type":"Feature","geometry":{"type":"LineString","coordinates":[[-155.2219,19.4365],[-155.2337,19.4261],[-155.2368,19.424],[-155.2439,19.4225],[-155.2468,19.4233],[-155.2507,19.4253],[-155.2552,19.4322],[-155.2576,19.4335],[-155.2703,19.4369],[-155.273,19.4366],[-155.2843,19.43],[-155.3178,19.4141],[-155.3201,19.4126],[-155.3241,19.4109],[-155.3311,19.4045],[-155.3358,19.4014],[-155.3401,19.397],[-155.3425,19.3939],[-155.3473,19.389],[-155.3515,19.3854],[-155.3541,19.3817],[-155.3575,19.3778],[-155.3634,19.3728],[-155.3722,19.3644]]},"properties":{"LINEARID":"110159773014","FULLNAME":"New Volcano Rd","RTTYP":"M","MTFCC":"S1200"}},
{"type":"Feature","geometry":{"type":"LineString","coordinates":[[-157.0852,21.155],[-157.0844,21.158],[-157.0869,21.1592],[-157.0904,21.157],[-157.0919,21.1568],[-157.0983,21.1579],[-157.1008,21.1578],[-157.1027,21.1559],[-157.1028,21.1491],[-157.1025,21.1477]]},"properties":{"LINEARID":"11057868447","FULLNAME":"State Rte 465","RTTYP":"S","MTFCC":"S1200"}},
{"type":"Feature","geometry":{"type":"LineString","coordinates":[[-157.0983,21.1579],[-157.0919,21.1568],[-157.0904,21.157]]},"properties":{"LINEARID":"11057872663","FULLNAME":"Keonelele Ave","RTTYP":"M","MTFCC":"S1200"}},
{"type":"Feature","geometry":{"type":"LineString","coordinates":[[-154.973,19.5387],[-154.9738,19.5417],[-154.9749,19.5434],[-154.9769,19.5456],[-154.9806,19.5486],[-154.9857,19.5535],[-154.9885,19.5561],[-154.9923,19.5605],[-155.0016,19.5726]]},"properties":{"LINEARID":"1104692506767","FULLNAME":"Pahoa Rd","RTTYP":"M","MTFCC":"S1200"}},
{"type":"Feature","geometry":{"type":"LineString","coordinates":[[-154.9857,19.5535],[-154.9885,19.5561],[-154.9923,19.5605]]},"properties":{"LINEARID":"110159772019","FULLNAME":"Keaaupahoa Hwy","RTTYP":"M","MTFCC":"S1200"}},
{"type":"Feature","geometry":{"type":"LineString","coordinates":[[-155.1054,19.5527],[-155.0989,19.5584]]},"properties":{"LINEARID":"1103934776846","FULLNAME":"State Rd 11","RTTYP":"S","MTFCC":"S1200"}},
{"type":"Feature","geometry":{"type":"LineString","coordinates":[[-155.3234,20.0196],[-155.3145,20.0149],[-155.3133,20.0147],[-155.3089,20.0163],[-155.3063,20.0162],[-155.2986,20.0133],[-155.2922,20.0114],[-155.288,20.0099],[-155.2854,20.0099],[-155.2783,20.0111],[-155.2756,20.0107],[-155.27,20.0079],[-155.2651,20.0068],[-155.2636,20.0044],[-155.2653,20.003],[-155.2643,20.0019],[-155.2612,20.0037],[-155.2583,20.0025],[-155.2475,19.9916],[-155.2477,19.9893],[-155.2493,19.9872],[-155.2475,19.9864],[-155.2453,19.9881],[-155.2435,19.9882],[-155.2418,19.9865],[-155.2398,19.9858],[-155.2334,19.9845],[-155.2256,19.9802],[-155.2195,19.9752],[-155.2113,19.9714],[-155.2093,19.9701],[-155.2049,19.9652],[-155.2017,19.9633],[-155.198,19.9594],[-155.1969,19.9555],[-155.1979,19.9517],[-155.1958,19.9512],[-155.1928,19.9544],[-155.1887,19.9535],[-155.1857,19.951],[-155.1784,19.9465],[-155.1741,19.9416],[-155.1691,19.9388],[-155.1663,19.9359],[-155.1621,19.9338],[-155.1603,19.9324],[-155.158,19.9291],[-155.1541,19.9254],[-155.1525,19.9229],[-155.1489,19.921],[-155.1398,19.9143],[-155.1381,19.9122],[-155.1367,19.9087],[-155.1347,19.9059],[-155.1328,19.9042],[-155.1297,19.8989],[-155.1276,19.8959],[-155.1236,19.8922],[-155.1221,19.8898]]},"properties":{"LINEARID":"1106092750435","FULLNAME":"Mamalahoa Hwy","RTTYP":"M","MTFCC":"S1200"}},
{"type":"Feature","geometry":{"type":"LineString","coordinates":[[-155.0286,19.6073],[-155.0261,19.6044]]},"properties":{"LINEARID":"1104469392429","FULLNAME":"Keaau Pahoa Rd","RTTYP":"M","MTFCC":"S1200"}},
{"type":"Feature","geometry":{"type":"LineString","coordinates":[[-155.0138,19.5888],[-155.018,19.5948],[-155.0261,19.6044]]},"properties":{"LINEARID":"1103698850673","FULLNAME":"Keaau Pahua Rd","RTTYP":"M","MTFCC":"S1200"}},
{"type":"Feature","geometry":{"type":"LineString","coordinates":[[-155.0138,19.5888],[-155.018,19.5948],[-155.0261,19.6044]]},"properties":{"LINEARID":"1103696104447","FULLNAME":"Keaau-Pahoa Rd","RTTYP":"M","MTFCC":"S1200"}},
{"type":"Feature","geometry":{"type":"LineString","coordinates":[[-155.8295,20.2115],[-155.8295,20.2116]]},"properties":{"LINEARID":"110159772125","FULLNAME":"Kynnersley Rd","RTTYP":"M","MTFCC":"S1200"}},
{"type":"Feature","geometry":{"type":"LineString","coordinates":[[-156.0287,19.6999],[-156.0237,19.6918],[-156.0221,19.6889],[-156.0207,19.6838],[-156.0195,19.6787],[-156.018,19.6755],[-156.0152,19.6714],[-156.0088,19.6614],[-156.0058,19.655],[-156.0037,19.6523],[-156.0004,19.6499],[-155.9936,19.6465],[-155.9935,19.6464],[-155.9846,19.6422],[-155.9816,19.64],[-155.9806,19.639],[-155.9793,19.6371],[-155.977,19.6327],[-155.9668,19.6128]]},"properties":{"LINEARID":"1104257609578","FULLNAME":"Queen Kaahumanu Hwy","RTTYP":"M","MTFCC":"S1200"}},
{"type":"Feature","geometry":{"type":"LineString","coordinates":[[-155.9756,19.6882],[-155.9743,19.686],[-155.9727,19.6848],[-155.9718,19.6822],[-155.9685,19.6779],[-155.9682,19.6744],[-155.9666,19.6723],[-155.9651,19.6688],[-155.9593,19.6611],[-155.958,19.6594],[-155.9578,19.659],[-155.9562,19.6553],[-155.9548,19.649],[-155.9526,19.6432],[-155.9514,19.6369],[-155.949,19.6342],[-155.9484,19.632],[-155.9488,19.6282],[-155.9484,19.6267],[-155.9489,19.6217],[-155.9487,19.6189],[-155.9494,19.6155],[-155.9495,19.6094],[-155.9484,19.6038],[-155.9491,19.6009],[-155.9483,19.5952],[-155.9456,19.5883],[-155.9454,19.5836],[-155.9437,19.58],[-155.9438,19.5753],[-155.9428,19.5715],[-155.9434,19.5705],[-155.9417,19.5674],[-155.9391,19.5633],[-155.9382,19.5603],[-155.936,19.5553],[-155.9351,19.5545],[-155.9334,19.551],[-155.9311,19.5481],[-155.9316,19.5461],[-155.9294,19.544],[-155.929,19.5426]]},"properties":{"LINEARID":"1106087996364","FULLNAME":"State Rte 180","RTTYP":"S","MTFCC":"S1200"}},
{"type":"Feature","geometry":{"type":"LineString","coordinates":[[-155.9937,19.6463],[-155.9936,19.6465],[-155.9929,19.6475],[-155.9935,19.6464],[-155.9936,19.6462],[-155.9937,19.6463]]},"properties":{"LINEARID":"1104258197277","FULLNAME":"Palani Rd","RTTYP":"M","MTFCC":"S1200"}},
{"type":"Feature","geometry":{"type":"LineString","coordinates":[[-156.0015,19.6733],[-156.0034,19.673]]},"properties":{"LINEARID":"1104258645676","FULLNAME":"State Rte 197","RTTYP":"S","MTFCC":"S1200"}},
{"type":"Feature","geometry":{"type":"LineString","coordinates":[[-155.9831,19.8118],[-155.9885,19.8088],[-155.9947,19.8038]]},"properties":{"LINEARID":"1104257628008","FULLNAME":"State Rte 19","RTTYP":"S","MTFCC":"S1200"}},
{"type":"Feature","geometry":{"type":"LineString","coordinates":[[-155.4504,20.0696],[-155.4504,20.0698]]},"properties":{"LINEARID":"1104258093423","FULLNAME":"State Rte 240","RTTYP":"S","MTFCC":"S1200"}},
{"type":"Feature","geometry":{"type":"LineString","coordinates":[[-155.4505,20.0694],[-155.4504,20.0696]]},"properties":{"LINEARID":"1104258093424","FULLNAME":"State Rte 240","RTTYP":"S","MTFCC":"S1200"}},
{"type":"Feature","geometry":{"type":"LineString","coordinates":[[-154.9704,19.3611],[-154.9681,19.3626],[-154.9667,19.3625],[-154.9663,19.3625],[-154.9626,19.3644],[-154.9503,19.3737],[-154.9451,19.3779],[-154.9413,19.3814],[-154.9313,19.393],[-154.9284,19.3958],[-154.9255,19.3969],[-154.9195,19.399],[-154.9125,19.4047],[-154.9042,19.4091],[-154.9025,19.4098],[-154.8963,19.4135],[-154.8937,19.4141],[-154.8881,19.4191],[-154.8864,19.4231],[-154.8836,19.4245],[-154.8774,19.4296],[-154.8746,19.4322],[-154.8738,19.4337],[-154.8689,19.4373],[-154.8675,19.4377],[-154.8641,19.4403],[-154.8588,19.4426],[-154.8564,19.4447],[-154.8558,19.4466],[-154.854,19.4486],[-154.8504,19.4515],[-154.8485,19.4549],[-154.8413,19.463],[-154.8375,19.4632],[-154.8325,19.4702],[-154.8334,19.5013],[-154.8348,19.5079],[-154.8357,19.5115],[-154.838,19.5172],[-154.8412,19.5211]]},"properties":{"LINEARID":"1106087973629","FULLNAME":"State Hwy 137","RTTYP":"S","MTFCC":"S1200"}},
{"type":"Feature","geometry":{"type":"LineString","coordinates":[[-154.9413,19.3814],[-154.9313,19.393],[-154.9284,19.3958],[-154.9255,19.3969],[-154.9195,19.399],[-154.9125,19.4047],[-154.9042,19.4091],[-154.9025,19.4098],[-154.8963,19.4135],[-154.8937,19.4141],[-154.8881,19.4191],[-154.8864,19.4231],[-154.8836,19.4245],[-154.8774,19.4296],[-154.8746,19.4322],[-154.8738,19.4337],[-154.8689,19.4373],[-154.8675,19.4377],[-154.8641,19.4403],[-154.8588,19.4426],[-154.8564,19.4447],[-154.8558,19.4466],[-154.854,19.4486],[-154.8504,19.4515],[-154.8485,19.4549],[-154.8413,19.463],[-154.8375,19.4632],[-154.8325,19.4702],[-154.8334,19.5013],[-154.8348,19.5079],[-154.8357,19.5115],[-154.838,19.5172],[-154.8412,19.5211]]},"properties":{"LINEARID":"1104692267386","FULLNAME":"Kalapana Kapoho Beach Rd","RTTYP":"M","MTFCC":"S1200"}},
{"type":"Feature","geometry":{"type":"LineString","coordinates":[[-154.8744,19.4905],[-154.8741,19.4905]]},"properties":{"LINEARID":"1103660200648","FULLNAME":"Hwy 132","RTTYP":"M","MTFCC":"S1200"}},
{"type":"Feature","geometry":{"type":"LineString","coordinates":[[-154.9649,19.3701],[-154.9661,19.3678],[-154.9687,19.3659],[-154.9796,19.3603],[-154.986,19.3563],[-154.9877,19.3549],[-154.9905,19.3527]]},"properties":{"LINEARID":"110159774433","FULLNAME":"Kaimu-Chain of Craters Rd","RTTYP":"M","MTFCC":"S1200"}},
{"type":"Feature","geometry":{"type":"LineString","coordinates":[[-155.113,19.869],[-155.1165,19.8657]]},"properties":{"LINEARID":"1104259420179","FULLNAME":"Akaka Falls Rd","RTTYP":"M","MTFCC":"S1200"}},
{"type":"Feature","geometry":{"type":"LineString","coordinates":[[-155.9188,19.4737],[-155.9158,19.4734],[-155.9126,19.47],[-155.9107,19.4696],[-155.908,19.4677],[-155.9061,19.4679],[-155.9049,19.4692]]},"properties":{"LINEARID":"11015484719828","FULLNAME":"Lower Napoopoo Rd","RTTYP":"M","MTFCC":"S1200"}},
{"type":"Feature","geometry":{"type":"LineString","coordinates":[[-155.9196,19.4763],[-155.9188,19.4737],[-155.9183,19.4713]]},"properties":{"LINEARID":"110159760815","FULLNAME":"Beach Rd","RTTYP":"M","MTFCC":"S1200"}},
{"type":"Feature","geometry":null,"properties":{"LINEARID":"1104257599619","FULLNAME":"Rabbit Hill Rd","RTTYP":"M","MTFCC":"S1200"}},
{"type":"Feature","geometry":{"type":"LineString","coordinates":[[-158.0835,21.3352],[-158.084,21.3351],[-158.0843,21.335],[-158.09,21.3336],[-158.0902,21.3342],[-158.0918,21.3379],[-158.0929,21.3388],[-158.0964,21.3395],[-158.0999,21.3408],[-158.1045,21.3413]]},"properties":{"LINEARID":"1105319713847","FULLNAME":"State Hwy 93","RTTYP":"S","MTFCC":"S1200"}},
{"type":"Feature","geometry":{"type":"LineString","coordinates":[[-157.7797,21.2778],[-157.7733,21.2771],[-157.7674,21.276],[-157.7651,21.2759],[-157.7589,21.2768],[-157.7539,21.278],[-157.751,21.2782],[-157.7426,21.2804],[-157.7389,21.2808],[-157.7306,21.2828],[-157.726,21.2852],[-157.722,21.2861],[-157.719,21.2855],[-157.7153,21.2831],[-157.7105,21.2807],[-157.705,21.2761],[-157.7019,21.275],[-157.698,21.2749],[-157.6935,21.2753],[-157.6895,21.2732],[-157.6884,21.2733],[-157.6877,21.2763],[-157.6859,21.2766],[-157.6826,21.2781],[-157.6819,21.2792],[-157.6787,21.2804],[-157.6777,21.2823],[-157.6746,21.2857],[-157.6629,21.2918],[-157.6617,21.2945],[-157.6626,21.2972],[-157.6622,21.299],[-157.6604,21.3007],[-157.6572,21.302],[-157.6565,21.3032],[-157.6573,21.3087],[-157.6602,21.31],[-157.6613,21.3113],[-157.6619,21.314],[-157.6638,21.3156],[-157.6682,21.3166],[-157.674,21.3216],[-157.6961,21.3316],[-157.6969,21.3322],[-157.7041,21.3402],[-157.711,21.3459],[-157.7123,21.3465],[-157.7254,21.3485],[-157.7295,21.3512],[-157.7295,21.3535],[-157.7297,21.3546],[-157.7301,21.3552],[-157.7327,21.3577],[-157.7342,21.3594],[-157.7357,21.3614],[-157.7414,21.3698],[-157.7433,21.3722],[-157.7464,21.375],[-157.7506,21.3778],[-157.7561,21.3808],[-157.7569,21.3798],[-157.7586,21.3786],[-157.7597,21.378],[-157.7613,21.3774],[-157.7629,21.3771],[-157.7664,21.3771],[-157.7746,21.3792],[-157.7774,21.3785],[-157.7807,21.375],[-157.7808,21.3749]]},"properties":{"LINEARID":"110509759401","FULLNAME":"Kalanianaole Hwy","RTTYP":"M","MTFCC":"S1200"}},
{"type":"Feature","geometry":{"type":"LineString","coordinates":[[-158.0898,21.3291],[-158.0913,21.3261],[-158.0981,21.3198],[-158.0995,21.3175],[-158.0994,21.3135],[-158.0981,21.3052]]},"properties":{"LINEARID":"1102445632850","FULLNAME":"Kalaeloa Blvd","RTTYP":"M","MTFCC":"S1200"}},
{"type":"Feature","geometry":{"type":"LineString","coordinates":[[-157.9907,21.3156],[-157.9909,21.3154],[-158.0075,21.3117],[-158.0105,21.3129],[-158.0171,21.3236],[-158.0221,21.3315],[-158.023,21.3337],[-158.0255,21.3426],[-158.0294,21.3569],[-158.0296,21.3584],[-158.0292,21.3606],[-158.0275,21.3635],[-158.0266,21.3657],[-158.0262,21.3698],[-158.0261,21.3733],[-158.0267,21.376],[-158.0268,21.3761],[-158.0283,21.3788],[-158.0322,21.3836],[-158.0322,21.3837]]},"properties":{"LINEARID":"1106087435231","FULLNAME":"State Hwy 76","RTTYP":"S","MTFCC":"S1200"}},
{"type":"Feature","geometry":{"type":"LineString","coordinates":[[-158.0262,21.3698],[-158.0261,21.3733],[-158.0267,21.376],[-158.0268,21.3761],[-158.0283,21.3788],[-158.0322,21.3836],[-158.0322,21.3837],[-158.0323,21.3838],[-158.0333,21.3856]]},"properties":{"LINEARID":"1106087447793","FULLNAME":"Kunia Rd","RTTYP":"M","MTFCC":"S1200"}},
{"type":"Feature","geometry":{"type":"LineString","coordinates":[[-158.0994,21.3135],[-158.1118,21.3132],[-158.1132,21.3143],[-158.1149,21.3182],[-158.1177,21.3208],[-158.1187,21.3206]]},"properties":{"LINEARID":"1106087861845","FULLNAME":"State Hwy 95","RTTYP":"S","MTFCC":"S1200"}},
{"type":"Feature","geometry":{"type":"LineString","coordinates":[[-157.8644,21.3099],[-157.8653,21.313]]},"properties":{"LINEARID":"110509752837","FULLNAME":"Nimitz Hwy","RTTYP":"M","MTFCC":"S1200"}},
{"type":"Feature","geometry":{"type":"LineString","coordinates":[[-157.8894,21.3334],[-157.8873,21.3355],[-157.8842,21.3374],[-157.8838,21.3377],[-157.8837,21.3378],[-157.8834,21.338]]},"properties":{"LINEARID":"1104259740869","FULLNAME":"Middle St","RTTYP":"M","MTFCC":"S1200"}},
{"type":"Feature","geometry":{"type":"LineString","coordinates":[[-158.0294,21.3569],[-158.0296,21.3584],[-158.0292,21.3606],[-158.0275,21.3635]]},"properties":{"LINEARID":"1105061250442","FULLNAME":"Kunia Rd","RTTYP":"M","MTFCC":"S1200"}},
{"type":"Feature","geometry":{"type":"LineString","coordinates":[[-157.9346,21.3491],[-157.9354,21.3528],[-157.9378,21.363],[-157.9358,21.3683],[-157.9332,21.3727]]},"properties":{"LINEARID":"1104257961673","FULLNAME":"State Hwy 99","RTTYP":"S","MTFCC":"S1200"}},
{"type":"Feature","geometry":{"type":"LineString","coordinates":[[-158.1041,21.3411],[-158.0956,21.3362],[-158.0931,21.3335],[-158.0895,21.3323],[-158.0863,21.3331],[-158.0843,21.335],[-158.0804,21.3395],[-158.079,21.341],[-158.0681,21.3512],[-158.0658,21.3538],[-158.0646,21.3562],[-158.0633,21.3625],[-158.0615,21.3654],[-158.0521,21.3737],[-158.0488,21.3758],[-158.0411,21.3789],[-158.0376,21.3808],[-158.0323,21.3838],[-158.0321,21.3839],[-158.0226,21.3893],[-158.0158,21.3917],[-158.0141,21.3926],[-158.0081,21.3973],[-158.0029,21.3993],[-158.0008,21.3994],[-157.9934,21.398],[-157.9918,21.398],[-157.9917,21.398],[-157.9894,21.3982],[-157.989,21.3981],[-157.9874,21.3977],[-157.9845,21.3961],[-157.9842,21.396],[-157.9786,21.3935],[-157.9704,21.3903],[-157.9657,21.3901],[-157.9629,21.391],[-157.9627,21.391],[-157.9615,21.3915],[-157.9591,21.3925],[-157.9565,21.3933],[-157.9543,21.3934],[-157.9531,21.3931],[-157.937,21.3873],[-157.9341,21.3859],[-157.9323,21.3843],[-157.9312,21.3829],[-157.929,21.38],[-157.9286,21.3794],[-157.9263,21.3763],[-157.9252,21.373],[-157.9252,21.3729],[-157.9253,21.372],[-157.9259,21.3707],[-157.928,21.3664],[-157.9281,21.3661],[-157.9306,21.3605],[-157.9325,21.3521],[-157.9334,21.3468],[-157.9322,21.343],[-157.9292,21.3401],[-157.926,21.339],[-157.9014,21.3353],[-157.8983,21.3349],[-157.892,21.3344],[-157.8883,21.3353],[-157.8838,21.3378],[-157.8837,21.3378],[-157.8814,21.3365],[-157.8777,21.3358],[-157.8754,21.3349],[-157.8736,21.3338],[-157.8728,21.3331],[-157.8698,21.3301],[-157.8663,21.3251],[-157.861,21.3225],[-157.8546,21.3146],[-157.8545,21.3145],[-157.8526,21.3117],[-157.851,21.3073],[-157.8498,21.3062],[-157.8399,21.3027],[-157.8367,21.3023],[-157.8353,21.3018],[-157.8338,21.301],[-157.8323,21.2999],[-157.8301,21.2985],[-157.8249,21.2966],[-157.8214,21.2947],[-157.8178,21.291],[-157.8142,21.2888],[-157.8125,21.2875],[-157.8097,21.2852],[-157.7982,21.2793],[-157.7952,21.2785],[-157.7912,21.2792],[-157.7797,21.2779]]},"properties":{"LINEARID":"1105319916084","FULLNAME":"I- H-1","RTTYP":"I","MTFCC":"S1100"}},
{"type":"Feature","geometry":{"type":"LineString","coordinates":[[-157.7454,21.393],[-157.7471,21.3917],[-157.7484,21.3892],[-157.756,21.3808],[-157.7561,21.3808],[-157.7569,21.3798],[-157.7586,21.3786],[-157.7597,21.378],[-157.7613,21.3774],[-157.7629,21.3771],[-157.7664,21.3771],[-157.7746,21.3792],[-157.7774,21.3785],[-157.7807,21.375],[-157.7808,21.3749],[-157.7817,21.3735],[-157.7822,21.3697],[-157.782,21.3686],[-157.7802,21.3666],[-157.7797,21.3654],[-157.7802,21.3647],[-157.7812,21.3645],[-157.7821,21.3651],[-157.7846,21.3694],[-157.7862,21.3696],[-157.7918,21.3674],[-157.795,21.3653],[-157.7981,21.3636],[-157.8046,21.3605],[-157.808,21.3557],[-157.8119,21.3538],[-157.8173,21.3536],[-157.8186,21.3531],[-157.8241,21.3504],[-157.8264,21.3488],[-157.8291,21.3469],[-157.8325,21.3425],[-157.834,21.3406],[-157.8365,21.3384],[-157.8399,21.3358],[-157.8449,21.3295],[-157.8455,21.3274],[-157.8452,21.3253],[-157.8465,21.3227],[-157.8503,21.3195],[-157.8545,21.3145],[-157.8546,21.3144],[-157.8563,21.3128],[-157.8565,21.3127]]},"properties":{"LINEARID":"1104470147447","FULLNAME":"State Rte 61","RTTYP":"S","MTFCC":"S1200"}},
{"type":"Feature","geometry":{"type":"LineString","coordinates":[[-157.9254,21.373],[-157.9252,21.3729],[-157.9245,21.3725],[-157.9226,21.3721],[-157.9197,21.3721],[-157.9195,21.3721],[-157.9147,21.3703],[-157.9143,21.3702],[-157.9106,21.3687],[-157.907,21.3683],[-157.9052,21.3675],[-157.9004,21.362],[-157.8997,21.3604]]},"properties":{"LINEARID":"1104257840424","FULLNAME":"State Hwy 78","RTTYP":"S","MTFCC":"S1100"}},
{"type":"Feature","geometry":{"type":"LineString","coordinates":[[-157.9276,21.3747],[-157.9254,21.3731],[-157.9252,21.373],[-157.9237,21.3724],[-157.9225,21.3722],[-157.9197,21.3723],[-157.9195,21.3722],[-157.9144,21.3704],[-157.914,21.3703],[-157.9108,21.3689],[-157.9074,21.3686],[-157.9049,21.3674],[-157.9021,21.3642],[-157.8997,21.3613],[-157.8995,21.3597],[-157.8985,21.3563],[-157.8966,21.3542],[-157.8962,21.353],[-157.8963,21.3511],[-157.8962,21.3504],[-157.8958,21.3493],[-157.8958,21.3492],[-157.8932,21.3453],[-157.8902,21.3431],[-157.8872,21.3423],[-157.8837,21.3378],[-157.8824,21.3367],[-157.8811,21.3363],[-157.8777,21.3358]]},"properties":{"LINEARID":"1104257707444","FULLNAME":"I- H-201","RTTYP":"I","MTFCC":"S1100"}},
{"type":"Feature","geometry":{"type":"LineString","coordinates":[[-158.1041,21.3411],[-158.1045,21.3413]]},"properties":{"LINEARID":"1104257991261","FULLNAME":"State Rte 93","RTTYP":"S","MTFCC":"S1200"}},
{"type":"Feature","geometry":{"type":"LineString","coordinates":[[-157.8648,21.3184],[-157.8673,21.3186],[-157.8753,21.3234],[-157.8795,21.3269],[-157.8829,21.3298],[-157.8874,21.3325]]},"properties":{"LINEARID":"1102445656349","FULLNAME":"Kamehameha Hwy","RTTYP":"M","MTFCC":"S1200"}},
{"type":"Feature","geometry":{"type":"LineString","coordinates":[[-157.8887,21.3159],[-157.8916,21.3215],[-157.8913,21.323],[-157.8868,21.3287]]},"properties":{"LINEARID":"1104259742314","FULLNAME":"State Rte 64","RTTYP":"S","MTFCC":"S1200"}},
{"type":"Feature","geometry":{"type":"LineString","coordinates":[[-158.0641,21.3501],[-158.0678,21.3463],[-158.0713,21.3432],[-158.074,21.3412],[-158.076,21.3402],[-158.0795,21.3377],[-158.0802,21.3366]]},"properties":{"LINEARID":"1104257986316","FULLNAME":"Farrington Hwy","RTTYP":"M","MTFCC":"S1200"}},
{"type":"Feature","geometry":{"type":"LineString","coordinates":[[-157.9014,21.3353],[-157.9014,21.3354],[-157.901,21.3415],[-157.8991,21.3448]]},"properties":{"LINEARID":"1104259461872","FULLNAME":"Puuloa Rd","RTTYP":"M","MTFCC":"S1200"}},
{"type":"Feature","geometry":{"type":"LineString","coordinates":[[-157.8831,21.3081],[-157.8776,21.3063],[-157.8755,21.3064],[-157.8724,21.3046],[-157.8714,21.3033]]},"properties":{"LINEARID":"1104259742315","FULLNAME":"State Rte 64","RTTYP":"S","MTFCC":"S1200"}},
{"type":"Feature","geometry":{"type":"LineString","coordinates":[[-157.8874,21.3132],[-157.8858,21.309],[-157.8855,21.3086],[-157.8851,21.3082],[-157.8831,21.3081],[-157.8776,21.3063],[-157.8755,21.3064],[-157.8724,21.3046],[-157.8714,21.3033]]},"properties":{"LINEARID":"1104259742610","FULLNAME":"Sand Island Pkwy","RTTYP":"M","MTFCC":"S1200"}},
{"type":"Feature","geometry":{"type":"LineString","coordinates":[[-157.932,21.3519],[-157.9325,21.3521],[-157.9327,21.3522],[-157.9354,21.3528]]},"properties":{"LINEARID":"1104274442470","FULLNAME":"Radford Dr","RTTYP":"M","MTFCC":"S1200"}},
{"type":"Feature","geometry":{"type":"LineString","coordinates":[[-157.9187,21.375],[-157.9173,21.376],[-157.9144,21.3807],[-157.9152,21.3829],[-157.9145,21.3849],[-157.9118,21.3852],[-157.9079,21.3878]]},"properties":{"LINEARID":"1104304735795","FULLNAME":"Halawa Heights Rd","RTTYP":"M","MTFCC":"S1200"}},
{"type":"Feature","geometry":{"type":"LineString","coordinates":[[-157.9357,21.3781],[-157.9333,21.3761],[-157.9331,21.3761],[-157.9286,21.3751]]},"properties":{"LINEARID":"1105084012211","FULLNAME":"State Rte 78","RTTYP":"S","MTFCC":"S1200"}},
{"type":"Feature","geometry":{"type":"LineString","coordinates":[[-158.0322,21.3836],[-158.0322,21.3837],[-158.0323,21.3838],[-158.0333,21.3856]]},"properties":{"LINEARID":"1105645260912","FULLNAME":"State Hwy 750","RTTYP":"S","MTFCC":"S1200"}},
{"type":"Feature","geometry":{"type":"LineString","coordinates":[[-158.023,21.3337],[-158.0229,21.3337],[-158.0197,21.3357],[-158.0088,21.3471],[-158.0065,21.3487]]},"properties":{"LINEARID":"1104258096558","FULLNAME":"East-West Loch Rd","RTTYP":"M","MTFCC":"S1200"}},
{"type":"Feature","geometry":{"type":"LineString","coordinates":[[-158.0321,21.3838],[-158.0321,21.3839],[-158.0333,21.3856]]},"properties":{"LINEARID":"1105645260578","FULLNAME":"State Rte 750","RTTYP":"S","MTFCC":"S1200"}},
{"type":"Feature","geometry":{"type":"LineString","coordinates":[[-157.7954,21.3652],[-157.7919,21.3676],[-157.7898,21.3685]]},"properties":{"LINEARID":"1104258374540","FULLNAME":"Pali Hwy","RTTYP":"M","MTFCC":"S1200"}},
{"type":"Feature","geometry":{"type":"LineString","coordinates":[[-157.936,21.3429],[-157.9325,21.343],[-157.9322,21.343],[-157.9314,21.3427]]},"properties":{"LINEARID":"1105319902324","FULLNAME":"State Hwy 92","RTTYP":"S","MTFCC":"S1200"}},
{"type":"Feature","geometry":{"type":"LineString","coordinates":[[-157.887,21.3128],[-157.8872,21.313]]},"properties":{"LINEARID":"1104259413216","FULLNAME":"State Hwy 64","RTTYP":"S","MTFCC":"S1200"}},
{"type":"Feature","geometry":{"type":"LineString","coordinates":[[-158.0297,21.3748],[-158.0322,21.3744]]},"properties":{"LINEARID":"1104257991255","FULLNAME":"State Rte 93","RTTYP":"S","MTFCC":"S1200"}},
{"type":"Feature","geometry":{"type":"LineString","coordinates":[[-158.0307,21.3745],[-158.0297,21.3748]]},"properties":{"LINEARID":"1104257961263","FULLNAME":"Farrington Hwy","RTTYP":"M","MTFCC":"S1200"}},
{"type":"Feature","geometry":{"type":"LineString","coordinates":[[-158.0835,21.3352],[-158.0832,21.3354]]},"properties":{"LINEARID":"1105319713944","FULLNAME":"Farrington Hwy","RTTYP":"M","MTFCC":"S1200"}},
{"type":"Feature","geometry":{"type":"LineString","coordinates":[[-158.083,21.3346],[-158.0823,21.3337]]},"properties":{"LINEARID":"1105319713852","FULLNAME":"State Hwy 93","RTTYP":"S","MTFCC":"S1200"}},
{"type":"Feature","geometry":{"type":"LineString","coordinates":[[-158.083,21.3346],[-158.0823,21.3337]]},"properties":{"LINEARID":"1105319713914","FULLNAME":"State Rte 93","RTTYP":"S","MTFCC":"S1200"}},
{"type":"Feature","geometry":{"type":"LineString","coordinates":[[-158.083,21.3346],[-158.0835,21.3352]]},"properties":{"LINEARID":"1105319713948","FULLNAME":"Farrington Hwy","RTTYP":"M","MTFCC":"S1200"}},
{"type":"Feature","geometry":{"type":"LineString","coordinates":[[-158.0396,21.4887],[-158.0396,21.4886],[-158.0424,21.4859],[-158.0461,21.4843],[-158.0475,21.4832],[-158.0491,21.4803]]},"properties":{"LINEARID":"1104269934163","FULLNAME":"State Rte 750","RTTYP":"S","MTFCC":"S1200"}},
{"type":"Feature","geometry":{"type":"LineString","coordinates":[[-158.0719,21.5214],[-158.07,21.5206],[-158.0593,21.518],[-158.0529,21.5163],[-158.0424,21.512],[-158.0393,21.5106]]},"properties":{"LINEARID":"1104271281322","FULLNAME":"State Rte 801","RTTYP":"S","MTFCC":"S1200"}},
{"type":"Feature","geometry":{"type":"LineString","coordinates":[[-158.0287,21.4914],[-158.0285,21.493]]},"properties":{"LINEARID":"1104474104892","FULLNAME":"State Rte 80","RTTYP":"S","MTFCC":"S1200"}},
{"type":"Feature","geometry":{"type":"LineString","coordinates":[[-158.1065,21.5757],[-158.1063,21.5763],[-158.1057,21.5778],[-158.1052,21.5799]]},"properties":{"LINEARID":"1106092772278","FULLNAME":"State Hwy 83","RTTYP":"S","MTFCC":"S1200"}},
{"type":"Feature","geometry":{"type":"LineString","coordinates":[[-158.1057,21.5778],[-158.1063,21.5763]]},"properties":{"LINEARID":"110509758881","FULLNAME":"Kamehameha Hwy","RTTYP":"M","MTFCC":"S1200"}},
{"type":"Feature","geometry":{"type":"LineString","coordinates":[[-158.1069,21.5746],[-158.1055,21.5751],[-158.1054,21.5751],[-158.1035,21.5748]]},"properties":{"LINEARID":"1104258645954","FULLNAME":"State Rte 930","RTTYP":"S","MTFCC":"S1200"}},
{"type":"Feature","geometry":{"type":"LineString","coordinates":[[-158.1131,21.562],[-158.1085,21.5593],[-158.1067,21.5548],[-158.1047,21.5542]]},"properties":{"LINEARID":"1104271281226","FULLNAME":"State Hwy 803","RTTYP":"S","MTFCC":"S1200"}},
{"type":"Feature","geometry":{"type":"LineString","coordinates":[[-157.7658,21.4066],[-157.766,21.4067],[-157.7708,21.4098],[-157.7724,21.4106]]},"properties":{"LINEARID":"110509759528","FULLNAME":"Mokapu Saddle Rd","RTTYP":"M","MTFCC":"S1200"}},
{"type":"Feature","geometry":{"type":"LineString","coordinates":[[-157.7557,21.4087],[-157.7568,21.4076],[-157.7596,21.4062],[-157.7622,21.4059],[-157.7659,21.4065],[-157.7661,21.4066],[-157.77,21.4093],[-157.7727,21.4106]]},"properties":{"LINEARID":"1104271153158","FULLNAME":"Mokapu Saddle Rd","RTTYP":"M","MTFCC":"S1200"}},
{"type":"Feature","geometry":{"type":"LineString","coordinates":[[-157.7997,21.403],[-157.8032,21.4038],[-157.807,21.4032],[-157.8072,21.4087],[-157.8078,21.4105],[-157.8143,21.4182]]},"properties":{"LINEARID":"1104258643141","FULLNAME":"State Rte 83","RTTYP":"S","MTFCC":"S1200"}},
{"type":"Feature","geometry":{"type":"LineString","coordinates":[[-156.7388,21.1569],[-156.7404,21.1552],[-156.7399,21.1541],[-156.7345,21.1537],[-156.7356,21.1524],[-156.735,21.1495],[-156.736,21.1474],[-156.7349,21.1445],[-156.735,21.1406],[-156.7295,21.1353],[-156.7345,21.133],[-156.7346,21.1299],[-156.7327,21.128],[-156.7326,21.1267],[-156.7342,21.1235],[-156.7339,21.1198],[-156.7356,21.1192],[-156.7352,21.1168],[-156.7366,21.1151],[-156.7387,21.1139],[-156.741,21.1148],[-156.7399,21.1118],[-156.7421,21.111],[-156.7454,21.1107],[-156.7445,21.1085],[-156.7467,21.1054],[-156.7479,21.1052],[-156.7539,21.1003],[-156.7603,21.0961],[-156.7679,21.0906],[-156.7744,21.088],[-156.7775,21.0853],[-156.7803,21.0853],[-156.7881,21.0789],[-156.7916,21.0768],[-156.7936,21.0741],[-156.7989,21.0726],[-156.8048,21.0702],[-156.8135,21.0679],[-156.8218,21.066],[-156.8257,21.0633],[-156.8318,21.0612],[-156.8366,21.0572],[-156.8411,21.056],[-156.8427,21.0587],[-156.8473,21.0587],[-156.8499,21.058],[-156.8596,21.0565],[-156.8652,21.0559],[-156.8694,21.0537],[-156.8745,21.0524],[-156.8742,21.049],[-156.8748,21.0475],[-156.8777,21.0476],[-156.8853,21.0495],[-156.8912,21.0542],[-156.8935,21.0552],[-156.9019,21.0561],[-156.9101,21.0582],[-156.921,21.0603],[-156.9273,21.0611],[-156.9338,21.0613],[-156.9403,21.0629],[-156.9469,21.0638],[-156.9505,21.066],[-156.9525,21.0667],[-156.9579,21.0676],[-156.963,21.0692],[-156.9773,21.0725],[-156.981,21.0738],[-156.9898,21.0777],[-156.9956,21.079],[-157.0017,21.0815],[-157.005,21.0819],[-157.0118,21.0849],[-157.0169,21.0867],[-157.0197,21.0889],[-157.0226,21.0894]]},"properties":{"LINEARID":"1106092780561","FULLNAME":"Kamehameha V Hwy","RTTYP":"M","MTFCC":"S1200"}},
{"type":"Feature","geometry":{"type":"LineString","coordinates":[[-159.5845,21.9049],[-159.5861,21.9024]]},"properties":{"LINEARID":"1104977740837","FULLNAME":"State Rte 541","RTTYP":"S","MTFCC":"S1200"}},
{"type":"Feature","geometry":{"type":"LineString","coordinates":[[-159.5845,21.9049],[-159.5861,21.9024]]},"properties":{"LINEARID":"1104977740301","FULLNAME":"Waialo Rd","RTTYP":"M","MTFCC":"S1200"}},
{"type":"Feature","geometry":{"type":"LineString","coordinates":[[-159.4515,21.9618],[-159.4561,21.9605],[-159.4657,21.9508],[-159.4689,21.9486],[-159.4748,21.9469],[-159.4768,21.9455],[-159.4809,21.9395],[-159.484,21.9338],[-159.4858,21.9299],[-159.4873,21.9283],[-159.4907,21.9264],[-159.4925,21.9247],[-159.495,21.9236],[-159.4992,21.923],[-159.5046,21.9238],[-159.5061,21.9256],[-159.5082,21.9265],[-159.5125,21.9234],[-159.5161,21.9238],[-159.5186,21.9252],[-159.5228,21.9249],[-159.5287,21.9257],[-159.5353,21.925],[-159.5435,21.9236],[-159.5474,21.9216],[-159.5524,21.9218],[-159.5571,21.9212],[-159.5647,21.9194],[-159.5678,21.9166],[-159.573,21.915],[-159.5781,21.9104],[-159.5814,21.9062],[-159.5815,21.906],[-159.5844,21.9049],[-159.5845,21.9049],[-159.5852,21.9064],[-159.585,21.9085],[-159.5861,21.9093],[-159.5897,21.9091],[-159.5957,21.9079],[-159.5987,21.9086],[-159.603,21.9116],[-159.6049,21.9125],[-159.6116,21.9131],[-159.6132,21.9138],[-159.6173,21.917],[-159.6218,21.9186],[-159.6241,21.92],[-159.6277,21.9235],[-159.6425,21.9337],[-159.6455,21.9366],[-159.6469,21.9387],[-159.6486,21.9432],[-159.651,21.9462],[-159.6574,21.9499],[-159.6673,21.9548],[-159.672,21.9574],[-159.6771,21.9605],[-159.6812,21.961],[-159.6997,21.9616],[-159.7054,21.9609],[-159.7094,21.9628],[-159.7135,21.9665],[-159.716,21.9677],[-159.7273,21.971],[-159.7329,21.9738],[-159.7359,21.9764],[-159.7399,21.9807],[-159.7781,22.0213],[-159.7794,22.0242],[-159.7792,22.026],[-159.777,22.0336],[-159.7781,22.0366],[-159.7793,22.0372],[-159.78,22.0373]]},"properties":{"LINEARID":"1104977739923","FULLNAME":"State Rte 50","RTTYP":"S","MTFCC":"S1200"}},
{"type":"Feature","geometry":{"type":"LineString","coordinates":[[-159.5353,21.925],[-159.5386,21.9199],[-159.557,21.9005],[-159.5603,21.9],[-159.5659,21.9031],[-159.5723,21.9056],[-159.5812,21.9058]]},"properties":{"LINEARID":"1104257992895","FULLNAME":"State Rte 540","RTTYP":"S","MTFCC":"S1200"}},
{"type":"Feature","geometry":{"type":"LineString","coordinates":[[-159.5844,21.9049],[-159.5861,21.9024]]},"properties":{"LINEARID":"1104975902324","FULLNAME":"Waialo Rd","RTTYP":"M","MTFCC":"S1200"}},
{"type":"Feature","geometry":{"type":"LineString","coordinates":[[-159.3128,22.082],[-159.3162,22.0821],[-159.3207,22.0796],[-159.3225,22.0772]]},"properties":{"LINEARID":"1104258001160","FULLNAME":"Cane Haul Rd","RTTYP":"M","MTFCC":"S1200"}},
{"type":"Feature","geometry":{"type":"LineString","coordinates":[[-159.3718,21.966],[-159.3798,21.9724],[-159.3718,21.966]]},"properties":{"LINEARID":"1104977734971","FULLNAME":"State Rte 58","RTTYP":"S","MTFCC":"S1200"}},
{"type":"Feature","geometry":{"type":"LineString","coordinates":[[-159.354,21.958],[-159.3535,21.9597]]},"properties":{"LINEARID":"11055909049","FULLNAME":"Waapa Rd","RTTYP":"M","MTFCC":"S1200"}},
{"type":"Feature","geometry":{"type":"LineString","coordinates":[[-159.3721,21.976],[-159.3701,21.9762],[-159.3686,21.9775]]},"properties":{"LINEARID":"1104975905335","FULLNAME":"State Rte 56","RTTYP":"S","MTFCC":"S1200"}},
{"type":"Feature","geometry":{"type":"LineString","coordinates":[[-159.3721,21.976],[-159.3686,21.9775]]},"properties":{"LINEARID":"1104977740839","FULLNAME":"Kuhio Hwy","RTTYP":"M","MTFCC":"S1200"}},
{"type":"Feature","geometry":{"type":"LineString","coordinates":[[-159.3725,21.976],[-159.3721,21.976]]},"properties":{"LINEARID":"1104977740840","FULLNAME":"Kuhio Hwy","RTTYP":"M","MTFCC":"S1200"}},
{"type":"Feature","geometry":{"type":"LineString","coordinates":[[-159.3658,21.9914],[-159.3661,21.9934],[-159.3684,21.9957],[-159.3709,21.9965],[-159.3722,21.9984],[-159.3742,21.9994],[-159.3755,22.0024],[-159.3764,22.0063],[-159.3783,22.0086],[-159.3816,22.0112],[-159.3827,22.0138],[-159.3829,22.0163],[-159.386,22.0196],[-159.387,22.0241],[-159.3868,22.0251],[-159.3833,22.0267],[-159.3826,22.0285],[-159.3796,22.0306],[-159.3794,22.0345]]},"properties":{"LINEARID":"11055908067","FULLNAME":"State Rte 583","RTTYP":"S","MTFCC":"S1200"}},
{"type":"Feature","geometry":{"type":"LineString","coordinates":[[-159.3298,22.0724],[-159.3325,22.0721],[-159.3339,22.0684],[-159.3363,22.0663],[-159.3363,22.0637]]},"properties":{"LINEARID":"1104257992667","FULLNAME":"Kapaa Bypass Rd","RTTYP":"M","MTFCC":"S1200"}},
{"type":"Feature","geometry":{"type":"LineString","coordinates":[[-156.2648,20.9171],[-156.2672,20.9179],[-156.2724,20.9209],[-156.2749,20.9213],[-156.278,20.924],[-156.2803,20.9253],[-156.2828,20.9257],[-156.2853,20.9244],[-156.2869,20.922],[-156.2912,20.9228],[-156.2936,20.9221],[-156.2962,20.9188],[-156.2983,20.9188],[-156.3012,20.9215],[-156.308,20.9292],[-156.3102,20.9305],[-156.3137,20.9309],[-156.32,20.9299],[-156.3244,20.9303],[-156.3317,20.933],[-156.334,20.9346],[-156.3369,20.9375],[-156.3388,20.9372],[-156.3378,20.9349],[-156.3396,20.9344],[-156.3413,20.937],[-156.3435,20.9378],[-156.349,20.9366],[-156.358,20.9328],[-156.3602,20.9328],[-156.3619,20.9314],[-156.3645,20.9305],[-156.3661,20.9293],[-156.3669,20.9273],[-156.3709,20.9233],[-156.3757,20.9204],[-156.3812,20.9161],[-156.3963,20.9101],[-156.4131,20.9047],[-156.4158,20.9028],[-156.4191,20.8959],[-156.4236,20.8896]]},"properties":{"LINEARID":"1104468786563","FULLNAME":"State Rte 36","RTTYP":"S","MTFCC":"S1200"}},
{"type":"Feature","geometry":{"type":"LineString","coordinates":[[-156.5076,20.8116],[-156.5056,20.811],[-156.4976,20.8016],[-156.4948,20.7995],[-156.4878,20.7976],[-156.4842,20.7949],[-156.4789,20.7922],[-156.4723,20.7892],[-156.4658,20.7852]]},"properties":{"LINEARID":"1105558962482","FULLNAME":"State Rte 310","RTTYP":"S","MTFCC":"S1200"}},
{"type":"Feature","geometry":{"type":"LineString","coordinates":[[-156.4641,20.8924],[-156.4529,20.8854],[-156.4463,20.8817],[-156.4416,20.88],[-156.4344,20.8788],[-156.4319,20.8794],[-156.4302,20.8806],[-156.4262,20.886],[-156.4236,20.8896]]},"properties":{"LINEARID":"1104468777664","FULLNAME":"Hana Hwy","RTTYP":"M","MTFCC":"S1200"}},
{"type":"Feature","geometry":{"type":"LineString","coordinates":[[-156.462,20.7857],[-156.4581,20.7823]]},"properties":{"LINEARID":"1105558973758","FULLNAME":"Piilani Hwy","RTTYP":"M","MTFCC":"S1200"}},
{"type":"Feature","geometry":{"type":"LineString","coordinates":[[-156.9185,20.8176],[-156.9173,20.8145],[-156.914,20.8121],[-156.9118,20.806],[-156.9082,20.7975],[-156.9031,20.7797],[-156.9056,20.7767],[-156.909,20.7742],[-156.9103,20.7718],[-156.9123,20.7702],[-156.9086,20.7637],[-156.9028,20.7631],[-156.9015,20.7641],[-156.8976,20.7622],[-156.8953,20.7561],[-156.895,20.7501],[-156.8939,20.7491],[-156.8949,20.745],[-156.8889,20.742]]},"properties":{"LINEARID":"1105558962881","FULLNAME":"Manele Rd","RTTYP":"M","MTFCC":"S1200"}},
{"type":"Feature","geometry":{"type":"LineString","coordinates":[[-156.3302,20.8293],[-156.3293,20.8349],[-156.3297,20.8369],[-156.3315,20.8393],[-156.341,20.8459],[-156.3453,20.848],[-156.3496,20.8494]]},"properties":{"LINEARID":"11057868346","FULLNAME":"State Rte 37","RTTYP":"S","MTFCC":"S1200"}},
{"type":"Feature","geometry":{"type":"LineString","coordinates":[[-156.3496,20.8494],[-156.3453,20.848],[-156.341,20.8459],[-156.3315,20.8393],[-156.3297,20.8369],[-156.3293,20.8349],[-156.3302,20.8293],[-156.3297,20.8238],[-156.3258,20.8144],[-156.3263,20.8113]]},"properties":{"LINEARID":"1104468777651","FULLNAME":"Kula Hwy","RTTYP":"M","MTFCC":"S1200"}},
{"type":"Feature","geometry":{"type":"LineString","coordinates":[[-156.3302,20.8293],[-156.3297,20.8238],[-156.3258,20.8144],[-156.3263,20.8113]]},"properties":{"LINEARID":"1104468777688","FULLNAME":"State Rte 37","RTTYP":"S","MTFCC":"S1200"}},
{"type":"Feature","geometry":{"type":"LineString","coordinates":[[-155.0723,19.7225],[-155.0789,19.723],[-155.0824,19.7236],[-155.0854,19.7253],[-155.0866,19.7269],[-155.0889,19.7306],[-155.0912,19.735],[-155.0912,19.739],[-155.0904,19.7434],[-155.0915,19.7495]]},"properties":{"LINEARID":"1104469295297","FULLNAME":"Kamehameha Ave","RTTYP":"M","MTFCC":"S1200"}},
{"type":"Feature","geometry":{"type":"LineString","coordinates":[[-155.054,19.7287],[-155.054,19.7276]]},"properties":{"LINEARID":"1104257681769","FULLNAME":"Kuhio St","RTTYP":"M","MTFCC":"S1200"}},
{"type":"Feature","geometry":{"type":"LineString","coordinates":[[-155.0711,19.7225],[-155.0723,19.7225]]},"properties":{"LINEARID":"1104469290553","FULLNAME":"Hawaii Belt Rd","RTTYP":"M","MTFCC":"S1200"}},
{"type":"Feature","geometry":{"type":"LineString","coordinates":[[-157.0729,21.1503],[-157.0686,21.1676]]},"properties":{"LINEARID":"11057872800","FULLNAME":"Puupeelua Ave","RTTYP":"M","MTFCC":"S1200"}},
{"type":"Feature","geometry":{"type":"LineString","coordinates":[[-155.0016,19.5726],[-155.0028,19.5745]]},"properties":{"LINEARID":"1103790961200","FULLNAME":"Pahoa Rd","RTTYP":"M","MTFCC":"S1200"}},
{"type":"Feature","geometry":{"type":"LineString","coordinates":[[-155.0347,19.6135],[-155.0352,19.614],[-155.0354,19.6142],[-155.037,19.6179],[-155.037,19.618],[-155.0387,19.6217],[-155.0389,19.622],[-155.0393,19.6225],[-155.0406,19.6234]]},"properties":{"LINEARID":"1105645260637","FULLNAME":"Keaau Pahoa Rd","RTTYP":"M","MTFCC":"S1200"}},
{"type":"Feature","geometry":{"type":"LineString","coordinates":[[-155.0352,19.614],[-155.0354,19.6142]]},"properties":{"LINEARID":"1104258170726","FULLNAME":"State Hwy 130","RTTYP":"S","MTFCC":"S1200"}},
{"type":"Feature","geometry":{"type":"LineString","coordinates":[[-155.0016,19.5727],[-155.0028,19.5745]]},"properties":{"LINEARID":"1103790961118","FULLNAME":"Pahoa Hwy","RTTYP":"M","MTFCC":"S1200"}},
{"type":"Feature","geometry":{"type":"LineString","coordinates":[[-155.1054,19.5527],[-155.0989,19.5584]]},"properties":{"LINEARID":"1103934771433","FULLNAME":"Volcano Hwy","RTTYP":"M","MTFCC":"S1200"}},
{"type":"Feature","geometry":{"type":"LineString","coordinates":[[-155.6989,20.0268],[-155.7006,20.0291],[-155.7047,20.0311],[-155.7065,20.0315],[-155.7068,20.034],[-155.7101,20.0358],[-155.7123,20.0382],[-155.7173,20.0393],[-155.7182,20.0404],[-155.7225,20.0423],[-155.7272,20.0436],[-155.7308,20.0455],[-155.7327,20.0458],[-155.7396,20.0492],[-155.7435,20.0528],[-155.7466,20.0568],[-155.7477,20.0613],[-155.7495,20.0635],[-155.7519,20.0648],[-155.7528,20.0662],[-155.757,20.0677],[-155.7588,20.0692],[-155.7606,20.0717],[-155.7643,20.0835],[-155.7678,20.088],[-155.7676,20.0901],[-155.7723,20.0934],[-155.773,20.0949],[-155.7763,20.0986],[-155.776,20.1001],[-155.7795,20.1015],[-155.7828,20.105],[-155.7853,20.1089],[-155.7882,20.1163],[-155.7904,20.1196],[-155.7948,20.1284],[-155.796,20.1363],[-155.8085,20.1508],[-155.8105,20.152],[-155.8159,20.1605],[-155.8182,20.1657],[-155.8202,20.1681],[-155.8252,20.1729],[-155.8272,20.1733],[-155.8301,20.1753],[-155.8307,20.1765],[-155.8304,20.1804],[-155.8331,20.1835],[-155.8368,20.1883],[-155.8399,20.1942],[-155.8421,20.1983],[-155.842,20.2023],[-155.8413,20.2036],[-155.8384,20.2038],[-155.8377,20.2063],[-155.8311,20.2105]]},"properties":{"LINEARID":"1105645261895","FULLNAME":"State Hwy 250","RTTYP":"S","MTFCC":"S1200"}},
{"type":"Feature","geometry":{"type":"LineString","coordinates":[[-155.8048,20.2316],[-155.8009,20.2308]]},"properties":{"LINEARID":"110159774069","FULLNAME":"Mahukona-Niulii Rd","RTTYP":"M","MTFCC":"S1200"}},
{"type":"Feature","geometry":{"type":"LineString","coordinates":[[-155.977,19.6327],[-155.9793,19.6371],[-155.9806,19.639]]},"properties":{"LINEARID":"1104257628012","FULLNAME":"State Hwy 19","RTTYP":"S","MTFCC":"S1200"}},
{"type":"Feature","geometry":{"type":"LineString","coordinates":[[-155.8926,19.8956],[-155.8959,19.89],[-155.9121,19.8538],[-155.9137,19.8508],[-155.9165,19.8469],[-155.9197,19.8436],[-155.9246,19.8399],[-155.966,19.8162],[-155.9689,19.815],[-155.9736,19.8139],[-155.9771,19.8135],[-155.9831,19.8118]]},"properties":{"LINEARID":"1104257622067","FULLNAME":"State Rte 19","RTTYP":"S","MTFCC":"S1200"}},
{"type":"Feature","geometry":{"type":"LineString","coordinates":[[-155.6808,19.8543],[-155.6804,19.8472],[-155.6806,19.8453],[-155.6728,19.8448],[-155.6721,19.8437],[-155.6707,19.8351],[-155.6698,19.8328],[-155.6683,19.8309],[-155.6674,19.8273],[-155.6706,19.8212],[-155.668,19.8168],[-155.66,19.8066],[-155.6555,19.8043],[-155.6536,19.8019],[-155.6526,19.7989],[-155.6468,19.7946],[-155.6389,19.791],[-155.6365,19.7907],[-155.6347,19.792],[-155.6304,19.7915],[-155.6257,19.7923]]},"properties":{"LINEARID":"1106077886774","FULLNAME":"State Rte 200","RTTYP":"S","MTFCC":"S1200"}},
{"type":"Feature","geometry":{"type":"LineString","coordinates":[[-155.371,20.0407],[-155.3716,20.0411]]},"properties":{"LINEARID":"110159760984","FULLNAME":"Haula Rd","RTTYP":"M","MTFCC":"S1200"}},
{"type":"Feature","geometry":{"type":"LineString","coordinates":[[-154.9408,19.4915],[-154.9398,19.4912],[-154.9386,19.4909],[-154.9343,19.4897],[-154.9328,19.4892],[-154.9292,19.4882],[-154.927,19.4882],[-154.9207,19.4878],[-154.9172,19.4867],[-154.9109,19.4859],[-154.907,19.4849],[-154.9049,19.4827],[-154.9028,19.481],[-154.9024,19.481],[-154.898,19.4821],[-154.8936,19.4842],[-154.8888,19.4873],[-154.8837,19.4896],[-154.8828,19.49],[-154.8821,19.4903],[-154.8803,19.4909],[-154.8744,19.4905],[-154.8741,19.4905],[-154.8726,19.4904],[-154.87,19.4903],[-154.8684,19.4906],[-154.8652,19.4914],[-154.8618,19.4924],[-154.8577,19.4935],[-154.8537,19.4947],[-154.8536,19.4948],[-154.8483,19.4989],[-154.8461,19.5022],[-154.8453,19.5051],[-154.8441,19.5067],[-154.8348,19.5079]]},"properties":{"LINEARID":"1106088336000","FULLNAME":"State Rte 132","RTTYP":"S","MTFCC":"S1200"}},
{"type":"Feature","geometry":{"type":"LineString","coordinates":[[-154.9408,19.4915],[-154.9398,19.4912],[-154.9386,19.4909],[-154.9343,19.4897],[-154.9328,19.4892],[-154.9292,19.4882],[-154.927,19.4882],[-154.9207,19.4878],[-154.9172,19.4867],[-154.9109,19.4859],[-154.907,19.4849],[-154.9049,19.4827],[-154.9028,19.481]]},"properties":{"LINEARID":"1106088117418","FULLNAME":"Pahoa Kapoho Rd","RTTYP":"M","MTFCC":"S1200"}},
{"type":"Feature","geometry":{"type":"LineString","coordinates":[[-154.9704,19.3611],[-154.9681,19.3626],[-154.9667,19.3625],[-154.9663,19.3625],[-154.9626,19.3644],[-154.9503,19.3737],[-154.9451,19.3779],[-154.9413,19.3814],[-154.9313,19.393],[-154.9284,19.3958],[-154.9255,19.3969]]},"properties":{"LINEARID":"1106092827967","FULLNAME":"Kapoho Kalapana Rd","RTTYP":"M","MTFCC":"S1200"}},
{"type":"Feature","geometry":{"type":"LineString","coordinates":[[-154.9704,19.3611],[-154.9681,19.3626],[-154.9667,19.3625],[-154.9663,19.3625]]},"properties":{"LINEARID":"110159774419","FULLNAME":"Kalapana Kapoho Beach Rd","RTTYP":"M","MTFCC":"S1200"}},
{"type":"Feature","geometry":{"type":"LineString","coordinates":[[-154.9049,19.4827],[-154.9028,19.481]]},"properties":{"LINEARID":"1104692187847","FULLNAME":"Hwy 132","RTTYP":"M","MTFCC":"S1200"}},
{"type":"Feature","geometry":{"type":"LineString","coordinates":[[-155.6699,20.0216],[-155.6689,20.0204]]},"properties":{"LINEARID":"110159767026","FULLNAME":"Lindsey Rd","RTTYP":"M","MTFCC":"S1200"}},
{"type":"Feature","geometry":{"type":"LineString","coordinates":[[-155.9183,19.4938],[-155.9178,19.4919],[-155.9148,19.4871],[-155.9144,19.4846],[-155.9123,19.4818],[-155.9105,19.4808],[-155.9077,19.4806],[-155.9046,19.4781],[-155.9008,19.474],[-155.8989,19.4699],[-155.8999,19.4663],[-155.8998,19.4641],[-155.902,19.4651],[-155.9041,19.4682],[-155.9049,19.4692],[-155.9061,19.4679],[-155.908,19.4677],[-155.9107,19.4696],[-155.9126,19.47],[-155.9158,19.4734],[-155.9188,19.4737]]},"properties":{"LINEARID":"110159758238","FULLNAME":"State Hwy 160","RTTYP":"S","MTFCC":"S1200"}},
{"type":"Feature","geometry":{"type":"LineString","coordinates":[[-158.0333,21.3856],[-158.0407,21.4028],[-158.0479,21.4177],[-158.0542,21.426],[-158.0553,21.428],[-158.0592,21.4376],[-158.0596,21.4394],[-158.0602,21.4514],[-158.0598,21.4532],[-158.0491,21.4803],[-158.0469,21.4837],[-158.0422,21.4859],[-158.0395,21.4886],[-158.0395,21.4887]]},"properties":{"LINEARID":"1105645260914","FULLNAME":"State Hwy 750","RTTYP":"S","MTFCC":"S1200"}},
{"type":"Feature","geometry":{"type":"LineString","coordinates":[[-157.9897,21.394],[-157.9916,21.3976],[-157.9918,21.398],[-157.993,21.4003],[-157.9987,21.4087],[-158.0078,21.4227],[-158.008,21.4247],[-158.0093,21.4261],[-158.0118,21.4272],[-158.0132,21.4291],[-158.0138,21.4367],[-158.0129,21.4409],[-158.0131,21.4427],[-158.0154,21.4503],[-158.0166,21.457],[-158.0173,21.4582],[-158.022,21.4607],[-158.0235,21.4624],[-158.0241,21.4675],[-158.0283,21.4897],[-158.0284,21.4899],[-158.0285,21.4906],[-158.0285,21.4915],[-158.0284,21.4925],[-158.0285,21.493],[-158.0298,21.4959],[-158.0294,21.5006],[-158.03,21.5024],[-158.0335,21.5056],[-158.0393,21.5106],[-158.0405,21.5127],[-158.0404,21.5151],[-158.0381,21.5207],[-158.0381,21.5235],[-158.0395,21.5279]]},"properties":{"LINEARID":"1105645261332","FULLNAME":"Kamehameha Hwy","RTTYP":"M","MTFCC":"S1200"}},
{"type":"Feature","geometry":{"type":"LineString","coordinates":[[-157.7153,21.2831],[-157.7105,21.2807],[-157.705,21.2761],[-157.7019,21.275],[-157.698,21.2749],[-157.6935,21.2753],[-157.6895,21.2732],[-157.6884,21.2733],[-157.6877,21.2763],[-157.6859,21.2766],[-157.6826,21.2781],[-157.6819,21.2792],[-157.6787,21.2804],[-157.6777,21.2823],[-157.6746,21.2857],[-157.6629,21.2918],[-157.6617,21.2945],[-157.6626,21.2972],[-157.6622,21.299],[-157.6604,21.3007],[-157.6572,21.302],[-157.6565,21.3032],[-157.6573,21.3087],[-157.6602,21.31],[-157.6613,21.3113],[-157.6619,21.314],[-157.6638,21.3156],[-157.6682,21.3166],[-157.674,21.3216],[-157.6961,21.3316],[-157.6969,21.3322],[-157.7041,21.3402],[-157.711,21.3459],[-157.7123,21.3465],[-157.7254,21.3485],[-157.7295,21.3512],[-157.7295,21.3535]]},"properties":{"LINEARID":"1104258527783","FULLNAME":"State Rte 72","RTTYP":"S","MTFCC":"S1200"}},
{"type":"Feature","geometry":{"type":"LineString","coordinates":[[-157.9907,21.3156],[-157.9909,21.3154],[-158.0075,21.3117],[-158.0105,21.3129],[-158.0171,21.3236],[-158.0221,21.3315],[-158.023,21.3337],[-158.0255,21.3426],[-158.0294,21.3569],[-158.0296,21.3584],[-158.0292,21.3606],[-158.0275,21.3635],[-158.0266,21.3657],[-158.0262,21.3698],[-158.0261,21.3733],[-158.0267,21.376],[-158.0268,21.3761],[-158.0283,21.3788],[-158.0322,21.3836]]},"properties":{"LINEARID":"1104258086452","FULLNAME":"Fort Weaver Rd","RTTYP":"M","MTFCC":"S1200"}},
{"type":"Feature","geometry":{"type":"LineString","coordinates":[[-157.7997,21.403],[-157.8032,21.4038],[-157.807,21.4032],[-157.807,21.4031],[-157.8092,21.4014],[-157.8101,21.3992],[-157.8105,21.3963],[-157.8129,21.3935],[-157.8131,21.3934],[-157.816,21.3921],[-157.8166,21.3887],[-157.8155,21.3869],[-157.8145,21.3827],[-157.8123,21.3814],[-157.8118,21.3799],[-157.8127,21.3791],[-157.8187,21.3759],[-157.8246,21.3732],[-157.8312,21.3698],[-157.8461,21.3656],[-157.8513,21.3633],[-157.8542,21.3614],[-157.8564,21.3595],[-157.8582,21.3571],[-157.8595,21.3549],[-157.861,21.3514],[-157.8631,21.3492],[-157.8663,21.3471],[-157.867,21.3464],[-157.8677,21.3446],[-157.868,21.3398],[-157.8698,21.3363],[-157.8717,21.3342],[-157.8736,21.3338],[-157.8737,21.3337],[-157.8743,21.3319]]},"properties":{"LINEARID":"1106087970600","FULLNAME":"State Hwy 63","RTTYP":"S","MTFCC":"S1200"}},
{"type":"Feature","geometry":{"type":"LineString","coordinates":[[-157.8325,21.3425],[-157.8291,21.3469],[-157.8264,21.3488]]},"properties":{"LINEARID":"110509759271","FULLNAME":"Nuuanu Pali Dr","RTTYP":"M","MTFCC":"S1200"}},
{"type":"Feature","geometry":{"type":"LineString","coordinates":[[-157.8648,21.3184],[-157.8622,21.3199],[-157.8621,21.32],[-157.8605,21.3212]]},"properties":{"LINEARID":"1104275679036","FULLNAME":"Liliha St","RTTYP":"M","MTFCC":"S1200"}},
{"type":"Feature","geometry":{"type":"LineString","coordinates":[[-157.8821,21.3365],[-157.8838,21.3377],[-157.8838,21.3378],[-157.8842,21.3382],[-157.8873,21.3421],[-157.8902,21.3429],[-157.8929,21.3446],[-157.8959,21.3491],[-157.896,21.3492],[-157.8964,21.3505],[-157.8964,21.3529],[-157.8972,21.3546],[-157.899,21.3566],[-157.8997,21.3604],[-157.9004,21.362],[-157.9052,21.3675],[-157.907,21.3683],[-157.9106,21.3687],[-157.9143,21.3702],[-157.9147,21.3703],[-157.9195,21.3721],[-157.9197,21.3721],[-157.9226,21.3721],[-157.9245,21.3725],[-157.9252,21.3729],[-157.9254,21.373],[-157.9278,21.3746]]},"properties":{"LINEARID":"1105048137519","FULLNAME":"I- H-201","RTTYP":"I","MTFCC":"S1100"}},
{"type":"Feature","geometry":{"type":"LineString","coordinates":[[-157.896,21.3492],[-157.8958,21.3493],[-157.8938,21.3531]]},"properties":{"LINEARID":"1104259420107","FULLNAME":"State Rte 7345","RTTYP":"S","MTFCC":"S1200"}},
{"type":"Feature","geometry":{"type":"LineString","coordinates":[[-157.8959,21.3491],[-157.8958,21.3492],[-157.8938,21.3531]]},"properties":{"LINEARID":"1104259508109","FULLNAME":"Jarrett White Rd","RTTYP":"M","MTFCC":"S1200"}},
{"type":"Feature","geometry":{"type":"LineString","coordinates":[[-158.1041,21.3411],[-158.1045,21.3413]]},"properties":{"LINEARID":"1104257588511","FULLNAME":"Farrington Hwy","RTTYP":"M","MTFCC":"S1200"}},
{"type":"Feature","geometry":{"type":"LineString","coordinates":[[-157.8648,21.3184],[-157.8673,21.3186],[-157.8753,21.3234],[-157.8795,21.3269],[-157.8829,21.3298],[-157.8874,21.3325]]},"properties":{"LINEARID":"1105645260944","FULLNAME":"State Hwy 90","RTTYP":"S","MTFCC":"S1200"}},
{"type":"Feature","geometry":{"type":"LineString","coordinates":[[-157.8648,21.3184],[-157.8673,21.3186],[-157.8753,21.3234],[-157.8795,21.3269],[-157.8829,21.3298]]},"properties":{"LINEARID":"1102445702130","FULLNAME":"Dillingham Blvd","RTTYP":"M","MTFCC":"S1200"}},
{"type":"Feature","geometry":{"type":"LineString","coordinates":[[-157.8883,21.3151],[-157.8887,21.3159],[-157.8916,21.3215],[-157.8913,21.323]]},"properties":{"LINEARID":"1105061261275","FULLNAME":"Pier","RTTYP":"M","MTFCC":"S1200"}},
{"type":"Feature","geometry":{"type":"LineString","coordinates":[[-157.9268,21.3583],[-157.9291,21.3574],[-157.9313,21.355],[-157.932,21.3519]]},"properties":{"LINEARID":"1104274439570","FULLNAME":"Bougainville Dr","RTTYP":"M","MTFCC":"S1200"}},
{"type":"Feature","geometry":{"type":"LineString","coordinates":[[-158.09,21.3336],[-158.0843,21.335],[-158.084,21.3351],[-158.0835,21.3352]]},"properties":{"LINEARID":"1105319713951","FULLNAME":"Farrington Hwy","RTTYP":"M","MTFCC":"S1200"}},
{"type":"Feature","geometry":{"type":"LineString","coordinates":[[-157.9895,21.3938],[-157.9863,21.3954],[-157.9849,21.3958],[-157.9848,21.3959],[-157.9842,21.396],[-157.9831,21.396]]},"properties":{"LINEARID":"1104257961865","FULLNAME":"State Hwy 99","RTTYP":"S","MTFCC":"S1200"}},
{"type":"Feature","geometry":{"type":"LineString","coordinates":[[-158.0641,21.3501],[-158.0606,21.3575],[-158.0573,21.3601],[-158.0544,21.363],[-158.0517,21.3673],[-158.0414,21.3741],[-158.0322,21.3744]]},"properties":{"LINEARID":"1104257986318","FULLNAME":"Farrington Hwy","RTTYP":"M","MTFCC":"S1200"}},
{"type":"Feature","geometry":{"type":"LineString","coordinates":[[-158.0641,21.3501],[-158.0606,21.3575],[-158.0573,21.3601],[-158.0544,21.363],[-158.0517,21.3673],[-158.0414,21.3741],[-158.0322,21.3744]]},"properties":{"LINEARID":"1104257991252","FULLNAME":"State Rte 93","RTTYP":"S","MTFCC":"S1200"}},
{"type":"Feature","geometry":{"type":"LineString","coordinates":[[-158.0673,21.3243],[-158.0675,21.3248]]},"properties":{"LINEARID":"1102164496924","FULLNAME":"Enterprise Ave","RTTYP":"M","MTFCC":"S1200"}},
{"type":"Feature","geometry":{"type":"LineString","coordinates":[[-157.9373,21.3433],[-157.9405,21.3442],[-157.9428,21.3462]]},"properties":{"LINEARID":"1104257838371","FULLNAME":"State Rte 92","RTTYP":"S","MTFCC":"S1200"}},
{"type":"Feature","geometry":{"type":"LineString","coordinates":[[-157.8911,21.3232],[-157.8867,21.3286],[-157.8866,21.329]]},"properties":{"LINEARID":"1104259378603","FULLNAME":"Sand Island Access Rd","RTTYP":"M","MTFCC":"S1200"}},
{"type":"Feature","geometry":{"type":"LineString","coordinates":[[-157.8566,21.3128],[-157.8565,21.313]]},"properties":{"LINEARID":"1104258407565","FULLNAME":"Pali Hwy","RTTYP":"M","MTFCC":"S1200"}},
{"type":"Feature","geometry":{"type":"LineString","coordinates":[[-157.8991,21.3448],[-157.8972,21.3481],[-157.896,21.3492]]},"properties":{"LINEARID":"1104259801203","FULLNAME":"State Rte 7310","RTTYP":"S","MTFCC":"S1200"}},
{"type":"Feature","geometry":{"type":"LineString","coordinates":[[-157.8887,21.3159],[-157.8872,21.313],[-157.887,21.3128],[-157.8859,21.3095],[-157.8856,21.3088],[-157.8831,21.3081]]},"properties":{"LINEARID":"1104259742316","FULLNAME":"State Rte 64","RTTYP":"S","MTFCC":"S1200"}},
{"type":"Feature","geometry":{"type":"LineString","coordinates":[[-157.887,21.3128],[-157.8872,21.313]]},"properties":{"LINEARID":"1104259461151","FULLNAME":"Sand Island Access Rd","RTTYP":"M","MTFCC":"S1200"}},
{"type":"Feature","geometry":{"type":"LineString","coordinates":[[-157.9286,21.3751],[-157.9278,21.3746]]},"properties":{"LINEARID":"1102325688004","FULLNAME":"State Hwy 78","RTTYP":"S","MTFCC":"S1200"}},
{"type":"Feature","geometry":{"type":"LineString","coordinates":[[-158.0285,21.4915],[-158.0284,21.4925],[-158.0285,21.493],[-158.0298,21.4959],[-158.0294,21.5006],[-158.03,21.5024],[-158.0335,21.5056],[-158.0393,21.5106],[-158.0405,21.5127],[-158.0404,21.5151]]},"properties":{"LINEARID":"1104258642758","FULLNAME":"State Hwy 80","RTTYP":"S","MTFCC":"S1200"}},
{"type":"Feature","geometry":{"type":"LineString","coordinates":[[-158.051,21.4971],[-158.0521,21.5015]]},"properties":{"LINEARID":"1104258643228","FULLNAME":"State Rte 99","RTTYP":"S","MTFCC":"S1200"}},
{"type":"Feature","geometry":{"type":"LineString","coordinates":[[-158.0516,21.5035],[-158.0424,21.512],[-158.0404,21.5151],[-158.0381,21.5207],[-158.0381,21.5235],[-158.0395,21.5279],[-158.0396,21.5282],[-158.0455,21.5467],[-158.0483,21.5503],[-158.05,21.5511],[-158.0634,21.5563],[-158.0664,21.5584],[-158.0685,21.5608],[-158.0713,21.5628],[-158.101,21.5738],[-158.1024,21.5751]]},"properties":{"LINEARID":"1106087973545","FULLNAME":"State Rte 99","RTTYP":"S","MTFCC":"S1200"}},
{"type":"Feature","geometry":{"type":"LineString","coordinates":[[-157.7999,21.413],[-157.802,21.4182],[-157.807,21.4265],[-157.8086,21.4314],[-157.8108,21.435],[-157.8118,21.4378],[-157.8101,21.4413],[-157.8119,21.4429],[-157.8146,21.4486],[-157.8147,21.4502],[-157.8162,21.4538],[-157.8193,21.4526],[-157.8238,21.4519],[-157.8277,21.4563],[-157.8307,21.4567],[-157.833,21.4581],[-157.8342,21.4572],[-157.838,21.4572]]},"properties":{"LINEARID":"1104270292431","FULLNAME":"State Rte 830","RTTYP":"S","MTFCC":"S1200"}},
{"type":"Feature","geometry":{"type":"LineString","coordinates":[[-157.7482,21.4212],[-157.749,21.42],[-157.752,21.4135],[-157.7557,21.4087],[-157.7577,21.4072],[-157.7623,21.4061],[-157.7658,21.4066]]},"properties":{"LINEARID":"110509752720","FULLNAME":"Mokapu Blvd","RTTYP":"M","MTFCC":"S1200"}},
{"type":"Feature","geometry":{"type":"LineString","coordinates":[[-158.2672,21.576],[-158.2589,21.5771],[-158.2565,21.5771],[-158.2506,21.5781],[-158.2477,21.5778],[-158.2371,21.579],[-158.2294,21.5785],[-158.2223,21.5778],[-158.2193,21.578],[-158.2085,21.581],[-158.2023,21.5811],[-158.1857,21.5808],[-158.1752,21.5791],[-158.1391,21.5703],[-158.1233,21.5664],[-158.1131,21.562]]},"properties":{"LINEARID":"110509758743","FULLNAME":"Farrington Hwy","RTTYP":"M","MTFCC":"S1200"}},
{"type":"Feature","geometry":{"type":"LineString","coordinates":[[-158.1035,21.5748],[-158.105,21.5759],[-158.1051,21.576],[-158.1063,21.5763],[-158.1065,21.5757],[-158.1065,21.5756],[-158.1069,21.5746]]},"properties":{"LINEARID":"1104258645955","FULLNAME":"State Rte 930","RTTYP":"S","MTFCC":"S1200"}},
{"type":"Feature","geometry":{"type":"LineString","coordinates":[[-157.7996,21.4029],[-157.7995,21.403],[-157.7991,21.4053],[-157.7991,21.4106],[-157.7999,21.413]]},"properties":{"LINEARID":"1104269506321","FULLNAME":"State Rte 830","RTTYP":"S","MTFCC":"S1200"}},
{"type":"Feature","geometry":{"type":"LineString","coordinates":[[-156.7388,21.1569],[-156.7404,21.1552],[-156.7399,21.1541],[-156.7345,21.1537],[-156.7356,21.1524],[-156.735,21.1495],[-156.736,21.1474],[-156.7349,21.1445],[-156.735,21.1406],[-156.7295,21.1353],[-156.7345,21.133],[-156.7346,21.1299],[-156.7327,21.128],[-156.7326,21.1267],[-156.7342,21.1235],[-156.7339,21.1198],[-156.7356,21.1192],[-156.7352,21.1168],[-156.7366,21.1151],[-156.7387,21.1139],[-156.741,21.1148],[-156.7399,21.1118],[-156.7421,21.111],[-156.7454,21.1107],[-156.7445,21.1085],[-156.7467,21.1054],[-156.7479,21.1052],[-156.7539,21.1003],[-156.7603,21.0961],[-156.7679,21.0906],[-156.7744,21.088],[-156.7775,21.0853],[-156.7803,21.0853],[-156.7881,21.0789],[-156.7916,21.0768],[-156.7936,21.0741],[-156.7989,21.0726],[-156.8048,21.0702],[-156.8135,21.0679],[-156.8218,21.066],[-156.8257,21.0633],[-156.8318,21.0612],[-156.8366,21.0572],[-156.8411,21.056],[-156.8427,21.0587],[-156.8473,21.0587],[-156.8499,21.058],[-156.8596,21.0565],[-156.8652,21.0559],[-156.8694,21.0537],[-156.8745,21.0524],[-156.8742,21.049],[-156.8748,21.0475],[-156.8777,21.0476],[-156.8853,21.0495],[-156.8912,21.0542],[-156.8935,21.0552],[-156.9019,21.0561],[-156.9101,21.0582],[-156.921,21.0603],[-156.9273,21.0611],[-156.9338,21.0613],[-156.9403,21.0629],[-156.9469,21.0638],[-156.9505,21.066],[-156.9525,21.0667],[-156.9579,21.0676],[-156.963,21.0692],[-156.9773,21.0725],[-156.981,21.0738],[-156.9898,21.0777],[-156.9956,21.079],[-157.0017,21.0815],[-157.005,21.0819],[-157.0118,21.0849],[-157.0169,21.0867],[-157.0197,21.0889],[-157.0226,21.0894]]},"properties":{"LINEARID":"1102888436811","FULLNAME":"State Rte 450","RTTYP":"S","MTFCC":"S1200"}},
{"type":"Feature","geometry":{"type":"LineString","coordinates":[[-159.5861,21.9024],[-159.5882,21.9001]]},"properties":{"LINEARID":"1104977740838","FULLNAME":"State Rte 541","RTTYP":"S","MTFCC":"S1200"}},
{"type":"Feature","geometry":{"type":"LineString","coordinates":[[-159.3128,22.082],[-159.3162,22.0821],[-159.3207,22.0796],[-159.3225,22.0772],[-159.3242,22.0731],[-159.3274,22.0723],[-159.3298,22.0724],[-159.3325,22.0721],[-159.3339,22.0684],[-159.3363,22.0663],[-159.3363,22.0637],[-159.3349,22.0611],[-159.3314,22.0579],[-159.3299,22.0547]]},"properties":{"LINEARID":"1104257989372","FULLNAME":"State Rte 5600","RTTYP":"S","MTFCC":"S1200"}},
{"type":"Feature","geometry":{"type":"LineString","coordinates":[[-159.4697,22.2116],[-159.4712,22.2128],[-159.4734,22.2131]]},"properties":{"LINEARID":"1104977737796","FULLNAME":"Kuhio Hwy","RTTYP":"M","MTFCC":"S1200"}},
{"type":"Feature","geometry":{"type":"LineString","coordinates":[[-159.6696,22.1155],[-159.6713,22.1122],[-159.6702,22.1102],[-159.673,22.1063],[-159.6745,22.1058],[-159.6773,22.1016],[-159.6761,22.0959],[-159.6735,22.0939],[-159.6734,22.0914],[-159.6704,22.0874],[-159.6678,22.0801],[-159.6641,22.0744],[-159.666,22.0728],[-159.6625,22.0688],[-159.6623,22.0647],[-159.6645,22.0625],[-159.6634,22.0611],[-159.6639,22.0585],[-159.6626,22.0545],[-159.66,22.0515],[-159.6595,22.0485],[-159.6614,22.0488],[-159.6614,22.0462],[-159.6633,22.0451],[-159.6626,22.0425],[-159.6645,22.0391],[-159.6666,22.0385],[-159.6652,22.0369],[-159.6684,22.0342],[-159.6718,22.0314],[-159.672,22.029],[-159.673,22.0269],[-159.6728,22.0241],[-159.6752,22.0223],[-159.674,22.0202],[-159.6741,22.0187],[-159.6775,22.012],[-159.6759,22.0103],[-159.6782,22.0052],[-159.6776,22.0008],[-159.6765,21.9959],[-159.6753,21.9933],[-159.6724,21.9908],[-159.6725,21.9875],[-159.6716,21.9847],[-159.6675,21.9798],[-159.6641,21.9777],[-159.6638,21.9747],[-159.6642,21.9717],[-159.6638,21.9683],[-159.6642,21.9631],[-159.6674,21.965],[-159.668,21.9637],[-159.667,21.9613],[-159.6698,21.9603],[-159.672,21.9574]]},"properties":{"LINEARID":"1104977737354","FULLNAME":"State Rte 550","RTTYP":"S","MTFCC":"S1200"}},
{"type":"Feature","geometry":{"type":"LineString","coordinates":[[-159.5082,21.9265],[-159.5075,21.9226],[-159.5041,21.9214],[-159.5004,21.9183],[-159.4912,21.9169],[-159.4868,21.916],[-159.4812,21.9098],[-159.4767,21.9068],[-159.4722,21.9069],[-159.4667,21.9036]]},"properties":{"LINEARID":"11055908042","FULLNAME":"Co Rte 530","RTTYP":"C","MTFCC":"S1200"}},
{"type":"Feature","geometry":{"type":"LineString","coordinates":[[-159.3468,22.0007],[-159.3485,22.0002],[-159.3506,21.9977],[-159.355,21.9943],[-159.3615,21.9921],[-159.3658,21.9914],[-159.3662,21.9868],[-159.3676,21.981],[-159.3686,21.9775]]},"properties":{"LINEARID":"1104977740682","FULLNAME":"State Rte 56","RTTYP":"S","MTFCC":"S1200"}},
{"type":"Feature","geometry":{"type":"LineString","coordinates":[[-159.3349,22.0611],[-159.3314,22.0579],[-159.3299,22.0547]]},"properties":{"LINEARID":"1104257992749","FULLNAME":"Kapaa Bypass Rd","RTTYP":"M","MTFCC":"S1200"}},
{"type":"Feature","geometry":{"type":"LineString","coordinates":[[-156.0619,20.6513],[-156.0645,20.6491],[-156.0712,20.6501],[-156.0782,20.6516],[-156.0812,20.6506],[-156.0829,20.6483],[-156.085,20.6482],[-156.0854,20.6466],[-156.0871,20.6451],[-156.0917,20.6438],[-156.0948,20.6443],[-156.0965,20.6419],[-156.098,20.6425],[-156.0999,20.6448],[-156.1007,20.6419],[-156.1031,20.641],[-156.1044,20.6415],[-156.1116,20.6401],[-156.1123,20.6392],[-156.1176,20.639],[-156.1222,20.6365],[-156.1268,20.6342],[-156.1389,20.6344],[-156.1502,20.6318],[-156.1565,20.6311],[-156.1573,20.6303],[-156.1621,20.6288],[-156.1653,20.6291],[-156.1675,20.6287],[-156.1686,20.6298],[-156.171,20.6304],[-156.1725,20.6278],[-156.1751,20.6275],[-156.1789,20.6284],[-156.181,20.6282],[-156.192,20.6302],[-156.1958,20.6287],[-156.203,20.6286],[-156.2085,20.6254],[-156.2105,20.6247],[-156.2141,20.6251],[-156.2154,20.6237],[-156.2172,20.6235],[-156.2234,20.6199],[-156.2294,20.6198],[-156.2368,20.6182],[-156.244,20.6181],[-156.2498,20.6187],[-156.2514,20.6194],[-156.2541,20.618],[-156.2603,20.6164],[-156.2642,20.616],[-156.2682,20.6169],[-156.2763,20.6153],[-156.2829,20.6151],[-156.286,20.6145],[-156.2907,20.6145],[-156.2975,20.6124],[-156.3013,20.6127],[-156.3048,20.6101],[-156.3071,20.6097],[-156.3096,20.6103],[-156.3171,20.6136],[-156.3242,20.6145],[-156.3349,20.6141],[-156.3392,20.6141],[-156.3466,20.6134],[-156.3512,20.6141],[-156.3572,20.6156],[-156.3606,20.6171],[-156.3682,20.6191],[-156.3797,20.6218],[-156.386,20.6239],[-156.3897,20.6248],[-156.3933,20.6269],[-156.3966,20.6292],[-156.397,20.6318],[-156.4,20.6343],[-156.4054,20.6363],[-156.4066,20.6383],[-156.4085,20.6434],[-156.4107,20.6448],[-156.4112,20.6475],[-156.4121,20.6481]]},"properties":{"LINEARID":"1106092759190","FULLNAME":"Piilani Hwy","RTTYP":"M","MTFCC":"S1200"}},
{"type":"Feature","geometry":{"type":"LineString","coordinates":[[-156.457,20.8684],[-156.4573,20.8657],[-156.4631,20.8441],[-156.4633,20.8421],[-156.4663,20.8306],[-156.4684,20.8129],[-156.4681,20.8079],[-156.4638,20.7908],[-156.463,20.7874],[-156.462,20.7858],[-156.462,20.7857]]},"properties":{"LINEARID":"1104258408856","FULLNAME":"Mokulele Hwy","RTTYP":"M","MTFCC":"S1200"}},
{"type":"Feature","geometry":{"type":"LineString","coordinates":[[-156.6088,21.0177],[-156.6092,21.0203],[-156.608,21.021],[-156.6087,21.0233],[-156.6064,21.0237],[-156.6043,21.025],[-156.6054,21.0261],[-156.604,21.0275],[-156.6017,21.027],[-156.6001,21.0296],[-156.5969,21.03],[-156.5946,21.0288],[-156.5931,21.0242],[-156.5912,21.0247],[-156.5886,21.0234],[-156.5901,21.0202],[-156.5876,21.0201],[-156.5873,21.0184],[-156.5812,21.016],[-156.5802,21.0136],[-156.5787,21.0157],[-156.5774,21.0147],[-156.5758,21.0159],[-156.5737,21.0145],[-156.5709,21.014],[-156.5674,21.0114],[-156.5622,21.0112],[-156.5569,21.0069],[-156.5564,21.0031],[-156.5535,20.9999],[-156.5547,20.9981],[-156.5488,20.9961],[-156.5474,20.995],[-156.5455,20.9969],[-156.5444,20.9961],[-156.5437,20.9916],[-156.5454,20.9888],[-156.5451,20.9867],[-156.5434,20.985],[-156.5459,20.9818],[-156.5444,20.9802],[-156.541,20.9792],[-156.5422,20.978],[-156.5427,20.9752],[-156.5387,20.9767],[-156.5382,20.9779],[-156.5361,20.9775],[-156.5344,20.9745],[-156.5361,20.9722],[-156.5377,20.9715],[-156.5386,20.9696],[-156.5384,20.967],[-156.5367,20.9655],[-156.5356,20.9665],[-156.5334,20.9648],[-156.5319,20.9615],[-156.5336,20.9603],[-156.5339,20.9572],[-156.5322,20.9577],[-156.5312,20.9591],[-156.5253,20.9583],[-156.5258,20.956],[-156.5243,20.9544],[-156.5201,20.9539],[-156.5175,20.9512],[-156.5181,20.9494],[-156.5178,20.9474],[-156.516,20.9441],[-156.5137,20.9425],[-156.5143,20.94],[-156.5139,20.9359],[-156.5101,20.9292],[-156.5054,20.9257],[-156.4988,20.9204],[-156.4978,20.9176]]},"properties":{"LINEARID":"1104468777660","FULLNAME":"Kahekili Hwy","RTTYP":"M","MTFCC":"S1200"}}
]}