{"type": "FeatureCollection", "features": [{"type": "Feature", "properties": {"id": "new_orleans", "state": "LA", "name": "New Orleans", "alandM2": 439001672}, "geometry": {"type": "Polygon", "coordinates": [[[-90.140074, 29.947904], [-90.137602, 29.951489], [-90.137411, 29.952033], [-90.136293, 29.954155], [-90.134824, 29.956742], [-90.130741, 29.963919], [-90.130195, 29.963923], [-90.127662, 29.968343], [-90.126559, 29.970265], [-90.125831, 29.972204], [-90.125025, 29.97371], [-90.124861, 29.975817], [-90.124874, 29.976303], [-90.12397, 29.98757], [-90.123354, 29.995778], [-90.122957, 30.000071], [-90.122354, 30.006807], [-90.121776, 30.012944], [-90.121166, 30.019977], [-90.120952, 30.022343], [-90.120985, 30.023548], [-90.119919, 30.028689], [-90.118541, 30.029845], [-90.11884, 30.032291], [-90.119373, 30.036637], [-90.098522, 30.161173], [-90.082527, 30.1572], [-90.069671, 30.155399], [-90.040277, 30.155114], [-90.008071, 30.161656], [-90.003403, 30.162997], [-89.974424, 30.176177], [-89.962241, 30.179167], [-89.903234, 30.19866], [-89.897892, 30.197846], [-89.891062, 30.196285], [-89.866205, 30.191433], [-89.820793, 30.180002], [-89.817822, 30.177997], [-89.797414, 30.160757], [-89.775915, 30.159404], [-89.755318, 30.16975], [-89.752317, 30.172055], [-89.74859, 30.175882], [-89.74544, 30.17745], [-89.741026, 30.1768], [-89.736773, 30.174671], [-89.733433, 30.171818], [-89.726163, 30.164675], [-89.720708, 30.161482], [-89.719338, 30.16103], [-89.715686, 30.160841], [-89.711724, 30.161983], [-89.697615, 30.168209], [-89.695956, 30.170128], [-89.694118, 30.173084], [-89.692574, 30.174239], [-89.687934, 30.175486], [-89.685287, 30.175346], [-89.680138, 30.17364], [-89.664768, 30.166794], [-89.660446, 30.16343], [-89.658775, 30.161431], [-89.655406, 30.159304], [-89.654189, 30.158917], [-89.644016, 30.15843], [-89.640503, 30.158234], [-89.629128, 30.156092], [-89.6255220964543, 30.1550612060587], [-89.628658, 30.149781], [-89.631273, 30.144437], [-89.635002, 30.14316], [-89.640989, 30.138612], [-89.656986, 30.118381], [-89.6585941163035, 30.1173638624824], [-89.6681639819669, 30.1113108989101], [-89.669182, 30.110667], [-89.678163, 30.108286], [-89.68071, 30.104555], [-89.684275, 30.084608], [-89.684919, 30.075226], [-89.70727, 30.069959], [-89.712942, 30.069088], [-89.720878, 30.068359], [-89.725394, 30.065068], [-89.733, 30.052725], [-89.73086, 30.045113], [-89.726384, 30.041479], [-89.717207, 30.028419], [-89.724649, 30.022454], [-89.733323, 30.022054], [-89.7343606322733, 30.0228840585891], [-89.7390279434469, 30.0266176950878], [-89.748592, 30.035899], [-89.75344, 30.038735], [-89.758194, 30.040998], [-89.767938, 30.04573], [-89.793608, 30.046965], [-89.818327, 30.04573], [-89.8201990181084, 30.0425449596527], [-89.821053, 30.041092], [-89.845897, 30.021244], [-89.853987, 30.010489], [-89.858546, 30.008321], [-89.860269, 30.003113], [-89.861926, 29.999437], [-89.864234, 29.998608], [-89.86535, 29.997084], [-89.863357, 29.995158], [-89.859236, 29.992622], [-89.859057, 29.991353], [-89.861173, 29.988795], [-89.863053, 29.987717], [-89.866808, 29.988725], [-89.868364, 29.992221], [-89.869976, 29.993061], [-89.871658, 29.992459], [-89.873956, 29.98892], [-89.876022, 29.986985], [-89.879699, 29.985443], [-89.881599, 29.9862], [-89.88448, 29.993569], [-89.885206, 29.996453], [-89.888143, 29.997294], [-89.889919, 30.000019], [-89.897407, 30.000739], [-89.904392, 30.00246], [-89.905434, 30.001408], [-89.906883, 30.001262], [-89.914168, 29.999098], [-89.918994, 29.993887], [-89.923815, 29.991285], [-89.923843, 29.989437], [-89.925301, 29.989549], [-89.929794, 29.987679], [-89.931236, 29.987788], [-89.934407, 29.986676], [-89.937677, 29.984489], [-89.940075, 29.980148], [-89.945365, 29.982401], [-89.946216, 29.98235], [-89.949599, 29.981248], [-89.955024, 29.982978], [-89.955537, 29.986173], [-89.956553, 29.987081], [-89.958075, 29.986997], [-89.960552, 29.986111], [-89.962409, 29.987956], [-89.965086, 29.989853], [-89.966813, 29.989822], [-89.970984, 29.993617], [-89.97258, 29.994798], [-89.974291, 29.994692], [-89.975619, 29.993837], [-89.979592, 29.990323], [-89.980781, 29.987955], [-89.983463, 29.987012], [-89.984551, 29.987195], [-89.989882, 29.98949], [-89.991589, 29.985536], [-89.991173, 29.984625], [-89.992385, 29.982371], [-89.995527, 29.97265], [-89.996539, 29.973076], [-89.998675, 29.973703], [-89.999969, 29.9715], [-90.006408, 29.958288], [-90.007815, 29.955134], [-90.012102, 29.94598], [-90.008158, 29.943704], [-89.997492, 29.937183], [-89.992541, 29.934175], [-89.989233, 29.932306], [-89.985051, 29.930173], [-89.97768, 29.927373], [-89.972001, 29.925456], [-89.969768, 29.924702], [-89.960702, 29.923846], [-89.943353, 29.924454], [-89.938661, 29.924536], [-89.936608, 29.924322], [-89.932187, 29.923213], [-89.924365, 29.918816], [-89.921019, 29.915729], [-89.91681, 29.910391], [-89.912162, 29.903379], [-89.910265, 29.9007], [-89.908272, 29.897956], [-89.907784, 29.897151], [-89.90574, 29.893456], [-89.903284, 29.887441], [-89.902411, 29.882887], [-89.902363, 29.880796], [-89.902988, 29.876953], [-89.907269, 29.870369], [-89.910708, 29.867865], [-89.913491, 29.867321], [-89.914512, 29.867212], [-89.917587, 29.866661], [-89.920469, 29.871636], [-89.935394, 29.892961], [-89.959014, 29.902637], [-89.976908, 29.902702], [-89.977273, 29.902019], [-89.979234, 29.902289], [-89.984523, 29.904186], [-89.987266, 29.905004], [-89.989183, 29.889388], [-89.993859, 29.892465], [-89.995118, 29.893289], [-90.002273, 29.897806], [-90.002521, 29.892348], [-90.008056, 29.895528], [-90.008148, 29.896896], [-90.014385, 29.902957], [-90.018297, 29.906829], [-90.021228, 29.909593], [-90.022794, 29.91108], [-90.031995, 29.919782], [-90.039491, 29.926858], [-90.041871, 29.929013], [-90.04336, 29.930401], [-90.045102, 29.93224], [-90.047791, 29.934822], [-90.052388, 29.939148], [-90.053028, 29.939505], [-90.058547, 29.945334], [-90.058372, 29.943004], [-90.058044, 29.938818], [-90.05803, 29.937708], [-90.062472, 29.926004], [-90.063372, 29.925304], [-90.067372, 29.921904], [-90.068752, 29.921069], [-90.072572, 29.919004], [-90.080559, 29.916167], [-90.085573, 29.914405], [-90.091073, 29.912805], [-90.100873, 29.910005], [-90.104366, 29.908829], [-90.107155, 29.90849], [-90.116509, 29.908707], [-90.12515, 29.910199], [-90.127428, 29.910859], [-90.132474, 29.913005], [-90.138574, 29.918805], [-90.139274, 29.924904], [-90.139074, 29.932404], [-90.138974, 29.938404], [-90.139486, 29.942823]]]}}, {"type": "Feature", "properties": {"id": "los_angeles", "state": "CA", "name": "Los Angeles", "alandM2": 1218633372}, "geometry": {"type": "Polygon", "coordinates": [[[-118.668162, 34.184141], [-118.657449, 34.189818], [-118.656606, 34.196757], [-118.667977, 34.199159], [-118.667799, 34.209329], [-118.652375, 34.216419], [-118.65839, 34.223495], [-118.648695, 34.231201], [-118.630668, 34.238139], [-118.632494, 34.240391], [-118.633281, 34.268322], [-118.625844, 34.27481], [-118.605647, 34.277756], [-118.591699, 34.28023], [-118.588101, 34.302925], [-118.56742, 34.294953], [-118.559767, 34.299192], [-118.546701, 34.297867], [-118.543672, 34.305715], [-118.543439, 34.316681], [-118.508341, 34.33389], [-118.484403, 34.330279], [-118.445912, 34.329938], [-118.420741, 34.327723], [-118.412207, 34.325904], [-118.405113, 34.327595], [-118.396891, 34.319814], [-118.400786, 34.316436], [-118.403881, 34.31005], [-118.401052, 34.30067], [-118.409072, 34.293659], [-118.40749, 34.287184], [-118.40124, 34.287972], [-118.400631, 34.291351], [-118.396743, 34.296983], [-118.387379, 34.296943], [-118.386859, 34.291532], [-118.381859, 34.283897], [-118.374801, 34.28366], [-118.373518, 34.284418], [-118.37135, 34.282343], [-118.364279, 34.280765], [-118.351729, 34.282475], [-118.299478, 34.286096], [-118.286307, 34.292075], [-118.238789, 34.281589], [-118.2565, 34.252266], [-118.265999, 34.243892], [-118.266773, 34.235319], [-118.266803, 34.231235], [-118.328899, 34.221378], [-118.339567, 34.211301], [-118.34971, 34.206662], [-118.362171, 34.201419], [-118.370313, 34.196379], [-118.359404, 34.183063], [-118.357758, 34.172162], [-118.354861, 34.165231], [-118.352138, 34.159033], [-118.34974, 34.153432], [-118.340901, 34.145455], [-118.325341, 34.153514], [-118.315818, 34.154453], [-118.307812, 34.16114], [-118.29883, 34.157683], [-118.282777, 34.156806], [-118.277683, 34.153207], [-118.272265, 34.146764], [-118.265401, 34.133421], [-118.254258, 34.118761], [-118.25364, 34.123303], [-118.236057, 34.126607], [-118.235687, 34.134496], [-118.22929, 34.1356], [-118.228787, 34.140252], [-118.228577, 34.145881], [-118.228084, 34.146721], [-118.222455, 34.149254], [-118.20944, 34.146419], [-118.198191, 34.151626], [-118.184561, 34.145401], [-118.180758, 34.14083], [-118.183236, 34.139621], [-118.185591, 34.138958], [-118.18604, 34.133833], [-118.180193, 34.126425], [-118.176955, 34.123141], [-118.166281, 34.126174], [-118.167472, 34.121105], [-118.175469, 34.113118], [-118.177993, 34.110323], [-118.178137, 34.104068], [-118.177994, 34.100361], [-118.162182, 34.09867], [-118.155292, 34.098576], [-118.16066, 34.093441], [-118.160524, 34.086348], [-118.161761, 34.074635], [-118.162467, 34.069688], [-118.173318, 34.061985], [-118.192625, 34.061762], [-118.192528, 34.050577], [-118.192489, 34.046081], [-118.192479, 34.040466], [-118.191291, 34.034417], [-118.192331, 34.027955], [-118.192252, 34.018867], [-118.192125, 34.012921], [-118.205173, 34.012685], [-118.205362, 34.01276], [-118.212698, 34.014295], [-118.239708, 34.014713], [-118.237918, 33.989393], [-118.247748, 33.989493], [-118.256439, 33.983409], [-118.256395, 33.971198], [-118.256394, 33.964703], [-118.255899, 33.960169], [-118.255929, 33.953276], [-118.249138, 33.943273], [-118.24745, 33.954257], [-118.238547, 33.95327], [-118.228237, 33.946625], [-118.228753, 33.938874], [-118.230899, 33.931691], [-118.239872, 33.929515], [-118.253806, 33.927981], [-118.256512, 33.923096], [-118.269544, 33.923107], [-118.277534, 33.922433], [-118.282233, 33.909176], [-118.282729, 33.885466], [-118.281627, 33.870297], [-118.285211, 33.860481], [-118.285254, 33.854157], [-118.299207, 33.846319], [-118.299192, 33.831549], [-118.29907, 33.820215], [-118.298491, 33.813363], [-118.298796, 33.806248], [-118.295918, 33.797785], [-118.282997, 33.798241], [-118.264625, 33.804496], [-118.256797, 33.799526], [-118.227342, 33.799839], [-118.228066, 33.824195], [-118.224576, 33.824288], [-118.222436, 33.804448], [-118.227512, 33.790368], [-118.220749, 33.782623], [-118.24334956992, 33.7425158771386], [-118.251105, 33.724213], [-118.257296, 33.716607], [-118.27417, 33.719232], [-118.283692, 33.715995], [-118.277436, 33.707992], [-118.283935, 33.708874], [-118.288154, 33.706036], [-118.296600212717, 33.7088897421142], [-118.313639220753, 33.7146382485525], [-118.320359, 33.717186], [-118.324075414676, 33.7186525006033], [-118.326701, 33.729416], [-118.318512, 33.734782], [-118.318751, 33.738367], [-118.319915, 33.74109], [-118.319418, 33.742626], [-118.318022, 33.74684], [-118.309271, 33.749523], [-118.309087, 33.757728], [-118.309038, 33.760515], [-118.310652, 33.76623], [-118.307826, 33.779328], [-118.30894, 33.782216], [-118.308694, 33.78686], [-118.308701, 33.79149], [-118.308781, 33.800958], [-118.308254, 33.809014], [-118.308924, 33.817038], [-118.309019, 33.825625], [-118.30912, 33.838077], [-118.309137, 33.847393], [-118.309148, 33.865608], [-118.299143, 33.870531], [-118.298068, 33.865553], [-118.291084, 33.876761], [-118.291432, 33.885216], [-118.291771, 33.894202], [-118.291639, 33.911271], [-118.291542, 33.927324], [-118.291616, 33.934575], [-118.291632, 33.942317], [-118.291619, 33.948706], [-118.29161, 33.952791], [-118.295879, 33.959505], [-118.300255, 33.954306], [-118.300262, 33.949999], [-118.302452, 33.94679], [-118.305187, 33.9432], [-118.309025, 33.93821], [-118.31772, 33.945463], [-118.317757, 33.963648], [-118.321887, 33.970796], [-118.32648, 33.967267], [-118.335212, 33.972691], [-118.335186, 33.981758], [-118.3454, 33.981705], [-118.357004, 33.981674], [-118.360978, 33.981661], [-118.370118, 33.977272], [-118.370148, 33.967993], [-118.371239, 33.963367], [-118.378834, 33.95748], [-118.372541, 33.952662], [-118.370035, 33.943104], [-118.368375, 33.929021], [-118.378869, 33.930923], [-118.403966, 33.931299], [-118.428769, 33.930891], [-118.42766, 33.923582], [-118.424391, 33.919958], [-118.435928490448, 33.9302721667532], [-118.450430108041, 33.9572693180582], [-118.465445925748, 33.9757104192308], [-118.47229462938, 33.9838264543145], [-118.479917, 33.997353], [-118.473584, 34.000682], [-118.458757, 34.008556], [-118.448866, 34.022971], [-118.457078, 34.029713], [-118.464594, 34.035957], [-118.47096, 34.041276], [-118.477869, 34.046379], [-118.479647, 34.045107], [-118.491825, 34.048302], [-118.503965, 34.040724], [-118.508672, 34.032975], [-118.516691930665, 34.0257651615713], [-118.543846, 34.039031], [-118.566043, 34.04162], [-118.570165, 34.051728], [-118.598045, 34.076214], [-118.577617, 34.135065], [-118.612246, 34.148229], [-118.629939, 34.149864], [-118.638483, 34.157597], [-118.64127, 34.157924], [-118.641975, 34.161975], [-118.654264, 34.169427], [-118.658589, 34.176749]]]}}, {"type": "Feature", "properties": {"id": "jacksonville", "state": "FL", "name": "Jacksonville", "alandM2": 1935396345}, "geometry": {"type": "Polygon", "coordinates": [[[-82.049331, 30.27334], [-82.049236, 30.273432], [-82.037542, 30.283457], [-82.024033, 30.295236], [-82.011499, 30.306117], [-81.952432, 30.359343], [-81.935495, 30.373981], [-81.915929, 30.391637], [-81.866291, 30.436259], [-81.83454, 30.464325], [-81.831212, 30.467449], [-81.801932, 30.494656], [-81.794918, 30.505406], [-81.781624, 30.503336], [-81.765316, 30.518652], [-81.756141, 30.53115], [-81.749623, 30.531452], [-81.745815, 30.53211], [-81.743343, 30.531982], [-81.74127, 30.533268], [-81.740152, 30.534517], [-81.738419, 30.536242], [-81.737232, 30.536766], [-81.737483, 30.540387], [-81.735198, 30.542138], [-81.737651, 30.543399], [-81.735651, 30.54486], [-81.736789, 30.547088], [-81.734135, 30.546185], [-81.737306, 30.5484], [-81.737779, 30.549861], [-81.736282, 30.552566], [-81.733494, 30.551484], [-81.734235, 30.55354], [-81.734524, 30.556468], [-81.736311, 30.557089], [-81.73521, 30.559031], [-81.731123, 30.556987], [-81.729813, 30.558256], [-81.730935, 30.562417], [-81.728281, 30.562546], [-81.726786, 30.559444], [-81.725551, 30.561335], [-81.725168, 30.563527], [-81.72908, 30.56448], [-81.729104, 30.565445], [-81.725778, 30.565894], [-81.723168, 30.567316], [-81.722444, 30.570939], [-81.721883, 30.571934], [-81.717738, 30.57133], [-81.71594, 30.571236], [-81.711547, 30.567906], [-81.710591, 30.566346], [-81.708118, 30.566701], [-81.703935, 30.56736], [-81.705125, 30.56515], [-81.704592, 30.563643], [-81.700993, 30.56393], [-81.701552, 30.565926], [-81.69873, 30.569338], [-81.69756, 30.569643], [-81.695188, 30.565866], [-81.696155, 30.56379], [-81.693067, 30.564099], [-81.693153, 30.566494], [-81.68813, 30.566303], [-81.688468, 30.564266], [-81.686411, 30.562908], [-81.685537, 30.564942], [-81.681144, 30.563028], [-81.677568, 30.562139], [-81.674917, 30.565774], [-81.673941, 30.566187], [-81.669397, 30.563301], [-81.669702, 30.562753], [-81.672938, 30.560085], [-81.667833, 30.560671], [-81.667674, 30.557609], [-81.671543, 30.557155], [-81.672616, 30.556075], [-81.668498, 30.554813], [-81.663733, 30.550842], [-81.660113, 30.551575], [-81.658633, 30.552831], [-81.662283, 30.554587], [-81.662395, 30.557233], [-81.660952, 30.558281], [-81.661564, 30.560094], [-81.659413, 30.562831], [-81.659623, 30.565295], [-81.656179, 30.570033], [-81.654929, 30.570875], [-81.650501, 30.573028], [-81.650808, 30.575533], [-81.649078, 30.576795], [-81.646006, 30.575618], [-81.643591, 30.579496], [-81.641857, 30.580089], [-81.638609, 30.578267], [-81.637016, 30.578316], [-81.634498, 30.581801], [-81.628677, 30.583547], [-81.624513, 30.586232], [-81.622809, 30.58411], [-81.616992, 30.580628], [-81.614382, 30.58018], [-81.609388, 30.584758], [-81.607896, 30.585475], [-81.604313, 30.584029], [-81.606945, 30.580174], [-81.611002, 30.575938], [-81.608717, 30.574892], [-81.603325, 30.572586], [-81.601568, 30.569545], [-81.603578, 30.566736], [-81.607728, 30.566341], [-81.614177, 30.563052], [-81.613484, 30.560339], [-81.610651, 30.555005], [-81.60963, 30.553965], [-81.605723, 30.554401], [-81.604204, 30.558586], [-81.598668, 30.561119], [-81.597224, 30.561835], [-81.589767, 30.566215], [-81.586535, 30.566688], [-81.584406, 30.565988], [-81.584274, 30.560014], [-81.58571, 30.557919], [-81.588803, 30.550468], [-81.588915, 30.549047], [-81.58541, 30.544206], [-81.579749, 30.539533], [-81.567809, 30.536636], [-81.564956, 30.53752], [-81.559258, 30.542545], [-81.555251, 30.544528], [-81.550688, 30.539783], [-81.551003, 30.534793], [-81.54911, 30.52842], [-81.546953, 30.525939], [-81.543018, 30.523889], [-81.537209, 30.524113], [-81.530238, 30.52629], [-81.529089, 30.528037], [-81.525184, 30.533397], [-81.521375, 30.538801], [-81.519783, 30.546679], [-81.521014, 30.550537], [-81.515382, 30.565801], [-81.514014, 30.567337], [-81.499575, 30.563793], [-81.490962, 30.554623], [-81.488003, 30.542168], [-81.484397, 30.537444], [-81.459789, 30.524731], [-81.458952, 30.524203], [-81.455926, 30.513383], [-81.443699, 30.498788], [-81.415589, 30.484758], [-81.413197, 30.482909], [-81.410159, 30.453465], [-81.408278, 30.44066], [-81.412475, 30.422891], [-81.40371, 30.409094], [-81.410013, 30.403518], [-81.4113168929912, 30.4024061983869], [-81.411581, 30.402181], [-81.404811, 30.397206], [-81.402998, 30.394585], [-81.393469, 30.395553], [-81.3970987720554, 30.3813304907148], [-81.398048, 30.361697], [-81.3979940052639, 30.3608011556277], [-81.407877, 30.360251], [-81.406884, 30.356378], [-81.408393, 30.35489], [-81.413661, 30.354935], [-81.413376, 30.344187], [-81.412427, 30.344195], [-81.411089, 30.340522], [-81.413256, 30.340515], [-81.426157, 30.340366], [-81.437168, 30.34028], [-81.438005, 30.337962], [-81.437786, 30.335884], [-81.438526, 30.323343], [-81.438014, 30.321854], [-81.426107, 30.313841], [-81.424615, 30.306987], [-81.421153, 30.288172], [-81.420011, 30.275996], [-81.420993, 30.271152], [-81.421901, 30.268227], [-81.42655, 30.260561], [-81.428255, 30.257421], [-81.430186, 30.252243], [-81.434315, 30.252344], [-81.436585, 30.237046], [-81.434324, 30.134688], [-81.433737, 30.106028], [-81.433783, 30.105536], [-81.478979, 30.104784], [-81.494496, 30.104456], [-81.514381, 30.104157], [-81.538707, 30.103748], [-81.556216, 30.117796], [-81.557966, 30.117082], [-81.559987, 30.117011], [-81.564333, 30.117465], [-81.565373, 30.117963], [-81.572299, 30.120464], [-81.573716, 30.120573], [-81.576756, 30.122907], [-81.580882, 30.1261], [-81.590511, 30.125841], [-81.601212, 30.130541], [-81.612312, 30.132941], [-81.613199, 30.132994], [-81.629184, 30.131511], [-81.641665, 30.125522], [-81.680215, 30.12124], [-81.691815, 30.142339], [-81.690216, 30.16134], [-81.690436, 30.169104], [-81.681716, 30.18144], [-81.679626, 30.190495], [-81.694322, 30.19126], [-81.698839, 30.191488], [-81.703279, 30.18906], [-81.703442, 30.189034], [-81.707592, 30.190657], [-81.7088, 30.191208], [-81.717621, 30.191108], [-81.725203, 30.191008], [-81.738924, 30.189321], [-81.739472, 30.189329], [-81.764308, 30.189339], [-81.798227, 30.188998], [-81.808633, 30.18904], [-81.825865, 30.18875], [-81.826533, 30.188739], [-81.837585, 30.188624], [-81.845945, 30.188538], [-81.868048, 30.188018], [-81.9204, 30.186941], [-81.95552, 30.186327], [-82.020311, 30.186933], [-82.049411, 30.186933]]]}}, {"type": "Feature", "properties": {"id": "san_antonio", "state": "TX", "name": "San Antonio", "alandM2": 1292201991}, "geometry": {"type": "Polygon", "coordinates": [[[-98.812196, 29.566418], [-98.805799, 29.57212], [-98.790785, 29.566455], [-98.799505, 29.5937], [-98.783086, 29.587785], [-98.779947, 29.578762], [-98.774555, 29.59782], [-98.75327, 29.606318], [-98.737388, 29.606339], [-98.725883, 29.60342], [-98.720284, 29.598167], [-98.710001, 29.586405], [-98.70211, 29.574514], [-98.713784, 29.5788], [-98.723842, 29.555234], [-98.754822, 29.522292], [-98.733238, 29.507154], [-98.728213, 29.5046], [-98.720026, 29.505134], [-98.708798, 29.507438], [-98.694066, 29.524224], [-98.686479, 29.537955], [-98.701573, 29.543981], [-98.689325, 29.54482], [-98.684113, 29.543074], [-98.672645, 29.550924], [-98.670417, 29.560072], [-98.66301, 29.569803], [-98.678201, 29.569511], [-98.675517, 29.576138], [-98.66987, 29.584139], [-98.679008, 29.595555], [-98.673698, 29.605521], [-98.669051, 29.618788], [-98.644186, 29.623235], [-98.650983, 29.630832], [-98.64627, 29.637039], [-98.633386, 29.646369], [-98.635049, 29.657871], [-98.635477, 29.664474], [-98.644451, 29.671998], [-98.633262, 29.670094], [-98.626547, 29.675243], [-98.631693, 29.679183], [-98.630021, 29.706194], [-98.623783, 29.717908], [-98.62038, 29.718088], [-98.626895, 29.70556], [-98.612728, 29.671278], [-98.595465, 29.645996], [-98.587281, 29.630204], [-98.570098, 29.623255], [-98.551, 29.626961], [-98.519289, 29.634487], [-98.518521, 29.645793], [-98.509302, 29.659407], [-98.504602, 29.671138], [-98.485405, 29.662064], [-98.469223, 29.654877], [-98.45513, 29.657497], [-98.452781, 29.668754], [-98.457756, 29.675893], [-98.453884, 29.69306], [-98.454079, 29.70291], [-98.449004, 29.712852], [-98.44264, 29.715633], [-98.448295, 29.694788], [-98.446521, 29.688746], [-98.447037, 29.678943], [-98.447728, 29.666031], [-98.434939, 29.661128], [-98.4253, 29.647494], [-98.407398, 29.634474], [-98.376979, 29.638255], [-98.37917, 29.631186], [-98.369358, 29.644695], [-98.348659, 29.64581], [-98.343791, 29.636747], [-98.357177, 29.634238], [-98.358209, 29.615933], [-98.348461, 29.607558], [-98.327817, 29.605819], [-98.328791, 29.595142], [-98.34485, 29.577243], [-98.356428, 29.569885], [-98.352082, 29.561858], [-98.357727, 29.550112], [-98.356387, 29.542018], [-98.361094, 29.537159], [-98.380996, 29.525491], [-98.390132, 29.524278], [-98.397102, 29.510272], [-98.383662, 29.49819], [-98.393287, 29.497853], [-98.391223, 29.51022], [-98.371615, 29.510403], [-98.359343, 29.50177], [-98.347298, 29.498615], [-98.337411, 29.508654], [-98.341997, 29.500593], [-98.349167, 29.492292], [-98.344379, 29.488897], [-98.351262, 29.485014], [-98.359657, 29.478473], [-98.368604, 29.459921], [-98.375097, 29.459702], [-98.375272, 29.472935], [-98.374105, 29.476699], [-98.39855, 29.463745], [-98.401056, 29.454104], [-98.392069, 29.452048], [-98.381217, 29.450448], [-98.369734, 29.454991], [-98.338039, 29.45448], [-98.330202, 29.457006], [-98.308105, 29.462571], [-98.299847, 29.481026], [-98.298476, 29.487608], [-98.286982, 29.487352], [-98.281003, 29.480658], [-98.289425, 29.470453], [-98.254936, 29.477875], [-98.2301, 29.486166], [-98.222708, 29.485847], [-98.25585, 29.475042], [-98.2677, 29.461108], [-98.264161, 29.471285], [-98.26959, 29.45322], [-98.282556, 29.454268], [-98.289737, 29.45785], [-98.300127, 29.460583], [-98.31805, 29.456223], [-98.336051, 29.41863], [-98.348005, 29.418147], [-98.360813, 29.398187], [-98.357262, 29.362031], [-98.31477, 29.352835], [-98.357588, 29.361931], [-98.371654, 29.365034], [-98.388717, 29.342807], [-98.401324, 29.330218], [-98.405006, 29.320815], [-98.385197, 29.305684], [-98.380306, 29.302121], [-98.377117, 29.285013], [-98.368153, 29.27856], [-98.36384, 29.255346], [-98.362595, 29.241749], [-98.367589, 29.2374], [-98.370462, 29.236574], [-98.376593, 29.236557], [-98.384803, 29.232531], [-98.388773, 29.243962], [-98.393803, 29.245941], [-98.402838, 29.233276], [-98.402296, 29.220739], [-98.396624, 29.21892], [-98.411715, 29.205445], [-98.414519, 29.203584], [-98.400634, 29.205853], [-98.40324, 29.199065], [-98.417691, 29.206973], [-98.436593, 29.194586], [-98.439374, 29.200787], [-98.430769, 29.204602], [-98.426577, 29.212783], [-98.430941, 29.217275], [-98.434965, 29.21788], [-98.425697, 29.232274], [-98.429059, 29.237738], [-98.407853, 29.241513], [-98.401373, 29.260838], [-98.403474, 29.270508], [-98.398426, 29.275597], [-98.399856, 29.283533], [-98.425636, 29.268782], [-98.431976, 29.274941], [-98.433952, 29.286175], [-98.436829, 29.287711], [-98.440961, 29.29062], [-98.441607, 29.29725], [-98.444506, 29.302042], [-98.442191, 29.307423], [-98.442862, 29.30954], [-98.448377, 29.30874], [-98.45391, 29.311027], [-98.453846, 29.312113], [-98.457965, 29.312741], [-98.460324, 29.318097], [-98.466112, 29.320921], [-98.469915, 29.312556], [-98.473006, 29.306853], [-98.468623, 29.287638], [-98.472095, 29.249608], [-98.478738, 29.251398], [-98.490231, 29.256205], [-98.499824, 29.255637], [-98.509965, 29.256879], [-98.510705, 29.240787], [-98.520006, 29.239407], [-98.526546, 29.224364], [-98.539032, 29.237161], [-98.545304, 29.236381], [-98.554742, 29.223572], [-98.554656, 29.243302], [-98.56818, 29.252015], [-98.581209, 29.257308], [-98.594133, 29.257716], [-98.603203, 29.251549], [-98.615987, 29.272214], [-98.622503, 29.278877], [-98.628184, 29.281952], [-98.632424, 29.284045], [-98.638585, 29.286114], [-98.638731, 29.292847], [-98.642156, 29.307619], [-98.649411, 29.320194], [-98.671198, 29.328158], [-98.646503, 29.3472], [-98.646407, 29.365844], [-98.648702, 29.377465], [-98.672489, 29.388277], [-98.699353, 29.379582], [-98.723729, 29.37678], [-98.710229, 29.38058], [-98.698352, 29.383427], [-98.664807, 29.393515], [-98.671195, 29.397346], [-98.67442, 29.402542], [-98.678373, 29.409312], [-98.687098, 29.417895], [-98.714961, 29.426936], [-98.715548, 29.434625], [-98.715427, 29.447986], [-98.715199, 29.456053], [-98.726157, 29.467834], [-98.72608, 29.475401], [-98.71338, 29.485354], [-98.721312, 29.494865], [-98.72807, 29.502971], [-98.762633, 29.518512], [-98.75978, 29.543611], [-98.775096, 29.532328], [-98.783969, 29.541889], [-98.795072, 29.531689], [-98.792642, 29.52518], [-98.804311, 29.536973], [-98.808885, 29.543724], [-98.795794, 29.555672], [-98.805743, 29.561199]]]}}, {"type": "Feature", "properties": {"id": "phoenix", "state": "AZ", "name": "Phoenix", "alandM2": 1342469890}, "geometry": {"type": "Polygon", "coordinates": [[[-112.324056, 33.507509], [-112.323775, 33.521524], [-112.306752, 33.514794], [-112.298661, 33.515132], [-112.294379, 33.522128], [-112.282659, 33.522371], [-112.272481, 33.508321], [-112.255007, 33.508679], [-112.2377, 33.508688], [-112.220463, 33.508893], [-112.203221, 33.509244], [-112.195036, 33.509358], [-112.173164, 33.5094], [-112.152223, 33.509451], [-112.15165, 33.51283], [-112.151645, 33.520303], [-112.151606, 33.528276], [-112.151552, 33.545707], [-112.151674, 33.553117], [-112.151752, 33.567521], [-112.151743, 33.581922], [-112.159805, 33.588081], [-112.166232, 33.593014], [-112.168758, 33.596355], [-112.16858, 33.610732], [-112.168538, 33.617945], [-112.169266, 33.63903], [-112.168955, 33.654507], [-112.169194, 33.661856], [-112.169238, 33.67026], [-112.178879, 33.697696], [-112.202922, 33.712041], [-112.20334, 33.718071], [-112.203406, 33.748551], [-112.203547, 33.751338], [-112.203565, 33.761303], [-112.220994, 33.771205], [-112.22646, 33.774345], [-112.225083, 33.777916], [-112.220096, 33.788674], [-112.219116, 33.793387], [-112.219601, 33.800517], [-112.233824, 33.805258], [-112.23823, 33.808824], [-112.239216, 33.812378], [-112.235775, 33.826815], [-112.217268, 33.827313], [-112.216672, 33.819594], [-112.207959, 33.82316], [-112.216512, 33.827636], [-112.23214, 33.841472], [-112.228365, 33.843016], [-112.210291, 33.874231], [-112.221088, 33.899252], [-112.203617, 33.913766], [-112.152149, 33.914677], [-112.145717, 33.91356], [-112.147929, 33.911084], [-112.152296, 33.900453], [-112.160924, 33.892958], [-112.147078, 33.892891], [-112.143526, 33.889723], [-112.143528, 33.889069], [-112.145274, 33.885631], [-112.143091, 33.883851], [-112.144364, 33.878424], [-112.147164, 33.8812], [-112.152007, 33.878123], [-112.147603, 33.870874], [-112.145575, 33.863921], [-112.152222, 33.863909], [-112.152257, 33.842651], [-112.150819, 33.822616], [-112.1456, 33.82072], [-112.142366, 33.819843], [-112.134562, 33.812838], [-112.120233, 33.812929], [-112.117511, 33.820449], [-112.117501, 33.827681], [-112.100171, 33.805401], [-112.082721, 33.799018], [-112.078169, 33.790731], [-112.074084, 33.788072], [-112.067427, 33.784513], [-112.048151, 33.784819], [-112.048311, 33.791918], [-112.019032, 33.799033], [-111.995585, 33.798835], [-111.991325, 33.795501], [-111.971615, 33.799053], [-111.975045, 33.795409], [-111.978094, 33.791955], [-111.978348, 33.788638], [-111.969465, 33.790149], [-111.96872, 33.79104], [-111.963013, 33.788317], [-111.966194, 33.791039], [-111.960723, 33.791903], [-111.960705, 33.784681], [-111.951992, 33.784743], [-111.943224, 33.770626], [-111.951995, 33.770187], [-111.96068, 33.755645], [-111.965088, 33.75564], [-111.969432, 33.743831], [-111.967274, 33.741119], [-111.955415, 33.726616], [-111.925806, 33.726526], [-111.925582, 33.713178], [-111.925572, 33.66983], [-111.925562, 33.658113], [-111.925816, 33.622759], [-111.926048, 33.596793], [-111.938967, 33.600406], [-111.94331, 33.596784], [-111.952106, 33.589604], [-111.943522, 33.574824], [-111.969194, 33.57542], [-111.977779, 33.582617], [-111.977877, 33.560997], [-111.986417, 33.553537], [-111.995416, 33.549231], [-111.995179, 33.531838], [-112.012943, 33.531963], [-112.012892, 33.51853], [-111.999699, 33.51347], [-111.995132, 33.517259], [-111.992747, 33.524679], [-111.986278, 33.523795], [-111.973724, 33.523688], [-111.969419, 33.522022], [-111.960345, 33.515765], [-111.943233, 33.516568], [-111.941228, 33.509255], [-111.940028, 33.502817], [-111.94328, 33.505352], [-111.943292, 33.490748], [-111.951967, 33.490718], [-111.949855, 33.487436], [-111.951949, 33.481499], [-111.957217, 33.480061], [-111.960961, 33.478209], [-111.943544, 33.472923], [-111.943586, 33.465555], [-111.939339, 33.464602], [-111.94325, 33.454949], [-111.940654, 33.451002], [-111.941466, 33.447356], [-111.954636, 33.444526], [-111.956224, 33.448768], [-111.961305, 33.43797], [-111.961345, 33.436175], [-111.978498, 33.436525], [-111.978369, 33.421899], [-111.978259, 33.408234], [-111.978413, 33.400048], [-111.978197, 33.392664], [-111.978245, 33.386445], [-111.978144, 33.376768], [-111.96878, 33.377282], [-111.968509, 33.374621], [-111.969294, 33.363645], [-111.970114, 33.359844], [-111.971879, 33.352453], [-111.972621, 33.346225], [-111.972734, 33.32736], [-111.97276, 33.319913], [-111.972694, 33.302894], [-111.972209, 33.290756], [-111.98042, 33.290681], [-111.997127, 33.290701], [-112.031949, 33.290663], [-112.063418, 33.290594], [-112.085138, 33.290544], [-112.116218, 33.290475], [-112.133789, 33.29026], [-112.147914, 33.304647], [-112.158228, 33.319399], [-112.164801, 33.322956], [-112.168988, 33.325273], [-112.169195, 33.32505], [-112.186294, 33.343214], [-112.187968, 33.345346], [-112.203202, 33.358286], [-112.219871, 33.370051], [-112.220201, 33.374592], [-112.22842, 33.384566], [-112.224145, 33.386396], [-112.219735, 33.387107], [-112.215287, 33.39188], [-112.207437, 33.389258], [-112.202849, 33.39183], [-112.202561, 33.37746], [-112.21113, 33.380155], [-112.20246, 33.377361], [-112.189614, 33.37742], [-112.191009, 33.381062], [-112.19397, 33.384085], [-112.19213, 33.391828], [-112.185593, 33.395957], [-112.177354, 33.399636], [-112.168564, 33.399275], [-112.173241, 33.408739], [-112.174027, 33.41144], [-112.175568, 33.410596], [-112.177911, 33.40787], [-112.186506, 33.408025], [-112.186256, 33.400942], [-112.185955, 33.399968], [-112.192296, 33.39618], [-112.203973, 33.401016], [-112.204102, 33.404232], [-112.208909, 33.408464], [-112.212733, 33.408574], [-112.217024, 33.408456], [-112.221288, 33.405095], [-112.221391, 33.408541], [-112.242184, 33.40807], [-112.253013, 33.40684], [-112.253956, 33.402951], [-112.245635, 33.398995], [-112.239322, 33.402698], [-112.236903, 33.391898], [-112.237116, 33.387665], [-112.241909, 33.383954], [-112.25482, 33.383774], [-112.261273, 33.383517], [-112.268847, 33.384082], [-112.284558, 33.384829], [-112.288575, 33.381051], [-112.289196, 33.406373], [-112.289462, 33.420987], [-112.289596, 33.435352], [-112.272355, 33.435591], [-112.238234, 33.437054], [-112.222927, 33.437118], [-112.221265, 33.444394], [-112.221282, 33.446717], [-112.238365, 33.451799], [-112.238323, 33.462947], [-112.246569, 33.465283], [-112.268531, 33.464806], [-112.272473, 33.47932], [-112.272445, 33.493895], [-112.298518, 33.493448], [-112.307561, 33.493094], [-112.31082, 33.493116], [-112.312825, 33.493133], [-112.31961, 33.496687], [-112.323988, 33.503925]]]}}, {"type": "Feature", "properties": {"id": "new_york", "state": "NY", "name": "New York", "alandM2": 778180768}, "geometry": {"type": "Polygon", "coordinates": [[[-74.041712, 40.626379], [-74.0408825342197, 40.6289221209707], [-74.0391772739482, 40.6341504055605], [-74.0380992858564, 40.6365251652525], [-74.0369590858168, 40.6383284222426], [-74.0292282410751, 40.6445027086997], [-74.0275074495055, 40.6448049779006], [-74.02452, 40.647402], [-74.0221534612371, 40.6519979799143], [-74.010302872604, 40.6605316458118], [-74.0043468142826, 40.6615517338196], [-73.999994, 40.663822], [-74.0021899851848, 40.6673397393008], [-74.0060421332284, 40.6680763315057], [-74.009855, 40.668625], [-74.016021, 40.664674], [-74.0165442762381, 40.6649784198804], [-74.018868, 40.671303], [-74.018863492051, 40.6722374978321], [-74.0188525052937, 40.6745150526063], [-74.0186922654251, 40.6796775691949], [-74.008243, 40.686034], [-74.0054175790186, 40.6901568421252], [-74.0044031676455, 40.6916370668312], [-74.0024020737427, 40.6945570544343], [-73.9992328093949, 40.6991816313187], [-73.9984592607989, 40.7003103900978], [-73.9963715334202, 40.7034206681433], [-74.0001, 40.706351], [-74.0021980363414, 40.7053770485731], [-74.0042842832932, 40.7044085700223], [-74.012691, 40.700506], [-74.0176663601423, 40.7039745317541], [-74.0178301261051, 40.7042473060203], [-74.0187232661914, 40.7088961444442], [-74.0180019219325, 40.7123319310798], [-74.017105, 40.716604], [-74.0222882989782, 40.7236098294584], [-74.0218316397257, 40.7254869555362], [-74.0206385265314, 40.7303908847794], [-74.019184431916, 40.7363661051085], [-74.0172828934725, 40.7441799784587], [-74.0142468634549, 40.7566557472903], [-74.0102349578362, 40.7627469821657], [-74.0046532544959, 40.7703911858298], [-74.001618, 40.774548], [-73.9978192075965, 40.7797758705572], [-73.9948668531076, 40.7838388793946], [-73.991727131766, 40.7881597411359], [-73.9881935430858, 40.7930226402523], [-73.9848017882995, 40.7976903485926], [-73.9807020170417, 40.8033324240664], [-73.9772506594803, 40.8080821573135], [-73.9712500049547, 40.8163402145554], [-73.9659850903122, 40.8233532326662], [-73.9650918110465, 40.8244835043902], [-73.9623636902834, 40.8288132623395], [-73.9599711217338, 40.8344072461424], [-73.9577157213363, 40.8396805217168], [-73.952829, 40.851106], [-73.9483355682933, 40.8584457357065], [-73.9383542664041, 40.8747491631611], [-73.929821, 40.888682], [-73.9271200274628, 40.8954965426078], [-73.9183175291271, 40.9177052097217], [-73.902454, 40.912979], [-73.897253, 40.911655], [-73.891928, 40.909809], [-73.882993, 40.907423], [-73.879239, 40.906365], [-73.872913, 40.904467], [-73.864669, 40.901793], [-73.859393, 40.900381], [-73.856324, 40.906166], [-73.854881, 40.908217], [-73.851123, 40.910009], [-73.850138, 40.907496], [-73.847088, 40.906136], [-73.842374, 40.904166], [-73.840999, 40.902812], [-73.839649, 40.897891], [-73.838407, 40.894061], [-73.833595, 40.892706], [-73.823244, 40.891199], [-73.7929777683978, 40.8833538619394], [-73.794928, 40.88056], [-73.793698, 40.878725], [-73.790826, 40.880236], [-73.785335, 40.876685], [-73.786749264075, 40.8744853675239], [-73.783443, 40.871019], [-73.791209, 40.868946], [-73.795221, 40.857496], [-73.799843, 40.848667], [-73.804633, 40.85462], [-73.805977, 40.861811], [-73.809042, 40.860466], [-73.815398, 40.864592], [-73.8178327795157, 40.8633439902845], [-73.8160332218674, 40.8611748010518], [-73.8126, 40.854386], [-73.8157108634076, 40.8488374349907], [-73.814977, 40.845169], [-73.8165625653601, 40.8428115782077], [-73.8157880232582, 40.8361154188756], [-73.8154869025739, 40.8335121361425], [-73.815205, 40.831075], [-73.814172, 40.825911], [-73.812772, 40.824421], [-73.808502, 40.825744], [-73.8058002619905, 40.8219807401521], [-73.804518, 40.818546], [-73.7983139354398, 40.8162232712196], [-73.802716, 40.812551], [-73.8032381803808, 40.8116831394606], [-73.790859, 40.806568], [-73.7921990779792, 40.804179303766], [-73.7948093333333, 40.794885716895], [-73.793879, 40.789013], [-73.7821865233447, 40.7911227321688], [-73.78071, 40.795628], [-73.775558, 40.795613], [-73.7741177997435, 40.786342663368], [-73.774334, 40.786216], [-73.7675652197307, 40.778311659539], [-73.76554, 40.774518], [-73.7636502928024, 40.7726524376923], [-73.7600211101746, 40.7690696253249], [-73.756221, 40.766364], [-73.7549708810382, 40.7679378002884], [-73.7551811901772, 40.7706811523415], [-73.753388, 40.77307], [-73.752998, 40.781289], [-73.74008, 40.776209], [-73.733962, 40.772449], [-73.727993, 40.76878], [-73.713325, 40.75973], [-73.701633, 40.752493], [-73.700988, 40.746878], [-73.70036, 40.741031], [-73.700506, 40.739061], [-73.704674, 40.732714], [-73.707939, 40.727771], [-73.710485, 40.72723], [-73.720919, 40.725341], [-73.724141, 40.724469], [-73.728175, 40.723092], [-73.730326, 40.722157], [-73.728501, 40.716706], [-73.726895, 40.7058], [-73.726762, 40.702768], [-73.726258, 40.690611], [-73.725926, 40.686225], [-73.72563, 40.679588], [-73.726198, 40.677381], [-73.727542, 40.67416], [-73.728222, 40.667314], [-73.728272, 40.66644], [-73.727814, 40.663224], [-73.726444, 40.659162], [-73.724874, 40.653447], [-73.729739, 40.650558], [-73.734388, 40.649821], [-73.739045, 40.648201], [-73.741428, 40.640502], [-73.739471, 40.635706], [-73.74258, 40.635648], [-73.743295, 40.638048], [-73.767425, 40.626606], [-73.768761, 40.624352], [-73.767459, 40.620511], [-73.765244, 40.614942], [-73.760021, 40.611349], [-73.754732, 40.610405], [-73.750088, 40.611641], [-73.746942, 40.611775], [-73.744451, 40.610169], [-73.740571, 40.60488], [-73.738463, 40.595866], [-73.737421, 40.593458], [-73.74338, 40.592847], [-73.747749, 40.591503], [-73.750311, 40.59064], [-73.7525741403941, 40.5918199854243], [-73.7541542452454, 40.5918970845267], [-73.7638252556311, 40.5916204816629], [-73.774928, 40.590759], [-73.7884870692082, 40.5881496887439], [-73.7955944027194, 40.5867819513979], [-73.806834, 40.584619], [-73.8211441020972, 40.5808946584266], [-73.8342002125643, 40.5774966802242], [-73.8390253583152, 40.5758544421793], [-73.8439270303449, 40.5741609825718], [-73.8571795712983, 40.5695824137355], [-73.8794395580522, 40.561936054063], [-73.9010160660574, 40.5568532568131], [-73.9405193213898, 40.5440373094679], [-73.9401255435575, 40.5506806478495], [-73.935379, 40.557387], [-73.9263104568712, 40.5607560113015], [-73.9201135191865, 40.562627359151], [-73.911243, 40.564874], [-73.905844, 40.562501], [-73.892091, 40.568267], [-73.882437, 40.568233], [-73.879222, 40.574656], [-73.894101, 40.577628], [-73.896508, 40.583311], [-73.902062, 40.587498], [-73.911437, 40.5859], [-73.915839, 40.582004], [-73.9311013394004, 40.5831743917382], [-73.9317545671342, 40.5828812003643], [-73.9330370027116, 40.5820036303558], [-73.931968, 40.57577], [-73.9446260734221, 40.5756198029956], [-73.9594213702867, 40.5741368058231], [-73.9674739932548, 40.5732391813635], [-74.0020666266047, 40.5707306100205], [-74.00287, 40.572305], [-74.008897107308, 40.5738285966613], [-74.0120051341758, 40.5757943943289], [-74.0119871282124, 40.5790911800201], [-74.004000833087, 40.5817224840941], [-74.000723, 40.581225], [-73.998272, 40.581871], [-73.998181, 40.582982], [-73.9985037178365, 40.5854717641678], [-73.9961963689885, 40.5889730147185], [-73.997084, 40.591414], [-73.9993157863632, 40.5931024417836], [-74.0013896797924, 40.5946714308133], [-74.004535, 40.597051], [-74.0077605685659, 40.598937586653], [-74.009089558719, 40.5997148930514], [-74.0101134798061, 40.6003137691308], [-74.010926, 40.600789], [-74.0115497330946, 40.6010124183381], [-74.013833300775, 40.6018303818237], [-74.0147547444581, 40.6021604387313], [-74.018517, 40.602505], [-74.0191352237537, 40.6028523682972], [-74.0308232281361, 40.60511188258], [-74.0319325726295, 40.6058012095899], [-74.0360156740183, 40.6102686519633], [-74.0403023874585, 40.6156822557829], [-74.0405648456374, 40.6176739009518], [-74.0409642168597, 40.6207045009827], [-74.0416639653599, 40.62601449256]], [[-74.255629, 40.507919], [-74.2554696470419, 40.5081751091143], [-74.2531332734664, 40.5119300853279], [-74.2530366942933, 40.5120853055809], [-74.251925, 40.513872], [-74.2500383809978, 40.5150192952054], [-74.244341, 40.518484], [-74.242522, 40.518306], [-74.240703, 40.519322], [-74.240704, 40.52053], [-74.242861, 40.521164], [-74.2424289804745, 40.5250322775758], [-74.2418468398635, 40.5302447305757], [-74.241732, 40.531273], [-74.2441961785606, 40.5361895959002], [-74.2452267673234, 40.5382458545526], [-74.247647324793, 40.5430754164689], [-74.247808, 40.543396], [-74.2353009769045, 40.5510787028314], [-74.228258, 40.555405], [-74.218902, 40.554568], [-74.212243, 40.557213], [-74.2121115161855, 40.5576379705953], [-74.2081617513137, 40.5704040584603], [-74.2078669232314, 40.5713569762481], [-74.2055219101597, 40.5789363243586], [-74.2051371012541, 40.5801800703688], [-74.204975, 40.580704], [-74.20371, 40.584965], [-74.2037214859114, 40.5851109445313], [-74.204054, 40.589336], [-74.19682, 40.597037], [-74.1963508922693, 40.5986202800904], [-74.195407, 40.601806], [-74.196096, 40.616169], [-74.2005235056464, 40.6168352049125], [-74.200994, 40.616906], [-74.201812, 40.619507], [-74.2014957902445, 40.6225718219896], [-74.20058, 40.631448], [-74.198668961038, 40.6331099280145], [-74.1961907657163, 40.6352650814743], [-74.1886593014334, 40.6418147917266], [-74.187715, 40.642636], [-74.181503, 40.644649], [-74.177988, 40.642553], [-74.174258, 40.64463], [-74.1711034549384, 40.6427478113597], [-74.1707650221038, 40.6425458822624], [-74.170187, 40.642201], [-74.1698840241164, 40.6421283463326], [-74.1676476595966, 40.6415920657484], [-74.165383, 40.641049], [-74.1646305231453, 40.640599037891], [-74.161433, 40.638687], [-74.1601594809856, 40.6384141160025], [-74.1544978075986, 40.6372009577778], [-74.1544, 40.63718], [-74.149412, 40.637558], [-74.148821, 40.638904], [-74.1446648849258, 40.6392672060614], [-74.1434670768196, 40.639371883424], [-74.1432449367261, 40.6393912964159], [-74.142413, 40.639464], [-74.141072, 40.640383], [-74.1401776551571, 40.640612429407], [-74.1376590793497, 40.6412585284576], [-74.1365144765945, 40.6415521574011], [-74.134414, 40.642091], [-74.129846, 40.641489], [-74.127466, 40.639878], [-74.1269754049599, 40.6399629797092], [-74.1256680055182, 40.6401894443394], [-74.1215913497487, 40.6408955929821], [-74.121589, 40.640896], [-74.1215886000567, 40.6408964789445], [-74.1208920720389, 40.6417305927435], [-74.120374, 40.642351], [-74.1175333549303, 40.6430946046346], [-74.1124581252369, 40.6444231635462], [-74.1078992375932, 40.6456165579681], [-74.106805, 40.645903], [-74.1047581361833, 40.6457557392684], [-74.100022, 40.645415], [-74.0989331746022, 40.6455319667483], [-74.093813, 40.646082], [-74.0931499991266, 40.6463099065502], [-74.0895940209491, 40.6475322740487], [-74.0876738968405, 40.6481923167111], [-74.086485, 40.648601], [-74.0806293067197, 40.6482627025244], [-74.079042, 40.648171], [-74.0743151909929, 40.6448312977696], [-74.0715485675436, 40.6428765544131], [-74.071494, 40.642838], [-74.0719260897597, 40.6417894981214], [-74.0722510837812, 40.6410008729936], [-74.0723070905464, 40.6408649679016], [-74.073105193932, 40.6389283034001], [-74.0735370859212, 40.6378802814283], [-74.073578, 40.637781], [-74.073299, 40.630808], [-74.0725573636632, 40.627314], [-74.0725092563255, 40.6270873565229], [-74.0720396012713, 40.6248747158017], [-74.071862, 40.624038], [-74.0661431354049, 40.6187778206886], [-74.064082, 40.616882], [-74.0628763444356, 40.6153066143642], [-74.0606340615071, 40.6123767060046], [-74.060345, 40.611999], [-74.0602983561461, 40.6119452432813], [-74.0591557096522, 40.6106283511103], [-74.056887905417, 40.6080147224342], [-74.0536040619298, 40.6042301155565], [-74.053125, 40.603678], [-74.0532676021429, 40.6022956525455], [-74.053556, 40.5995], [-74.0597255234406, 40.594118359423], [-74.060948, 40.593052], [-74.0634519809177, 40.5906031355488], [-74.0650213099221, 40.5890683498866], [-74.0685121164064, 40.5856543814154], [-74.0722976366732, 40.5819521862649], [-74.076031, 40.578301], [-74.0765385905937, 40.5779122162907], [-74.0847428795387, 40.5716282269335], [-74.0848466962264, 40.5715487096268], [-74.0876238327974, 40.5694215908998], [-74.0911836120132, 40.5666950152203], [-74.092672, 40.565555], [-74.0952428077566, 40.5632445905942], [-74.0993133547801, 40.5595863512312], [-74.1000454307233, 40.5589284276115], [-74.1001313695128, 40.5588511936032], [-74.1022537776916, 40.5569437651668], [-74.104993, 40.554482], [-74.107777984632, 40.5542813351684], [-74.108199, 40.554251], [-74.109377950624, 40.5527051222627], [-74.11298, 40.547982], [-74.1132991887091, 40.5479798540367], [-74.116401, 40.547959], [-74.122761, 40.543596], [-74.135401, 40.530407], [-74.137241, 40.530076], [-74.140293, 40.533277], [-74.13967, 40.535087], [-74.134809, 40.535185], [-74.1347479066671, 40.5352400222855], [-74.128107, 40.541221], [-74.12754, 40.542649], [-74.129467, 40.545379], [-74.132199, 40.546225], [-74.135683, 40.546373], [-74.138394, 40.545065], [-74.1401066778541, 40.5434933433207], [-74.141916, 40.541833], [-74.142169, 40.537293], [-74.1466701104254, 40.5353596186224], [-74.148697, 40.534489], [-74.1491762967954, 40.534170260104], [-74.1497393291144, 40.53379583477], [-74.1497926758939, 40.5337603583238], [-74.156975, 40.528984], [-74.1600366563286, 40.5275989190317], [-74.160147, 40.527549], [-74.162612, 40.527265], [-74.168473948413, 40.5243709224003], [-74.170238, 40.5235], [-74.1709751454958, 40.5234107750137], [-74.1718645497016, 40.5233031204483], [-74.172543, 40.523221], [-74.1779762859615, 40.519609456989], [-74.177986, 40.519603], [-74.181059, 40.520659], [-74.1845, 40.519459], [-74.1942199396139, 40.5106683179343], [-74.194803, 40.510141], [-74.196481, 40.509775], [-74.1977050931369, 40.510751542921], [-74.200783, 40.513207], [-74.2050730607378, 40.5122846052258], [-74.208899, 40.511462], [-74.211449, 40.508824], [-74.219787, 40.502603], [-74.2219090685098, 40.5023973077873], [-74.2262944341041, 40.5019722340688], [-74.23247489592, 40.5013731615789], [-74.23324, 40.501299], [-74.2363634092155, 40.5000921860288], [-74.2395391778431, 40.4988651415769], [-74.246688, 40.496103], [-74.250188, 40.496703], [-74.254588, 40.502303], [-74.2546706230349, 40.5027487357962], [-74.255594215735, 40.5077313454058], [-74.255629, 40.507919]]]}}, {"type": "Feature", "properties": {"id": "louisville", "state": "KY", "name": "Louisville/Jefferson County metro government (balance)", "alandM2": 681335435}, "geometry": {"type": "Polygon", "coordinates": [[[-85.947114, 38.005085], [-85.931221, 38.016018], [-85.916315, 38.060926], [-85.9077196278703, 38.0832783706662], [-85.905164, 38.11107], [-85.907965, 38.161473], [-85.893544, 38.189015], [-85.8658404471968, 38.2134403557805], [-85.844381, 38.231048], [-85.83176, 38.231928], [-85.823833, 38.223587], [-85.813616, 38.224253], [-85.805683, 38.219566], [-85.793249, 38.221418], [-85.792982, 38.218703], [-85.79087, 38.216153], [-85.800619, 38.215037], [-85.807147, 38.20958], [-85.824775, 38.208888], [-85.826926, 38.202576], [-85.830033, 38.191929], [-85.830209, 38.189906], [-85.828588, 38.181956], [-85.846468, 38.180993], [-85.851363, 38.175576], [-85.846918, 38.1777], [-85.826333, 38.175588], [-85.819522, 38.171237], [-85.797546, 38.170369], [-85.798932, 38.15455], [-85.792651, 38.152946], [-85.794494, 38.148184], [-85.791138, 38.146135], [-85.787163, 38.142257], [-85.781741, 38.140457], [-85.77175, 38.148741], [-85.765218, 38.147662], [-85.765593, 38.152583], [-85.763595, 38.158052], [-85.749501, 38.161911], [-85.733678, 38.159417], [-85.720497, 38.16203], [-85.709263, 38.158624], [-85.709667, 38.17173], [-85.707746, 38.179965], [-85.711979, 38.187474], [-85.70505, 38.191397], [-85.686938, 38.189985], [-85.693457, 38.179991], [-85.690817, 38.178567], [-85.681041, 38.175028], [-85.673945, 38.186168], [-85.655698, 38.192521], [-85.669927, 38.200148], [-85.668517, 38.207875], [-85.662659, 38.200448], [-85.650847, 38.196667], [-85.653623, 38.20301], [-85.662689, 38.207144], [-85.660012, 38.212058], [-85.650138, 38.205354], [-85.651886, 38.204109], [-85.647174, 38.201206], [-85.645065, 38.208528], [-85.639577, 38.202703], [-85.641204, 38.198394], [-85.645644, 38.198178], [-85.639871, 38.198297], [-85.634112, 38.195562], [-85.630852, 38.197984], [-85.631943, 38.201797], [-85.626563, 38.208681], [-85.630448, 38.211084], [-85.627123, 38.212631], [-85.634177, 38.213062], [-85.633445, 38.215393], [-85.623742, 38.216897], [-85.623976, 38.210968], [-85.61603, 38.213546], [-85.61187, 38.21088], [-85.614817, 38.219325], [-85.613687, 38.221638], [-85.608325, 38.224348], [-85.608832, 38.231558], [-85.610039, 38.233706], [-85.578696, 38.224781], [-85.579276, 38.222234], [-85.586175, 38.225344], [-85.596752, 38.222263], [-85.602043, 38.216368], [-85.603318, 38.210395], [-85.601376, 38.207077], [-85.604289, 38.20521], [-85.60055, 38.203382], [-85.598951, 38.193131], [-85.592711, 38.197081], [-85.592865, 38.192229], [-85.595687, 38.185581], [-85.601858, 38.183495], [-85.600655, 38.174802], [-85.589118, 38.174398], [-85.573294, 38.173219], [-85.572585, 38.177514], [-85.563397, 38.177471], [-85.556863, 38.174641], [-85.553945, 38.175883], [-85.555503, 38.178145], [-85.554622, 38.18019], [-85.563538, 38.183433], [-85.559642, 38.188984], [-85.552036, 38.188299], [-85.544457, 38.194295], [-85.540052, 38.197659], [-85.542475, 38.198345], [-85.54167, 38.201928], [-85.539719, 38.203656], [-85.531713, 38.208995], [-85.529978, 38.216789], [-85.505699, 38.223118], [-85.500487, 38.240022], [-85.496824, 38.243763], [-85.492838, 38.244866], [-85.495638, 38.246203], [-85.501998, 38.257808], [-85.51035, 38.260746], [-85.523774, 38.260912], [-85.521434, 38.273113], [-85.518183, 38.281581], [-85.522235, 38.286241], [-85.549585, 38.275229], [-85.550974, 38.271807], [-85.552432, 38.266467], [-85.554897, 38.264888], [-85.55285, 38.260072], [-85.548498, 38.257017], [-85.544351, 38.251176], [-85.546533, 38.244125], [-85.554781, 38.244675], [-85.554444, 38.249832], [-85.559642, 38.251503], [-85.560375, 38.248386], [-85.564404, 38.247332], [-85.567793, 38.24569], [-85.569193, 38.2458], [-85.572866, 38.241704], [-85.576903, 38.246392], [-85.574344, 38.246202], [-85.573439, 38.25159], [-85.568438, 38.260732], [-85.557664, 38.267559], [-85.563968, 38.273943], [-85.565791, 38.278033], [-85.568524, 38.278072], [-85.569858, 38.272141], [-85.574751, 38.277508], [-85.566597, 38.279831], [-85.570594, 38.285675], [-85.573751, 38.289457], [-85.581379, 38.290958], [-85.574032, 38.296829], [-85.58174, 38.302374], [-85.58417, 38.299377], [-85.590713, 38.297874], [-85.596478, 38.29963], [-85.591716, 38.306974], [-85.597553, 38.30637], [-85.610193, 38.30071], [-85.615417, 38.294993], [-85.617844, 38.289572], [-85.615289, 38.280474], [-85.624478, 38.279603], [-85.626296, 38.284841], [-85.63063, 38.290346], [-85.633043, 38.293433], [-85.640194, 38.291928], [-85.643848, 38.285726], [-85.651329, 38.285743], [-85.657106, 38.284328], [-85.663898, 38.286562], [-85.656283, 38.292976], [-85.653088, 38.293091], [-85.645401, 38.296334], [-85.640658, 38.307234], [-85.649393, 38.313551], [-85.655352, 38.308589], [-85.666299, 38.297827], [-85.665832, 38.292074], [-85.673022, 38.289729], [-85.676659, 38.283391], [-85.675587, 38.272288], [-85.68368, 38.273351], [-85.687173, 38.268598], [-85.690603, 38.275343], [-85.700718, 38.281565], [-85.6769516733052, 38.3000030748268], [-85.6668719239612, 38.3117798834773], [-85.6540978313233, 38.3260203013501], [-85.6450303852211, 38.3444570504321], [-85.6423103173556, 38.3523835322261], [-85.6383967350527, 38.3756910362007], [-85.634669, 38.378522], [-85.630628, 38.360639], [-85.627568, 38.353133], [-85.624867, 38.349672], [-85.620003, 38.343861], [-85.624402, 38.342037], [-85.621854, 38.335669], [-85.621993, 38.323209], [-85.620333, 38.314737], [-85.607917, 38.317402], [-85.615428, 38.321386], [-85.61344, 38.322867], [-85.612627, 38.329502], [-85.609857, 38.333894], [-85.600787, 38.33772], [-85.591779, 38.336871], [-85.585253, 38.338011], [-85.589496, 38.347011], [-85.580545, 38.348066], [-85.574726, 38.333977], [-85.545363, 38.328248], [-85.535462, 38.317539], [-85.531548, 38.308105], [-85.521939, 38.304867], [-85.522296, 38.308851], [-85.5146, 38.311011], [-85.468206, 38.285309], [-85.404899, 38.26373], [-85.412419, 38.217712], [-85.424054, 38.147438], [-85.480264, 38.100013], [-85.529477, 38.083864], [-85.55091, 38.076135], [-85.596213, 38.077274], [-85.655452, 38.082383], [-85.677502, 38.084286], [-85.700424, 38.086268], [-85.712578, 38.087311], [-85.816945, 38.058446], [-85.882805, 38.040545], [-85.888817, 38.035379], [-85.900452, 38.029339], [-85.904121, 38.027142], [-85.905135, 38.022361], [-85.910066, 38.023033], [-85.915371, 38.013943], [-85.918144, 38.009116], [-85.924751, 38.007018], [-85.931955, 37.998635], [-85.941302, 38.000491]]]}}, {"type": "Feature", "properties": {"id": "charlotte", "state": "NC", "name": "Charlotte", "alandM2": 804861702}, "geometry": {"type": "Polygon", "coordinates": [[[-81.00871, 35.153143], [-81.004889, 35.1578], [-80.999847, 35.162744], [-80.992536, 35.167751], [-80.988971, 35.168459], [-80.981096, 35.16567], [-80.974983, 35.164282], [-80.973639, 35.169292], [-80.966979, 35.165399], [-80.9617, 35.165427], [-80.943685, 35.161403], [-80.937141, 35.164773], [-80.939461, 35.170665], [-80.940008, 35.175191], [-80.931519, 35.180787], [-80.939531, 35.18042], [-80.955279, 35.175447], [-80.956613, 35.180937], [-80.95781, 35.189955], [-80.970142, 35.182151], [-80.977698, 35.172775], [-80.984606, 35.168181], [-80.983552, 35.172677], [-80.97703, 35.180811], [-80.971011, 35.186717], [-80.96815, 35.195382], [-80.972976, 35.20479], [-80.969863, 35.207056], [-80.967691, 35.212042], [-80.973001, 35.213723], [-80.969965, 35.215644], [-80.969693, 35.219317], [-80.970384, 35.221777], [-80.967472, 35.236675], [-80.96619, 35.247275], [-80.957338, 35.2485], [-80.9667, 35.254918], [-80.972315, 35.260927], [-80.976251, 35.271943], [-80.97594, 35.276136], [-80.971335, 35.281882], [-80.965238, 35.281719], [-80.968506, 35.290144], [-80.980076, 35.298822], [-80.986038, 35.302073], [-80.989842, 35.305443], [-80.990574, 35.311835], [-80.987563, 35.319562], [-80.983312, 35.317941], [-80.976024, 35.314602], [-80.970452, 35.317737], [-80.968044, 35.323351], [-80.970506, 35.325517], [-80.976177, 35.320493], [-80.973606, 35.32862], [-80.971005, 35.324218], [-80.972101, 35.331429], [-80.980869, 35.33208], [-80.983788, 35.337113], [-80.975788, 35.341477], [-80.973371, 35.341005], [-80.969918, 35.347528], [-80.967513, 35.345062], [-80.963071, 35.338137], [-80.946242, 35.324598], [-80.948895, 35.333447], [-80.952152, 35.34064], [-80.957035, 35.348378], [-80.94725, 35.349761], [-80.945029, 35.346528], [-80.940697, 35.349492], [-80.938175, 35.35046], [-80.936782, 35.340742], [-80.930839, 35.33119], [-80.934572, 35.321226], [-80.921213, 35.304078], [-80.916037, 35.31026], [-80.909182, 35.302223], [-80.908348, 35.295027], [-80.90367, 35.297751], [-80.902256, 35.303928], [-80.900557, 35.308597], [-80.891076, 35.309614], [-80.887603, 35.304324], [-80.884963, 35.298255], [-80.876716, 35.295776], [-80.876928, 35.289608], [-80.884021, 35.296596], [-80.886505, 35.289867], [-80.880997, 35.288182], [-80.876224, 35.288657], [-80.866806, 35.289299], [-80.858501, 35.286675], [-80.866193, 35.305424], [-80.887057, 35.317696], [-80.898172, 35.312949], [-80.895879, 35.31818], [-80.901794, 35.323781], [-80.897144, 35.326607], [-80.889911, 35.3255], [-80.888521, 35.332509], [-80.884564, 35.326626], [-80.879425, 35.330587], [-80.883762, 35.345039], [-80.891449, 35.340307], [-80.905945, 35.339556], [-80.897566, 35.346707], [-80.882812, 35.347631], [-80.863974, 35.361526], [-80.85738, 35.357909], [-80.8546, 35.364876], [-80.853772, 35.362622], [-80.849177, 35.360573], [-80.853301, 35.355859], [-80.846421, 35.353984], [-80.841109, 35.351679], [-80.838528, 35.357397], [-80.82692, 35.365031], [-80.827827, 35.359798], [-80.827903, 35.357766], [-80.82268, 35.353662], [-80.8163, 35.365909], [-80.806294, 35.36763], [-80.807723, 35.372357], [-80.789256, 35.382595], [-80.775593, 35.392678], [-80.769528, 35.397257], [-80.754195, 35.39315], [-80.753119, 35.389665], [-80.751022, 35.38852], [-80.742589, 35.379303], [-80.735628, 35.368478], [-80.739636, 35.367821], [-80.745595, 35.369852], [-80.7452, 35.360199], [-80.742458, 35.357867], [-80.738726, 35.35235], [-80.737565, 35.347143], [-80.736917, 35.343622], [-80.727198, 35.334138], [-80.719158, 35.328896], [-80.719708, 35.334144], [-80.720658, 35.342514], [-80.713109, 35.353134], [-80.707, 35.351954], [-80.702276, 35.342854], [-80.703731, 35.339889], [-80.69723, 35.34068], [-80.692882, 35.334861], [-80.685372, 35.322838], [-80.689472, 35.321183], [-80.691117, 35.322521], [-80.693761, 35.315117], [-80.709736, 35.308297], [-80.688076, 35.30468], [-80.679144, 35.302077], [-80.683099, 35.295911], [-80.676902, 35.279605], [-80.670581, 35.271885], [-80.685136, 35.264945], [-80.679052, 35.258076], [-80.678205, 35.261509], [-80.670845, 35.261737], [-80.655192, 35.251689], [-80.654773, 35.232799], [-80.649951, 35.240115], [-80.64231, 35.238178], [-80.636016, 35.236016], [-80.635086, 35.225709], [-80.642929, 35.222597], [-80.653797, 35.227223], [-80.651892, 35.222581], [-80.662376, 35.211103], [-80.671468, 35.204907], [-80.672868, 35.204306], [-80.681397, 35.2067], [-80.684003, 35.204849], [-80.687874, 35.199084], [-80.694588, 35.200578], [-80.704926, 35.19324], [-80.712328, 35.183794], [-80.713677, 35.183194], [-80.708115, 35.174551], [-80.717593, 35.162017], [-80.71911, 35.153849], [-80.720322, 35.142582], [-80.72934, 35.136657], [-80.742073, 35.127266], [-80.74875, 35.125586], [-80.746644, 35.118932], [-80.752614, 35.11456], [-80.759149, 35.111916], [-80.758971, 35.101435], [-80.753614, 35.096839], [-80.749198, 35.098918], [-80.745741, 35.101261], [-80.740139, 35.098938], [-80.73593, 35.100089], [-80.732552, 35.100381], [-80.731969, 35.087873], [-80.723477, 35.082317], [-80.705512, 35.084163], [-80.723992, 35.069768], [-80.733809, 35.062199], [-80.752817, 35.047519], [-80.762714, 35.052552], [-80.76948, 35.049473], [-80.773162, 35.032949], [-80.790224, 35.030726], [-80.804506, 35.027749], [-80.811156, 35.02148], [-80.82232, 35.016139], [-80.829179, 35.011817], [-80.841818, 35.024533], [-80.848769, 35.021147], [-80.849918, 35.018014], [-80.8514395471785, 35.0145230950461], [-80.8705476598941, 35.0367958276893], [-80.865442, 35.044585], [-80.876063, 35.058986], [-80.877862, 35.069211], [-80.872503, 35.080697], [-80.870608, 35.089328], [-80.857903, 35.093566], [-80.866896, 35.096721], [-80.876682, 35.096212], [-80.876934, 35.097856], [-80.880977, 35.101296], [-80.892345, 35.105645], [-80.901375, 35.103098], [-80.91176, 35.109506], [-80.9201233286038, 35.0914080783671], [-80.95787, 35.092639], [-80.9890357534564, 35.0747728764614], [-80.990776, 35.081669], [-81.004297, 35.089417], [-81.00516, 35.094576], [-81.005412, 35.106879], [-80.990508, 35.11058], [-80.998857, 35.114793], [-81.001077, 35.117606], [-80.9987, 35.121686], [-80.995311, 35.120099], [-80.999738, 35.127154], [-81.007473, 35.13312], [-81.00491, 35.139517], [-80.995096, 35.13948], [-81.001923, 35.146007], [-81.002702, 35.154413], [-81.003848, 35.154217]]]}}, {"type": "Feature", "properties": {"id": "oklahoma_city", "state": "OK", "name": "Oklahoma City", "alandM2": 1570772372}, "geometry": {"type": "Polygon", "coordinates": [[[-97.833675, 35.335362], [-97.831189, 35.335583], [-97.830948, 35.358396], [-97.830795, 35.391662], [-97.830816, 35.427999], [-97.830914, 35.464468], [-97.830905, 35.500682], [-97.790487, 35.50789], [-97.791075, 35.505659], [-97.790949, 35.502259], [-97.777619, 35.496921], [-97.777662, 35.486215], [-97.769025, 35.47891], [-97.746939, 35.478904], [-97.742544, 35.478896], [-97.736099, 35.478897], [-97.724715, 35.48975], [-97.715776, 35.493379], [-97.71571, 35.511513], [-97.706916, 35.515252], [-97.706717, 35.551103], [-97.727274, 35.551097], [-97.798514, 35.551085], [-97.798445, 35.581081], [-97.798388, 35.627752], [-97.798398, 35.630765], [-97.780634, 35.630888], [-97.758305, 35.623761], [-97.727395, 35.623678], [-97.709642, 35.638455], [-97.673951, 35.63854], [-97.656318, 35.638529], [-97.620743, 35.638541], [-97.593956, 35.638548], [-97.594009, 35.667594], [-97.585014, 35.674875], [-97.558251, 35.674846], [-97.531772, 35.674696], [-97.522905, 35.667505], [-97.52284, 35.658611], [-97.522745, 35.641703], [-97.513847, 35.638413], [-97.513775, 35.623698], [-97.496049, 35.623632], [-97.494627, 35.616354], [-97.487091, 35.616266], [-97.482121, 35.60895], [-97.4782, 35.614008], [-97.46488, 35.616368], [-97.45398, 35.61644], [-97.451271, 35.616432], [-97.44286, 35.609191], [-97.425082, 35.6101], [-97.371626, 35.616505], [-97.367186, 35.623762], [-97.345181, 35.623624], [-97.300509, 35.630336], [-97.291531, 35.638065], [-97.264878, 35.63804], [-97.264972, 35.659781], [-97.247062, 35.674295], [-97.211681, 35.673561], [-97.203356, 35.666498], [-97.203542, 35.65638], [-97.203358, 35.642106], [-97.213729, 35.637868], [-97.21833, 35.624117], [-97.212323, 35.619797], [-97.222775, 35.615969], [-97.229136, 35.60506], [-97.232927, 35.593498], [-97.238126, 35.588362], [-97.24107, 35.578247], [-97.244739, 35.573046], [-97.247307, 35.567909], [-97.250355, 35.566133], [-97.264981, 35.594579], [-97.292862, 35.594348], [-97.306623, 35.594286], [-97.313529, 35.594365], [-97.327005, 35.594664], [-97.3268, 35.580268], [-97.327011, 35.558722], [-97.309144, 35.558473], [-97.309287, 35.543873], [-97.309316, 35.536619], [-97.30049, 35.536672], [-97.29171, 35.522155], [-97.282896, 35.514618], [-97.282943, 35.509481], [-97.285131, 35.507665], [-97.300472, 35.507666], [-97.304929, 35.506373], [-97.306207, 35.505011], [-97.309268, 35.507627], [-97.334588, 35.50754], [-97.348651, 35.507489], [-97.34887, 35.511069], [-97.35314, 35.521983], [-97.370987, 35.532979], [-97.374993, 35.52788], [-97.380568, 35.521931], [-97.384854, 35.519992], [-97.387804, 35.518178], [-97.395216, 35.514543], [-97.397413, 35.514999], [-97.397806, 35.515136], [-97.399177, 35.514991], [-97.401817, 35.507722], [-97.406188, 35.504996], [-97.408849, 35.502174], [-97.417763, 35.493054], [-97.424017, 35.485149], [-97.441574, 35.47868], [-97.445424, 35.475], [-97.454264, 35.471434], [-97.456494, 35.468392], [-97.45899, 35.466686], [-97.459179, 35.464115], [-97.459053, 35.460374], [-97.459203, 35.449978], [-97.459207, 35.44028], [-97.459202, 35.427789], [-97.459196, 35.42081], [-97.451825, 35.420785], [-97.44131, 35.420749], [-97.434808, 35.420745], [-97.423862, 35.42391], [-97.42388, 35.431661], [-97.423568, 35.435131], [-97.406189, 35.434837], [-97.405748, 35.434826], [-97.397878, 35.435075], [-97.397896, 35.433308], [-97.397132, 35.435073], [-97.378974, 35.43365], [-97.372729, 35.432974], [-97.370784, 35.43521], [-97.344586, 35.435283], [-97.335729, 35.436254], [-97.320175, 35.435406], [-97.315593, 35.436564], [-97.29576, 35.436107], [-97.291563, 35.435346], [-97.279207, 35.435341], [-97.274325, 35.436521], [-97.269402, 35.434861], [-97.265006, 35.433831], [-97.237655, 35.426645], [-97.230423, 35.423863], [-97.221526, 35.421328], [-97.210761, 35.42526], [-97.200765, 35.424511], [-97.194946, 35.422078], [-97.187987, 35.415349], [-97.182386, 35.413393], [-97.164214, 35.413353], [-97.159664, 35.409429], [-97.154482, 35.39901], [-97.141767, 35.404024], [-97.141768, 35.398616], [-97.142003, 35.391448], [-97.141907, 35.384292], [-97.142115, 35.376234], [-97.124762, 35.362253], [-97.14197, 35.35502], [-97.142031, 35.340675], [-97.141941, 35.318722], [-97.141932, 35.304445], [-97.194931, 35.30436], [-97.212422, 35.297337], [-97.212477, 35.319031], [-97.221389, 35.326315], [-97.23034, 35.34091], [-97.239389, 35.348241], [-97.247607, 35.340983], [-97.264972, 35.319511], [-97.300441, 35.319524], [-97.309316, 35.312315], [-97.335984, 35.3052], [-97.336051, 35.290721], [-97.348737, 35.290746], [-97.37073, 35.290776], [-97.405967, 35.290695], [-97.414787, 35.298005], [-97.414768, 35.312473], [-97.441284, 35.312458], [-97.441306, 35.319715], [-97.441367, 35.348768], [-97.445815, 35.352375], [-97.459258, 35.355888], [-97.459233, 35.370364], [-97.476936, 35.370527], [-97.503592, 35.370567], [-97.512168, 35.363381], [-97.512171, 35.356098], [-97.521042, 35.348814], [-97.521051, 35.342972], [-97.512135, 35.341558], [-97.512091, 35.334343], [-97.520998, 35.319757], [-97.521036, 35.305252], [-97.512051, 35.298009], [-97.517138, 35.291664], [-97.529736, 35.290723], [-97.559322, 35.290727], [-97.560699, 35.292074], [-97.579004, 35.30182], [-97.598831, 35.303349], [-97.602908, 35.303521], [-97.619978, 35.306947], [-97.625289, 35.312504], [-97.631517, 35.316929], [-97.642359, 35.325994], [-97.649978, 35.331322], [-97.654725, 35.334447], [-97.662965, 35.336617], [-97.671415, 35.337465], [-97.678473, 35.334974], [-97.685054, 35.334301], [-97.689742, 35.332237], [-97.696478, 35.327437], [-97.705267, 35.325327], [-97.708158, 35.324732], [-97.713112, 35.325464], [-97.71561, 35.328277], [-97.718427, 35.328534], [-97.721528, 35.327137], [-97.723816, 35.326515], [-97.736282, 35.323843], [-97.74631, 35.328354], [-97.751084, 35.331299], [-97.756641, 35.338759], [-97.761499, 35.340347], [-97.767841, 35.345084], [-97.772406, 35.345577], [-97.773914, 35.34335], [-97.777567, 35.337087], [-97.783591, 35.336286], [-97.788319, 35.336643], [-97.790427, 35.332921], [-97.793821, 35.334911], [-97.796719, 35.339105], [-97.803156, 35.33966], [-97.809945, 35.339961], [-97.812129, 35.333788], [-97.81983, 35.335347], [-97.824961, 35.333741], [-97.827436, 35.334384], [-97.832345, 35.334697]]]}}, {"type": "Feature", "properties": {"id": "anchorage", "state": "AK", "name": "Anchorage", "alandM2": 4421121090}, "geometry": {"type": "Polygon", "coordinates": [[[-150.07348, 61.158341], [-150.069108, 61.163735], [-150.066494, 61.165683], [-150.049881, 61.173548], [-150.033456, 61.179779], [-150.029891, 61.182644], [-150.029178, 61.186252], [-150.026801, 61.195644], [-150.02585, 61.198851], [-150.024391, 61.200708], [-150.022761, 61.201999], [-150.016106, 61.20406], [-150.009941, 61.203637], [-149.991981, 61.199595], [-149.975462, 61.199366], [-149.97059, 61.199194], [-149.968332, 61.199881], [-149.963685031487, 61.2004914397442], [-149.944208, 61.204404], [-149.936961, 61.205785], [-149.934225, 61.206006], [-149.930541, 61.20635], [-149.928045, 61.206865], [-149.925393071142, 61.2084430289539], [-149.924005, 61.209269], [-149.922816, 61.210643], [-149.915497032703, 61.2144382930243], [-149.908912, 61.217853], [-149.902376, 61.2214], [-149.90404, 61.22306], [-149.907367, 61.225634], [-149.891918, 61.2353], [-149.885976, 61.244048], [-149.88657, 61.246164], [-149.886208318184, 61.2466450189104], [-149.880866, 61.254395], [-149.880628, 61.256224], [-149.879568, 61.257826], [-149.872191, 61.262681], [-149.863753, 61.266966], [-149.857686, 61.270106], [-149.853414, 61.273878], [-149.834994, 61.293006], [-149.832973, 61.296431], [-149.829289, 61.300997], [-149.81182, 61.315203], [-149.808968, 61.31623], [-149.795777, 61.320451], [-149.779733, 61.326894], [-149.779142876131, 61.3269648943255], [-149.77498, 61.327465], [-149.769275, 61.327579], [-149.756203, 61.327351], [-149.747646, 61.32775], [-149.74111, 61.327978], [-149.730652, 61.330031], [-149.724948, 61.331855], [-149.720194, 61.334193], [-149.716986, 61.336929], [-149.716273, 61.343142], [-149.713896, 61.349581], [-149.713064, 61.355335], [-149.713777, 61.364506], [-149.715678, 61.36741], [-149.72037, 61.371832], [-149.702386, 61.382096], [-149.679995, 61.385056], [-149.668336, 61.388405], [-149.641456, 61.386947], [-149.624099, 61.390573], [-149.612407, 61.394619], [-149.603256, 61.39809], [-149.575804, 61.407703], [-149.570508, 61.409077], [-149.568809972227, 61.4092772205146], [-149.5619, 61.410092], [-149.537822, 61.404621], [-149.530499, 61.402101], [-149.527799, 61.402828], [-149.516658, 61.414058], [-149.518681, 61.416037], [-149.516439, 61.419216], [-149.501261, 61.425319], [-149.493704, 61.426871], [-149.480134, 61.427328], [-149.463737, 61.431672], [-149.437244, 61.441055], [-149.431037, 61.447207], [-149.423946, 61.448138], [-149.415219, 61.457651], [-149.381931, 61.466899], [-149.356008, 61.468917], [-149.317342, 61.467331], [-149.284115, 61.480141], [-149.309684, 61.483178], [-149.313292602221, 61.4840290222796], [-149.240449, 61.484025], [-149.240446, 61.479544], [-149.240427, 61.468753], [-149.240395, 61.455142], [-149.180062, 61.42625], [-148.483047, 61.426269], [-148.462471, 61.426267], [-148.472123, 61.166295], [-148.472099, 61.079632], [-148.472097, 61.070766], [-148.472079, 60.991998], [-148.738363, 60.848546], [-148.738281, 60.819662], [-148.745865, 60.819664], [-148.745701, 60.761897], [-148.745618, 60.733007], [-148.835205, 60.733044], [-148.836158, 60.733007], [-149.037839, 60.819648], [-149.034048, 60.819648], [-149.034079109773, 60.8459526380732], [-149.030685, 60.844305], [-149.022723, 60.839615], [-149.012859, 60.835445], [-148.99741, 60.839672], [-149.00359, 60.847373], [-149.008462, 60.854782], [-149.019277, 60.859644], [-149.041025, 60.876479], [-149.046253, 60.88365], [-149.052909, 60.887929], [-149.065862, 60.893826], [-149.077865, 60.903941], [-149.087253, 60.909257], [-149.095216, 60.913012], [-149.114586, 60.916594], [-149.130426, 60.918584], [-149.137641, 60.921504], [-149.155824, 60.930108], [-149.165774, 60.932668], [-149.175873747133, 60.9367306825651], [-149.183276, 60.940731], [-149.184464, 60.942289], [-149.187435, 60.943617], [-149.190882, 60.944483], [-149.197299, 60.944483], [-149.225345, 60.939865], [-149.229386, 60.939403], [-149.253986, 60.937556], [-149.2648, 60.936748], [-149.27491, 60.936863], [-149.284409, 60.936517], [-149.30271, 60.934496], [-149.310316, 60.934381], [-149.313881, 60.933977], [-149.336579, 60.929877], [-149.342046, 60.929242], [-149.346918, 60.926528], [-149.355475, 60.925315], [-149.363199, 60.926066], [-149.364863, 60.927798], [-149.363912, 60.929935], [-149.364507, 60.935535], [-149.370805, 60.940789], [-149.37342, 60.943675], [-149.380907, 60.946387], [-149.405625, 60.951119], [-149.411448, 60.951927], [-149.420599, 60.954581], [-149.431749, 60.960883], [-149.433553, 60.961562], [-149.437831, 60.961735], [-149.442347, 60.962831], [-149.442822, 60.964619], [-149.444367, 60.965599], [-149.450784, 60.967445], [-149.460746, 60.97161], [-149.463025, 60.972462], [-149.468492, 60.972808], [-149.480257, 60.974769], [-149.483347, 60.977594], [-149.490358, 60.980938], [-149.49523, 60.983071], [-149.509372, 60.985838], [-149.514483, 60.986529], [-149.519236, 60.986702], [-149.52803, 60.985549], [-149.532903, 60.983762], [-149.535641, 60.982756], [-149.5537, 60.983013], [-149.562375, 60.983762], [-149.566653, 60.984339], [-149.573308, 60.984281], [-149.584483, 60.982321], [-149.591966, 60.982379], [-149.598621, 60.983935], [-149.608315, 60.984494], [-149.611447, 60.985441], [-149.615021, 60.988604], [-149.627143, 60.993388], [-149.641998, 60.999611], [-149.644493, 60.999726], [-149.647583, 60.999207], [-149.653882, 61.001224], [-149.656259, 61.002088], [-149.669331, 61.002952], [-149.676937, 61.004623], [-149.693574, 61.006178], [-149.695713, 61.00733], [-149.697496, 61.009461], [-149.710925, 61.012456], [-149.714252, 61.013435], [-149.717113, 61.013656], [-149.731034899207, 61.0158514173275], [-149.735762, 61.01643], [-149.742061, 61.018791], [-149.747765, 61.022591], [-149.753232, 61.027139], [-149.755252, 61.028175], [-149.759412, 61.029384], [-149.769988, 61.033758], [-149.779139, 61.036118], [-149.783536, 61.038823], [-149.784843, 61.041412], [-149.795493336617, 61.0497396081348], [-149.797827, 61.051752], [-149.804927, 61.059187], [-149.825249, 61.068731], [-149.82822, 61.071376], [-149.829841, 61.074798], [-149.830115377725, 61.0749824567215], [-149.831922, 61.076197], [-149.838084, 61.077986], [-149.839272, 61.079078], [-149.844501, 61.081722], [-149.849611, 61.086089], [-149.851631, 61.08718], [-149.869576, 61.090398], [-149.880509, 61.096027], [-149.891443, 61.096429], [-149.899762987562, 61.0987918869692], [-149.921509, 61.107513], [-149.932973, 61.111223], [-149.93926773918, 61.1147851392257], [-149.947297, 61.119741], [-149.963103, 61.128981], [-149.96401487616, 61.1295161498929], [-149.969164, 61.132538], [-150.004935, 61.139595], [-150.011992001765, 61.140663177921], [-150.025019, 61.142635], [-150.065646, 61.151079], [-150.07196, 61.153645], [-150.074575, 61.156282]]]}}, {"type": "Feature", "properties": {"id": "kansas_city", "state": "MO", "name": "Kansas City", "alandM2": 815018296}, "geometry": {"type": "Polygon", "coordinates": [[[-94.765198, 39.28898], [-94.761256, 39.301596], [-94.754798, 39.310324], [-94.756666, 39.315606], [-94.751651, 39.339162], [-94.743113, 39.339639], [-94.743116, 39.342522], [-94.732959, 39.343857], [-94.73287, 39.354097], [-94.732792, 39.354282], [-94.676291, 39.35621], [-94.661978, 39.354747], [-94.600765, 39.333149], [-94.584499, 39.333307], [-94.573637, 39.333106], [-94.562587, 39.33319], [-94.560573, 39.332642], [-94.555863, 39.318626], [-94.491977, 39.31794], [-94.491359, 39.314362], [-94.473338, 39.310454], [-94.468349, 39.311468], [-94.464092, 39.303296], [-94.444824, 39.295412], [-94.441352, 39.288652], [-94.43712, 39.288114], [-94.445705, 39.273708], [-94.446721, 39.270115], [-94.448073, 39.266148], [-94.454568, 39.266577], [-94.455822, 39.26651], [-94.456207, 39.246089], [-94.462341, 39.236287], [-94.474732, 39.2235], [-94.480193, 39.223516], [-94.492987, 39.22354], [-94.493161, 39.209851], [-94.49719, 39.209236], [-94.503011, 39.207474], [-94.507275, 39.200294], [-94.504019, 39.195087], [-94.49337, 39.198532], [-94.484583, 39.194969], [-94.475188, 39.194837], [-94.469037, 39.194821], [-94.463509, 39.188994], [-94.460949, 39.186914], [-94.458571, 39.183046], [-94.452252, 39.179341], [-94.448901, 39.17595], [-94.447056, 39.181924], [-94.443853, 39.186795], [-94.436604, 39.191484], [-94.43458, 39.193846], [-94.429366, 39.194606], [-94.422322, 39.190707], [-94.419529, 39.190977], [-94.418201, 39.193587], [-94.409025, 39.192104], [-94.402619, 39.1812], [-94.399928, 39.174803], [-94.405593, 39.16259], [-94.419475, 39.149318], [-94.430365, 39.138026], [-94.440642, 39.13078], [-94.455358, 39.128075], [-94.46216, 39.129179], [-94.467425, 39.129565], [-94.467546, 39.12478], [-94.467625, 39.120623], [-94.467907, 39.117846], [-94.47055, 39.114024], [-94.470649, 39.111619], [-94.472001, 39.111554], [-94.477375, 39.112404], [-94.481228, 39.111412], [-94.481421, 39.10806], [-94.478973, 39.107857], [-94.479335, 39.105259], [-94.477767, 39.103955], [-94.476273, 39.100895], [-94.486948, 39.092816], [-94.48731, 39.082188], [-94.47121, 39.082108], [-94.470178, 39.081436], [-94.470425, 39.074189], [-94.469798, 39.070401], [-94.474706, 39.067085], [-94.474982, 39.061438], [-94.474992, 39.060502], [-94.472529, 39.0591], [-94.456705, 39.052677], [-94.452592, 39.05096], [-94.444793, 39.047167], [-94.433372, 39.041167], [-94.435641, 39.039814], [-94.435808, 39.036417], [-94.437169, 39.03535], [-94.437636, 39.029236], [-94.448439, 39.029681], [-94.462514, 39.027216], [-94.469713, 39.027512], [-94.482089, 39.028001], [-94.482182, 39.023855], [-94.482754, 39.009664], [-94.483139, 39.001223], [-94.48279, 38.992696], [-94.482757, 38.983173], [-94.493056, 38.973661], [-94.499009, 38.966403], [-94.493404, 38.965725], [-94.479426, 38.965158], [-94.465428, 38.964631], [-94.447676, 38.963918], [-94.441106, 38.970473], [-94.442636, 38.986714], [-94.444965, 38.990553], [-94.444289, 39.005521], [-94.444139, 39.008329], [-94.443475, 39.024395], [-94.440755, 39.026821], [-94.437524, 39.026776], [-94.424971, 39.035202], [-94.424615, 39.035218], [-94.42228, 39.03511], [-94.414531, 39.036371], [-94.401003, 39.035838], [-94.387229, 39.035273], [-94.387268, 39.031172], [-94.387711, 39.023565], [-94.388107, 39.020709], [-94.388023, 39.019421], [-94.386047, 39.016101], [-94.386429, 39.012553], [-94.388224, 39.005409], [-94.388837, 38.99468], [-94.389415, 38.976231], [-94.385448, 38.972839], [-94.386099, 38.958146], [-94.395618, 38.961207], [-94.40012, 38.96223], [-94.404704, 38.965741], [-94.405178, 38.964093], [-94.409011, 38.958709], [-94.410337, 38.955339], [-94.412343, 38.949616], [-94.409508, 38.942519], [-94.429231, 38.94169], [-94.448234, 38.936302], [-94.448776, 38.928064], [-94.450034, 38.923751], [-94.450749, 38.912692], [-94.458115, 38.912935], [-94.469581, 38.899258], [-94.471282, 38.87068], [-94.434983, 38.869355], [-94.430429, 38.854044], [-94.432321, 38.839634], [-94.436905, 38.839783], [-94.45503, 38.840419], [-94.490031, 38.841713], [-94.490792, 38.865323], [-94.489723, 38.885556], [-94.48902, 38.899884], [-94.488569, 38.907211], [-94.522932, 38.908822], [-94.523868, 38.909368], [-94.542977, 38.909731], [-94.560828, 38.910095], [-94.561711, 38.896053], [-94.526921, 38.865305], [-94.528524, 38.855835], [-94.532213, 38.843784], [-94.541828, 38.843994], [-94.545603, 38.835164], [-94.554336, 38.835372], [-94.559084, 38.83073], [-94.566267, 38.824259], [-94.565526, 38.831048], [-94.56269, 38.844992], [-94.593789, 38.846564], [-94.608033, 38.8501948461538], [-94.608033, 38.859882], [-94.607993, 38.867271], [-94.608033, 38.869207], [-94.608033, 38.8834917599999], [-94.6080256044729, 38.8909420700723], [-94.6080103801164, 38.9056302524437], [-94.6080028197668, 38.9129243402843], [-94.6079952007757, 38.9202750043541], [-94.6079780238428, 38.9368469969152], [-94.607978, 38.93687], [-94.607866, 38.937398], [-94.6081343268975, 38.9420710526083], [-94.6082079478057, 38.9567216133276], [-94.6082621080249, 38.9674994969446], [-94.608334, 38.981806], [-94.6082838320152, 38.9856323578061], [-94.6081871532949, 38.9930061316929], [-94.6080881821755, 39.0005547489419], [-94.607927906469, 39.0127791227814], [-94.6078966220287, 39.0151652154864], [-94.6077238055932, 39.0283460821253], [-94.6076581321257, 39.033355057199], [-94.6076467216308, 39.034225346013], [-94.6075601020388, 39.0408319010454], [-94.6074864852045, 39.0464467239234], [-94.6073826595805, 39.05436559865], [-94.6072837323903, 39.0619108653797], [-94.6072761897972, 39.0724543675638], [-94.6073339141796, 39.0816902687477], [-94.6073242874079, 39.0824712947773], [-94.6072787889814, 39.0985020776366], [-94.607354, 39.113444], [-94.605734, 39.122204], [-94.589898, 39.138979], [-94.590661, 39.154767], [-94.601733, 39.159603], [-94.601232, 39.182557], [-94.601316, 39.188646], [-94.607311, 39.18867], [-94.613494, 39.188704], [-94.618551, 39.188733], [-94.631688, 39.188346], [-94.64673, 39.188443], [-94.648079, 39.188283], [-94.647346, 39.188449], [-94.659172, 39.204633], [-94.663037, 39.210898], [-94.659067, 39.213972], [-94.657714, 39.217949], [-94.660211, 39.223633], [-94.662891, 39.221035], [-94.671469, 39.217962], [-94.676117, 39.21468], [-94.678414, 39.213586], [-94.678381, 39.218387], [-94.678367, 39.239732], [-94.6819, 39.238019], [-94.682401, 39.239951], [-94.683648, 39.24698], [-94.694075, 39.246653], [-94.70109, 39.242625], [-94.714929, 39.243033], [-94.736955, 39.242957], [-94.741165, 39.243023], [-94.747925, 39.243423], [-94.747991, 39.266999], [-94.751728, 39.27428], [-94.762586, 39.277878]]]}}, {"type": "Feature", "properties": {"id": "indianapolis", "state": "IN", "name": "Indianapolis city (balance)", "alandM2": 935028527}, "geometry": {"type": "Polygon", "coordinates": [[[-86.328121, 39.866125], [-86.325373, 39.866176], [-86.325996, 39.874049], [-86.326051, 39.882051], [-86.325889, 39.882329], [-86.326394, 39.921034], [-86.326294, 39.921865], [-86.326293, 39.924029], [-86.321394, 39.924158], [-86.278471, 39.924729], [-86.268246, 39.924916], [-86.259853, 39.92511], [-86.240736, 39.926062], [-86.229605, 39.926166], [-86.203087, 39.926625], [-86.184029, 39.926809], [-86.165066, 39.926906], [-86.158055, 39.927005], [-86.153838, 39.927069], [-86.150691, 39.927105], [-86.145883, 39.927168], [-86.136367, 39.927069], [-86.132934, 39.926875], [-86.12681, 39.926871], [-86.112414, 39.926901], [-86.103486, 39.926894], [-86.091123, 39.926889], [-86.076183, 39.92695], [-86.069594, 39.926985], [-86.066121, 39.927005], [-86.063086, 39.927003], [-86.055482, 39.927029], [-86.050659, 39.927046], [-86.048582, 39.927049], [-86.046256, 39.927053], [-86.029468, 39.927112], [-86.026422, 39.92718], [-86.01926, 39.927281], [-86.013392, 39.92738], [-86.00639, 39.927092], [-85.995037, 39.927], [-85.991485, 39.927034], [-85.980854, 39.927108], [-85.975872, 39.927091], [-85.975357, 39.926858], [-85.970122, 39.926855], [-85.949984, 39.927027], [-85.948617, 39.927039], [-85.945487, 39.927065], [-85.937587, 39.927137], [-85.937379, 39.926434], [-85.938084, 39.923196], [-85.938099, 39.913028], [-85.949366, 39.912946], [-85.951326, 39.912914], [-85.957006, 39.912808], [-85.957118, 39.912417], [-85.957157, 39.902547], [-85.961681, 39.902025], [-85.966628, 39.901929], [-85.975428, 39.901805], [-85.976132, 39.901104], [-85.976131, 39.898257], [-85.985689, 39.89821], [-85.992186, 39.898167], [-85.992294, 39.898182], [-85.994605, 39.899945], [-85.997, 39.896583], [-85.999605, 39.891817], [-85.99963, 39.890884], [-86.00057, 39.890118], [-86.001459, 39.887757], [-86.001241, 39.88615], [-86.004538, 39.884345], [-86.003131, 39.882389], [-86.003149, 39.880986], [-86.004497, 39.88046], [-86.00378, 39.879373], [-86.005445, 39.878812], [-86.012974, 39.878556], [-86.013291, 39.875943], [-86.016294, 39.875897], [-86.016314, 39.877088], [-86.016376, 39.879955], [-86.019986, 39.87908], [-86.0207, 39.878748], [-86.021092, 39.876254], [-86.024282, 39.8762], [-86.032927, 39.876274], [-86.035477, 39.876218], [-86.03566, 39.875932], [-86.039246, 39.872632], [-86.038897, 39.869381], [-86.04308, 39.867308], [-86.045874, 39.865984], [-86.045955, 39.865138], [-86.046726, 39.858951], [-86.047207, 39.859737], [-86.04713, 39.855043], [-86.051035, 39.855052], [-86.051032, 39.854671], [-86.050923, 39.847719], [-86.055658, 39.847318], [-86.055535, 39.840385], [-86.055055, 39.840385], [-86.046064, 39.840397], [-86.045862, 39.827336], [-86.035908, 39.832204], [-86.033535, 39.833324], [-86.02702, 39.833244], [-86.02635, 39.833017], [-86.023296, 39.83327], [-86.023344, 39.836228], [-86.01902, 39.837993], [-86.016174, 39.838025], [-86.016104, 39.833325], [-86.01008, 39.833361], [-86.010118, 39.835677], [-86.009521, 39.835696], [-86.005502, 39.836237], [-86.005509, 39.837051], [-86.00537, 39.838225], [-85.999922, 39.838083], [-85.99599, 39.838877], [-85.995985, 39.838201], [-85.991266, 39.838306], [-85.991319, 39.841002], [-85.972391, 39.84116], [-85.953489, 39.841465], [-85.953317, 39.834129], [-85.953123, 39.826777], [-85.95307, 39.823774], [-85.952902, 39.806749], [-85.952895, 39.80649], [-85.952582, 39.79738], [-85.952414, 39.785166], [-85.952403, 39.784444], [-85.952379, 39.782704], [-85.957189, 39.782614], [-85.962082, 39.782563], [-85.971318, 39.782501], [-85.971242, 39.775797], [-85.971151, 39.77], [-85.966466, 39.770044], [-85.966498, 39.773384], [-85.956004, 39.773929], [-85.955786, 39.771052], [-85.952312, 39.771969], [-85.952204, 39.7556], [-85.951817, 39.740929], [-85.951842, 39.734107], [-85.951699, 39.726419], [-85.951721, 39.697136], [-85.951735, 39.697049], [-85.952095, 39.669626], [-85.952071, 39.66907], [-85.95208, 39.661276], [-85.952097, 39.644729], [-85.99018, 39.637968], [-86.018788, 39.637342], [-86.044638, 39.637224], [-86.044705, 39.637219], [-86.05416, 39.63703], [-86.058927, 39.636929], [-86.06371, 39.63683], [-86.074208, 39.636589], [-86.08273, 39.63644], [-86.10152, 39.63585], [-86.106297, 39.63578], [-86.109714, 39.635727], [-86.11123, 39.63575], [-86.117138, 39.635607], [-86.128084, 39.635494], [-86.139422, 39.635386], [-86.13948, 39.63538], [-86.14126, 39.63529], [-86.145698, 39.635263], [-86.15839, 39.6351], [-86.163749, 39.634999], [-86.170875, 39.634857], [-86.177589, 39.634736], [-86.183741, 39.634611], [-86.185662, 39.634586], [-86.19641, 39.63439], [-86.205516, 39.634246], [-86.234224, 39.633854], [-86.243093, 39.633734], [-86.249885, 39.633645], [-86.252024, 39.633543], [-86.268492, 39.633055], [-86.269239, 39.633267], [-86.288187, 39.632772], [-86.307318, 39.632614], [-86.311066, 39.632533], [-86.326341, 39.632177], [-86.326378, 39.643119], [-86.326363, 39.646768], [-86.326391, 39.648768], [-86.326423, 39.657707], [-86.326584, 39.671795], [-86.326569, 39.681681], [-86.326605, 39.685893], [-86.326574, 39.686552], [-86.326324, 39.694428], [-86.326591, 39.719486], [-86.326588, 39.719838], [-86.326591, 39.728776], [-86.326514, 39.729378], [-86.3265, 39.729442], [-86.326542, 39.734384], [-86.326552, 39.735477], [-86.326642, 39.746379], [-86.326662, 39.749023], [-86.326674, 39.750124], [-86.326703, 39.756317], [-86.326743, 39.759804], [-86.326786, 39.763774], [-86.326804, 39.765148], [-86.326866, 39.771011], [-86.326903, 39.776375], [-86.326916, 39.77781], [-86.326637, 39.778645], [-86.326408, 39.779279], [-86.326518, 39.786001], [-86.326772, 39.79898], [-86.326805, 39.800646], [-86.327005, 39.808008], [-86.322223, 39.807489], [-86.317477, 39.808228], [-86.312706, 39.808297], [-86.314335, 39.810232], [-86.316612, 39.811421], [-86.315959, 39.813489], [-86.317942, 39.816834], [-86.318411, 39.817355], [-86.317749, 39.817345], [-86.317981, 39.822808], [-86.313284, 39.826493], [-86.316803, 39.827883], [-86.322617, 39.826678], [-86.322509, 39.822767], [-86.322458, 39.821456], [-86.322422, 39.819865], [-86.327227, 39.81971], [-86.327297, 39.822722], [-86.327445, 39.829869], [-86.32746, 39.830544], [-86.327573, 39.836284], [-86.327865, 39.851956], [-86.328012, 39.859269]]]}}, {"type": "Feature", "properties": {"id": "memphis", "state": "TN", "name": "Memphis", "alandM2": 767160587}, "geometry": {"type": "Polygon", "coordinates": [[[-90.186442, 35.015684], [-90.184836, 35.015928], [-90.18448, 35.028218], [-90.179307, 35.035229], [-90.17436, 35.050587], [-90.178878, 35.055679], [-90.177615, 35.063842], [-90.175, 35.076064], [-90.178513, 35.079811], [-90.181374, 35.094013], [-90.1728968374893, 35.1180592935708], [-90.1679116395892, 35.1230650863448], [-90.154697, 35.130924], [-90.141805, 35.133041], [-90.106838, 35.119445], [-90.089667, 35.118053], [-90.082623, 35.121326], [-90.0753626491314, 35.1273009315313], [-90.073021, 35.129228], [-90.065714248803, 35.1384039595683], [-90.0646287105715, 35.1418714467399], [-90.065381, 35.151383], [-90.0666316036844, 35.1531365803788], [-90.068673, 35.155999], [-90.069024, 35.160364], [-90.071065, 35.16895], [-90.073815, 35.178636], [-90.075146, 35.190236], [-90.073913, 35.203349], [-90.063259, 35.210772], [-90.057672, 35.214563], [-90.045908, 35.215963], [-90.040994, 35.218141], [-90.037324, 35.22632], [-90.035837, 35.227453], [-90.022181, 35.226844], [-90.015964, 35.237675], [-90.017638, 35.242535], [-90.02108, 35.249189], [-90.022173, 35.257386], [-90.01731, 35.258376], [-90.014047, 35.254523], [-90.012459, 35.248949], [-90.012136, 35.23985], [-90.00845, 35.242853], [-89.993125, 35.259297], [-89.99455, 35.25583], [-89.991265, 35.254015], [-89.99066, 35.255673], [-89.989092, 35.25738], [-89.986523, 35.259664], [-89.985228, 35.259587], [-89.983713, 35.261684], [-89.977778, 35.26142], [-89.97632, 35.257731], [-89.974775, 35.257657], [-89.975043, 35.256907], [-89.975388, 35.255278], [-89.97673, 35.25331], [-89.974351, 35.25204], [-89.971775, 35.252979], [-89.969002, 35.254245], [-89.964911, 35.258198], [-89.930636, 35.262908], [-89.926611, 35.263964], [-89.923149, 35.263086], [-89.925586, 35.260962], [-89.923901, 35.259521], [-89.923534, 35.257054], [-89.923843, 35.249327], [-89.922382, 35.247133], [-89.914527, 35.24287], [-89.912095, 35.242829], [-89.905163, 35.236688], [-89.903297, 35.231624], [-89.900393, 35.230271], [-89.89739, 35.237166], [-89.897424, 35.242514], [-89.897133, 35.242511], [-89.887875, 35.242201], [-89.887036, 35.242367], [-89.884753, 35.242239], [-89.882629, 35.241508], [-89.882097, 35.240085], [-89.884249, 35.237345], [-89.884875, 35.235071], [-89.888132, 35.229434], [-89.88532, 35.226481], [-89.882056, 35.225527], [-89.882629, 35.223299], [-89.883195, 35.217216], [-89.880738, 35.214267], [-89.88043, 35.211469], [-89.884874, 35.210709], [-89.887613, 35.206264], [-89.880679, 35.205127], [-89.879111, 35.204868], [-89.879735, 35.195001], [-89.879621, 35.192205], [-89.87984, 35.188065], [-89.861331, 35.187866], [-89.861366, 35.187277], [-89.849883, 35.190297], [-89.847337, 35.192561], [-89.846609, 35.192567], [-89.846092, 35.191674], [-89.838955, 35.199947], [-89.833478, 35.205346], [-89.821835, 35.203895], [-89.814801, 35.204786], [-89.804174, 35.204677], [-89.792006, 35.20467], [-89.777694, 35.204802], [-89.775555, 35.204403], [-89.772488, 35.204396], [-89.770905, 35.204443], [-89.749829, 35.204708], [-89.746264, 35.204624], [-89.732792, 35.205774], [-89.720642, 35.205298], [-89.712002, 35.205588], [-89.69919, 35.206522], [-89.712912, 35.205223], [-89.720884, 35.188936], [-89.720769, 35.186643], [-89.723087, 35.185127], [-89.725568, 35.184384], [-89.729021, 35.187102], [-89.734211, 35.186434], [-89.737347, 35.191119], [-89.751944, 35.196695], [-89.754711, 35.199122], [-89.755492, 35.196545], [-89.756321, 35.191467], [-89.761878, 35.189508], [-89.759024, 35.185643], [-89.756104, 35.182942], [-89.75658, 35.177377], [-89.748551, 35.175787], [-89.756601, 35.173262], [-89.758412, 35.172969], [-89.761303, 35.175114], [-89.76256, 35.17408], [-89.765248, 35.171817], [-89.767389, 35.170557], [-89.764824, 35.168446], [-89.763304, 35.163323], [-89.767936, 35.159573], [-89.771047, 35.157196], [-89.761628, 35.159816], [-89.759763, 35.157378], [-89.759483, 35.152879], [-89.761731, 35.152541], [-89.762223, 35.149531], [-89.763522, 35.140387], [-89.761246, 35.129977], [-89.767127, 35.127896], [-89.769964, 35.127557], [-89.767899, 35.127408], [-89.758896, 35.128234], [-89.752933, 35.123115], [-89.759293, 35.120663], [-89.749418, 35.119206], [-89.752904, 35.11502], [-89.749946, 35.11293], [-89.752147, 35.105105], [-89.762734, 35.103044], [-89.763483, 35.103218], [-89.779606, 35.106693], [-89.792115, 35.111948], [-89.800972, 35.116909], [-89.805256, 35.116478], [-89.819161, 35.118156], [-89.833335, 35.120948], [-89.834053, 35.117497], [-89.83438, 35.106177], [-89.836034, 35.101423], [-89.839294, 35.098236], [-89.845436, 35.097179], [-89.830268, 35.094708], [-89.830699, 35.082841], [-89.82893, 35.0828], [-89.828132, 35.077671], [-89.825487, 35.067195], [-89.825226, 35.066528], [-89.824016, 35.066468], [-89.822039, 35.067365], [-89.817558, 35.068087], [-89.812444, 35.068094], [-89.812512, 35.066599], [-89.802657, 35.066494], [-89.802704, 35.064061], [-89.793188, 35.063749], [-89.785283, 35.063552], [-89.778231, 35.061776], [-89.770565, 35.061738], [-89.764578, 35.05682], [-89.76769, 35.050895], [-89.766311, 35.047808], [-89.767992, 35.044433], [-89.771685, 35.046613], [-89.772419, 35.047171], [-89.783042, 35.047851], [-89.786493, 35.046271], [-89.784195, 35.040355], [-89.78187, 35.035064], [-89.795908, 35.039709], [-89.798502, 35.045185], [-89.808012, 35.048947], [-89.808951, 35.04539], [-89.813221, 35.046812], [-89.813646, 35.042037], [-89.813455, 35.040036], [-89.813447, 35.035021], [-89.822252, 35.034798], [-89.822247, 35.03242], [-89.824061, 35.027201], [-89.826631, 35.025969], [-89.826702, 35.018902], [-89.830841, 35.01591], [-89.833761, 35.013546], [-89.839781, 35.013137], [-89.848654, 35.01345], [-89.848453, 35.003786], [-89.854486, 35.002271], [-89.853164, 34.998268], [-89.8483845951183, 34.9941931940018], [-89.8617990449356, 34.9942189526638], [-89.8783097856676, 34.9942511438032], [-89.893402, 34.994356], [-89.9188788104591, 34.9944381478083], [-89.9367527198004, 34.9944957807087], [-89.95589828166, 34.9945575139445], [-89.9899006914265, 34.9946671518225], [-89.9899073601442, 34.9946671733252], [-90.0025384705316, 34.9947079012663], [-90.0081547577036, 34.9947260105066], [-90.0250722497002, 34.9947805595206], [-90.0313291943209, 34.9948007345063], [-90.0607843082021, 34.9948957100156], [-90.1269450025416, 34.995109039547], [-90.1276056226278, 34.9951111696603], [-90.1376566086199, 34.9951435782097], [-90.135554, 35.006068], [-90.148162, 35.007062], [-90.149112, 35.010533], [-90.167084, 35.011736], [-90.171686, 35.006954], [-90.184691, 35.008643], [-90.186497, 35.013369]]]}}, {"type": "Feature", "properties": {"id": "dallas", "state": "TX", "name": "Dallas", "alandM2": 879757823}, "geometry": {"type": "Polygon", "coordinates": [[[-96.597244, 32.890801], [-96.594907, 32.893694], [-96.592116, 32.890171], [-96.590416, 32.8892], [-96.586525, 32.888171], [-96.57996, 32.885062], [-96.577847, 32.878609], [-96.569835, 32.875207], [-96.569553, 32.874489], [-96.564163, 32.873224], [-96.561859, 32.874548], [-96.559659, 32.87955], [-96.559886, 32.884062], [-96.558271, 32.879288], [-96.555879, 32.876639], [-96.553541, 32.874713], [-96.547976, 32.876911], [-96.549037, 32.883135], [-96.549691, 32.890124], [-96.546888, 32.891632], [-96.542875, 32.891696], [-96.548648, 32.89184], [-96.545955, 32.894821], [-96.543504, 32.898995], [-96.543731, 32.899563], [-96.545581, 32.902364], [-96.54553, 32.907666], [-96.542991, 32.907807], [-96.545872, 32.908049], [-96.546734, 32.913639], [-96.545807, 32.91869], [-96.543092, 32.918358], [-96.541206, 32.91998], [-96.539348, 32.917378], [-96.540489, 32.913828], [-96.538319, 32.908053], [-96.538707, 32.907597], [-96.535427, 32.90503], [-96.534837, 32.901176], [-96.535905, 32.895881], [-96.540336, 32.891678], [-96.538817, 32.889764], [-96.540457, 32.886771], [-96.54051, 32.882725], [-96.535783, 32.881226], [-96.531154, 32.880358], [-96.528053, 32.881174], [-96.524791, 32.878039], [-96.520579, 32.870584], [-96.518547, 32.867224], [-96.515945, 32.86941], [-96.512049, 32.87292], [-96.515501, 32.873415], [-96.514888, 32.875693], [-96.518279, 32.877341], [-96.51754, 32.879463], [-96.51604, 32.884239], [-96.51825, 32.889491], [-96.516074, 32.89082], [-96.517821, 32.895452], [-96.514657, 32.894634], [-96.513573, 32.898846], [-96.511103, 32.901052], [-96.509068, 32.904195], [-96.50978, 32.906883], [-96.510404, 32.907421], [-96.511021, 32.908571], [-96.510049, 32.908588], [-96.509782, 32.908473], [-96.505178, 32.910296], [-96.503042, 32.913193], [-96.503377, 32.915991], [-96.507471, 32.92401], [-96.509598, 32.925333], [-96.515861, 32.929646], [-96.515921, 32.935835], [-96.51747, 32.938273], [-96.522674, 32.937475], [-96.521639, 32.939465], [-96.521297, 32.940573], [-96.521531, 32.941864], [-96.517339, 32.945112], [-96.517779, 32.948255], [-96.519999, 32.951427], [-96.519768, 32.954121], [-96.521168, 32.957822], [-96.520295, 32.959291], [-96.517677, 32.9546], [-96.517174, 32.953754], [-96.51551, 32.95233], [-96.516254, 32.954898], [-96.515364, 32.960231], [-96.509327, 32.96469], [-96.505975, 32.978999], [-96.506044, 32.982816], [-96.504975, 32.985521], [-96.50732, 32.990771], [-96.504538, 32.991692], [-96.498732, 32.988275], [-96.496186, 32.990552], [-96.497361, 32.995984], [-96.496878, 33.002871], [-96.493345, 33.007267], [-96.490327, 33.012554], [-96.486429, 33.014944], [-96.486482, 33.022731], [-96.477091, 33.021815], [-96.470715, 33.020096], [-96.467029, 33.017524], [-96.466596, 33.015725], [-96.467889, 33.007773], [-96.469513, 32.996558], [-96.472672, 32.992595], [-96.478234, 32.988245], [-96.481042, 32.98626], [-96.471365, 32.985674], [-96.466739, 32.982467], [-96.463781, 32.979346], [-96.46671, 32.977305], [-96.469608, 32.975388], [-96.474826, 32.974498], [-96.478258, 32.970786], [-96.478972, 32.966492], [-96.48044, 32.961051], [-96.480947, 32.960313], [-96.484201, 32.957496], [-96.484915, 32.956885], [-96.48699, 32.956153], [-96.485674, 32.95593], [-96.487096, 32.954859], [-96.48736, 32.953573], [-96.488191, 32.952562], [-96.489471, 32.953234], [-96.489279, 32.952482], [-96.491183, 32.952458], [-96.491854, 32.951451], [-96.492879, 32.949976], [-96.495323, 32.945909], [-96.492522, 32.946967], [-96.489607, 32.948127], [-96.485913, 32.941406], [-96.47972, 32.933034], [-96.474044, 32.929073], [-96.478063, 32.927473], [-96.472908, 32.928024], [-96.471215, 32.923949], [-96.468459, 32.918419], [-96.467174, 32.911039], [-96.471853, 32.907821], [-96.473231, 32.904139], [-96.476248, 32.901704], [-96.482309, 32.899357], [-96.482473, 32.893748], [-96.489053, 32.890126], [-96.482136, 32.890676], [-96.484844, 32.884469], [-96.482479, 32.875436], [-96.480498, 32.872898], [-96.479815, 32.869987], [-96.482368, 32.865859], [-96.486365, 32.863183], [-96.490501, 32.85661], [-96.491301, 32.854194], [-96.489264, 32.852143], [-96.488681, 32.850566], [-96.4897, 32.850952], [-96.493701, 32.84931], [-96.495338, 32.848481], [-96.496127, 32.848816], [-96.497992, 32.844444], [-96.499458, 32.842906], [-96.505527, 32.840913], [-96.507614, 32.836206], [-96.508359, 32.834809], [-96.507152, 32.835393], [-96.505303, 32.835531], [-96.505098, 32.833914], [-96.505422, 32.83223], [-96.502021, 32.83223], [-96.498228, 32.835188], [-96.495623, 32.835264], [-96.496856, 32.834822], [-96.501073, 32.829216], [-96.503316, 32.828908], [-96.502077, 32.827976], [-96.496373, 32.825041], [-96.490281, 32.824143], [-96.49307, 32.823642], [-96.494013, 32.822079], [-96.497311, 32.820386], [-96.490435, 32.813268], [-96.489424, 32.812923], [-96.489248, 32.813218], [-96.487187, 32.813262], [-96.486914, 32.812245], [-96.486837, 32.811515], [-96.48546, 32.811943], [-96.48367, 32.813295], [-96.484097, 32.812871], [-96.48608, 32.810816], [-96.483761, 32.809458], [-96.489181, 32.811135], [-96.491704, 32.807916], [-96.491021, 32.805807], [-96.489871, 32.802859], [-96.490914, 32.79834], [-96.493411, 32.792882], [-96.497411, 32.78579], [-96.500752, 32.774416], [-96.502249, 32.779704], [-96.509178, 32.789433], [-96.519304, 32.792648], [-96.52556, 32.795806], [-96.532151, 32.79815], [-96.535154, 32.808753], [-96.533596, 32.814771], [-96.540874, 32.81814], [-96.542349, 32.82182], [-96.543572, 32.823726], [-96.538898, 32.828038], [-96.543448, 32.829243], [-96.543984, 32.833571], [-96.545526, 32.840759], [-96.543365, 32.845578], [-96.549888, 32.847367], [-96.549376, 32.848597], [-96.545092, 32.84675], [-96.548089, 32.851968], [-96.547502, 32.857413], [-96.550778, 32.858429], [-96.54881, 32.85897], [-96.542208, 32.857637], [-96.538559, 32.858971], [-96.539793, 32.864024], [-96.537126, 32.866705], [-96.54689, 32.867614], [-96.553338, 32.861782], [-96.560228, 32.863407], [-96.564646, 32.86261], [-96.569017, 32.865746], [-96.571652, 32.86842], [-96.574076, 32.865769], [-96.578805, 32.86733], [-96.582267, 32.869753], [-96.586741, 32.872411], [-96.58987, 32.875973], [-96.591665, 32.877963], [-96.593024, 32.883027], [-96.5926, 32.884853], [-96.596573, 32.890327]], [[-97.000103, 32.622443], [-96.996341, 32.632885], [-96.991896, 32.642799], [-96.989602, 32.644047], [-96.98868, 32.647417], [-96.990249, 32.651815], [-96.98971, 32.663063], [-96.983473, 32.671984], [-96.985, 32.679237], [-96.990369, 32.68754], [-96.985231, 32.694411], [-96.978492, 32.705893], [-96.977258, 32.711382], [-96.977225, 32.720429], [-96.98252, 32.729151], [-96.987401, 32.725518], [-96.991352, 32.730582], [-96.99292, 32.731814], [-96.989281, 32.732849], [-96.985763, 32.734917], [-96.987445, 32.74537], [-96.959609, 32.746428], [-96.957996, 32.74207], [-96.948642, 32.738759], [-96.938274, 32.742159], [-96.934369, 32.743504], [-96.930432, 32.743442], [-96.926703, 32.746943], [-96.926161, 32.749636], [-96.92472, 32.76225], [-96.927327, 32.765634], [-96.926119, 32.768665], [-96.926241, 32.781405], [-96.918902, 32.785719], [-96.9125, 32.785705], [-96.904861, 32.798071], [-96.903705, 32.804281], [-96.904565, 32.805594], [-96.906129, 32.814286], [-96.903142, 32.819026], [-96.895582, 32.825611], [-96.890071, 32.834899], [-96.891228, 32.837424], [-96.891855, 32.841338], [-96.891614, 32.846634], [-96.895362, 32.85092], [-96.89859, 32.853318], [-96.901094, 32.852352], [-96.903492, 32.853752], [-96.908479, 32.856088], [-96.913717, 32.857942], [-96.919342, 32.857413], [-96.925222, 32.859423], [-96.92429, 32.865772], [-96.924975, 32.868151], [-96.931272, 32.8733], [-96.929447, 32.877941], [-96.928196, 32.88227], [-96.931281, 32.883071], [-96.93019, 32.887936], [-96.928531, 32.895693], [-96.927566, 32.897424], [-96.92565, 32.898974], [-96.926608, 32.903054], [-96.927566, 32.905114], [-96.931514, 32.9069], [-96.932122, 32.911372], [-96.938633, 32.919421], [-96.938112, 32.923146], [-96.937443, 32.927386], [-96.932957, 32.928607], [-96.939936, 32.931862], [-96.938967, 32.935132], [-96.935226, 32.934947], [-96.937766, 32.937911], [-96.934721, 32.938513], [-96.938803, 32.948175], [-96.938847, 32.951786], [-96.943724, 32.957758], [-96.942029, 32.968608], [-96.939864, 32.966882], [-96.943557, 32.959532], [-96.938781, 32.951013], [-96.935643, 32.947568], [-96.934686, 32.938368], [-96.938625, 32.935187], [-96.933513, 32.929819], [-96.933505, 32.927737], [-96.935716, 32.924682], [-96.937314, 32.921563], [-96.937696, 32.913851], [-96.930675, 32.910735], [-96.928171, 32.90641], [-96.92073, 32.899952], [-96.92693, 32.896721], [-96.911491, 32.895688], [-96.910022, 32.899737], [-96.904674, 32.911719], [-96.894274, 32.914365], [-96.891402, 32.914648], [-96.881765, 32.911158], [-96.861966, 32.91635], [-96.841345, 32.924453], [-96.834982, 32.926346], [-96.822509, 32.932923], [-96.82366, 32.950234], [-96.82031, 32.949958], [-96.811074, 32.945587], [-96.809623, 32.948015], [-96.818521, 32.953989], [-96.821373, 32.959457], [-96.822141, 32.964177], [-96.823214, 32.974955], [-96.829015, 32.981377], [-96.838955, 32.98737], [-96.849049, 32.987148], [-96.864084, 32.989735], [-96.872847, 32.997122], [-96.86742, 33.001443], [-96.865954, 33.005402], [-96.860679, 33.011633], [-96.857192, 33.011823], [-96.849337, 33.012006], [-96.842433, 33.016504], [-96.818647, 33.013564], [-96.798347, 33.012652], [-96.786481, 33.010026], [-96.772403, 33.000693], [-96.756743, 33.000152], [-96.75644, 32.994799], [-96.768216, 32.982891], [-96.76892, 32.970694], [-96.768988, 32.950845], [-96.768987, 32.939867], [-96.761165, 32.939884], [-96.751937, 32.939974], [-96.748166, 32.935405], [-96.741229, 32.934732], [-96.740312, 32.923283], [-96.729382, 32.925561], [-96.718138, 32.929332], [-96.705904, 32.931232], [-96.705765, 32.916601], [-96.700544, 32.909025], [-96.692549, 32.903806], [-96.693672, 32.894422], [-96.69078, 32.889947], [-96.68318, 32.878801], [-96.687091, 32.87738], [-96.677084, 32.870678], [-96.669213, 32.866993], [-96.66555, 32.865602], [-96.649224, 32.85563], [-96.646314, 32.853667], [-96.635398, 32.843313], [-96.642307, 32.839593], [-96.655263, 32.837638], [-96.660478, 32.834754], [-96.658223, 32.82782], [-96.658604, 32.821392], [-96.662174, 32.819032], [-96.665388, 32.814168], [-96.665699, 32.810003], [-96.670013, 32.80691], [-96.67387, 32.801031], [-96.673923, 32.798948], [-96.682228, 32.79582], [-96.680312, 32.792322], [-96.673375, 32.791546], [-96.673063, 32.791389], [-96.670432, 32.784771], [-96.669491, 32.783317], [-96.664214, 32.77956], [-96.66145, 32.777918], [-96.647538, 32.766132], [-96.643072, 32.759014], [-96.639138, 32.748732], [-96.639182, 32.726499], [-96.638523, 32.719509], [-96.635673, 32.699529], [-96.63253, 32.691321], [-96.622879, 32.694437], [-96.617643, 32.695195], [-96.614176, 32.701266], [-96.599494, 32.702359], [-96.575287, 32.70332], [-96.567281, 32.701367], [-96.56583, 32.70168], [-96.555271, 32.692055], [-96.562594, 32.68128], [-96.573885, 32.680303], [-96.577445, 32.676462], [-96.585298, 32.672131], [-96.591162, 32.667417], [-96.59459, 32.660955], [-96.584786, 32.648479], [-96.590932, 32.656516], [-96.606461, 32.661845], [-96.615206, 32.654872], [-96.615224, 32.651401], [-96.618347, 32.649208], [-96.621835, 32.655129], [-96.651298, 32.639226], [-96.661377, 32.64399], [-96.670692, 32.659234], [-96.672225, 32.667636], [-96.679247, 32.670755], [-96.680165, 32.676043], [-96.691873, 32.672028], [-96.695342, 32.677701], [-96.702349, 32.679027], [-96.71442, 32.671424], [-96.724196, 32.670079], [-96.722678, 32.663932], [-96.724472, 32.661632], [-96.729795, 32.659224], [-96.729457, 32.648125], [-96.729768, 32.635496], [-96.742121, 32.62476], [-96.765656, 32.618582], [-96.777351, 32.641495], [-96.788503, 32.645431], [-96.797087, 32.648628], [-96.814281, 32.647718], [-96.831588, 32.633195], [-96.835521, 32.63319], [-96.874241, 32.642893], [-96.879911, 32.64652], [-96.885366, 32.647509], [-96.891259, 32.654725], [-96.89132, 32.669246], [-96.892807, 32.672936], [-96.905788, 32.676379], [-96.92576, 32.676475], [-96.925987, 32.66236], [-96.942971, 32.647244], [-96.943196, 32.632736], [-96.943239, 32.626115], [-96.953256, 32.626668], [-96.953738, 32.632685], [-96.971624, 32.624323], [-96.974735, 32.628864], [-96.980688, 32.638432], [-96.981496, 32.6362], [-96.984051, 32.632237], [-96.982321, 32.625506], [-96.988256, 32.626488], [-96.991016, 32.621505], [-96.989001, 32.61909], [-96.993488, 32.613222]]]}}, {"type": "Feature", "properties": {"id": "columbus", "state": "OH", "name": "Columbus", "alandM2": 571675882}, "geometry": {"type": "Polygon", "coordinates": [[[-83.210033, 40.071054], [-83.196901, 40.066553], [-83.183397, 40.067501], [-83.168445, 40.067334], [-83.160419, 40.06686], [-83.162174, 40.072077], [-83.149806, 40.073108], [-83.139368, 40.068274], [-83.135762, 40.07834], [-83.121862, 40.074778], [-83.108974, 40.070357], [-83.112666, 40.090159], [-83.108917, 40.092622], [-83.105502, 40.094173], [-83.091233, 40.104537], [-83.090031, 40.128059], [-83.089396, 40.139201], [-83.063066, 40.137631], [-83.036608, 40.124151], [-83.016627, 40.122743], [-83.034833, 40.127354], [-83.035257, 40.131428], [-83.055984, 40.134723], [-83.036426, 40.13395], [-83.014016, 40.136644], [-83.017493, 40.145762], [-83.00592, 40.138088], [-83.005619, 40.144504], [-82.994978, 40.157209], [-82.985331, 40.155529], [-82.976109, 40.156577], [-82.969405, 40.155426], [-82.959756, 40.151899], [-82.960419, 40.144081], [-82.964004, 40.14075], [-82.971574, 40.125587], [-82.973701, 40.120102], [-82.965948, 40.108285], [-82.949923, 40.110542], [-82.945122, 40.11017], [-82.945997, 40.105547], [-82.939521, 40.103028], [-82.925717, 40.097008], [-82.925745, 40.09156], [-82.919386, 40.080907], [-82.896196, 40.079668], [-82.895392, 40.084156], [-82.884834, 40.09385], [-82.866399, 40.087508], [-82.872908, 40.097903], [-82.864875, 40.112215], [-82.859415, 40.113174], [-82.857378, 40.107665], [-82.852429, 40.113101], [-82.840655, 40.10895], [-82.834349, 40.113907], [-82.835523, 40.110776], [-82.829916, 40.113703], [-82.822364, 40.111448], [-82.816623, 40.090998], [-82.82152, 40.086001], [-82.830133, 40.086256], [-82.837628, 40.085369], [-82.841894, 40.082942], [-82.844921, 40.082879], [-82.843534, 40.079309], [-82.836202, 40.072271], [-82.841147, 40.072319], [-82.83999, 40.070731], [-82.840998, 40.066002], [-82.842033, 40.061729], [-82.85403, 40.05487], [-82.868218, 40.055474], [-82.890638, 40.049474], [-82.898333, 40.045115], [-82.903937, 40.033159], [-82.906026, 40.023083], [-82.909421, 40.023199], [-82.910344, 40.020732], [-82.925049, 40.001975], [-82.929582, 39.996831], [-82.924791, 39.999036], [-82.917551, 40.0007], [-82.912455, 40.005894], [-82.908074, 40.009718], [-82.899616, 40.009636], [-82.869679, 40.00293], [-82.867919, 39.996939], [-82.857295, 39.99493], [-82.845309, 39.987175], [-82.843726, 39.988148], [-82.818094, 39.994644], [-82.809556, 39.993421], [-82.810603, 39.990435], [-82.800964, 39.996702], [-82.800188, 40.006733], [-82.781018, 40.005103], [-82.777356, 40.004831], [-82.776835, 39.98689], [-82.796908, 39.984502], [-82.799836, 39.984917], [-82.804762, 39.983589], [-82.831527, 39.978725], [-82.82726, 39.968065], [-82.818987, 39.958265], [-82.832786, 39.954765], [-82.836013, 39.942512], [-82.828176, 39.934604], [-82.828579, 39.933056], [-82.817643, 39.932202], [-82.795023, 39.928311], [-82.786587, 39.921389], [-82.786731, 39.916982], [-82.799406, 39.907406], [-82.798961, 39.900253], [-82.805205, 39.884811], [-82.802583, 39.880371], [-82.808966, 39.862886], [-82.826592, 39.861561], [-82.835868, 39.862562], [-82.83088, 39.865735], [-82.836479, 39.870403], [-82.835447, 39.88227], [-82.851807, 39.882494], [-82.853576, 39.877144], [-82.846135, 39.870073], [-82.855624, 39.871658], [-82.868129, 39.880114], [-82.881195, 39.888084], [-82.898667, 39.887852], [-82.919265, 39.879859], [-82.929584, 39.884054], [-82.949171, 39.889654], [-82.963229, 39.875549], [-82.972495, 39.877934], [-82.983154, 39.875629], [-82.988948, 39.874015], [-83.004377, 39.877386], [-83.002643, 39.871874], [-82.993976, 39.863042], [-82.987923, 39.856112], [-82.98307, 39.839698], [-82.98537, 39.834589], [-82.983333, 39.828907], [-82.972929, 39.824047], [-82.969624, 39.831913], [-82.953391, 39.838407], [-82.938989, 39.844321], [-82.934236, 39.840464], [-82.934567, 39.832744], [-82.934057, 39.83216], [-82.934951, 39.826753], [-82.922456, 39.82705], [-82.929252, 39.822721], [-82.93235, 39.817774], [-82.945573, 39.821365], [-82.950351, 39.819801], [-82.957154, 39.824066], [-82.954694, 39.822855], [-82.963908, 39.815229], [-82.975341, 39.810872], [-82.987121, 39.817571], [-82.995728, 39.810417], [-83.017702, 39.809732], [-83.030249, 39.811328], [-83.016927, 39.820634], [-83.005103, 39.823287], [-83.000048, 39.834106], [-83.009896, 39.846432], [-83.019301, 39.847], [-83.022369, 39.861537], [-83.024176, 39.866332], [-83.017775, 39.880915], [-83.030533, 39.899791], [-83.030139, 39.90309], [-83.034928, 39.896798], [-83.043324, 39.898898], [-83.040126, 39.905788], [-83.044282, 39.900929], [-83.045687, 39.896517], [-83.054917, 39.901547], [-83.063684, 39.904464], [-83.069073, 39.906988], [-83.072514, 39.907784], [-83.077762, 39.911133], [-83.07737, 39.91566], [-83.077983, 39.916833], [-83.089443, 39.915518], [-83.085091, 39.912911], [-83.090375, 39.907082], [-83.102605, 39.909861], [-83.099849, 39.903565], [-83.108135, 39.910001], [-83.11314, 39.902137], [-83.112822, 39.900774], [-83.119893, 39.890458], [-83.14013, 39.888995], [-83.157274, 39.885734], [-83.153639, 39.893647], [-83.144918, 39.903629], [-83.1454, 39.911278], [-83.153036, 39.924092], [-83.168596, 39.919642], [-83.178358, 39.925506], [-83.16244, 39.925507], [-83.167008, 39.932212], [-83.15574, 39.931571], [-83.157837, 39.931807], [-83.168161, 39.941523], [-83.162563, 39.952752], [-83.170519, 39.961207], [-83.166455, 39.968516], [-83.167003, 39.976073], [-83.161055, 39.97819], [-83.167738, 39.983124], [-83.165329, 39.989163], [-83.172307, 39.978561], [-83.183548, 39.981906], [-83.171956, 39.995754], [-83.181866, 40.009823], [-83.183045, 40.010315], [-83.173315, 40.014957], [-83.159318, 40.016346], [-83.159972, 40.004023], [-83.147233, 40.010089], [-83.158183, 40.018203], [-83.147768, 40.017269], [-83.135699, 40.01834], [-83.120654, 40.018389], [-83.117876, 40.023346], [-83.111229, 40.033915], [-83.103163, 40.03465], [-83.105497, 40.028259], [-83.111096, 40.025553], [-83.101912, 40.021671], [-83.09802, 40.028976], [-83.099437, 40.036465], [-83.097381, 40.045561], [-83.107244, 40.063732], [-83.116214, 40.066942], [-83.113858, 40.064622], [-83.113219, 40.056793], [-83.121403, 40.057392], [-83.134215, 40.069916], [-83.14886, 40.067399], [-83.154032, 40.059024], [-83.160042, 40.055862], [-83.173016, 40.054493], [-83.175986, 40.059366], [-83.191744, 40.064983]], [[-83.110452, 40.082459], [-83.108425, 40.074817], [-83.105252, 40.068233], [-83.104516, 40.065376], [-83.103713, 40.062849], [-83.102993, 40.061301], [-83.101534, 40.059273], [-83.096512, 40.054039], [-83.095912, 40.052651], [-83.095175, 40.047877], [-83.094689, 40.042336], [-83.092127, 40.030006], [-83.09139, 40.026436], [-83.092415, 40.019931], [-83.091711, 40.018309], [-83.090907, 40.016489], [-83.090508, 40.014422], [-83.08997, 40.013383], [-83.086226, 40.008264], [-83.083937, 40.006948], [-83.085739, 40.006134], [-83.084827, 40.004705], [-83.084558, 40.004718], [-83.082376, 40.004345], [-83.08218, 40.006043], [-83.080513, 40.004659], [-83.077426, 40.001148], [-83.07712, 39.998945], [-83.076482, 39.998818], [-83.07309, 39.995308], [-83.069545, 39.993235], [-83.068362, 39.991303], [-83.068661, 39.991323], [-83.068514, 39.991181], [-83.067465, 39.989546], [-83.065298, 39.984095], [-83.064705, 39.984079], [-83.062191, 39.984103], [-83.06035, 39.979398], [-83.057755, 39.977194], [-83.056679, 39.976863], [-83.050717, 39.975985], [-83.048329, 39.97568], [-83.048475, 39.973932], [-83.045754, 39.974543], [-83.04579, 39.972374], [-83.041764, 39.970462], [-83.039559, 39.970625], [-83.039219, 39.970736], [-83.042698, 39.972513], [-83.042429, 39.974873], [-83.02311, 39.97214], [-83.021791, 39.971952], [-83.021206, 39.971902], [-83.021152, 39.972116], [-83.021665, 39.972372], [-83.022614, 39.973091], [-83.02348, 39.97417], [-83.026266, 39.984304], [-83.02615, 39.983828], [-83.035056, 39.984231], [-83.037135, 39.9843], [-83.039001, 39.98443], [-83.044788, 39.984637], [-83.048841, 39.985295], [-83.047812, 39.985332], [-83.047568, 39.988489], [-83.048752, 39.98854], [-83.049168, 39.985309], [-83.049098, 39.984815], [-83.051497, 39.984927], [-83.053393, 39.985032], [-83.054926, 39.986053], [-83.054706, 39.989239], [-83.055947, 39.989289], [-83.055804, 39.992016], [-83.048751, 39.992381], [-83.048649, 39.994035], [-83.048511, 39.996436], [-83.048436, 39.997665], [-83.04836, 39.998852], [-83.048208, 40.001438], [-83.047908, 40.006137], [-83.044891, 40.006002], [-83.044828, 40.007164], [-83.047682, 40.007031], [-83.047526, 40.014021], [-83.04702, 40.021804], [-83.04696, 40.022708], [-83.046898, 40.023518], [-83.042568, 40.023322], [-83.044817, 40.025806], [-83.046603, 40.027886], [-83.046177, 40.034682], [-83.04586, 40.039927], [-83.045811, 40.040843], [-83.0503, 40.041497], [-83.049922, 40.046711], [-83.049787, 40.04876], [-83.049884, 40.049175], [-83.059089, 40.049428], [-83.059484, 40.051723], [-83.061562, 40.051772], [-83.066943, 40.053861], [-83.072058, 40.055728], [-83.075431, 40.05707], [-83.081459, 40.059343], [-83.082987, 40.059899], [-83.082947, 40.060332], [-83.082874, 40.061428], [-83.082831, 40.062213], [-83.083844, 40.062248], [-83.086031, 40.062318], [-83.087828, 40.064683], [-83.088896, 40.061597], [-83.088405, 40.060399], [-83.093546, 40.060839], [-83.093538, 40.062328], [-83.093579, 40.063602], [-83.095238, 40.06308], [-83.10187, 40.063383], [-83.102404, 40.065428], [-83.104253, 40.065513], [-83.104514, 40.0662], [-83.104816, 40.068222], [-83.104919, 40.068723], [-83.107262, 40.072923], [-83.108326, 40.075322], [-83.104655, 40.075435], [-83.104264, 40.082059], [-83.109852, 40.083722], [-83.10992, 40.08549], [-83.109814, 40.086015], [-83.109727, 40.086659], [-83.109868, 40.08667], [-83.110539, 40.08341], [-83.110452, 40.082459]]]}}, {"type": "Feature", "properties": {"id": "austin", "state": "TX", "name": "Austin", "alandM2": 845280236}, "geometry": {"type": "Polygon", "coordinates": [[[-97.938199, 30.337312], [-97.930815, 30.343519], [-97.922246, 30.354295], [-97.918046, 30.356149], [-97.915813, 30.364353], [-97.916896, 30.37813], [-97.908571, 30.394584], [-97.888354, 30.397006], [-97.87974, 30.409422], [-97.888192, 30.409024], [-97.894149, 30.408076], [-97.899853, 30.403578], [-97.901111, 30.419385], [-97.891653, 30.42321], [-97.873917, 30.42616], [-97.879157, 30.431116], [-97.877336, 30.434299], [-97.868474, 30.441204], [-97.858037, 30.448298], [-97.85427, 30.450226], [-97.83668, 30.446074], [-97.842979, 30.451844], [-97.849997, 30.452129], [-97.839736, 30.460435], [-97.826064, 30.455854], [-97.816028, 30.462238], [-97.815153, 30.475357], [-97.806979, 30.486188], [-97.805454, 30.495648], [-97.791953, 30.505114], [-97.781112, 30.503786], [-97.766168, 30.507263], [-97.757716, 30.509007], [-97.748518, 30.516652], [-97.750479, 30.499744], [-97.75259, 30.486154], [-97.757389, 30.487699], [-97.763749, 30.479152], [-97.7393, 30.484504], [-97.733074, 30.483859], [-97.722233, 30.474445], [-97.719835, 30.486929], [-97.720929, 30.500291], [-97.715479, 30.502488], [-97.693053, 30.474795], [-97.693352, 30.46968], [-97.69535, 30.452148], [-97.698364, 30.450461], [-97.695488, 30.439189], [-97.682448, 30.43359], [-97.671388, 30.426855], [-97.668609, 30.442542], [-97.669869, 30.455473], [-97.676067, 30.468256], [-97.670706, 30.469875], [-97.668064, 30.468557], [-97.664528, 30.456364], [-97.66158, 30.448797], [-97.650554, 30.436771], [-97.649854, 30.429487], [-97.665009, 30.421454], [-97.660915, 30.419504], [-97.648578, 30.409603], [-97.635462, 30.40884], [-97.634382, 30.403121], [-97.631084, 30.397448], [-97.634117, 30.398666], [-97.63506, 30.402031], [-97.646865, 30.390051], [-97.642665, 30.384252], [-97.641543, 30.383723], [-97.625287, 30.385837], [-97.620885, 30.398853], [-97.613131, 30.402806], [-97.615546, 30.386038], [-97.626105, 30.374525], [-97.637305, 30.361944], [-97.623529, 30.361436], [-97.621809, 30.370615], [-97.610923, 30.375804], [-97.605772, 30.364426], [-97.607271, 30.357015], [-97.593528, 30.352683], [-97.588447, 30.351061], [-97.57963, 30.342838], [-97.567348, 30.332955], [-97.563366, 30.314403], [-97.57903, 30.288456], [-97.59288, 30.286066], [-97.594765, 30.279974], [-97.604684, 30.268345], [-97.605498, 30.274457], [-97.615577, 30.283797], [-97.626101, 30.288534], [-97.637135, 30.287935], [-97.633057, 30.277458], [-97.623956, 30.276236], [-97.634408, 30.256674], [-97.624518, 30.251971], [-97.635267, 30.237746], [-97.657254, 30.227334], [-97.647606, 30.213009], [-97.626145, 30.210896], [-97.614354, 30.213168], [-97.599943, 30.205788], [-97.587448, 30.205798], [-97.600972, 30.192307], [-97.606628, 30.198369], [-97.618398, 30.189367], [-97.632868, 30.188631], [-97.641962, 30.185224], [-97.618798, 30.183453], [-97.607859, 30.173016], [-97.614261, 30.165215], [-97.624969, 30.164163], [-97.631595, 30.167928], [-97.625952, 30.153524], [-97.622031, 30.14548], [-97.621482, 30.137764], [-97.623762, 30.130228], [-97.627308, 30.127761], [-97.636724, 30.12847], [-97.638038, 30.124124], [-97.649017, 30.132888], [-97.646468, 30.143546], [-97.656757, 30.158947], [-97.670832, 30.153494], [-97.674797, 30.166462], [-97.661523, 30.169423], [-97.681536, 30.175032], [-97.689833, 30.177968], [-97.705235, 30.190092], [-97.712064, 30.193966], [-97.706506, 30.184759], [-97.712147, 30.182283], [-97.720708, 30.180937], [-97.720044, 30.163134], [-97.696913, 30.14978], [-97.695953, 30.130989], [-97.715195, 30.121049], [-97.735061, 30.133225], [-97.733656, 30.135417], [-97.731959, 30.13807], [-97.7354, 30.147935], [-97.740635, 30.139685], [-97.750984, 30.147774], [-97.758504, 30.135995], [-97.767593, 30.129823], [-97.787482, 30.130569], [-97.791736, 30.129078], [-97.803661, 30.118304], [-97.806024, 30.112367], [-97.813735, 30.099495], [-97.811403, 30.112404], [-97.824747, 30.115746], [-97.811871, 30.130661], [-97.801294, 30.134918], [-97.802322, 30.125813], [-97.803801, 30.138824], [-97.81019, 30.139595], [-97.813231, 30.147946], [-97.816309, 30.149905], [-97.820815, 30.164452], [-97.821443, 30.170145], [-97.833117, 30.147451], [-97.844751, 30.147709], [-97.848505, 30.149429], [-97.847491, 30.142035], [-97.852773, 30.140063], [-97.862792, 30.142245], [-97.873955, 30.152337], [-97.883526, 30.148161], [-97.893717, 30.172681], [-97.907143, 30.176525], [-97.905056, 30.161284], [-97.893237, 30.154642], [-97.898233, 30.138892], [-97.887275, 30.13268], [-97.907144, 30.124433], [-97.922412, 30.156515], [-97.918593, 30.159188], [-97.929269, 30.174306], [-97.926398, 30.19086], [-97.911592, 30.205104], [-97.900776, 30.20777], [-97.893727, 30.211969], [-97.893966, 30.21919], [-97.893743, 30.229061], [-97.898928, 30.231331], [-97.908465, 30.234446], [-97.904147, 30.254257], [-97.916742, 30.254287], [-97.919934, 30.240191], [-97.92727, 30.24628], [-97.910095, 30.264636], [-97.916721, 30.280544], [-97.911758, 30.294786], [-97.907617, 30.309568], [-97.896977, 30.296928], [-97.895611, 30.2913], [-97.886131, 30.289191], [-97.888056, 30.286728], [-97.888102, 30.275767], [-97.875041, 30.259763], [-97.847396, 30.254537], [-97.843099, 30.273134], [-97.853664, 30.273268], [-97.848613, 30.279182], [-97.848653, 30.286773], [-97.840535, 30.289856], [-97.834732, 30.296679], [-97.829284, 30.296027], [-97.827042, 30.288535], [-97.817437, 30.276634], [-97.808021, 30.272342], [-97.799172, 30.272068], [-97.786185, 30.268725], [-97.780294, 30.267847], [-97.787316, 30.282602], [-97.788659, 30.284536], [-97.794838, 30.284709], [-97.796004, 30.292293], [-97.790282, 30.297587], [-97.795068, 30.303308], [-97.790606, 30.301163], [-97.782236, 30.312405], [-97.78455, 30.319602], [-97.782362, 30.326489], [-97.788006, 30.335631], [-97.794191, 30.339345], [-97.814912, 30.306703], [-97.820004, 30.312328], [-97.821559, 30.309372], [-97.828207, 30.302552], [-97.831687, 30.312697], [-97.824795, 30.322223], [-97.839494, 30.322043], [-97.84729, 30.327204], [-97.851222, 30.338679], [-97.848238, 30.345027], [-97.854317, 30.349955], [-97.861105, 30.350433], [-97.870846, 30.345661], [-97.882251, 30.339722], [-97.888603, 30.332926], [-97.908811, 30.310092], [-97.910669, 30.315441], [-97.909095, 30.329837], [-97.920626, 30.324377], [-97.927417, 30.324614]]]}}, {"type": "Feature", "properties": {"id": "fort_worth", "state": "TX", "name": "Fort Worth", "alandM2": 907193877}, "geometry": {"type": "Polygon", "coordinates": [[[-97.600078, 32.738427], [-97.586852, 32.752579], [-97.576936, 32.743927], [-97.585579, 32.76696], [-97.56767, 32.773365], [-97.559054, 32.7454], [-97.545316, 32.734095], [-97.53608, 32.734918], [-97.527243, 32.72857], [-97.52289, 32.727759], [-97.52967, 32.74523], [-97.544474, 32.74525], [-97.523141, 32.767381], [-97.512593, 32.76914], [-97.508288, 32.774788], [-97.497575, 32.784504], [-97.500768, 32.802863], [-97.480245, 32.81608], [-97.47604, 32.816661], [-97.472867, 32.815485], [-97.471477, 32.82323], [-97.49181, 32.837997], [-97.52127, 32.860782], [-97.505518, 32.865797], [-97.493296, 32.868218], [-97.469594, 32.864066], [-97.467499, 32.852493], [-97.458637, 32.838414], [-97.449184, 32.839026], [-97.449298, 32.834927], [-97.444264, 32.829851], [-97.437643, 32.827837], [-97.44106, 32.843569], [-97.426317, 32.852309], [-97.445643, 32.871379], [-97.451058, 32.877361], [-97.455304, 32.881878], [-97.452688, 32.887701], [-97.445329, 32.8908], [-97.441441, 32.891774], [-97.448196, 32.894882], [-97.454161, 32.89291], [-97.454948, 32.907749], [-97.44511, 32.904527], [-97.446432, 32.896394], [-97.433445, 32.902216], [-97.456412, 32.922029], [-97.456898, 32.909826], [-97.467209, 32.912511], [-97.454538, 32.923966], [-97.421553, 32.924412], [-97.407688, 32.924433], [-97.374781, 32.924425], [-97.391981, 32.932802], [-97.409063, 32.939638], [-97.420721, 32.957465], [-97.420539, 32.967864], [-97.410203, 32.968934], [-97.403894, 32.964415], [-97.399345, 32.968891], [-97.397437, 32.974749], [-97.396734, 32.977427], [-97.397196, 32.999958], [-97.411294, 33.00661], [-97.411237, 33.009938], [-97.359057, 33.000414], [-97.354905, 33.013023], [-97.350666, 33.005166], [-97.346991, 33.017292], [-97.344793, 33.027116], [-97.34116, 33.035243], [-97.317834, 33.047323], [-97.315342, 33.036101], [-97.304788, 33.043056], [-97.276866, 33.044783], [-97.265898, 33.043266], [-97.274156, 33.026591], [-97.271726, 33.015466], [-97.270006, 33.018949], [-97.266602, 33.019705], [-97.258112, 33.018866], [-97.257704, 33.011662], [-97.248925, 33.007966], [-97.254164, 32.991052], [-97.246617, 32.970951], [-97.254553, 32.954844], [-97.255264, 32.938754], [-97.266786, 32.929095], [-97.258912, 32.916663], [-97.256138, 32.91142], [-97.262251, 32.874263], [-97.272548, 32.866839], [-97.274073, 32.861161], [-97.289824, 32.853581], [-97.290321, 32.831665], [-97.290551, 32.806472], [-97.290434, 32.795109], [-97.290645, 32.78097], [-97.273204, 32.78044], [-97.250544, 32.787558], [-97.235968, 32.79365], [-97.228717, 32.794522], [-97.211387, 32.804654], [-97.169174, 32.808736], [-97.143999, 32.812825], [-97.117353, 32.810846], [-97.111219, 32.812335], [-97.105085, 32.822432], [-97.073605, 32.822482], [-97.072347, 32.834687], [-97.065267, 32.837822], [-97.046904, 32.838742], [-97.038239, 32.84074], [-97.033904, 32.83429], [-97.034405, 32.802937], [-97.035668, 32.789556], [-97.036662, 32.797339], [-97.041831, 32.808671], [-97.049082, 32.8139], [-97.054916, 32.815397], [-97.068038, 32.816083], [-97.110088, 32.806279], [-97.131672, 32.796769], [-97.126747, 32.790544], [-97.138579, 32.782561], [-97.148576, 32.772025], [-97.150821, 32.770843], [-97.152358, 32.767243], [-97.151763, 32.759524], [-97.156414, 32.757547], [-97.161076, 32.756542], [-97.173293, 32.741425], [-97.196046, 32.728233], [-97.207728, 32.727983], [-97.211909, 32.726693], [-97.213097, 32.726977], [-97.216579, 32.72604], [-97.212382, 32.719992], [-97.215339, 32.715547], [-97.219766, 32.713516], [-97.221974, 32.709723], [-97.225343, 32.709697], [-97.219267, 32.708987], [-97.219368, 32.705895], [-97.218396, 32.702552], [-97.226433, 32.697355], [-97.233314, 32.687933], [-97.232459, 32.687316], [-97.229972, 32.681285], [-97.231637, 32.669308], [-97.24101, 32.665087], [-97.259769, 32.673944], [-97.291482, 32.688395], [-97.280271, 32.6661], [-97.27792, 32.645566], [-97.252572, 32.652743], [-97.244272, 32.65791], [-97.244529, 32.660228], [-97.240255, 32.654055], [-97.236856, 32.64312], [-97.240077, 32.63691], [-97.244575, 32.642528], [-97.261313, 32.635141], [-97.280121, 32.643076], [-97.292244, 32.631032], [-97.293226, 32.623592], [-97.287124, 32.613186], [-97.28484, 32.603999], [-97.293062, 32.584447], [-97.288562, 32.575708], [-97.285117, 32.570615], [-97.291801, 32.574002], [-97.300985, 32.564134], [-97.283658, 32.560726], [-97.286732, 32.557834], [-97.286418, 32.554229], [-97.241911, 32.559813], [-97.241375, 32.579876], [-97.260761, 32.551953], [-97.313623, 32.55063], [-97.318252, 32.565714], [-97.332307, 32.571864], [-97.33452, 32.577992], [-97.331954, 32.592493], [-97.35093, 32.600067], [-97.351053, 32.611958], [-97.352939, 32.614434], [-97.357309, 32.606811], [-97.379585, 32.582742], [-97.387268, 32.586583], [-97.388379, 32.57514], [-97.402922, 32.587069], [-97.404211, 32.590266], [-97.428577, 32.574068], [-97.442494, 32.57898], [-97.432454, 32.588673], [-97.434253, 32.610736], [-97.456497, 32.618647], [-97.456553, 32.62148], [-97.450416, 32.625756], [-97.447616, 32.628555], [-97.445097, 32.623466], [-97.438539, 32.618965], [-97.439295, 32.624294], [-97.441805, 32.629587], [-97.434825, 32.627361], [-97.430389, 32.625762], [-97.426273, 32.625163], [-97.426939, 32.630247], [-97.432642, 32.632769], [-97.430138, 32.63997], [-97.438713, 32.641993], [-97.448928, 32.645601], [-97.460784, 32.654913], [-97.4552, 32.664211], [-97.440778, 32.666469], [-97.434366, 32.674328], [-97.425045, 32.682988], [-97.415055, 32.688909], [-97.424083, 32.696322], [-97.426353, 32.684899], [-97.436066, 32.690599], [-97.445989, 32.696328], [-97.45129, 32.690119], [-97.457716, 32.689239], [-97.452746, 32.713799], [-97.452714, 32.71726], [-97.459748, 32.716296], [-97.477758, 32.714882], [-97.465474, 32.689557], [-97.466768, 32.687114], [-97.482095, 32.688473], [-97.477394, 32.678948], [-97.490899, 32.673627], [-97.497633, 32.674276], [-97.502761, 32.647199], [-97.517633, 32.63219], [-97.513349, 32.643116], [-97.515879, 32.673185], [-97.486782, 32.676601], [-97.47585, 32.695347], [-97.477629, 32.703418], [-97.498537, 32.706933], [-97.505208, 32.715815], [-97.510913, 32.720491], [-97.513622, 32.707811], [-97.528022, 32.695278], [-97.549563, 32.68139], [-97.571721, 32.679466], [-97.592385, 32.728535]]]}}, {"type": "Feature", "properties": {"id": "miami", "state": "FL", "name": "Miami", "alandM2": 93228402}, "geometry": {"type": "Polygon", "coordinates": [[[-80.315774, 25.768089], [-80.313045, 25.770141], [-80.312234, 25.77074], [-80.311612, 25.770605], [-80.309722, 25.7715], [-80.309678, 25.771533], [-80.309555, 25.774065], [-80.308486, 25.77731], [-80.307906, 25.772373], [-80.29614, 25.777717], [-80.292392, 25.779828], [-80.28842, 25.780834], [-80.282201, 25.779595], [-80.279064, 25.779549], [-80.276399, 25.781158], [-80.274274, 25.783517], [-80.274254, 25.783561], [-80.274176, 25.783728], [-80.270961, 25.787248], [-80.265171, 25.792921], [-80.264018, 25.793483], [-80.256149, 25.793851], [-80.247977, 25.794061], [-80.242058, 25.794225], [-80.240256, 25.79427], [-80.239819, 25.794275], [-80.240025, 25.801683], [-80.240109, 25.804461], [-80.240136, 25.805349], [-80.240227, 25.808618], [-80.24631, 25.808438], [-80.248356, 25.808378], [-80.256486, 25.80813], [-80.257803, 25.806692], [-80.25845, 25.807188], [-80.258504, 25.809003], [-80.248378, 25.809236], [-80.24025, 25.809539], [-80.240303, 25.810959], [-80.232132, 25.811197], [-80.228056, 25.811321], [-80.228104, 25.812135], [-80.22835, 25.816911], [-80.228623, 25.824299], [-80.228772, 25.827947], [-80.225136, 25.828092], [-80.225296, 25.831699], [-80.225567, 25.839115], [-80.225252, 25.839124], [-80.216995, 25.839403], [-80.209401, 25.839659], [-80.209476, 25.841262], [-80.208908, 25.841282], [-80.208936, 25.841993], [-80.209514, 25.841942], [-80.209573, 25.843358], [-80.209696, 25.847024], [-80.209555, 25.847607], [-80.207821, 25.8476], [-80.203497, 25.847604], [-80.196928, 25.847903], [-80.197028, 25.85113], [-80.197087, 25.852546], [-80.197098, 25.853025], [-80.195077, 25.853076], [-80.19302, 25.853519], [-80.188806, 25.852952], [-80.188377, 25.85238], [-80.18782, 25.851537], [-80.1853, 25.851508], [-80.185462, 25.855172], [-80.184906, 25.855187], [-80.18444, 25.855198], [-80.176725, 25.855421], [-80.163468, 25.855673], [-80.16138, 25.855786], [-80.161107, 25.848432], [-80.160935, 25.842783], [-80.160805, 25.839805], [-80.160673, 25.836767], [-80.160497, 25.833332], [-80.160232, 25.828311], [-80.160061, 25.826914], [-80.15979, 25.822098], [-80.159397, 25.812967], [-80.16009, 25.810503], [-80.160575, 25.808785], [-80.161126, 25.806965], [-80.16174, 25.804779], [-80.162636, 25.801571], [-80.163253, 25.799369], [-80.163865, 25.797191], [-80.165685, 25.790601], [-80.166154, 25.788887], [-80.16696, 25.786213], [-80.168465, 25.781856], [-80.168969, 25.7797], [-80.16905, 25.779209], [-80.14447, 25.768649], [-80.141408, 25.767057], [-80.13908, 25.766187], [-80.138401, 25.765933], [-80.136902, 25.765164], [-80.138676, 25.764467], [-80.149088, 25.763904], [-80.148821, 25.762374], [-80.1396389234784, 25.7555349414835], [-80.139688, 25.755515], [-80.1405883296597, 25.754228123493], [-80.142851, 25.750994], [-80.142717, 25.746544], [-80.14514, 25.741546], [-80.148242, 25.738822], [-80.151344, 25.737956], [-80.158732332114, 25.7334029610471], [-80.159048, 25.73542], [-80.157695, 25.737486], [-80.157663, 25.739677], [-80.163405, 25.737229], [-80.166993, 25.740482], [-80.167977, 25.739583], [-80.164849, 25.736776], [-80.165785, 25.73678], [-80.1741192514612, 25.7434635051484], [-80.175116, 25.74445], [-80.178896, 25.746047], [-80.1789180499312, 25.7460469382921], [-80.1893604731533, 25.7460177146228], [-80.199621, 25.745989], [-80.202265381322, 25.7479369368224], [-80.202632, 25.748207], [-80.208515, 25.745602], [-80.209829, 25.744275], [-80.210674, 25.740731], [-80.214358, 25.738303], [-80.2159705666396, 25.7388449989003], [-80.21772, 25.739433], [-80.221998, 25.73665], [-80.2278308201476, 25.7334891817657], [-80.228012, 25.733391], [-80.2293, 25.734022], [-80.229959, 25.733447], [-80.229677, 25.732617], [-80.231425, 25.731551], [-80.233058, 25.731683], [-80.233341, 25.729759], [-80.232755, 25.729052], [-80.235794, 25.726044], [-80.237858, 25.727228], [-80.23812330521, 25.7269095916027], [-80.2392199806918, 25.7255934068107], [-80.240376, 25.724206], [-80.244694, 25.717879], [-80.249122, 25.713383], [-80.248189, 25.710031], [-80.2477605461874, 25.7095208778931], [-80.252809, 25.709327], [-80.261003, 25.709042], [-80.261105, 25.712671], [-80.26116, 25.714145], [-80.26137, 25.719938], [-80.261552, 25.723607], [-80.261615, 25.724829], [-80.258502, 25.724983], [-80.258665, 25.727449], [-80.255672, 25.72755], [-80.255865, 25.731289], [-80.257918, 25.73218], [-80.25803, 25.734922], [-80.258168, 25.738629], [-80.256188, 25.739051], [-80.256229, 25.742007], [-80.254438, 25.742475], [-80.254313, 25.742469], [-80.254322, 25.742552], [-80.254332, 25.742986], [-80.254462, 25.746135], [-80.254569, 25.749862], [-80.254738, 25.753323], [-80.2548, 25.756034], [-80.254832, 25.757249], [-80.254912, 25.758348], [-80.25494, 25.759128], [-80.254995, 25.760652], [-80.255005, 25.761025], [-80.255077, 25.763001], [-80.25514, 25.764687], [-80.255285, 25.768201], [-80.255365, 25.770026], [-80.254411, 25.770078], [-80.254169, 25.771853], [-80.254849, 25.771835], [-80.255447, 25.771356], [-80.255407, 25.77064], [-80.258464, 25.770557], [-80.259406, 25.768126], [-80.259217, 25.764573], [-80.260852, 25.76451], [-80.261263, 25.764496], [-80.263309, 25.764424], [-80.267005, 25.764305], [-80.267378, 25.764282], [-80.270446, 25.764205], [-80.271464, 25.76417], [-80.273315, 25.764094], [-80.275615, 25.764011], [-80.279259, 25.763889], [-80.279662, 25.763869], [-80.283797, 25.76371], [-80.287852, 25.763563], [-80.291905, 25.763441], [-80.29499, 25.763344], [-80.298042, 25.763258], [-80.2999, 25.763205], [-80.303901, 25.763099], [-80.307434, 25.762979], [-80.309814, 25.762896], [-80.31186, 25.76283], [-80.315732, 25.762717], [-80.317774, 25.76264], [-80.315774, 25.768089]]]}}, {"type": "Feature", "properties": {"id": "houston", "state": "TX", "name": "Houston", "alandM2": 1659162912}, "geometry": {"type": "Polygon", "coordinates": [[[-95.846199, 29.70482], [-95.8138, 29.702775], [-95.788412, 29.700025], [-95.773317, 29.716894], [-95.753944, 29.740874], [-95.753522, 29.730802], [-95.772386, 29.730835], [-95.72726, 29.708112], [-95.746641, 29.724973], [-95.709601, 29.755353], [-95.68828, 29.781278], [-95.718742, 29.775249], [-95.732355, 29.783491], [-95.751385, 29.76558], [-95.758209, 29.759423], [-95.755708, 29.784047], [-95.776881, 29.756612], [-95.793705, 29.746192], [-95.777049, 29.769304], [-95.792731, 29.773662], [-95.793134, 29.770112], [-95.775671, 29.801751], [-95.774739, 29.802068], [-95.719872, 29.831073], [-95.719183, 29.845794], [-95.717622, 29.830999], [-95.718886, 29.793377], [-95.703835, 29.809638], [-95.685863, 29.828896], [-95.672989, 29.814685], [-95.662397, 29.831238], [-95.647977, 29.830615], [-95.655155, 29.846513], [-95.646344, 29.857112], [-95.647737, 29.869143], [-95.669177, 29.868536], [-95.661001, 29.848929], [-95.701928, 29.86474], [-95.720422, 29.866701], [-95.683298, 29.865833], [-95.701163, 29.879703], [-95.726839, 29.879687], [-95.709309, 29.880366], [-95.720199, 29.899085], [-95.700161, 29.881378], [-95.676746, 29.890656], [-95.682331, 29.894609], [-95.658342, 29.880544], [-95.644059, 29.886523], [-95.6275, 29.91987], [-95.68623, 29.918718], [-95.686762, 29.942988], [-95.702432, 29.968443], [-95.702783, 29.957661], [-95.764986, 29.99786], [-95.813951, 30.017591], [-95.780735, 30.005384], [-95.742737, 29.993884], [-95.718828, 29.984564], [-95.699329, 29.987493], [-95.670919, 29.972502], [-95.676513, 29.987109], [-95.664835, 29.980811], [-95.633082, 29.924261], [-95.628341, 29.949082], [-95.606701, 29.933459], [-95.625444, 29.947364], [-95.615691, 29.917164], [-95.596017, 29.927394], [-95.610338, 29.917344], [-95.620582, 29.884924], [-95.599222, 29.880113], [-95.524389, 29.86089], [-95.495129, 29.906332], [-95.485233, 29.884216], [-95.4805, 29.877219], [-95.472791, 29.884784], [-95.415002, 29.900294], [-95.424488, 29.926022], [-95.451099, 29.926314], [-95.432664, 29.910556], [-95.458484, 29.935362], [-95.488255, 29.942222], [-95.4958, 29.948814], [-95.481651, 29.96113], [-95.494973, 29.971308], [-95.518934, 29.976429], [-95.528354, 29.933994], [-95.533847, 29.923804], [-95.553049, 29.908544], [-95.548419, 29.900611], [-95.555869, 29.923199], [-95.584521, 29.915189], [-95.586687, 29.904265], [-95.592126, 29.906845], [-95.589004, 29.935916], [-95.559265, 29.958413], [-95.585034, 29.95926], [-95.588322, 29.961136], [-95.584141, 29.970033], [-95.568122, 29.963496], [-95.569076, 29.977984], [-95.584983, 29.986404], [-95.614849, 29.987344], [-95.606015, 29.979693], [-95.62768, 29.998077], [-95.626135, 30.00614], [-95.621682, 29.996884], [-95.606574, 30.008951], [-95.593348, 29.997357], [-95.602121, 30.012831], [-95.606045, 30.031995], [-95.620524, 30.051705], [-95.567016, 30.057899], [-95.609046, 30.049072], [-95.585877, 30.034394], [-95.551662, 30.037919], [-95.558612, 30.029505], [-95.585608, 30.01434], [-95.566472, 29.99877], [-95.541836, 30.011189], [-95.533109, 30.031205], [-95.533496, 30.003839], [-95.527456, 30.00448], [-95.542226, 29.993227], [-95.526266, 29.974712], [-95.508275, 29.991372], [-95.492803, 29.990923], [-95.476969, 30.004759], [-95.467124, 30.005441], [-95.460537, 30.011341], [-95.446079, 30.024675], [-95.443358, 30.031753], [-95.435924, 30.034796], [-95.426182, 30.028656], [-95.424792, 30.004848], [-95.40918, 29.986683], [-95.418904, 29.956877], [-95.402242, 29.965975], [-95.387197, 29.954042], [-95.35994, 29.957174], [-95.37695, 30.012881], [-95.387714, 30.011632], [-95.402315, 29.995536], [-95.40095, 30.014103], [-95.38984, 30.025769], [-95.395272, 30.054096], [-95.396794, 30.065215], [-95.370056, 30.067287], [-95.386188, 30.047508], [-95.362203, 30.036707], [-95.344419, 30.042646], [-95.330214, 30.02013], [-95.321281, 30.008195], [-95.295801, 30.001382], [-95.277996, 29.989196], [-95.268322, 29.954581], [-95.235228, 29.969001], [-95.274196, 29.943606], [-95.232478, 29.935185], [-95.238727, 29.933926], [-95.271041, 29.938394], [-95.311993, 29.939504], [-95.326196, 29.923046], [-95.354946, 29.902344], [-95.335502, 29.87475], [-95.295962, 29.907965], [-95.282014, 29.883081], [-95.228412, 29.853171], [-95.232724, 29.839686], [-95.22875, 29.815857], [-95.210726, 29.81182], [-95.214201, 29.787433], [-95.206128, 29.781428], [-95.200899, 29.785849], [-95.17952, 29.806248], [-95.156048, 29.902685], [-95.176805, 29.937967], [-95.141369, 29.996947], [-95.152923, 30.002127], [-95.181141, 29.992145], [-95.163674, 29.982452], [-95.186706, 29.978574], [-95.217849, 29.979319], [-95.197779, 29.985697], [-95.231819, 29.999182], [-95.25147, 30.026569], [-95.262393, 30.042859], [-95.244021, 30.061163], [-95.217627, 30.072522], [-95.166548, 30.109276], [-95.121563, 30.064781], [-95.108016, 30.043571], [-95.118639, 29.982348], [-95.142344, 29.948141], [-95.123726, 29.910319], [-95.166318, 29.851689], [-95.142585, 29.813902], [-95.158671, 29.809779], [-95.143111, 29.788944], [-95.158233, 29.789049], [-95.157735, 29.778013], [-95.071461, 29.795661], [-95.092147, 29.790244], [-95.166926, 29.76758], [-95.210283, 29.75808], [-95.147461, 29.743366], [-95.068476, 29.765504], [-95.013491, 29.710742], [-95.053672, 29.72737], [-95.096587, 29.740332], [-95.171783, 29.739763], [-95.22821, 29.709773], [-95.249437, 29.66973], [-95.190783, 29.63025], [-95.102509, 29.58577], [-95.089997, 29.551412], [-95.133671, 29.554425], [-95.162532, 29.529644], [-95.159215, 29.534389], [-95.217641, 29.58565], [-95.215842, 29.593066], [-95.237874, 29.599873], [-95.239219, 29.587738], [-95.282809, 29.597749], [-95.332258, 29.598934], [-95.409021, 29.599268], [-95.505541, 29.574416], [-95.518559, 29.626798], [-95.552599, 29.641136], [-95.623977, 29.660012], [-95.611101, 29.679501], [-95.614277, 29.682799], [-95.610773, 29.69224], [-95.6381, 29.692951], [-95.643142, 29.673682], [-95.646356, 29.657169], [-95.656218, 29.678009], [-95.646967, 29.691993], [-95.670773, 29.700947], [-95.645767, 29.712259], [-95.654333, 29.728082], [-95.691003, 29.70741], [-95.678943, 29.676713], [-95.687887, 29.676424], [-95.715644, 29.704788], [-95.766307, 29.689634], [-95.72654, 29.660523], [-95.741324, 29.659403], [-95.792478, 29.694993]]]}}, {"type": "Feature", "properties": {"id": "nashville", "state": "TN", "name": "Nashville-Davidson metropolitan government (balance)", "alandM2": 1231710324}, "geometry": {"type": "Polygon", "coordinates": [[[-87.054705, 36.049986], [-87.051742, 36.049377], [-87.046339, 36.047319], [-87.04369, 36.043498], [-87.041362, 36.041312], [-87.039004, 36.077318], [-87.038696, 36.080185], [-87.03832, 36.082037], [-87.035511, 36.086431], [-87.038201, 36.093796], [-87.021306, 36.108672], [-87.001294, 36.12523], [-86.983613, 36.209566], [-86.985255, 36.210061], [-86.987668, 36.214898], [-86.987831, 36.215515], [-86.980414, 36.216995], [-86.97461, 36.249374], [-86.963358, 36.267004], [-86.95771, 36.275797], [-86.940536, 36.295111], [-86.920798, 36.3307], [-86.909959, 36.360493], [-86.906254, 36.366218], [-86.908151, 36.370249], [-86.909818, 36.372128], [-86.911344, 36.372174], [-86.914732, 36.373346], [-86.914937, 36.378073], [-86.912073, 36.377148], [-86.912054, 36.380851], [-86.914208, 36.383541], [-86.912922, 36.383586], [-86.909198, 36.390256], [-86.901308, 36.389065], [-86.894298, 36.389097], [-86.889257, 36.38667], [-86.885634, 36.381777], [-86.883403, 36.380333], [-86.878611, 36.378631], [-86.877483, 36.372191], [-86.874334, 36.373698], [-86.86895, 36.372827], [-86.86214, 36.369569], [-86.862796, 36.381171], [-86.852919, 36.380135], [-86.851646, 36.368091], [-86.84799, 36.366444], [-86.844075, 36.36406], [-86.840962, 36.361939], [-86.836773, 36.35838], [-86.836614, 36.360246], [-86.834689, 36.357864], [-86.830728, 36.355995], [-86.825696, 36.350699], [-86.824784, 36.349872], [-86.823083, 36.351648], [-86.819698, 36.352194], [-86.815664, 36.352759], [-86.80739, 36.355445], [-86.802649, 36.356738], [-86.797047, 36.359611], [-86.787357, 36.35964], [-86.787723, 36.363284], [-86.788272, 36.366319], [-86.791946, 36.369321], [-86.787344, 36.377118], [-86.783726, 36.381827], [-86.781292, 36.383645], [-86.782211, 36.384827], [-86.781158, 36.387887], [-86.781582, 36.389409], [-86.771924, 36.387722], [-86.770111, 36.385581], [-86.768226, 36.384874], [-86.7685710459755, 36.3937373534588], [-86.764691, 36.393958], [-86.763207, 36.39207], [-86.757031, 36.39561], [-86.763522, 36.396842], [-86.762991, 36.397149], [-86.763722, 36.397971], [-86.76331, 36.399164], [-86.760733, 36.400083], [-86.758072, 36.399867], [-86.755195, 36.402458], [-86.753895, 36.404295], [-86.748493, 36.404694], [-86.745693, 36.403097], [-86.743483, 36.397743], [-86.741334, 36.393156], [-86.736687, 36.388815], [-86.732688, 36.383659], [-86.729837, 36.377742], [-86.728558, 36.375472], [-86.727529, 36.372316], [-86.726371, 36.366173], [-86.726192, 36.360972], [-86.72468, 36.353429], [-86.723495, 36.34768], [-86.721054, 36.342076], [-86.718866, 36.339532], [-86.717717, 36.338456], [-86.72338, 36.343264], [-86.728579, 36.343593], [-86.729082, 36.338607], [-86.733896, 36.335323], [-86.735414, 36.335292], [-86.733743, 36.3319], [-86.730262, 36.330398], [-86.73447, 36.324825], [-86.740448, 36.32039], [-86.741073, 36.318022], [-86.738427, 36.315001], [-86.733563, 36.312809], [-86.731774, 36.305178], [-86.737952, 36.302193], [-86.730797, 36.299952], [-86.739942, 36.295835], [-86.741496, 36.293249], [-86.733734, 36.292389], [-86.723167, 36.296339], [-86.717253, 36.288754], [-86.712348, 36.285021], [-86.708458, 36.28817], [-86.705296, 36.294525], [-86.702261, 36.296954], [-86.70019, 36.298931], [-86.699215, 36.301079], [-86.695435, 36.303919], [-86.694407, 36.306847], [-86.694801, 36.309965], [-86.693904, 36.310293], [-86.690104, 36.314134], [-86.687408, 36.318129], [-86.680288, 36.315862], [-86.674988, 36.316353], [-86.672226, 36.309142], [-86.666556, 36.303489], [-86.670736, 36.301112], [-86.644387, 36.291106], [-86.641681, 36.287651], [-86.643302, 36.274204], [-86.642375, 36.264997], [-86.641742, 36.261162], [-86.638384, 36.254049], [-86.628166, 36.251143], [-86.616269, 36.245456], [-86.598281, 36.244659], [-86.59359, 36.240971], [-86.595439, 36.239407], [-86.593493, 36.239796], [-86.591092, 36.237005], [-86.583855, 36.217321], [-86.583278, 36.215754], [-86.5809, 36.208819], [-86.580021, 36.206392], [-86.579891, 36.206371], [-86.577515, 36.199759], [-86.576695, 36.197411], [-86.57562, 36.194597], [-86.572172, 36.179372], [-86.57089, 36.173679], [-86.570015, 36.172212], [-86.56802, 36.168859], [-86.564859, 36.163649], [-86.555759, 36.145381], [-86.550926, 36.144355], [-86.555275, 36.143521], [-86.556865, 36.13496], [-86.554946, 36.134003], [-86.553145, 36.135814], [-86.546957, 36.137054], [-86.540291, 36.138853], [-86.538597, 36.135395], [-86.533354, 36.13736], [-86.532839, 36.138472], [-86.527841, 36.140769], [-86.525559, 36.13854], [-86.527074, 36.13615], [-86.529142, 36.135119], [-86.532043, 36.132272], [-86.531131, 36.128676], [-86.535105, 36.126254], [-86.529238, 36.124347], [-86.53529, 36.112496], [-86.527737, 36.107167], [-86.519566, 36.103831], [-86.515589, 36.10061], [-86.519363, 36.084194], [-86.521083, 36.072395], [-86.524384, 36.059021], [-86.529327, 36.057156], [-86.532884, 36.060019], [-86.52749, 36.07402], [-86.538988, 36.076621], [-86.545091, 36.086618], [-86.54899, 36.085916], [-86.54609, 36.077518], [-86.550486, 36.065322], [-86.561685, 36.06742], [-86.561685, 36.068418], [-86.562525, 36.063921], [-86.56387, 36.061917], [-86.562073, 36.054214], [-86.566379, 36.048762], [-86.560677, 36.039845], [-86.560947, 36.038218], [-86.567207, 36.034496], [-86.571934, 36.032008], [-86.5751, 36.029711], [-86.582488, 36.026675], [-86.590335, 36.024029], [-86.591618, 36.024129], [-86.594983, 36.019316], [-86.600742, 36.011876], [-86.606891, 36.010682], [-86.612691, 36.007523], [-86.615588, 35.991624], [-86.609591, 35.990926], [-86.607225, 35.985472], [-86.609595, 35.979822], [-86.613646, 35.975552], [-86.614415, 35.967785], [-86.6186, 35.971336], [-86.627397, 35.974027], [-86.632912, 35.974401], [-86.648288, 35.975573], [-86.656189, 35.979472], [-86.686044, 35.993976], [-86.689614, 35.994966], [-86.692324, 35.994753], [-86.693173, 35.996], [-86.720169, 36.008744], [-86.732069, 36.009873], [-86.750323, 36.019339], [-86.783079, 36.034886], [-86.816472, 36.039217], [-86.832753, 36.041024], [-86.864957, 36.044672], [-86.896719, 36.04892], [-86.919116, 36.051693], [-86.936415, 36.048156], [-86.968487, 36.027906], [-86.976824, 36.02258], [-87.016082, 35.997874], [-87.028336, 35.989857], [-87.040749, 35.993825], [-87.045351, 36.012597], [-87.05453, 36.048776]], [[-86.876685, 36.050493], [-86.873101, 36.050075], [-86.862739, 36.047308], [-86.852045, 36.045053], [-86.847431, 36.044665], [-86.842852, 36.043092], [-86.834001, 36.042015], [-86.82943, 36.042667], [-86.826722, 36.042476], [-86.822361, 36.041324], [-86.81903, 36.04099], [-86.816368, 36.040299], [-86.815807, 36.044363], [-86.816267, 36.050519], [-86.816064, 36.053698], [-86.815085, 36.059513], [-86.813458, 36.063817], [-86.812735, 36.065644], [-86.811059, 36.064344], [-86.809307, 36.061449], [-86.807176, 36.059946], [-86.805865, 36.060333], [-86.803437, 36.058742], [-86.80188, 36.058821], [-86.801257, 36.057696], [-86.798613, 36.056692], [-86.794006, 36.057587], [-86.791755, 36.05764], [-86.794057, 36.054773], [-86.797249, 36.051131], [-86.807057, 36.038704], [-86.788156, 36.037265], [-86.7868, 36.038116], [-86.781586, 36.044308], [-86.777423, 36.047306], [-86.776058, 36.050297], [-86.775527, 36.05545], [-86.774829, 36.055393], [-86.77216, 36.060599], [-86.770837, 36.066098], [-86.769126, 36.073222], [-86.768796, 36.074102], [-86.768258, 36.075103], [-86.764692, 36.07937], [-86.76764, 36.07624], [-86.76497, 36.079799], [-86.766645, 36.083126], [-86.765969, 36.082884], [-86.763731, 36.085109], [-86.763247, 36.085156], [-86.762543, 36.08931], [-86.762422, 36.092212], [-86.763068, 36.096936], [-86.763679, 36.099], [-86.765455, 36.102855], [-86.771069, 36.111118], [-86.771345, 36.110902], [-86.773289, 36.110297], [-86.779318, 36.109894], [-86.780386, 36.109048], [-86.780687, 36.105066], [-86.785083, 36.105546], [-86.785395, 36.103362], [-86.787259, 36.099466], [-86.786405, 36.097358], [-86.787696, 36.0883], [-86.787719, 36.088232], [-86.788708, 36.088151], [-86.790999, 36.088326], [-86.791228, 36.086365], [-86.80026, 36.08711], [-86.80046, 36.086208], [-86.803816, 36.0866], [-86.80537, 36.087055], [-86.807171, 36.080825], [-86.811076, 36.080816], [-86.812537, 36.078779], [-86.813959, 36.078162], [-86.817809, 36.078501], [-86.820229, 36.079508], [-86.820381, 36.082169], [-86.819013, 36.085258], [-86.81854, 36.090315], [-86.818748, 36.090821], [-86.82414, 36.090917], [-86.828508, 36.091363], [-86.83224, 36.091517], [-86.838597, 36.092679], [-86.845541, 36.092859], [-86.845815, 36.090948], [-86.842569, 36.088612], [-86.844116, 36.082395], [-86.849484, 36.085844], [-86.851973, 36.08579], [-86.84879, 36.093111], [-86.847069, 36.092922], [-86.845429, 36.096884], [-86.844233, 36.103723], [-86.844751, 36.103758], [-86.844307, 36.104967], [-86.843121, 36.110108], [-86.843056, 36.115578], [-86.843803, 36.115482], [-86.843813, 36.116593], [-86.843975, 36.117919], [-86.844187, 36.118703], [-86.846632, 36.120765], [-86.848649, 36.121392], [-86.849034, 36.123022], [-86.849643, 36.12356], [-86.850584, 36.123785], [-86.851077, 36.124174], [-86.853018, 36.122048], [-86.854524, 36.120432], [-86.861625, 36.115074], [-86.863106, 36.113519], [-86.86843, 36.105736], [-86.86158, 36.103092], [-86.8611, 36.104074], [-86.860182, 36.103597], [-86.860516, 36.102706], [-86.861759, 36.09652], [-86.863037, 36.096494], [-86.867226, 36.101257], [-86.869484, 36.101978], [-86.87026, 36.100029], [-86.869379, 36.099246], [-86.867817, 36.095336], [-86.866269, 36.095226], [-86.865672, 36.09486], [-86.866614, 36.093321], [-86.86735, 36.085961], [-86.867791, 36.085184], [-86.867178, 36.084729], [-86.866895, 36.083168], [-86.867275, 36.080514], [-86.868951, 36.077222], [-86.871249, 36.073549], [-86.872116, 36.068766], [-86.871601, 36.065678], [-86.872986, 36.063092], [-86.875182, 36.057362], [-86.876685, 36.050493]]]}}]}