{"type":"FeatureCollection","features":[{"type":"Feature","id":"01","properties":{"name":"Alabama","density":94.65},"geometry":{"type":"Polygon","coordinates":[[[-87.359296,35.00118],[-85.606675,34.984749],[-85.431413,34.124869],[-85.184951,32.859696],[-85.069935,32.580372],[-84.960397,32.421541],[-85.004212,32.322956],[-84.889196,32.262709],[-85.058981,32.13674],[-85.053504,32.01077],[-85.141136,31.840985],[-85.042551,31.539753],[-85.113751,31.27686],[-85.004212,31.003013],[-85.497137,30.997536],[-87.600282,30.997536],[-87.633143,30.86609],[-87.408589,30.674397],[-87.446927,30.510088],[-87.37025,30.427934],[-87.518128,30.280057],[-87.655051,30.247195],[-87.90699,30.411504],[-87.934375,30.657966],[-88.011052,30.685351],[-88.10416,30.499135],[-88.137022,30.318396],[-88.394438,30.367688],[-88.471115,31.895754],[-88.241084,33.796253],[-88.098683,34.891641],[-88.202745,34.995703],[-87.359296,35.00118]]]}},{"type":"Feature","id":"02","properties":{"name":"Alaska","density":1.264},"geometry":{"type":"MultiPolygon","coordinates":[[[[-131.602021,55.117982],[-131.569159,55.28229],[-131.355558,55.183705],[-131.38842,55.01392],[-131.645836,55.035827],[-131.602021,55.117982]]],[[[-131.832052,55.42469],[-131.645836,55.304197],[-131.749898,55.128935],[-131.832052,55.189182],[-131.832052,55.42469]]],[[[-132.976733,56.437924],[-132.735747,56.459832],[-132.631685,56.421493],[-132.664547,56.273616],[-132.878148,56.240754],[-133.069841,56.333862],[-132.976733,56.437924]]],[[[-133.595627,56.350293],[-133.162949,56.317431],[-133.05341,56.125739],[-132.620732,55.912138],[-132.472854,55.780691],[-132.4619,55.671152],[-132.357838,55.649245],[-132.341408,55.506844],[-132.166146,55.364444],[-132.144238,55.238474],[-132.029222,55.276813],[-131.97993,55.178228],[-131.958022,54.789365],[-132.029222,54.701734],[-132.308546,54.718165],[-132.385223,54.915335],[-132.483808,54.898904],[-132.686455,55.046781],[-132.746701,54.997489],[-132.916486,55.046781],[-132.889102,54.898904],[-132.73027,54.937242],[-132.626209,54.882473],[-132.675501,54.679826],[-132.867194,54.701734],[-133.157472,54.95915],[-133.239626,55.090597],[-133.223195,55.22752],[-133.453227,55.216566],[-133.453227,55.320628],[-133.277964,55.331582],[-133.102702,55.42469],[-133.17938,55.588998],[-133.387503,55.62186],[-133.420365,55.884753],[-133.497042,56.0162],[-133.639442,55.923092],[-133.694212,56.070969],[-133.546335,56.142169],[-133.666827,56.311955],[-133.595627,56.350293]]],[[[-133.738027,55.556137],[-133.546335,55.490413],[-133.414888,55.572568],[-133.283441,55.534229],[-133.420365,55.386352],[-133.633966,55.430167],[-133.738027,55.556137]]],[[[-133.907813,56.930849],[-134.050213,57.029434],[-133.885905,57.095157],[-133.343688,57.002049],[-133.102702,57.007526],[-132.932917,56.82131],[-132.620732,56.667956],[-132.653593,56.55294],[-132.817901,56.492694],[-133.042456,56.520078],[-133.201287,56.448878],[-133.420365,56.492694],[-133.66135,56.448878],[-133.710643,56.684386],[-133.688735,56.837741],[-133.869474,56.843218],[-133.907813,56.930849]]],[[[-134.115936,56.48174],[-134.25286,56.558417],[-134.400737,56.722725],[-134.417168,56.848695],[-134.296675,56.908941],[-134.170706,56.848695],[-134.143321,56.952757],[-133.748981,56.772017],[-133.710643,56.596755],[-133.847566,56.574848],[-133.935197,56.377678],[-133.836612,56.322908],[-133.957105,56.092877],[-134.110459,56.142169],[-134.132367,55.999769],[-134.230952,56.070969],[-134.291198,56.350293],[-134.115936,56.48174]]],[[[-134.636246,56.28457],[-134.669107,56.169554],[-134.806031,56.235277],[-135.178463,56.67891],[-135.413971,56.810356],[-135.331817,56.914418],[-135.424925,57.166357],[-135.687818,57.369004],[-135.419448,57.566174],[-135.298955,57.48402],[-135.063447,57.418296],[-134.849846,57.407343],[-134.844369,57.248511],[-134.636246,56.728202],[-134.636246,56.28457]]],[[[-134.712923,58.223407],[-134.373353,58.14673],[-134.176183,58.157683],[-134.187137,58.081006],[-133.902336,57.807159],[-134.099505,57.850975],[-134.148798,57.757867],[-133.935197,57.615466],[-133.869474,57.363527],[-134.083075,57.297804],[-134.154275,57.210173],[-134.499322,57.029434],[-134.603384,57.034911],[-134.6472,57.226604],[-134.575999,57.341619],[-134.608861,57.511404],[-134.729354,57.719528],[-134.707446,57.829067],[-134.784123,58.097437],[-134.91557,58.212453],[-134.953908,58.409623],[-134.712923,58.223407]]],[[[-135.857603,57.330665],[-135.715203,57.330665],[-135.567326,57.149926],[-135.633049,57.023957],[-135.857603,56.996572],[-135.824742,57.193742],[-135.857603,57.330665]]],[[[-136.279328,58.206976],[-135.978096,58.201499],[-135.780926,58.28913],[-135.496125,58.168637],[-135.64948,58.037191],[-135.59471,57.987898],[-135.45231,58.135776],[-135.107263,58.086483],[-134.91557,57.976944],[-135.025108,57.779775],[-134.937477,57.763344],[-134.822462,57.500451],[-135.085355,57.462112],[-135.572802,57.675713],[-135.556372,57.456635],[-135.709726,57.369004],[-135.890465,57.407343],[-136.000004,57.544266],[-136.208128,57.637374],[-136.366959,57.829067],[-136.569606,57.916698],[-136.558652,58.075529],[-136.421728,58.130299],[-136.377913,58.267222],[-136.279328,58.206976]]],[[[-147.079854,60.200582],[-147.501579,59.948643],[-147.53444,59.850058],[-147.874011,59.784335],[-147.80281,59.937689],[-147.435855,60.09652],[-147.205824,60.271782],[-147.079854,60.200582]]],[[[-147.561825,60.578491],[-147.616594,60.370367],[-147.758995,60.156767],[-147.956165,60.227967],[-147.791856,60.474429],[-147.561825,60.578491]]],[[[-147.786379,70.245291],[-147.682318,70.201475],[-147.162008,70.15766],[-146.888161,70.185044],[-146.510252,70.185044],[-146.099482,70.146706],[-145.858496,70.168614],[-145.622988,70.08646],[-145.195787,69.993352],[-144.620708,69.971444],[-144.461877,70.026213],[-144.078491,70.059075],[-143.914183,70.130275],[-143.497935,70.141229],[-143.503412,70.091936],[-143.25695,70.119321],[-142.747594,70.042644],[-142.402547,69.916674],[-142.079408,69.856428],[-142.008207,69.801659],[-141.712453,69.790705],[-141.433129,69.697597],[-141.378359,69.63735],[-141.208574,69.686643],[-141.00045,69.648304],[-141.00045,60.304644],[-140.53491,60.22249],[-140.474664,60.310121],[-139.987216,60.184151],[-139.696939,60.342983],[-139.088998,60.359413],[-139.198537,60.091043],[-139.045183,59.997935],[-138.700135,59.910304],[-138.623458,59.767904],[-137.604747,59.242118],[-137.445916,58.908024],[-137.265177,59.001132],[-136.827022,59.159963],[-136.580559,59.16544],[-136.465544,59.285933],[-136.476498,59.466672],[-136.301236,59.466672],[-136.25742,59.625503],[-135.945234,59.663842],[-135.479694,59.800766],[-135.025108,59.565257],[-135.068924,59.422857],[-134.959385,59.280456],[-134.701969,59.247595],[-134.378829,59.033994],[-134.400737,58.973748],[-134.25286,58.858732],[-133.842089,58.727285],[-133.173903,58.152206],[-133.075318,57.998852],[-132.867194,57.845498],[-132.560485,57.505928],[-132.253777,57.21565],[-132.368792,57.095157],[-132.05113,57.051341],[-132.127807,56.876079],[-131.870391,56.804879],[-131.837529,56.602232],[-131.580113,56.613186],[-131.087188,56.405062],[-130.78048,56.366724],[-130.621648,56.268139],[-130.468294,56.240754],[-130.424478,56.142169],[-130.101339,56.114785],[-130.002754,55.994292],[-130.150631,55.769737],[-130.128724,55.583521],[-129.986323,55.276813],[-130.095862,55.200136],[-130.336847,54.920812],[-130.687372,54.718165],[-130.785957,54.822227],[-130.917403,54.789365],[-131.010511,54.997489],[-130.983126,55.08512],[-131.092665,55.189182],[-130.862634,55.298721],[-130.928357,55.337059],[-131.158389,55.200136],[-131.284358,55.287767],[-131.426759,55.238474],[-131.843006,55.457552],[-131.700606,55.698537],[-131.963499,55.616383],[-131.974453,55.49589],[-132.182576,55.588998],[-132.226392,55.704014],[-132.083991,55.829984],[-132.127807,55.955953],[-132.324977,55.851892],[-132.522147,56.076446],[-132.642639,56.032631],[-132.719317,56.218847],[-132.527624,56.339339],[-132.341408,56.339339],[-132.396177,56.487217],[-132.297592,56.67891],[-132.450946,56.673433],[-132.768609,56.837741],[-132.993164,57.034911],[-133.51895,57.177311],[-133.507996,57.577128],[-133.677781,57.62642],[-133.639442,57.790728],[-133.814705,57.834544],[-134.072121,58.053622],[-134.143321,58.168637],[-134.586953,58.206976],[-135.074401,58.502731],[-135.282525,59.192825],[-135.38111,59.033994],[-135.337294,58.891593],[-135.140124,58.617746],[-135.189417,58.573931],[-135.05797,58.349376],[-135.085355,58.201499],[-135.277048,58.234361],[-135.430402,58.398669],[-135.633049,58.426053],[-135.91785,58.382238],[-135.912373,58.617746],[-136.087635,58.814916],[-136.246466,58.75467],[-136.876314,58.962794],[-136.931084,58.902547],[-136.586036,58.836824],[-136.317666,58.672516],[-136.213604,58.667039],[-136.180743,58.535592],[-136.043819,58.382238],[-136.388867,58.294607],[-136.591513,58.349376],[-136.59699,58.212453],[-136.859883,58.316515],[-136.947514,58.393192],[-137.111823,58.393192],[-137.566409,58.590362],[-137.900502,58.765624],[-137.933364,58.869686],[-138.11958,59.02304],[-138.634412,59.132579],[-138.919213,59.247595],[-139.417615,59.379041],[-139.746231,59.505011],[-139.718846,59.641934],[-139.625738,59.598119],[-139.5162,59.68575],[-139.625738,59.88292],[-139.488815,59.992458],[-139.554538,60.041751],[-139.801,59.833627],[-140.315833,59.696704],[-140.92925,59.745996],[-141.444083,59.871966],[-141.46599,59.970551],[-141.706976,59.948643],[-141.964392,60.019843],[-142.539471,60.085566],[-142.873564,60.091043],[-143.623905,60.036274],[-143.892275,59.997935],[-144.231845,60.140336],[-144.65357,60.206059],[-144.785016,60.29369],[-144.834309,60.441568],[-145.124586,60.430614],[-145.223171,60.299167],[-145.738004,60.474429],[-145.820158,60.551106],[-146.351421,60.408706],[-146.608837,60.238921],[-146.718376,60.397752],[-146.608837,60.485383],[-146.455483,60.463475],[-145.951604,60.578491],[-146.017328,60.666122],[-146.252836,60.622307],[-146.345944,60.737322],[-146.565022,60.753753],[-146.784099,61.044031],[-146.866253,60.972831],[-147.172962,60.934492],[-147.271547,60.972831],[-147.375609,60.879723],[-147.758995,60.912584],[-147.775426,60.808523],[-148.032842,60.781138],[-148.153334,60.819476],[-148.065703,61.005692],[-148.175242,61.000215],[-148.350504,60.803046],[-148.109519,60.737322],[-148.087611,60.594922],[-147.939734,60.441568],[-148.027365,60.277259],[-148.219058,60.332029],[-148.273827,60.249875],[-148.087611,60.217013],[-147.983549,59.997935],[-148.251919,59.95412],[-148.399797,59.997935],[-148.635305,59.937689],[-148.755798,59.986981],[-149.067984,59.981505],[-149.05703,60.063659],[-149.204907,60.008889],[-149.287061,59.904827],[-149.418508,59.997935],[-149.582816,59.866489],[-149.511616,59.806242],[-149.741647,59.729565],[-149.949771,59.718611],[-150.031925,59.61455],[-150.25648,59.521442],[-150.409834,59.554303],[-150.579619,59.444764],[-150.716543,59.450241],[-151.001343,59.225687],[-151.308052,59.209256],[-151.406637,59.280456],[-151.592853,59.159963],[-151.976239,59.253071],[-151.888608,59.422857],[-151.636669,59.483103],[-151.47236,59.472149],[-151.423068,59.537872],[-151.127313,59.669319],[-151.116359,59.778858],[-151.505222,59.63098],[-151.828361,59.718611],[-151.8667,59.778858],[-151.702392,60.030797],[-151.423068,60.211536],[-151.379252,60.359413],[-151.297098,60.386798],[-151.264237,60.545629],[-151.406637,60.720892],[-151.06159,60.786615],[-150.404357,61.038554],[-150.245526,60.939969],[-150.042879,60.912584],[-149.741647,61.016646],[-150.075741,61.15357],[-150.207187,61.257632],[-150.47008,61.246678],[-150.656296,61.29597],[-150.711066,61.252155],[-151.023251,61.180954],[-151.165652,61.044031],[-151.477837,61.011169],[-151.800977,60.852338],[-151.833838,60.748276],[-152.080301,60.693507],[-152.13507,60.578491],[-152.310332,60.507291],[-152.392486,60.304644],[-152.732057,60.173197],[-152.567748,60.069136],[-152.704672,59.915781],[-153.022334,59.888397],[-153.049719,59.691227],[-153.345474,59.620026],[-153.438582,59.702181],[-153.586459,59.548826],[-153.761721,59.543349],[-153.72886,59.433811],[-154.117723,59.368087],[-154.1944,59.066856],[-153.750768,59.050425],[-153.400243,58.968271],[-153.301658,58.869686],[-153.444059,58.710854],[-153.679567,58.612269],[-153.898645,58.606793],[-153.920553,58.519161],[-154.062953,58.4863],[-153.99723,58.376761],[-154.145107,58.212453],[-154.46277,58.059098],[-154.643509,58.059098],[-154.818771,58.004329],[-154.988556,58.015283],[-155.120003,57.955037],[-155.081664,57.872883],[-155.328126,57.829067],[-155.377419,57.708574],[-155.547204,57.785251],[-155.73342,57.549743],[-156.045606,57.566174],[-156.023698,57.440204],[-156.209914,57.473066],[-156.34136,57.418296],[-156.34136,57.248511],[-156.549484,56.985618],[-156.883577,56.952757],[-157.157424,56.832264],[-157.20124,56.766541],[-157.376502,56.859649],[-157.672257,56.607709],[-157.754411,56.67891],[-157.918719,56.657002],[-157.957058,56.514601],[-158.126843,56.459832],[-158.32949,56.48174],[-158.488321,56.339339],[-158.208997,56.295524],[-158.510229,55.977861],[-159.375585,55.873799],[-159.616571,55.594475],[-159.676817,55.654722],[-159.643955,55.829984],[-159.813741,55.857368],[-160.027341,55.791645],[-160.060203,55.720445],[-160.394296,55.605429],[-160.536697,55.473983],[-160.580512,55.567091],[-160.668143,55.457552],[-160.865313,55.528752],[-161.232268,55.358967],[-161.506115,55.364444],[-161.467776,55.49589],[-161.588269,55.62186],[-161.697808,55.517798],[-161.686854,55.408259],[-162.053809,55.074166],[-162.179779,55.15632],[-162.218117,55.03035],[-162.470057,55.052258],[-162.508395,55.249428],[-162.661749,55.293244],[-162.716519,55.222043],[-162.579595,55.134412],[-162.645319,54.997489],[-162.847965,54.926289],[-163.00132,55.079643],[-163.187536,55.090597],[-163.220397,55.03035],[-163.034181,54.942719],[-163.373752,54.800319],[-163.14372,54.76198],[-163.138243,54.696257],[-163.329936,54.74555],[-163.587352,54.614103],[-164.085754,54.61958],[-164.332216,54.531949],[-164.354124,54.466226],[-164.638925,54.389548],[-164.847049,54.416933],[-164.918249,54.603149],[-164.710125,54.663395],[-164.551294,54.88795],[-164.34317,54.893427],[-163.894061,55.041304],[-163.532583,55.046781],[-163.39566,54.904381],[-163.291598,55.008443],[-163.313505,55.128935],[-163.105382,55.183705],[-162.880827,55.183705],[-162.579595,55.446598],[-162.245502,55.682106],[-161.807347,55.89023],[-161.292514,55.983338],[-161.078914,55.939523],[-160.87079,55.999769],[-160.816021,55.912138],[-160.931036,55.813553],[-160.805067,55.736876],[-160.766728,55.857368],[-160.509312,55.868322],[-160.438112,55.791645],[-160.27928,55.76426],[-160.273803,55.857368],[-160.536697,55.939523],[-160.558604,55.994292],[-160.383342,56.251708],[-160.147834,56.399586],[-159.830171,56.541986],[-159.326293,56.667956],[-158.959338,56.848695],[-158.784076,56.782971],[-158.641675,56.810356],[-158.701922,56.925372],[-158.658106,57.034911],[-158.378782,57.264942],[-157.995396,57.41282],[-157.688688,57.609989],[-157.705118,57.719528],[-157.458656,58.497254],[-157.07527,58.705377],[-157.119086,58.869686],[-158.039212,58.634177],[-158.32949,58.661562],[-158.40069,58.760147],[-158.564998,58.803962],[-158.619768,58.913501],[-158.767645,58.864209],[-158.860753,58.694424],[-158.701922,58.480823],[-158.893615,58.387715],[-159.0634,58.420577],[-159.392016,58.760147],[-159.616571,58.929932],[-159.731586,58.929932],[-159.808264,58.803962],[-159.906848,58.782055],[-160.054726,58.886116],[-160.235465,58.902547],[-160.317619,59.072332],[-160.854359,58.88064],[-161.33633,58.743716],[-161.374669,58.667039],[-161.752577,58.552023],[-161.938793,58.656085],[-161.769008,58.776578],[-161.829255,59.061379],[-161.955224,59.36261],[-161.703285,59.48858],[-161.911409,59.740519],[-162.092148,59.88292],[-162.234548,60.091043],[-162.448149,60.178674],[-162.502918,59.997935],[-162.760334,59.959597],[-163.171105,59.844581],[-163.66403,59.795289],[-163.9324,59.806242],[-164.162431,59.866489],[-164.189816,60.02532],[-164.386986,60.074613],[-164.699171,60.29369],[-164.962064,60.337506],[-165.268773,60.578491],[-165.060649,60.68803],[-165.016834,60.890677],[-165.175665,60.846861],[-165.197573,60.972831],[-165.120896,61.076893],[-165.323543,61.170001],[-165.34545,61.071416],[-165.591913,61.109754],[-165.624774,61.279539],[-165.816467,61.301447],[-165.920529,61.416463],[-165.915052,61.558863],[-166.106745,61.49314],[-166.139607,61.630064],[-165.904098,61.662925],[-166.095791,61.81628],[-165.756221,61.827233],[-165.756221,62.013449],[-165.674067,62.139419],[-165.044219,62.539236],[-164.912772,62.659728],[-164.819664,62.637821],[-164.874433,62.807606],[-164.633448,63.097884],[-164.425324,63.212899],[-164.036462,63.262192],[-163.73523,63.212899],[-163.313505,63.037637],[-163.039658,63.059545],[-162.661749,63.22933],[-162.272887,63.486746],[-162.075717,63.514131],[-162.026424,63.448408],[-161.555408,63.448408],[-161.13916,63.503177],[-160.766728,63.771547],[-160.766728,63.837271],[-160.952944,64.08921],[-160.974852,64.237087],[-161.26513,64.395918],[-161.374669,64.532842],[-161.078914,64.494503],[-160.79959,64.609519],[-160.783159,64.719058],[-161.144637,64.921705],[-161.413007,64.762873],[-161.664946,64.790258],[-161.900455,64.702627],[-162.168825,64.680719],[-162.234548,64.620473],[-162.541257,64.532842],[-162.634365,64.384965],[-162.787719,64.324718],[-162.858919,64.49998],[-163.045135,64.538319],[-163.176582,64.401395],[-163.253259,64.467119],[-163.598306,64.565704],[-164.304832,64.560227],[-164.80871,64.450688],[-165.000403,64.434257],[-165.411174,64.49998],[-166.188899,64.576658],[-166.391546,64.636904],[-166.484654,64.735489],[-166.413454,64.872412],[-166.692778,64.987428],[-166.638008,65.113398],[-166.462746,65.179121],[-166.517516,65.337952],[-166.796839,65.337952],[-167.026871,65.381768],[-167.47598,65.414629],[-167.711489,65.496784],[-168.072967,65.578938],[-168.105828,65.682999],[-167.541703,65.819923],[-166.829701,66.049954],[-166.3313,66.186878],[-166.046499,66.110201],[-165.756221,66.09377],[-165.690498,66.203309],[-165.86576,66.21974],[-165.88219,66.312848],[-165.186619,66.466202],[-164.403417,66.581218],[-163.981692,66.592172],[-163.751661,66.553833],[-163.872153,66.389525],[-163.828338,66.274509],[-163.915969,66.192355],[-163.768091,66.060908],[-163.494244,66.082816],[-163.149197,66.060908],[-162.749381,66.088293],[-162.634365,66.039001],[-162.371472,66.028047],[-162.14144,66.077339],[-161.840208,66.02257],[-161.549931,66.241647],[-161.341807,66.252601],[-161.199406,66.208786],[-161.128206,66.334755],[-161.528023,66.395002],[-161.911409,66.345709],[-161.87307,66.510017],[-162.174302,66.68528],[-162.502918,66.740049],[-162.601503,66.89888],[-162.344087,66.937219],[-162.015471,66.778388],[-162.075717,66.652418],[-161.916886,66.553833],[-161.571838,66.438817],[-161.489684,66.55931],[-161.884024,66.718141],[-161.714239,67.002942],[-161.851162,67.052235],[-162.240025,66.991988],[-162.639842,67.008419],[-162.700088,67.057712],[-162.902735,67.008419],[-163.740707,67.128912],[-163.757138,67.254881],[-164.009077,67.534205],[-164.211724,67.638267],[-164.534863,67.725898],[-165.192096,67.966884],[-165.493328,68.059992],[-165.794559,68.081899],[-166.243668,68.246208],[-166.681824,68.339316],[-166.703731,68.372177],[-166.375115,68.42147],[-166.227238,68.574824],[-166.216284,68.881533],[-165.329019,68.859625],[-164.255539,68.930825],[-163.976215,68.985595],[-163.532583,69.138949],[-163.110859,69.374457],[-163.023228,69.609966],[-162.842489,69.812613],[-162.470057,69.982398],[-162.311225,70.108367],[-161.851162,70.311014],[-161.779962,70.256245],[-161.396576,70.239814],[-160.837928,70.343876],[-160.487404,70.453415],[-159.649432,70.792985],[-159.33177,70.809416],[-159.298908,70.760123],[-158.975769,70.798462],[-158.658106,70.787508],[-158.033735,70.831323],[-157.420318,70.979201],[-156.812377,71.285909],[-156.565915,71.351633],[-156.522099,71.296863],[-155.585543,71.170894],[-155.508865,71.083263],[-155.832005,70.968247],[-155.979882,70.96277],[-155.974405,70.809416],[-155.503388,70.858708],[-155.476004,70.940862],[-155.262403,71.017539],[-155.191203,70.973724],[-155.032372,71.148986],[-154.566832,70.990155],[-154.643509,70.869662],[-154.353231,70.8368],[-154.183446,70.7656],[-153.931507,70.880616],[-153.487874,70.886093],[-153.235935,70.924431],[-152.589656,70.886093],[-152.26104,70.842277],[-152.419871,70.606769],[-151.817408,70.546523],[-151.773592,70.486276],[-151.187559,70.382214],[-151.182082,70.431507],[-150.760358,70.49723],[-150.355064,70.491753],[-150.349588,70.436984],[-150.114079,70.431507],[-149.867617,70.508184],[-149.462323,70.519138],[-149.177522,70.486276],[-148.78866,70.404122],[-148.607921,70.420553],[-148.350504,70.305537],[-148.202627,70.349353],[-147.961642,70.316491],[-147.786379,70.245291]]],[[[-152.94018,58.026237],[-152.945657,57.982421],[-153.290705,58.048145],[-153.044242,58.305561],[-152.819688,58.327469],[-152.666333,58.562977],[-152.496548,58.354853],[-152.354148,58.426053],[-152.080301,58.311038],[-152.080301,58.152206],[-152.480117,58.130299],[-152.655379,58.059098],[-152.94018,58.026237]]],[[[-153.958891,57.538789],[-153.67409,57.670236],[-153.931507,57.69762],[-153.936983,57.812636],[-153.723383,57.889313],[-153.570028,57.834544],[-153.548121,57.719528],[-153.46049,57.796205],[-153.455013,57.96599],[-153.268797,57.889313],[-153.235935,57.998852],[-153.071627,57.933129],[-152.874457,57.933129],[-152.721103,57.993375],[-152.469163,57.889313],[-152.469163,57.599035],[-152.151501,57.620943],[-152.359625,57.42925],[-152.74301,57.505928],[-152.60061,57.379958],[-152.710149,57.275896],[-152.907319,57.325188],[-152.912796,57.128019],[-153.214027,57.073249],[-153.312612,56.991095],[-153.498828,57.067772],[-153.695998,56.859649],[-153.849352,56.837741],[-154.013661,56.744633],[-154.073907,56.969187],[-154.303938,56.848695],[-154.314892,56.919895],[-154.523016,56.991095],[-154.539447,57.193742],[-154.742094,57.275896],[-154.627078,57.511404],[-154.227261,57.659282],[-153.980799,57.648328],[-153.958891,57.538789]]],[[[-154.53397,56.602232],[-154.742094,56.399586],[-154.807817,56.432447],[-154.53397,56.602232]]],[[[-155.634835,55.923092],[-155.476004,55.912138],[-155.530773,55.704014],[-155.793666,55.731399],[-155.837482,55.802599],[-155.634835,55.923092]]],[[[-159.890418,55.28229],[-159.950664,55.068689],[-160.257373,54.893427],[-160.109495,55.161797],[-160.005433,55.134412],[-159.890418,55.28229]]],[[[-160.520266,55.358967],[-160.33405,55.358967],[-160.339527,55.249428],[-160.525743,55.128935],[-160.690051,55.211089],[-160.794113,55.134412],[-160.854359,55.320628],[-160.79959,55.380875],[-160.520266,55.358967]]],[[[-162.256456,54.981058],[-162.234548,54.893427],[-162.349564,54.838658],[-162.437195,54.931766],[-162.256456,54.981058]]],[[[-162.415287,63.634624],[-162.563165,63.536039],[-162.612457,63.62367],[-162.415287,63.634624]]],[[[-162.80415,54.488133],[-162.590549,54.449795],[-162.612457,54.367641],[-162.782242,54.373118],[-162.80415,54.488133]]],[[[-165.548097,54.29644],[-165.476897,54.181425],[-165.630251,54.132132],[-165.685021,54.252625],[-165.548097,54.29644]]],[[[-165.73979,54.15404],[-166.046499,54.044501],[-166.112222,54.121178],[-165.980775,54.219763],[-165.73979,54.15404]]],[[[-166.364161,60.359413],[-166.13413,60.397752],[-166.084837,60.326552],[-165.88219,60.342983],[-165.685021,60.277259],[-165.646682,59.992458],[-165.750744,59.89935],[-166.00816,59.844581],[-166.062929,59.745996],[-166.440838,59.855535],[-166.6161,59.850058],[-166.994009,59.992458],[-167.125456,59.992458],[-167.344534,60.074613],[-167.421211,60.206059],[-167.311672,60.238921],[-166.93924,60.206059],[-166.763978,60.310121],[-166.577762,60.321075],[-166.495608,60.392275],[-166.364161,60.359413]]],[[[-166.375115,54.01164],[-166.210807,53.934962],[-166.5449,53.748746],[-166.539423,53.715885],[-166.117699,53.852808],[-166.112222,53.776131],[-166.282007,53.683023],[-166.555854,53.622777],[-166.583239,53.529669],[-166.878994,53.431084],[-167.13641,53.425607],[-167.306195,53.332499],[-167.623857,53.250345],[-167.793643,53.337976],[-167.459549,53.442038],[-167.355487,53.425607],[-167.103548,53.513238],[-167.163794,53.611823],[-167.021394,53.715885],[-166.807793,53.666592],[-166.785886,53.732316],[-167.015917,53.754223],[-167.141887,53.825424],[-167.032348,53.945916],[-166.643485,54.017116],[-166.561331,53.880193],[-166.375115,54.01164]]],[[[-168.790446,53.157237],[-168.40706,53.34893],[-168.385152,53.431084],[-168.237275,53.524192],[-168.007243,53.568007],[-167.886751,53.518715],[-167.842935,53.387268],[-168.270136,53.244868],[-168.500168,53.036744],[-168.686384,52.965544],[-168.790446,53.157237]]],[[[-169.74891,52.894344],[-169.705095,52.795759],[-169.962511,52.790282],[-169.989896,52.856005],[-169.74891,52.894344]]],[[[-170.148727,57.221127],[-170.28565,57.128019],[-170.313035,57.221127],[-170.148727,57.221127]]],[[[-170.669036,52.697174],[-170.603313,52.604066],[-170.789529,52.538343],[-170.816914,52.636928],[-170.669036,52.697174]]],[[[-171.742517,63.716778],[-170.94836,63.5689],[-170.488297,63.69487],[-170.280174,63.683916],[-170.093958,63.612716],[-170.044665,63.492223],[-169.644848,63.4265],[-169.518879,63.366254],[-168.99857,63.338869],[-168.686384,63.295053],[-168.856169,63.147176],[-169.108108,63.180038],[-169.376478,63.152653],[-169.513402,63.08693],[-169.639372,62.939052],[-169.831064,63.075976],[-170.055619,63.169084],[-170.263743,63.180038],[-170.362328,63.2841],[-170.866206,63.415546],[-171.101715,63.421023],[-171.463193,63.306007],[-171.73704,63.366254],[-171.852055,63.486746],[-171.742517,63.716778]]],[[[-172.432611,52.390465],[-172.41618,52.275449],[-172.607873,52.253542],[-172.569535,52.352127],[-172.432611,52.390465]]],[[[-173.626584,52.14948],[-173.495138,52.105664],[-173.122706,52.111141],[-173.106275,52.07828],[-173.549907,52.028987],[-173.626584,52.14948]]],[[[-174.322156,52.280926],[-174.327632,52.379511],[-174.185232,52.41785],[-173.982585,52.319265],[-174.059262,52.226157],[-174.179755,52.231634],[-174.141417,52.127572],[-174.333109,52.116618],[-174.738403,52.007079],[-174.968435,52.039941],[-174.902711,52.116618],[-174.656249,52.105664],[-174.322156,52.280926]]],[[[-176.469116,51.853725],[-176.288377,51.870156],[-176.288377,51.744186],[-176.518409,51.760617],[-176.80321,51.61274],[-176.912748,51.80991],[-176.792256,51.815386],[-176.775825,51.963264],[-176.627947,51.968741],[-176.627947,51.859202],[-176.469116,51.853725]]],[[[-177.153734,51.946833],[-177.044195,51.897541],[-177.120872,51.727755],[-177.274226,51.678463],[-177.279703,51.782525],[-177.153734,51.946833]]],[[[-178.123152,51.919448],[-177.953367,51.913971],[-177.800013,51.793479],[-177.964321,51.651078],[-178.123152,51.919448]]],[[[-187.107557,52.992929],[-187.293773,52.927205],[-187.304726,52.823143],[-188.90491,52.762897],[-188.642017,52.927205],[-188.642017,53.003883],[-187.107557,52.992929]]]]}},{"type":"Feature","id":"04","properties":{"name":"Arizona","density":57.05},"geometry":{"type":"Polygon","coordinates":[[[-109.042503,37.000263],[-109.04798,31.331629],[-111.074448,31.331629],[-112.246513,31.704061],[-114.815198,32.492741],[-114.72209,32.717295],[-114.524921,32.755634],[-114.470151,32.843265],[-114.524921,33.029481],[-114.661844,33.034958],[-114.727567,33.40739],[-114.524921,33.54979],[-114.497536,33.697668],[-114.535874,33.933176],[-114.415382,34.108438],[-114.256551,34.174162],[-114.136058,34.305608],[-114.333228,34.448009],[-114.470151,34.710902],[-114.634459,34.87521],[-114.634459,35.00118],[-114.574213,35.138103],[-114.596121,35.324319],[-114.678275,35.516012],[-114.738521,36.102045],[-114.371566,36.140383],[-114.251074,36.01989],[-114.152489,36.025367],[-114.048427,36.195153],[-114.048427,37.000263],[-110.499369,37.00574],[-109.042503,37.000263]]]}},{"type":"Feature","id":"05","properties":{"name":"Arkansas","density":56.43},"geometry":{"type":"Polygon","coordinates":[[[-94.473842,36.501861],[-90.152536,36.496384],[-90.064905,36.304691],[-90.218259,36.184199],[-90.377091,35.997983],[-89.730812,35.997983],[-89.763673,35.811767],[-89.911551,35.756997],[-89.944412,35.603643],[-90.130628,35.439335],[-90.114197,35.198349],[-90.212782,35.023087],[-90.311367,34.995703],[-90.251121,34.908072],[-90.409952,34.831394],[-90.481152,34.661609],[-90.585214,34.617794],[-90.568783,34.420624],[-90.749522,34.365854],[-90.744046,34.300131],[-90.952169,34.135823],[-90.891923,34.026284],[-91.072662,33.867453],[-91.231493,33.560744],[-91.056231,33.429298],[-91.143862,33.347144],[-91.089093,33.13902],[-91.16577,33.002096],[-93.608485,33.018527],[-94.041164,33.018527],[-94.041164,33.54979],[-94.183564,33.593606],[-94.380734,33.544313],[-94.484796,33.637421],[-94.430026,35.395519],[-94.616242,36.501861],[-94.473842,36.501861]]]}},{"type":"Feature","id":"06","properties":{"name":"California","density":241.7},"geometry":{"type":"Polygon","coordinates":[[[-123.233256,42.006186],[-122.378853,42.011663],[-121.037003,41.995232],[-120.001861,41.995232],[-119.996384,40.264519],[-120.001861,38.999346],[-118.71478,38.101128],[-117.498899,37.21934],[-116.540435,36.501861],[-115.85034,35.970598],[-114.634459,35.00118],[-114.634459,34.87521],[-114.470151,34.710902],[-114.333228,34.448009],[-114.136058,34.305608],[-114.256551,34.174162],[-114.415382,34.108438],[-114.535874,33.933176],[-114.497536,33.697668],[-114.524921,33.54979],[-114.727567,33.40739],[-114.661844,33.034958],[-114.524921,33.029481],[-114.470151,32.843265],[-114.524921,32.755634],[-114.72209,32.717295],[-116.04751,32.624187],[-117.126467,32.536556],[-117.24696,32.668003],[-117.252437,32.876127],[-117.329114,33.122589],[-117.471515,33.297851],[-117.7837,33.538836],[-118.183517,33.763391],[-118.260194,33.703145],[-118.413548,33.741483],[-118.391641,33.840068],[-118.566903,34.042715],[-118.802411,33.998899],[-119.218659,34.146777],[-119.278905,34.26727],[-119.558229,34.415147],[-119.875891,34.40967],[-120.138784,34.475393],[-120.472878,34.448009],[-120.64814,34.579455],[-120.609801,34.858779],[-120.670048,34.902595],[-120.631709,35.099764],[-120.894602,35.247642],[-120.905556,35.450289],[-121.004141,35.461243],[-121.168449,35.636505],[-121.283465,35.674843],[-121.332757,35.784382],[-121.716143,36.195153],[-121.896882,36.315645],[-121.935221,36.638785],[-121.858544,36.6114],[-121.787344,36.803093],[-121.929744,36.978355],[-122.105006,36.956447],[-122.335038,37.115279],[-122.417192,37.241248],[-122.400761,37.361741],[-122.515777,37.520572],[-122.515777,37.783465],[-122.329561,37.783465],[-122.406238,38.15042],[-122.488392,38.112082],[-122.504823,37.931343],[-122.701993,37.893004],[-122.937501,38.029928],[-122.97584,38.265436],[-123.129194,38.451652],[-123.331841,38.566668],[-123.44138,38.698114],[-123.737134,38.95553],[-123.687842,39.032208],[-123.824765,39.366301],[-123.764519,39.552517],[-123.85215,39.831841],[-124.109566,40.105688],[-124.361506,40.259042],[-124.410798,40.439781],[-124.158859,40.877937],[-124.109566,41.025814],[-124.158859,41.14083],[-124.065751,41.442061],[-124.147905,41.715908],[-124.257444,41.781632],[-124.213628,42.000709],[-123.233256,42.006186]]]}},{"type":"Feature","id":"08","properties":{"name":"Colorado","density":49.33},"geometry":{"type":"Polygon","coordinates":[[[-107.919731,41.003906],[-105.728954,40.998429],[-104.053011,41.003906],[-102.053927,41.003906],[-102.053927,40.001626],[-102.042974,36.994786],[-103.001438,37.000263],[-104.337812,36.994786],[-106.868158,36.994786],[-107.421329,37.000263],[-109.042503,37.000263],[-109.042503,38.166851],[-109.058934,38.27639],[-109.053457,39.125316],[-109.04798,40.998429],[-107.919731,41.003906]]]}},{"type":"Feature","id":"09","properties":{"name":"Connecticut","density":739.1},"geometry":{"type":"Polygon","coordinates":[[[-73.053528,42.039048],[-71.799309,42.022617],[-71.799309,42.006186],[-71.799309,41.414677],[-71.859555,41.321569],[-71.947186,41.338],[-72.385341,41.261322],[-72.905651,41.28323],[-73.130205,41.146307],[-73.371191,41.102491],[-73.655992,40.987475],[-73.727192,41.102491],[-73.48073,41.21203],[-73.55193,41.294184],[-73.486206,42.050002],[-73.053528,42.039048]]]}},{"type":"Feature","id":"10","properties":{"name":"Delaware","density":464.3},"geometry":{"type":"Polygon","coordinates":[[[-75.414089,39.804456],[-75.507197,39.683964],[-75.611259,39.61824],[-75.589352,39.459409],[-75.441474,39.311532],[-75.403136,39.065069],[-75.189535,38.807653],[-75.09095,38.796699],[-75.047134,38.451652],[-75.693413,38.462606],[-75.786521,39.722302],[-75.616736,39.831841],[-75.414089,39.804456]]]}},{"type":"Feature","id":"11","properties":{"name":"District of Columbia","density":10065},"geometry":{"type":"Polygon","coordinates":[[[-77.035264,38.993869],[-76.909294,38.895284],[-77.040741,38.791222],[-77.117418,38.933623],[-77.035264,38.993869]]]}},{"type":"Feature","id":"12","properties":{"name":"Florida","density":353.4},"geometry":{"type":"Polygon","coordinates":[[[-85.497137,30.997536],[-85.004212,31.003013],[-84.867289,30.712735],[-83.498053,30.647012],[-82.216449,30.570335],[-82.167157,30.356734],[-82.046664,30.362211],[-82.002849,30.564858],[-82.041187,30.751074],[-81.948079,30.827751],[-81.718048,30.745597],[-81.444201,30.707258],[-81.383954,30.27458],[-81.257985,29.787132],[-80.967707,29.14633],[-80.524075,28.461713],[-80.589798,28.41242],[-80.56789,28.094758],[-80.381674,27.738757],[-80.091397,27.021277],[-80.03115,26.796723],[-80.036627,26.566691],[-80.146166,25.739673],[-80.239274,25.723243],[-80.337859,25.465826],[-80.304997,25.383672],[-80.49669,25.197456],[-80.573367,25.241272],[-80.759583,25.164595],[-81.077246,25.120779],[-81.170354,25.224841],[-81.126538,25.378195],[-81.351093,25.821827],[-81.526355,25.903982],[-81.679709,25.843735],[-81.800202,26.090198],[-81.833064,26.292844],[-82.041187,26.517399],[-82.09048,26.665276],[-82.057618,26.878877],[-82.172634,26.917216],[-82.145249,26.791246],[-82.249311,26.758384],[-82.566974,27.300601],[-82.692943,27.437525],[-82.391711,27.837342],[-82.588881,27.815434],[-82.720328,27.689464],[-82.851774,27.886634],[-82.676512,28.434328],[-82.643651,28.888914],[-82.764143,28.998453],[-82.802482,29.14633],[-82.994175,29.179192],[-83.218729,29.420177],[-83.399469,29.518762],[-83.410422,29.66664],[-83.536392,29.721409],[-83.640454,29.885717],[-84.02384,30.104795],[-84.357933,30.055502],[-84.341502,29.902148],[-84.451041,29.929533],[-84.867289,29.743317],[-85.310921,29.699501],[-85.299967,29.80904],[-85.404029,29.940487],[-85.924338,30.236241],[-86.29677,30.362211],[-86.630863,30.395073],[-86.910187,30.373165],[-87.518128,30.280057],[-87.37025,30.427934],[-87.446927,30.510088],[-87.408589,30.674397],[-87.633143,30.86609],[-87.600282,30.997536],[-85.497137,30.997536]]]}},{"type":"Feature","id":"13","properties":{"name":"Georgia","density":169.5},"geometry":{"type":"Polygon","coordinates":[[[-83.109191,35.00118],[-83.322791,34.787579],[-83.339222,34.683517],[-83.005129,34.469916],[-82.901067,34.486347],[-82.747713,34.26727],[-82.714851,34.152254],[-82.55602,33.94413],[-82.325988,33.81816],[-82.194542,33.631944],[-81.926172,33.462159],[-81.937125,33.347144],[-81.761863,33.160928],[-81.493493,33.007573],[-81.42777,32.843265],[-81.416816,32.629664],[-81.279893,32.558464],[-81.121061,32.290094],[-81.115584,32.120309],[-80.885553,32.032678],[-81.132015,31.693108],[-81.175831,31.517845],[-81.279893,31.364491],[-81.290846,31.20566],[-81.400385,31.13446],[-81.444201,30.707258],[-81.718048,30.745597],[-81.948079,30.827751],[-82.041187,30.751074],[-82.002849,30.564858],[-82.046664,30.362211],[-82.167157,30.356734],[-82.216449,30.570335],[-83.498053,30.647012],[-84.867289,30.712735],[-85.004212,31.003013],[-85.113751,31.27686],[-85.042551,31.539753],[-85.141136,31.840985],[-85.053504,32.01077],[-85.058981,32.13674],[-84.889196,32.262709],[-85.004212,32.322956],[-84.960397,32.421541],[-85.069935,32.580372],[-85.184951,32.859696],[-85.431413,34.124869],[-85.606675,34.984749],[-84.319594,34.990226],[-83.618546,34.984749],[-83.109191,35.00118]]]}},{"type":"Feature","id":"15","properties":{"name":"Hawaii","density":214.1},"geometry":{"type":"MultiPolygon","coordinates":[[[[-160.600875,21.658163],[-160.600365,21.649269],[-160.597602,21.640398],[-160.592936,21.62965],[-160.589481,21.625],[-160.590748,21.625],[-160.581013,21.615135],[-160.570728,21.606664],[-160.558702,21.602727],[-160.546216,21.600384],[-160.530829,21.601064],[-160.520366,21.60493],[-160.510431,21.610139],[-160.5,21.617192],[-160.496243,21.618853],[-160.494375,21.62086],[-160.491524,21.625],[-160.484924,21.63243],[-160.482907,21.640311],[-160.482475,21.649184],[-160.482924,21.657973],[-160.483196,21.665186],[-160.484964,21.672231],[-160.487789,21.678527],[-160.490174,21.684492],[-160.494145,21.690537],[-160.5,21.697025],[-160.508791,21.703238],[-160.522253,21.708465],[-160.53174,21.711998],[-160.539498,21.712912],[-160.550309,21.712064],[-160.562728,21.708892],[-160.578265,21.70025],[-160.583551,21.695501],[-160.591869,21.685858],[-160.595961,21.677824],[-160.599767,21.66765],[-160.600875,21.658163]]],[[[-160.30436,21.853795],[-160.305007,21.845922],[-160.304303,21.841176],[-160.304504,21.832623],[-160.303821,21.819578],[-160.301534,21.804152],[-160.298526,21.7905],[-160.293453,21.77997],[-160.286498,21.7707],[-160.278211,21.757781],[-160.271069,21.752066],[-160.267228,21.75],[-160.267683,21.75],[-160.26905,21.75],[-160.269506,21.75],[-160.265778,21.74618],[-160.258932,21.742834],[-160.25,21.740545],[-160.248238,21.739723],[-160.238867,21.735354],[-160.228849,21.732489],[-160.218301,21.728797],[-160.208281,21.728241],[-160.197992,21.729827],[-160.186195,21.732146],[-160.178764,21.734999],[-160.177322,21.735554],[-160.17031,21.739551],[-160.16025,21.75],[-160.155275,21.757155],[-160.152056,21.762955],[-160.15181,21.763799],[-160.148538,21.775063],[-160.147363,21.782295],[-160.143961,21.787421],[-160.141939,21.799026],[-160.138361,21.804236],[-160.135011,21.808436],[-160.130054,21.814653],[-160.125,21.821207],[-160.122015,21.82496],[-160.108437,21.827307],[-160.1041,21.828032],[-160.092982,21.829892],[-160.082418,21.834852],[-160.069525,21.840968],[-160.059408,21.845594],[-160.046404,21.854305],[-160.042708,21.857557],[-160.037242,21.862369],[-160.031032,21.869364],[-160.028136,21.874998],[-160.028301,21.874998],[-160.028796,21.874999],[-160.028962,21.875],[-160.02489,21.884977],[-160.022908,21.896459],[-160.022423,21.911575],[-160.025856,21.923847],[-160.027502,21.931214],[-160.021517,21.940108],[-160.014139,21.946386],[-160.006191,21.956575],[-159.999999,21.968102],[-160.000073,21.968325],[-160,21.971329],[-159.997505,21.975836],[-159.996217,21.979024],[-159.995885,21.980209],[-159.995625,21.982141],[-159.995891,21.983978],[-159.995875,21.985368],[-159.996274,21.988125],[-159.997205,21.99251],[-160,21.995088],[-160.000376,21.995447],[-160.001226,21.99641],[-160.002263,21.998364],[-160.002798,22],[-160.003555,22.001978],[-160.004521,22.006892],[-160.008357,22.013793],[-160.011688,22.019784],[-160.018288,22.03001],[-160.027169,22.038858],[-160.037186,22.045313],[-160.042217,22.049538],[-160.044793,22.054889],[-160.056722,22.068345],[-160.063461,22.072676],[-160.075149,22.076994],[-160.085892,22.079388],[-160.100307,22.082497],[-160.112624,22.082919],[-160.119205,22.082347],[-160.121938,22.08172],[-160.123822,22.081556],[-160.125002,22.081135],[-160.129054,22.079234],[-160.140416,22.073322],[-160.151433,22.060515],[-160.159544,22.041325],[-160.161977,22.024446],[-160.165831,22.020064],[-160.16971,22.008012],[-160.172184,22],[-160.172748,21.997941],[-160.174011,21.991479],[-160.189159,21.986993],[-160.1995,21.981278],[-160.211283,21.972915],[-160.222722,21.964553],[-160.234233,21.953877],[-160.242661,21.943869],[-160.248708,21.943008],[-160.250001,21.942506],[-160.264725,21.935892],[-160.272561,21.928749],[-160.279947,21.920638],[-160.285897,21.908671],[-160.28861,21.897186],[-160.290361,21.889179],[-160.293374,21.883893],[-160.296648,21.876442],[-160.297282,21.875],[-160.297524,21.873575],[-160.297114,21.872217],[-160.29689,21.871011],[-160.298056,21.867988],[-160.300843,21.863684],[-160.302371,21.861491],[-160.30436,21.853795]]],[[[-159.272854,22.036567],[-159.271341,22.039335],[-159.270368,22.041118],[-159.267578,22.048007],[-159.266394,22.050932],[-159.265067,22.054209],[-159.264681,22.055163],[-159.261769,22.064288],[-159.260695,22.067657],[-159.259012,22.072933],[-159.25,22.084146],[-159.25,22.087342],[-159.248795,22.09024],[-159.247044,22.094453],[-159.24502,22.101652],[-159.242613,22.111866],[-159.241926,22.118901],[-159.241827,22.125],[-159.242154,22.12703],[-159.242734,22.136325],[-159.243917,22.147212],[-159.245779,22.166808],[-159.25,22.175775],[-159.253622,22.180514],[-159.259529,22.191761],[-159.265517,22.203915],[-159.279395,22.220215],[-159.291325,22.23362],[-159.293555,22.23568],[-159.296509,22.23869],[-159.298128,22.24018],[-159.299746,22.241669],[-159.299942,22.24185],[-159.300139,22.242031],[-159.30187,22.243624],[-159.307066,22.248406],[-159.308798,22.25],[-159.320891,22.258882],[-159.33294,22.265725],[-159.334252,22.26647],[-159.355687,22.269654],[-159.375,22.280338],[-159.379789,22.283295],[-159.389673,22.287507],[-159.40292,22.290473],[-159.412413,22.288846],[-159.414032,22.288169],[-159.422145,22.284783],[-159.432755,22.278035],[-159.439334,22.281627],[-159.43977,22.281865],[-159.444635,22.282445],[-159.456821,22.283898],[-159.460729,22.284187],[-159.466112,22.284587],[-159.476584,22.285363],[-159.484043,22.285916],[-159.5,22.283715],[-159.506826,22.282478],[-159.507687,22.282008],[-159.515407,22.277799],[-159.517065,22.277386],[-159.519786,22.276707],[-159.524654,22.275494],[-159.52799,22.276133],[-159.530745,22.276661],[-159.532628,22.277022],[-159.533562,22.277201],[-159.537984,22.279072],[-159.53975,22.27982],[-159.547442,22.283076],[-159.55584,22.283013],[-159.561341,22.282972],[-159.574883,22.28295],[-159.58299,22.279988],[-159.596389,22.277999],[-159.604922,22.275029],[-159.612952,22.272235],[-159.619191,22.266837],[-159.625,22.261811],[-159.625,22.263298],[-159.640002,22.25],[-159.641786,22.25],[-159.645604,22.247765],[-159.653454,22.244566],[-159.663171,22.238561],[-159.672092,22.231265],[-159.672407,22.231083],[-159.677252,22.227108],[-159.691158,22.220986],[-159.707992,22.213181],[-159.727544,22.207157],[-159.75,22.199449],[-159.75,22.197718],[-159.763414,22.189752],[-159.76563,22.187699],[-159.7728,22.18106],[-159.777276,22.174652],[-159.783357,22.167509],[-159.788826,22.160105],[-159.791666,22.152602],[-159.792023,22.15166],[-159.793157,22.144614],[-159.793315,22.14159],[-159.793385,22.141099],[-159.794051,22.136472],[-159.794006,22.134622],[-159.797797,22.130977],[-159.800557,22.12614],[-159.801112,22.125],[-159.801868,22.125],[-159.804137,22.125],[-159.804894,22.125],[-159.821125,22.110055],[-159.825983,22.105421],[-159.837723,22.094226],[-159.848124,22.076073],[-159.848091,22.05976],[-159.847123,22.05287],[-159.850678,22.04059],[-159.850952,22.027459],[-159.850959,22.027147],[-159.850045,22.016486],[-159.847759,22.008525],[-159.843609,22],[-159.842604,22],[-159.839589,22],[-159.838584,22],[-159.833737,21.989295],[-159.825387,21.977853],[-159.819835,21.970246],[-159.808605,21.952902],[-159.793601,21.93978],[-159.791667,21.938796],[-159.77527,21.930455],[-159.768266,21.928937],[-159.762075,21.927596],[-159.75,21.919402],[-159.745559,21.917132],[-159.743708,21.916186],[-159.738158,21.913348],[-159.736308,21.912403],[-159.735844,21.912166],[-159.731549,21.911165],[-159.718438,21.90811],[-159.717113,21.908001],[-159.7122,21.907597],[-159.711714,21.907557],[-159.711455,21.907337],[-159.709562,21.905732],[-159.708932,21.905198],[-159.704452,21.9014],[-159.697677,21.895655],[-159.689804,21.891873],[-159.687888,21.890953],[-159.68555,21.888026],[-159.684356,21.886531],[-159.680774,21.882047],[-159.67958,21.880553],[-159.679506,21.88046],[-159.678266,21.879428],[-159.674272,21.876107],[-159.672941,21.875],[-159.672708,21.875],[-159.67201,21.875],[-159.671778,21.875],[-159.670268,21.873805],[-159.666835,21.871087],[-159.66573,21.870233],[-159.664207,21.869057],[-159.662659,21.867862],[-159.661111,21.866666],[-159.657687,21.864022],[-159.645738,21.855864],[-159.641998,21.853278],[-159.636534,21.849816],[-159.631259,21.846688],[-159.625,21.844015],[-159.624769,21.843874],[-159.624309,21.843848],[-159.619252,21.843545],[-159.612405,21.842873],[-159.605272,21.84313],[-159.599669,21.843658],[-159.596214,21.844409],[-159.595231,21.844623],[-159.591997,21.845191],[-159.591611,21.845259],[-159.587907,21.84547],[-159.579298,21.84383],[-159.577473,21.843483],[-159.575092,21.842994],[-159.572688,21.8425],[-159.565476,21.841018],[-159.563073,21.840525],[-159.560836,21.840065],[-159.558602,21.839609],[-159.55598,21.839075],[-159.550596,21.837315],[-159.545473,21.835771],[-159.54503,21.835638],[-159.540998,21.834895],[-159.537654,21.834278],[-159.53622,21.834124],[-159.529638,21.833418],[-159.522956,21.833676],[-159.521785,21.834019],[-159.51824,21.83506],[-159.5171,21.834932],[-159.514407,21.834628],[-159.511486,21.8343],[-159.506374,21.833407],[-159.506268,21.833389],[-159.503667,21.833462],[-159.502933,21.833482],[-159.500733,21.833544],[-159.5,21.833565],[-159.5,21.833316],[-159.5,21.83257],[-159.5,21.832322],[-159.493489,21.82918],[-159.47974,21.824758],[-159.476662,21.823768],[-159.470189,21.821834],[-159.462472,21.819529],[-159.46015,21.819069],[-159.453739,21.8178],[-159.449525,21.817436],[-159.443999,21.817789],[-159.432853,21.820771],[-159.410572,21.831785],[-159.4039,21.834953],[-159.40295,21.835595],[-159.398149,21.838848],[-159.390573,21.844151],[-159.386092,21.847096],[-159.381938,21.849825],[-159.375,21.854434],[-159.375,21.855328],[-159.373469,21.856984],[-159.371182,21.858991],[-159.368169,21.860678],[-159.362745,21.863022],[-159.357779,21.865692],[-159.356511,21.866669],[-159.355691,21.867301],[-159.354871,21.867933],[-159.353228,21.869198],[-159.352663,21.869634],[-159.349412,21.87268],[-159.348708,21.87346],[-159.347321,21.875],[-159.342331,21.880191],[-159.339755,21.886444],[-159.333734,21.889836],[-159.330826,21.891475],[-159.320114,21.8983],[-159.307978,21.908673],[-159.303079,21.916477],[-159.292823,21.928574],[-159.291664,21.930225],[-159.289638,21.93311],[-159.284354,21.940637],[-159.281277,21.951902],[-159.280096,21.956226],[-159.279702,21.960306],[-159.279222,21.965296],[-159.281586,21.981768],[-159.281019,21.985821],[-159.280529,21.989333],[-159.280372,21.994367],[-159.280336,21.995493],[-159.28023,21.998873],[-159.280196,22],[-159.279887,22.001181],[-159.279893,22.001225],[-159.280406,22.004986],[-159.280578,22.00624],[-159.280917,22.008719],[-159.282084,22.012806],[-159.283711,22.018501],[-159.282594,22.020234],[-159.280083,22.024112],[-159.276637,22.029642],[-159.276091,22.03064],[-159.272854,22.036567]]],[[[-158.34465,21.583177],[-158.34465,21.577679],[-158.344051,21.569783],[-158.342151,21.564286],[-158.340088,21.561115],[-158.339551,21.560289],[-158.335052,21.553994],[-158.328652,21.546],[-158.317639,21.539148],[-158.317253,21.538908],[-158.298653,21.524718],[-158.300103,21.509727],[-158.301045,21.499998],[-158.301199,21.498408],[-158.301353,21.496818],[-158.293253,21.496821],[-158.290164,21.496822],[-158.291548,21.489358],[-158.29059,21.479353],[-158.290499,21.478407],[-158.290265,21.475962],[-158.290118,21.475596],[-158.289765,21.474714],[-158.287936,21.470153],[-158.285935,21.465164],[-158.281449,21.457198],[-158.281327,21.457013],[-158.278618,21.452915],[-158.276448,21.449632],[-158.276241,21.449319],[-158.275002,21.448178],[-158.268332,21.442038],[-158.268025,21.441433],[-158.266248,21.437924],[-158.263764,21.433019],[-158.263749,21.432989],[-158.257644,21.42553],[-158.252927,21.422309],[-158.252011,21.421688],[-158.249027,21.419667],[-158.247252,21.419011],[-158.246493,21.416504],[-158.245784,21.414476],[-158.241382,21.412214],[-158.240052,21.411531],[-158.240025,21.411379],[-158.23973,21.409749],[-158.238846,21.40486],[-158.238552,21.403231],[-158.237052,21.397731],[-158.235552,21.389431],[-158.23521,21.388664],[-158.231852,21.381131],[-158.228852,21.375631],[-158.228283,21.375003],[-158.222152,21.368232],[-158.217752,21.364532],[-158.212552,21.361832],[-158.206552,21.359033],[-158.204472,21.358313],[-158.201352,21.357233],[-158.193253,21.354434],[-158.19021,21.353825],[-158.188753,21.353534],[-158.188722,21.353492],[-158.188631,21.353366],[-158.188601,21.353324],[-158.186963,21.351062],[-158.183253,21.345935],[-158.182743,21.343951],[-158.182049,21.341247],[-158.176803,21.320818],[-158.164354,21.272335],[-158.161154,21.267436],[-158.159554,21.263436],[-158.157631,21.261058],[-158.154054,21.256636],[-158.150003,21.252501],[-158.149254,21.251737],[-158.146768,21.249997],[-158.144511,21.248417],[-158.142254,21.246837],[-158.142055,21.246837],[-158.13476,21.242391],[-158.122254,21.23865],[-158.110077,21.237071],[-158.091586,21.237863],[-158.084919,21.23928],[-158.076923,21.240978],[-158.072479,21.241923],[-158.05981,21.241274],[-158.052568,21.242148],[-158.049248,21.242549],[-158.044429,21.242874],[-158.039048,21.243236],[-158.032586,21.244503],[-158.028134,21.246839],[-158.027219,21.24785],[-158.025655,21.248339],[-158.024054,21.248512],[-158.021955,21.248739],[-158.019136,21.248739],[-158.018255,21.248739],[-158.013355,21.249239],[-158.009355,21.249239],[-158.004455,21.249239],[-158.004374,21.249246],[-158.000055,21.249639],[-157.999463,21.249639],[-157.997023,21.249639],[-157.995555,21.249639],[-157.992868,21.250002],[-157.991855,21.250139],[-157.990731,21.250002],[-157.989753,21.249882],[-157.987755,21.249639],[-157.987336,21.24972],[-157.986604,21.24986],[-157.985872,21.250001],[-157.985155,21.250139],[-157.984392,21.250139],[-157.983355,21.250139],[-157.979955,21.250739],[-157.976755,21.251439],[-157.975604,21.251726],[-157.974355,21.252039],[-157.972746,21.252575],[-157.972255,21.252739],[-157.970748,21.253303],[-157.970655,21.253339],[-157.968255,21.254339],[-157.966655,21.255339],[-157.965254,21.256459],[-157.965155,21.256539],[-157.963555,21.257738],[-157.961355,21.257039],[-157.958755,21.256039],[-157.956555,21.255639],[-157.953355,21.254639],[-157.952723,21.254558],[-157.947055,21.253839],[-157.941955,21.253039],[-157.939455,21.251339],[-157.936777,21.25],[-157.936655,21.249939],[-157.933655,21.248839],[-157.931455,21.248339],[-157.927855,21.248039],[-157.925055,21.247839],[-157.922456,21.247839],[-157.920061,21.247286],[-157.919856,21.247239],[-157.917356,21.247539],[-157.915556,21.247539],[-157.913456,21.247539],[-157.911756,21.247839],[-157.909956,21.247839],[-157.908792,21.247839],[-157.907856,21.247839],[-157.905256,21.248039],[-157.903556,21.248339],[-157.901856,21.248839],[-157.900156,21.249639],[-157.898656,21.249939],[-157.897956,21.248839],[-157.895956,21.246839],[-157.894809,21.246839],[-157.889555,21.244634],[-157.886051,21.243228],[-157.881329,21.23935],[-157.874889,21.230481],[-157.873653,21.228779],[-157.872257,21.228278],[-157.869746,21.224942],[-157.86896,21.223898],[-157.866605,21.220769],[-157.865821,21.219726],[-157.865572,21.219395],[-157.864136,21.218013],[-157.859067,21.213135],[-157.858903,21.213053],[-157.856753,21.211975],[-157.854516,21.210854],[-157.85096,21.209072],[-157.847654,21.207842],[-157.84531,21.206971],[-157.838673,21.204503],[-157.829093,21.200941],[-157.828089,21.20085],[-157.821335,21.20024],[-157.812015,21.199399],[-157.810229,21.199238],[-157.807876,21.199533],[-157.795483,21.201092],[-157.791352,21.201613],[-157.790852,21.201676],[-157.78826,21.202496],[-157.779045,21.205414],[-157.775974,21.206387],[-157.77459,21.206825],[-157.771407,21.207833],[-157.770527,21.208341],[-157.769271,21.209068],[-157.768304,21.209627],[-157.765404,21.211305],[-157.764438,21.211865],[-157.763566,21.212369],[-157.760953,21.213881],[-157.760082,21.214386],[-157.757984,21.2156],[-157.755516,21.217617],[-157.753337,21.2194],[-157.750827,21.219989],[-157.747257,21.220916],[-157.745311,21.221671],[-157.7411,21.217882],[-157.739958,21.216855],[-157.736294,21.215073],[-157.733781,21.213851],[-157.730909,21.212455],[-157.725892,21.211125],[-157.723192,21.21041],[-157.720351,21.209657],[-157.719701,21.209485],[-157.711609,21.208572],[-157.708689,21.208243],[-157.708324,21.208202],[-157.69259,21.209017],[-157.689378,21.209184],[-157.675777,21.213801],[-157.66507,21.21994],[-157.653476,21.229114],[-157.65126,21.232027],[-157.648097,21.23619],[-157.645863,21.240573],[-157.640539,21.243284],[-157.638931,21.244103],[-157.634071,21.246833],[-157.631985,21.248456],[-157.624233,21.254036],[-157.622252,21.255331],[-157.616131,21.260429],[-157.614698,21.261906],[-157.607693,21.269134],[-157.600922,21.282919],[-157.600021,21.286571],[-157.597909,21.295134],[-157.597288,21.310662],[-157.59758,21.313817],[-157.598013,21.318491],[-157.598722,21.326124],[-157.600173,21.332374],[-157.601236,21.336947],[-157.601386,21.337594],[-157.601838,21.339538],[-157.601989,21.340186],[-157.602209,21.341135],[-157.602299,21.341521],[-157.603453,21.343769],[-157.603899,21.344637],[-157.604695,21.346188],[-157.607085,21.350843],[-157.607882,21.352395],[-157.60822,21.353054],[-157.61532,21.361645],[-157.620052,21.367676],[-157.622252,21.371816],[-157.622252,21.372715],[-157.625352,21.374616],[-157.625952,21.375003],[-157.628452,21.376616],[-157.628452,21.381415],[-157.629252,21.385214],[-157.631213,21.388251],[-157.632352,21.390014],[-157.632352,21.391533],[-157.632352,21.392913],[-157.633152,21.397612],[-157.634165,21.40221],[-157.634651,21.404411],[-157.635091,21.405703],[-157.635793,21.407767],[-157.636251,21.40911],[-157.637751,21.41391],[-157.63777,21.414004],[-157.638209,21.416141],[-157.638551,21.417809],[-157.640851,21.422608],[-157.640933,21.422804],[-157.642451,21.426408],[-157.645551,21.430208],[-157.646411,21.431325],[-157.648551,21.434107],[-157.65,21.436119],[-157.652151,21.439107],[-157.649999,21.441753],[-157.649551,21.442305],[-157.649487,21.442401],[-157.64745,21.445504],[-157.64545,21.448702],[-157.64335,21.453799],[-157.641849,21.458197],[-157.640749,21.462695],[-157.641249,21.467194],[-157.642849,21.472293],[-157.645449,21.476792],[-157.647726,21.480538],[-157.648549,21.481891],[-157.649998,21.484209],[-157.650549,21.48509],[-157.653649,21.48889],[-157.655651,21.49194],[-157.655749,21.492089],[-157.656714,21.492899],[-157.658849,21.494689],[-157.659931,21.495771],[-157.660949,21.496789],[-157.672986,21.499955],[-157.677777,21.501853],[-157.683493,21.507807],[-157.692696,21.513469],[-157.702613,21.518709],[-157.706478,21.51956],[-157.712174,21.520814],[-157.712636,21.520783],[-157.727724,21.519784],[-157.741128,21.517376],[-157.747251,21.515307],[-157.750924,21.516458],[-157.761931,21.526389],[-157.765009,21.52932],[-157.768251,21.532408],[-157.773651,21.537308],[-157.77436,21.537989],[-157.774999,21.538602],[-157.776151,21.539708],[-157.777402,21.540959],[-157.77744,21.540997],[-157.777555,21.541112],[-157.777594,21.541151],[-157.778551,21.542108],[-157.779966,21.543581],[-157.780951,21.544607],[-157.782951,21.548807],[-157.78445,21.551806],[-157.784798,21.552483],[-157.78635,21.555505],[-157.786796,21.556175],[-157.788137,21.558185],[-157.78835,21.558505],[-157.788576,21.558861],[-157.79025,21.561505],[-157.79125,21.564604],[-157.791696,21.565406],[-157.79325,21.568204],[-157.79375,21.571903],[-157.79515,21.576102],[-157.79715,21.581001],[-157.798649,21.5852],[-157.799107,21.58586],[-157.802049,21.590099],[-157.80354,21.591641],[-157.804268,21.592394],[-157.804949,21.593099],[-157.806593,21.594508],[-157.807389,21.595191],[-157.808178,21.595867],[-157.809849,21.597299],[-157.810648,21.597753],[-157.811552,21.598267],[-157.814249,21.5998],[-157.817017,21.602064],[-157.818649,21.6034],[-157.824549,21.607101],[-157.831949,21.611302],[-157.834143,21.612399],[-157.834349,21.612503],[-157.837249,21.613703],[-157.839395,21.616223],[-157.840345,21.617339],[-157.843198,21.620687],[-157.844149,21.621804],[-157.847444,21.631401],[-157.851494,21.642719],[-157.853803,21.64917],[-157.854204,21.65029],[-157.860211,21.665544],[-157.861656,21.66814],[-157.86499,21.674127],[-157.865467,21.674984],[-157.866408,21.676498],[-157.870786,21.683541],[-157.872246,21.685889],[-157.876346,21.696186],[-157.876784,21.696959],[-157.881446,21.705183],[-157.884746,21.707882],[-157.888146,21.709983],[-157.891446,21.712083],[-157.894245,21.714783],[-157.896445,21.718282],[-157.898145,21.720981],[-157.899998,21.722673],[-157.900419,21.723057],[-157.900445,21.723081],[-157.905345,21.725481],[-157.909245,21.727981],[-157.910517,21.729323],[-157.913902,21.732894],[-157.921945,21.741376],[-157.924213,21.743451],[-157.92789,21.745982],[-157.930249,21.746774],[-157.931597,21.748182],[-157.941785,21.754579],[-157.955069,21.758624],[-157.978318,21.762997],[-157.991748,21.762965],[-157.997244,21.761591],[-158.008235,21.755304],[-158.024044,21.746783],[-158.025131,21.7462],[-158.030944,21.743084],[-158.035344,21.743083],[-158.040544,21.741982],[-158.044944,21.740882],[-158.050144,21.739881],[-158.057144,21.735483],[-158.062344,21.730086],[-158.067644,21.724688],[-158.071944,21.719191],[-158.078944,21.715991],[-158.081759,21.71388],[-158.083344,21.712692],[-158.088543,21.709492],[-158.088553,21.709482],[-158.095543,21.702995],[-158.099843,21.697497],[-158.103343,21.692099],[-158.103982,21.690911],[-158.106843,21.685602],[-158.107824,21.68378],[-158.108862,21.681851],[-158.110343,21.679105],[-158.111625,21.675901],[-158.11244,21.673868],[-158.112741,21.673113],[-158.112944,21.672608],[-158.113543,21.67081],[-158.113801,21.670039],[-158.114255,21.668676],[-158.114744,21.66721],[-158.116454,21.665039],[-158.117344,21.663911],[-158.118192,21.662315],[-158.119044,21.660712],[-158.120229,21.657305],[-158.120594,21.663775],[-158.121314,21.664596],[-158.122243,21.665698],[-158.126135,21.663544],[-158.128064,21.662477],[-158.128305,21.662345],[-158.133389,21.658558],[-158.134153,21.657989],[-158.135063,21.657129],[-158.1392,21.653217],[-158.144509,21.646939],[-158.148846,21.641999],[-158.155497,21.639732],[-158.166494,21.636036],[-158.175005,21.632009],[-158.186992,21.632574],[-158.199604,21.634474],[-158.214959,21.633105],[-158.230222,21.630816],[-158.247237,21.631086],[-158.267684,21.628065],[-158.278156,21.627842],[-158.289592,21.625364],[-158.30191,21.621787],[-158.309745,21.621781],[-158.311945,21.62178],[-158.319746,21.617277],[-158.324247,21.615675],[-158.327721,21.611834],[-158.329947,21.609374],[-158.335048,21.604573],[-158.339548,21.596675],[-158.342149,21.591175],[-158.34465,21.583177]]],[[[-156.871195,21.231887],[-156.874362,21.233093],[-156.878736,21.233546],[-156.881736,21.233643],[-156.88611,21.234344],[-156.893948,21.234006],[-156.90243,21.232336],[-156.910279,21.229571],[-156.911629,21.233596],[-156.914071,21.237727],[-156.917151,21.243784],[-156.921108,21.25],[-156.92357,21.252722],[-156.9274,21.256578],[-156.936992,21.262449],[-156.952167,21.269328],[-156.971289,21.274365],[-156.978798,21.274619],[-156.990343,21.273534],[-157,21.269814],[-157.009086,21.265948],[-157.015058,21.261194],[-157.01759,21.259182],[-157.018781,21.258236],[-157.026444,21.25],[-157.025296,21.25],[-157.02538,21.249737],[-157.030163,21.24395],[-157.031134,21.244537],[-157.034143,21.245618],[-157.034394,21.245709],[-157.036238,21.24554],[-157.043438,21.245201],[-157.051517,21.244862],[-157.057396,21.244187],[-157.061014,21.24603],[-157.065327,21.246949],[-157.069874,21.246839],[-157.072441,21.246777],[-157.075437,21.247864],[-157.08143,21.25],[-157.082544,21.25],[-157.090732,21.25227],[-157.102159,21.252673],[-157.109493,21.25258],[-157.116632,21.254571],[-157.125,21.257144],[-157.125,21.255632],[-157.135204,21.255161],[-157.147321,21.256444],[-157.154687,21.25736],[-157.158992,21.257896],[-157.161932,21.259141],[-157.171645,21.265395],[-157.183943,21.271466],[-157.199538,21.276509],[-157.214242,21.278613],[-157.220212,21.278496],[-157.228319,21.276349],[-157.231259,21.27566],[-157.233933,21.276233],[-157.237943,21.277471],[-157.243915,21.279791],[-157.25,21.280347],[-157.25,21.278773],[-157.259973,21.278475],[-157.272186,21.276564],[-157.281284,21.27259],[-157.292296,21.265635],[-157.29556,21.262602],[-157.298044,21.260292],[-157.301351,21.25722],[-157.305136,21.253009],[-157.305252,21.252881],[-157.306302,21.250773],[-157.306494,21.250386],[-157.306687,21.25],[-157.310521,21.244522],[-157.313123,21.237933],[-157.314468,21.230433],[-157.314507,21.225812],[-157.314554,21.220272],[-157.313564,21.212615],[-157.312574,21.207289],[-157.311675,21.204128],[-157.315444,21.199782],[-157.321457,21.195344],[-157.325,21.191721],[-157.328815,21.187819],[-157.338593,21.175038],[-157.347234,21.161306],[-157.349892,21.157085],[-157.355805,21.142403],[-157.357149,21.139066],[-157.357968,21.137695],[-157.35949,21.135145],[-157.363334,21.128712],[-157.364085,21.127514],[-157.365664,21.125],[-157.365228,21.125],[-157.36392,21.125],[-157.363484,21.125],[-157.366259,21.116658],[-157.366549,21.100956],[-157.363901,21.092719],[-157.363785,21.092358],[-157.358431,21.083607],[-157.349124,21.07224],[-157.334619,21.058604],[-157.321244,21.050676],[-157.301312,21.047655],[-157.289428,21.046114],[-157.282912,21.046054],[-157.278629,21.046015],[-157.267907,21.044721],[-157.255866,21.045397],[-157.253731,21.046179],[-157.25,21.046118],[-157.25,21.045876],[-157.25,21.045151],[-157.25,21.04491],[-157.241152,21.044133],[-157.231438,21.043099],[-157.222891,21.044462],[-157.216036,21.045655],[-157.201874,21.046327],[-157.190205,21.046658],[-157.177198,21.046473],[-157.167136,21.048003],[-157.157279,21.048749],[-157.156004,21.048846],[-157.145223,21.048319],[-157.137274,21.048308],[-157.136314,21.048307],[-157.129544,21.048555],[-157.125,21.050088],[-157.125,21.052496],[-157.117312,21.054404],[-157.110515,21.056481],[-157.102757,21.057958],[-157.094212,21.058235],[-157.08305,21.058518],[-157.077556,21.058358],[-157.075,21.057998],[-157.072149,21.057597],[-157.067085,21.054002],[-157.05975,21.048437],[-157.050237,21.042704],[-157.038721,21.03852],[-157.030002,21.038794],[-157.02451,21.038804],[-157.015003,21.036847],[-157.010555,21.035482],[-157.004359,21.031114],[-157,21.029317],[-157,21.029877],[-156.987369,21.025207],[-156.983833,21.024098],[-156.977701,21.022176],[-156.973894,21.021821],[-156.969414,21.017777],[-156.963131,21.01287],[-156.955721,21.010702],[-156.949998,21.009983],[-156.948598,21.009807],[-156.947199,21.009631],[-156.945213,21.009381],[-156.936563,21.007094],[-156.935359,21.006776],[-156.925727,21.001428],[-156.922389,21.000413],[-156.92171,21.000206],[-156.921031,21],[-156.920774,21],[-156.920006,21],[-156.91975,21],[-156.9153,20.997938],[-156.914535,20.997584],[-156.907419,20.997594],[-156.903674,20.997024],[-156.901114,20.99553],[-156.899463,20.994567],[-156.896495,20.994196],[-156.893619,20.993837],[-156.892208,20.99379],[-156.888874,20.993679],[-156.881755,20.99336],[-156.87929,20.993362],[-156.877923,20.993364],[-156.875,20.993696],[-156.875,20.994956],[-156.875,20.998739],[-156.875,21],[-156.836954,21],[-156.829989,21.002259],[-156.823364,21.007165],[-156.817542,21.011728],[-156.808324,21.017752],[-156.801613,21.021969],[-156.793681,21.022307],[-156.78529,21.02454],[-156.777146,21.029702],[-156.766758,21.036929],[-156.76174,21.040887],[-156.756113,21.042777],[-156.75,21.046991],[-156.75,21.04383],[-156.746536,21.046597],[-156.740847,21.051054],[-156.735601,21.055778],[-156.726008,21.060672],[-156.708056,21.072209],[-156.69916,21.080739],[-156.693993,21.087792],[-156.691063,21.088422],[-156.682715,21.091096],[-156.672586,21.095717],[-156.664751,21.104267],[-156.657708,21.114903],[-156.654836,21.125],[-156.652725,21.125],[-156.651901,21.128384],[-156.650525,21.134277],[-156.650886,21.145019],[-156.653907,21.155957],[-156.656065,21.163889],[-156.656279,21.170716],[-156.659565,21.181907],[-156.667378,21.19315],[-156.675828,21.202402],[-156.686507,21.210514],[-156.696775,21.214292],[-156.706251,21.217228],[-156.713586,21.221639],[-156.722076,21.226062],[-156.731208,21.227744],[-156.741059,21.22802],[-156.75,21.228196],[-156.752535,21.22879],[-156.754793,21.229505],[-156.760285,21.231244],[-156.771063,21.232861],[-156.777799,21.23212],[-156.783885,21.231451],[-156.787449,21.232634],[-156.794843,21.234161],[-156.801522,21.233918],[-156.812116,21.231407],[-156.826626,21.227218],[-156.840869,21.223195],[-156.846275,21.223082],[-156.848528,21.223036],[-156.853514,21.222705],[-156.859043,21.227088],[-156.867488,21.230561],[-156.871195,21.231887]]],[[[-157.116187,20.902813],[-157.11724,20.891693],[-157.111209,20.875],[-157.111502,20.875],[-157.112384,20.875],[-157.112678,20.875],[-157.110131,20.869461],[-157.102917,20.860133],[-157.095385,20.847495],[-157.095182,20.847154],[-157.08568,20.836682],[-157.075207,20.827299],[-157.075003,20.827248],[-157.048069,20.820545],[-157.043949,20.810026],[-157.046874,20.803106],[-157.047608,20.790056],[-157.046458,20.780772],[-157.045183,20.770467],[-157.040267,20.762033],[-157.038613,20.753073],[-157.037298,20.75],[-157.037467,20.75],[-157.037975,20.75],[-157.038145,20.75],[-157.035561,20.744274],[-157.032393,20.738133],[-157.031335,20.73608],[-157.027278,20.728731],[-157.022684,20.723153],[-157.021378,20.722391],[-157.018088,20.717913],[-157.013236,20.711912],[-157.010474,20.708336],[-157.009043,20.706484],[-157.008732,20.706081],[-157.004652,20.702107],[-157,20.696895],[-156.994434,20.693575],[-156.993907,20.69338],[-156.985962,20.690443],[-156.973841,20.686794],[-156.973807,20.686784],[-156.966851,20.685943],[-156.962839,20.685459],[-156.953935,20.687261],[-156.943204,20.689694],[-156.935899,20.692222],[-156.928262,20.691158],[-156.92668,20.691284],[-156.91876,20.691918],[-156.91059,20.693312],[-156.899601,20.689935],[-156.887814,20.688839],[-156.875,20.690965],[-156.861853,20.6986],[-156.849617,20.708334],[-156.845415,20.711677],[-156.83149,20.71515],[-156.816993,20.719793],[-156.812819,20.722775],[-156.795363,20.735251],[-156.782302,20.75],[-156.77521,20.761157],[-156.76905,20.77085],[-156.756083,20.795867],[-156.75,20.807605],[-156.75,20.808601],[-156.75,20.811591],[-156.75,20.812588],[-156.75,20.815413],[-156.75,20.823888],[-156.75,20.826713],[-156.757103,20.849624],[-156.757459,20.850771],[-156.771254,20.868787],[-156.775426,20.875],[-156.782036,20.883551],[-156.79095,20.894954],[-156.802329,20.905189],[-156.80425,20.906916],[-156.811494,20.915826],[-156.817644,20.923612],[-156.819468,20.925921],[-156.823329,20.930808],[-156.825317,20.932484],[-156.827567,20.934381],[-156.8364,20.941828],[-156.847561,20.951238],[-156.858852,20.958333],[-156.864551,20.961914],[-156.868474,20.964379],[-156.875,20.966687],[-156.877865,20.967586],[-156.88216,20.968894],[-156.887732,20.970036],[-156.892485,20.971589],[-156.898423,20.973141],[-156.9051,20.975923],[-156.907562,20.976533],[-156.913323,20.977963],[-156.921631,20.978936],[-156.927832,20.978598],[-156.933494,20.97941],[-156.940342,20.980302],[-156.944907,20.980869],[-156.948922,20.980945],[-156.958323,20.981585],[-156.964616,20.981164],[-156.96736,20.982308],[-156.971105,20.982958],[-156.976221,20.984016],[-156.982338,20.98458],[-156.989822,20.985058],[-156.994929,20.984556],[-157,20.984217],[-157.008342,20.983269],[-157.008875,20.98325],[-157.017579,20.982951],[-157.035268,20.983302],[-157.042631,20.981092],[-157.04949,20.979035],[-157.064557,20.970401],[-157.068563,20.968419],[-157.088835,20.958397],[-157.09993,20.948603],[-157.111227,20.93123],[-157.115059,20.915581],[-157.11618,20.902889],[-157.116187,20.902813]]],[[[-156.459575,20.976234],[-156.460302,20.976875],[-156.463434,20.979554],[-156.463544,20.979803],[-156.466102,20.985568],[-156.467546,20.98795],[-156.469105,20.994771],[-156.4703,21],[-156.469869,21],[-156.468575,21],[-156.468145,21],[-156.471015,21.00887],[-156.475383,21.019208],[-156.483134,21.02865],[-156.490728,21.035435],[-156.5,21.041042],[-156.504322,21.044596],[-156.512964,21.051013],[-156.516127,21.052795],[-156.529168,21.060141],[-156.543033,21.068824],[-156.559513,21.082338],[-156.561902,21.083334],[-156.566281,21.085159],[-156.574372,21.088531],[-156.585305,21.091077],[-156.591031,21.092411],[-156.605889,21.09258],[-156.618134,21.090498],[-156.625,21.087871],[-156.625,21.087566],[-156.625,21.086652],[-156.625,21.086348],[-156.629942,21.084472],[-156.633583,21.083341],[-156.634489,21.083335],[-156.642811,21.083276],[-156.655947,21.081826],[-156.662453,21.079518],[-156.670424,21.076693],[-156.681545,21.066226],[-156.687062,21.060561],[-156.690896,21.053479],[-156.698359,21.049493],[-156.708328,21.04333],[-156.708489,21.043231],[-156.717122,21.032193],[-156.723002,21.022565],[-156.728425,21.017327],[-156.732166,21.010933],[-156.735017,21.005729],[-156.736596,21],[-156.737322,20.996923],[-156.739924,20.985904],[-156.743126,20.976095],[-156.746402,20.968023],[-156.75,20.960773],[-156.75,20.960016],[-156.75,20.959553],[-156.75,20.958333],[-156.75,20.957748],[-156.75,20.957662],[-156.75,20.956992],[-156.750774,20.953351],[-156.751796,20.948548],[-156.751669,20.942293],[-156.751595,20.938572],[-156.751571,20.93736],[-156.751774,20.933932],[-156.752355,20.924132],[-156.752191,20.920016],[-156.752008,20.915374],[-156.751941,20.913681],[-156.751902,20.913538],[-156.750475,20.9082],[-156.75,20.906421],[-156.75,20.906161],[-156.75,20.905384],[-156.75,20.905125],[-156.746326,20.899542],[-156.745834,20.898795],[-156.743116,20.893806],[-156.739419,20.888808],[-156.738484,20.883588],[-156.738279,20.881646],[-156.737578,20.875],[-156.737954,20.875],[-156.739085,20.875],[-156.739462,20.875],[-156.737531,20.867918],[-156.736053,20.86523],[-156.728615,20.851699],[-156.721737,20.842436],[-156.718692,20.839479],[-156.711316,20.832318],[-156.711227,20.832228],[-156.710062,20.831046],[-156.709778,20.830758],[-156.70833,20.829287],[-156.706868,20.827804],[-156.70657,20.827501],[-156.705406,20.82632],[-156.702702,20.823576],[-156.699999,20.820833],[-156.698914,20.819731],[-156.692419,20.812805],[-156.690844,20.811004],[-156.684729,20.804015],[-156.677483,20.798478],[-156.672681,20.794843],[-156.669372,20.788844],[-156.659859,20.778419],[-156.651921,20.772196],[-156.645117,20.76812],[-156.640085,20.765106],[-156.629531,20.763122],[-156.625,20.763082],[-156.625,20.760465],[-156.625,20.752616],[-156.625,20.75],[-156.617386,20.75],[-156.594545,20.75],[-156.586932,20.75],[-156.585133,20.748702],[-156.585,20.748606],[-156.583334,20.747404],[-156.579206,20.744425],[-156.577588,20.743258],[-156.577224,20.74313],[-156.565189,20.738914],[-156.562697,20.738041],[-156.54682,20.732486],[-156.521903,20.732557],[-156.512655,20.735165],[-156.51187,20.735386],[-156.506284,20.718763],[-156.5,20.699087],[-156.5,20.702547],[-156.498876,20.699663],[-156.495728,20.69158],[-156.49627,20.691306],[-156.499034,20.689913],[-156.499227,20.689815],[-156.499806,20.689523],[-156.5,20.689426],[-156.5,20.689787],[-156.5,20.69087],[-156.5,20.691232],[-156.50219,20.69071],[-156.50876,20.689147],[-156.50883,20.689131],[-156.510883,20.688399],[-156.520112,20.68511],[-156.520361,20.684982],[-156.531659,20.67922],[-156.540245,20.671385],[-156.543658,20.666539],[-156.54498,20.664665],[-156.549444,20.658288],[-156.549625,20.65803],[-156.55196,20.657914],[-156.555089,20.657759],[-156.559901,20.658131],[-156.562547,20.658337],[-156.575071,20.65931],[-156.59227,20.658406],[-156.597734,20.657879],[-156.61008,20.650792],[-156.625,20.645096],[-156.645376,20.6334],[-156.655056,20.625],[-156.661878,20.622552],[-156.672023,20.616657],[-156.674229,20.615375],[-156.691115,20.611567],[-156.699999,20.606917],[-156.704442,20.604591],[-156.721279,20.592071],[-156.721691,20.591729],[-156.726775,20.58753],[-156.729116,20.585592],[-156.731847,20.583332],[-156.733645,20.581844],[-156.739883,20.573711],[-156.742659,20.570091],[-156.746036,20.56261],[-156.75,20.553831],[-156.750001,20.554356],[-156.750006,20.555931],[-156.750008,20.556456],[-156.75099,20.554382],[-156.751983,20.550964],[-156.753347,20.547135],[-156.754144,20.5443],[-156.755073,20.539957],[-156.755742,20.535276],[-156.755973,20.530162],[-156.755978,20.526721],[-156.755553,20.522599],[-156.755172,20.520158],[-156.754378,20.517788],[-156.75401,20.51669],[-156.752763,20.513053],[-156.75,20.508978],[-156.749998,20.508547],[-156.749992,20.507255],[-156.74999,20.506825],[-156.748899,20.505411],[-156.746238,20.501965],[-156.745528,20.501258],[-156.744264,20.499999],[-156.749999,20.499988],[-156.75,20.454335],[-156.732894,20.45293],[-156.705115,20.454142],[-156.672786,20.457775],[-156.656859,20.457266],[-156.640192,20.458336],[-156.625,20.459311],[-156.619745,20.460304],[-156.614904,20.459168],[-156.604882,20.460134],[-156.601306,20.460982],[-156.596016,20.45935],[-156.5856,20.458331],[-156.583924,20.458167],[-156.582164,20.458331],[-156.573544,20.459132],[-156.563893,20.462832],[-156.55753,20.46137],[-156.546069,20.460845],[-156.533456,20.46298],[-156.520949,20.468931],[-156.5122,20.47478],[-156.5,20.489189],[-156.497299,20.4918],[-156.49575,20.494155],[-156.493835,20.495593],[-156.493003,20.496305],[-156.492213,20.49698],[-156.491463,20.497622],[-156.490054,20.49922],[-156.489367,20.5],[-156.483356,20.513167],[-156.482834,20.514721],[-156.482739,20.51515],[-156.479551,20.529573],[-156.480588,20.54111],[-156.482319,20.548127],[-156.488377,20.558546],[-156.487632,20.562501],[-156.484569,20.578769],[-156.48451,20.579083],[-156.459868,20.557666],[-156.453491,20.555525],[-156.437384,20.543929],[-156.436733,20.543647],[-156.425082,20.538597],[-156.420495,20.536609],[-156.396426,20.533545],[-156.387636,20.532676],[-156.375,20.531428],[-156.375,20.530939],[-156.375,20.529473],[-156.375,20.528985],[-156.36288,20.530908],[-156.351099,20.534408],[-156.349712,20.53421],[-156.341489,20.533038],[-156.333328,20.534358],[-156.327188,20.535351],[-156.324127,20.536326],[-156.303554,20.536049],[-156.290472,20.536895],[-156.279148,20.540072],[-156.273234,20.542605],[-156.264217,20.546468],[-156.25,20.554132],[-156.25,20.553373],[-156.25,20.551095],[-156.25,20.550337],[-156.243621,20.553247],[-156.229051,20.559897],[-156.224628,20.562266],[-156.218449,20.565578],[-156.210021,20.570094],[-156.208442,20.570867],[-156.201041,20.57449],[-156.195608,20.577151],[-156.190607,20.575512],[-156.177165,20.572477],[-156.163011,20.571846],[-156.158737,20.572734],[-156.143981,20.569766],[-156.143851,20.56974],[-156.13527,20.569843],[-156.125,20.573326],[-156.121588,20.574896],[-156.115519,20.577214],[-156.107031,20.58083],[-156.102203,20.583005],[-156.101527,20.583333],[-156.099826,20.584158],[-156.095045,20.586479],[-156.087428,20.590701],[-156.082994,20.595073],[-156.080059,20.595686],[-156.077119,20.596552],[-156.073985,20.598171],[-156.073271,20.598409],[-156.070802,20.598021],[-156.065766,20.597579],[-156.059225,20.597189],[-156.054266,20.597254],[-156.049641,20.598252],[-156.043067,20.599293],[-156.03861,20.600716],[-156.034319,20.602563],[-156.029948,20.604071],[-156.025915,20.60626],[-156.023718,20.607719],[-156.019894,20.61026],[-156.016305,20.612374],[-156.011708,20.615983],[-156.006017,20.621],[-156.002651,20.625],[-156.003145,20.625],[-156.004627,20.625],[-156.005121,20.625],[-156,20.631862],[-156,20.625976],[-155.995717,20.629257],[-155.991352,20.634483],[-155.985784,20.638827],[-155.978074,20.644768],[-155.969594,20.652124],[-155.966946,20.654834],[-155.961458,20.660452],[-155.958335,20.664452],[-155.956065,20.667359],[-155.9517,20.673911],[-155.949646,20.676832],[-155.945797,20.683913],[-155.942637,20.692583],[-155.939818,20.700369],[-155.936566,20.705591],[-155.932801,20.712583],[-155.928101,20.724792],[-155.926837,20.738675],[-155.927525,20.75],[-155.929181,20.758075],[-155.926952,20.767045],[-155.926785,20.781735],[-155.929694,20.801467],[-155.934287,20.819845],[-155.939126,20.836591],[-155.944276,20.848713],[-155.950956,20.861928],[-155.958991,20.875],[-156,20.875],[-156,20.852123],[-156.006318,20.852981],[-156.012429,20.855974],[-156.025587,20.8595],[-156.032289,20.859858],[-156.040245,20.865719],[-156.049623,20.870544],[-156.055757,20.872707],[-156.062359,20.875],[-156.068629,20.878257],[-156.076476,20.880751],[-156.081694,20.880728],[-156.081775,20.880872],[-156.086014,20.888431],[-156.095925,20.898481],[-156.111061,20.908338],[-156.125,20.915009],[-156.127692,20.916074],[-156.136358,20.917437],[-156.14632,20.927448],[-156.150723,20.931872],[-156.161875,20.942874],[-156.164679,20.944663],[-156.171826,20.949224],[-156.180379,20.957227],[-156.181169,20.958334],[-156.182875,20.960727],[-156.195296,20.971502],[-156.214341,20.983088],[-156.226147,20.98713],[-156.228208,20.987836],[-156.237583,20.989715],[-156.249816,20.995413],[-156.249878,20.995442],[-156.25,20.995499],[-156.252565,20.997752],[-156.256595,21],[-156.262777,21.002243],[-156.268578,21.003751],[-156.274302,21.004236],[-156.282381,21.002611],[-156.294488,21.001026],[-156.298246,21.001234],[-156.304134,21.002998],[-156.311188,21.004518],[-156.320479,21.00623],[-156.330159,21.005472],[-156.339218,21.004195],[-156.346753,21],[-156.35081,20.997496],[-156.35446,20.994104],[-156.354786,20.993801],[-156.36474,20.993789],[-156.369956,20.991853],[-156.375,20.989246],[-156.375,20.990835],[-156.377602,20.989823],[-156.390559,20.983655],[-156.396203,20.980968],[-156.404908,20.974181],[-156.427447,20.97338],[-156.431808,20.972527],[-156.437884,20.971339],[-156.45109,20.968758],[-156.454929,20.972141],[-156.458331,20.975138],[-156.458953,20.975686],[-156.459575,20.976234]]],[[[-155.029999,19.792101],[-155.033315,19.793421],[-155.033286,19.794221],[-155.033171,19.797473],[-155.033603,19.807319],[-155.033734,19.810281],[-155.03384,19.811683],[-155.033849,19.811806],[-155.033877,19.812176],[-155.033887,19.8123],[-155.034321,19.818027],[-155.034748,19.820463],[-155.034707,19.822067],[-155.032941,19.828013],[-155.030278,19.839463],[-155.030299,19.848995],[-155.030649,19.857674],[-155.031522,19.866089],[-155.034618,19.875],[-155.032994,19.875],[-155.03162,19.875],[-155.037401,19.882876],[-155.041831,19.889371],[-155.046811,19.897704],[-155.055552,19.906672],[-155.062642,19.912711],[-155.062752,19.912804],[-155.063597,19.91339],[-155.066487,19.915398],[-155.067451,19.916068],[-155.070843,19.918425],[-155.07133,19.919586],[-155.072665,19.922765],[-155.076109,19.928598],[-155.07992,19.933167],[-155.081796,19.935415],[-155.08317,19.937459],[-155.086049,19.941743],[-155.090018,19.945281],[-155.091533,19.946651],[-155.106264,19.957824],[-155.113585,19.964665],[-155.121683,19.971052],[-155.123905,19.974298],[-155.126867,19.977549],[-155.128796,19.978886],[-155.132837,19.981231],[-155.133977,19.981984],[-155.135281,19.983567],[-155.137543,19.986315],[-155.14033,19.989481],[-155.141911,19.990402],[-155.14622,19.992666],[-155.151058,19.995015],[-155.153701,19.996108],[-155.155805,19.997671],[-155.157486,19.997608],[-155.159166,19.999744],[-155.159393,20.000001],[-155.161058,20.000001],[-155.161184,20.000178],[-155.16269,20.001574],[-155.164306,20.003925],[-155.166803,20.006424],[-155.168753,20.007852],[-155.170818,20.008945],[-155.173143,20.01014],[-155.173736,20.010735],[-155.174759,20.011892],[-155.176846,20.013106],[-155.17798,20.014099],[-155.18125,20.015477],[-155.182387,20.017872],[-155.184503,20.019501],[-155.187858,20.021563],[-155.190328,20.023194],[-155.193771,20.02534],[-155.194378,20.025473],[-155.195364,20.025688],[-155.197662,20.026635],[-155.200578,20.027926],[-155.201982,20.030236],[-155.202948,20.03152],[-155.204006,20.032548],[-155.204331,20.032785],[-155.206123,20.034092],[-155.209475,20.03658],[-155.211768,20.038466],[-155.215039,20.039758],[-155.218132,20.041135],[-155.222371,20.043454],[-155.22837,20.048085],[-155.234109,20.05169],[-155.236732,20.053454],[-155.237552,20.054006],[-155.241259,20.056494],[-155.245501,20.058643],[-155.247897,20.059808],[-155.248422,20.060063],[-155.248505,20.060104],[-155.24961,20.061341],[-155.25,20.061777],[-155.252399,20.063448],[-155.254621,20.064435],[-155.258443,20.066054],[-155.259998,20.066709],[-155.261643,20.067403],[-155.265294,20.068678],[-155.269036,20.069871],[-155.271708,20.070783],[-155.276345,20.072081],[-155.279276,20.073424],[-155.284336,20.075921],[-155.286998,20.077257],[-155.291232,20.078833],[-155.291626,20.07898],[-155.294741,20.080157],[-155.298301,20.081514],[-155.301516,20.083209],[-155.301671,20.083291],[-155.305216,20.085328],[-155.306409,20.086163],[-155.307602,20.086998],[-155.309894,20.088835],[-155.31211,20.090076],[-155.314418,20.091234],[-155.317083,20.092485],[-155.320469,20.093583],[-155.321483,20.094109],[-155.322865,20.094828],[-155.325362,20.095565],[-155.326838,20.096069],[-155.327499,20.096294],[-155.327876,20.096461],[-155.329721,20.09728],[-155.330958,20.09773],[-155.332003,20.09811],[-155.332215,20.098187],[-155.335244,20.099191],[-155.337457,20.100601],[-155.34021,20.101939],[-155.342486,20.103326],[-155.343398,20.103882],[-155.345964,20.105555],[-155.348435,20.107481],[-155.35199,20.109092],[-155.3551,20.110522],[-155.357324,20.111423],[-155.359371,20.112234],[-155.362313,20.113151],[-155.364711,20.11431],[-155.367743,20.115229],[-155.369702,20.115953],[-155.37156,20.117185],[-155.37305,20.118834],[-155.373579,20.119228],[-155.375,20.120286],[-155.377078,20.121918],[-155.378513,20.122865],[-155.383727,20.125003],[-155.383947,20.125003],[-155.384608,20.125003],[-155.384829,20.125003],[-155.387315,20.126536],[-155.390963,20.128664],[-155.393924,20.130349],[-155.394256,20.130538],[-155.397547,20.132833],[-155.400219,20.134028],[-155.405565,20.135996],[-155.409755,20.137198],[-155.412073,20.137885],[-155.414207,20.139499],[-155.418127,20.141122],[-155.422405,20.142578],[-155.422804,20.142711],[-155.424455,20.143263],[-155.429451,20.144046],[-155.431593,20.144226],[-155.432862,20.145207],[-155.43346,20.145669],[-155.436042,20.147201],[-155.438177,20.148815],[-155.441384,20.150096],[-155.443879,20.150952],[-155.445581,20.151439],[-155.447178,20.151896],[-155.450477,20.152924],[-155.45458,20.153872],[-155.458772,20.154735],[-155.462877,20.155176],[-155.465016,20.156114],[-155.466705,20.157472],[-155.469379,20.158582],[-155.472228,20.160198],[-155.475884,20.161228],[-155.478824,20.162507],[-155.482037,20.162944],[-155.486026,20.164357],[-155.486137,20.164397],[-155.490064,20.164836],[-155.493187,20.165356],[-155.496042,20.16596],[-155.498362,20.166308],[-155.499997,20.167056],[-155.500485,20.167225],[-155.501471,20.167222],[-155.502995,20.167471],[-155.50443,20.167804],[-155.505417,20.168054],[-155.508376,20.168468],[-155.510348,20.169304],[-155.512501,20.170309],[-155.513846,20.17081],[-155.515819,20.171899],[-155.517881,20.172483],[-155.5212,20.173989],[-155.526222,20.175659],[-155.531244,20.177413],[-155.536804,20.179081],[-155.538262,20.179512],[-155.54075,20.180249],[-155.545772,20.181246],[-155.548642,20.181827],[-155.552946,20.18232],[-155.555816,20.182733],[-155.558237,20.183063],[-155.561734,20.183643],[-155.564872,20.18313],[-155.568549,20.182951],[-155.570611,20.182946],[-155.573749,20.182264],[-155.57599,20.181333],[-155.578768,20.180147],[-155.579844,20.180397],[-155.582087,20.181316],[-155.585765,20.183829],[-155.588008,20.184748],[-155.59043,20.186339],[-155.592673,20.187426],[-155.595095,20.189018],[-155.597787,20.19086],[-155.599312,20.191445],[-155.601823,20.192026],[-155.604066,20.193029],[-155.606399,20.193948],[-155.607387,20.195879],[-155.608734,20.197474],[-155.610259,20.198731],[-155.612862,20.200994],[-155.615734,20.203509],[-155.618158,20.205352],[-155.62085,20.206858],[-155.622555,20.208451],[-155.625,20.209951],[-155.626506,20.210964],[-155.628555,20.212313],[-155.630515,20.213494],[-155.631851,20.214253],[-155.633097,20.214844],[-155.63452,20.21535],[-155.636124,20.216362],[-155.637459,20.216952],[-155.63826,20.217374],[-155.639238,20.217711],[-155.639863,20.218217],[-155.640752,20.21847],[-155.641464,20.218807],[-155.642264,20.218976],[-155.643774,20.219228],[-155.644577,20.219903],[-155.645559,20.220831],[-155.645941,20.221012],[-155.646805,20.221422],[-155.647519,20.222012],[-155.648586,20.222349],[-155.649476,20.222771],[-155.65179,20.223867],[-155.653567,20.224119],[-155.655167,20.224541],[-155.656679,20.224962],[-155.658723,20.225383],[-155.659436,20.225804],[-155.660863,20.226985],[-155.662736,20.228419],[-155.663543,20.229853],[-155.664792,20.230781],[-155.666129,20.231793],[-155.668803,20.233649],[-155.670766,20.235251],[-155.672197,20.237107],[-155.674426,20.238709],[-155.675854,20.23989],[-155.677726,20.241239],[-155.679328,20.241829],[-155.679458,20.241889],[-155.679739,20.242018],[-155.680585,20.242405],[-155.680867,20.242534],[-155.680879,20.242537],[-155.680888,20.242544],[-155.682088,20.243093],[-155.682536,20.243123],[-155.683331,20.243177],[-155.684844,20.243682],[-155.68671,20.244018],[-155.687682,20.244325],[-155.688044,20.244439],[-155.688845,20.244776],[-155.689125,20.245216],[-155.689383,20.24562],[-155.690012,20.246886],[-155.690551,20.247898],[-155.692566,20.25],[-155.693154,20.251384],[-155.695008,20.253731],[-155.6966,20.255985],[-155.698205,20.257902],[-155.69991,20.259572],[-155.702217,20.261602],[-155.705145,20.263575],[-155.707991,20.265376],[-155.710324,20.266733],[-155.71266,20.268008],[-155.71475,20.268769],[-155.717968,20.27008],[-155.719571,20.272081],[-155.721296,20.273161],[-155.722541,20.275316],[-155.72474,20.27793],[-155.726865,20.280122],[-155.731427,20.283255],[-155.734791,20.285413],[-155.738333,20.287493],[-155.7404,20.288925],[-155.74318,20.290134],[-155.746839,20.291286],[-155.748148,20.292489],[-155.75,20.293527],[-155.751464,20.29447],[-155.753424,20.295162],[-155.755475,20.295769],[-155.758864,20.296725],[-155.761616,20.297377],[-155.764075,20.297998],[-155.766312,20.298077],[-155.768999,20.298578],[-155.771685,20.29857],[-155.774818,20.298645],[-155.776069,20.300506],[-155.778037,20.301772],[-155.780183,20.30346],[-155.783762,20.305229],[-155.787521,20.306827],[-155.79289,20.30927],[-155.795551,20.309957],[-155.798044,20.310787],[-155.798758,20.310994],[-155.80128,20.311672],[-155.80476,20.312458],[-155.809941,20.313255],[-155.812088,20.31327],[-155.814744,20.315744],[-155.8184,20.316869],[-155.821702,20.317654],[-155.825713,20.318951],[-155.829461,20.319907],[-155.831824,20.320202],[-155.83375,20.320444],[-155.836783,20.321226],[-155.840272,20.321334],[-155.84546,20.321453],[-155.851635,20.321409],[-155.856653,20.320764],[-155.860953,20.320284],[-155.866691,20.319305],[-155.870728,20.318315],[-155.875,20.316832],[-155.876622,20.316591],[-155.878878,20.316017],[-155.881674,20.315362],[-155.883656,20.315209],[-155.885912,20.314549],[-155.887989,20.313888],[-155.890607,20.312977],[-155.892413,20.312398],[-155.894673,20.311313],[-155.8963,20.310648],[-155.898651,20.309394],[-155.900006,20.308896],[-155.901541,20.3084],[-155.903168,20.307649],[-155.905247,20.306733],[-155.906873,20.306067],[-155.908501,20.305147],[-155.910853,20.303893],[-155.912479,20.303228],[-155.914291,20.301969],[-155.91592,20.301049],[-155.917642,20.299704],[-155.919366,20.29819],[-155.921817,20.296003],[-155.924178,20.293729],[-155.926446,20.291795],[-155.928173,20.289941],[-155.928222,20.289883],[-155.929538,20.288338],[-155.931178,20.286144],[-155.932365,20.284285],[-155.93409,20.282686],[-155.935637,20.28083],[-155.93673,20.279395],[-155.938734,20.276779],[-155.939375,20.275595],[-155.940285,20.274499],[-155.941013,20.273655],[-155.942381,20.271628],[-155.942841,20.270528],[-155.943664,20.269176],[-155.944853,20.267062],[-155.946133,20.264864],[-155.947228,20.263175],[-155.947962,20.261652],[-155.948047,20.261404],[-155.948517,20.260043],[-155.948844,20.259178],[-155.949255,20.258095],[-155.949994,20.255978],[-155.950285,20.253772],[-155.950539,20.252328],[-155.95095,20.25],[-155.951143,20.25],[-155.951725,20.25],[-155.951919,20.25],[-155.952636,20.248789],[-155.953621,20.247023],[-155.95443,20.244579],[-155.955508,20.241546],[-155.956408,20.238765],[-155.957667,20.234972],[-155.958125,20.231004],[-155.959029,20.226871],[-155.959215,20.224422],[-155.959492,20.221466],[-155.959507,20.217071],[-155.959247,20.215041],[-155.959077,20.212673],[-155.958971,20.211379],[-155.958821,20.209544],[-155.958377,20.209117],[-155.958916,20.2076],[-155.959817,20.204481],[-155.960095,20.201019],[-155.960818,20.197729],[-155.960295,20.194513],[-155.960217,20.191554],[-155.95996,20.188509],[-155.95962,20.184027],[-155.958838,20.178442],[-155.957882,20.171757],[-155.957719,20.167614],[-155.956312,20.1627],[-155.954996,20.157533],[-155.953768,20.152536],[-155.952802,20.149063],[-155.951398,20.143557],[-155.95079,20.139495],[-155.950001,20.136276],[-155.949482,20.13213],[-155.948782,20.128744],[-155.947816,20.125],[-155.947988,20.123786],[-155.946657,20.121651],[-155.946308,20.119947],[-155.945517,20.117219],[-155.944724,20.114917],[-155.943929,20.112955],[-155.94269,20.110396],[-155.941712,20.108944],[-155.940111,20.106978],[-155.938599,20.105268],[-155.937888,20.104157],[-155.93745,20.102453],[-155.937639,20.100666],[-155.93738,20.099048],[-155.936737,20.096474],[-155.936592,20.095894],[-155.935802,20.093166],[-155.934924,20.090012],[-155.9336,20.086601],[-155.932275,20.083445],[-155.930854,20.081394],[-155.929521,20.0796],[-155.927566,20.076951],[-155.925251,20.074641],[-155.923112,20.072842],[-155.92063,20.068658],[-155.918148,20.064304],[-155.916878,20.062573],[-155.91495,20.059946],[-155.911305,20.055416],[-155.911187,20.055281],[-155.906947,20.050456],[-155.903036,20.045668],[-155.900371,20.042164],[-155.897973,20.038916],[-155.895306,20.035752],[-155.894206,20.033429],[-155.893892,20.032765],[-155.89114,20.02892],[-155.889362,20.026782],[-155.888842,20.025919],[-155.887767,20.024135],[-155.886348,20.021914],[-155.885276,20.020026],[-155.884311,20.018327],[-155.885843,20.016633],[-155.887376,20.014854],[-155.889444,20.013333],[-155.891152,20.012065],[-155.893489,20.010461],[-155.894841,20.009021],[-155.8961,20.008006],[-155.897635,20.005886],[-155.897865,20.005632],[-155.899257,20.004107],[-155.901788,20],[-155.90213,20],[-155.903157,20],[-155.9035,20],[-155.904607,19.998429],[-155.905531,19.99712],[-155.907124,19.9945],[-155.907488,19.993465],[-155.908018,19.991961],[-155.908278,19.991764],[-155.91346,19.987836],[-155.917489,19.985013],[-155.918986,19.983966],[-155.924263,19.978653],[-155.938883,19.961518],[-155.940118,19.959429],[-155.945932,19.949598],[-155.946331,19.948922],[-155.94753,19.946895],[-155.94793,19.94622],[-155.950381,19.942075],[-155.953553,19.931414],[-155.95406,19.929714],[-155.959936,19.915244],[-155.962427,19.909152],[-155.97177,19.906912],[-155.985414,19.902865],[-155.986097,19.902663],[-155.998344,19.896876],[-155.999999,19.896586],[-156.002419,19.895646],[-156.00408,19.894793],[-156.008081,19.892741],[-156.012391,19.889753],[-156.015002,19.887201],[-156.015709,19.886511],[-156.018069,19.883959],[-156.019654,19.882247],[-156.02306,19.877898],[-156.024849,19.875],[-156.027348,19.875],[-156.030059,19.871457],[-156.033943,19.867028],[-156.039363,19.860643],[-156.045052,19.854425],[-156.049208,19.848643],[-156.053544,19.843534],[-156.058774,19.841881],[-156.065627,19.839115],[-156.07248,19.835251],[-156.079517,19.831131],[-156.086104,19.825831],[-156.090616,19.821143],[-156.095672,19.815013],[-156.099464,19.808978],[-156.103078,19.802777],[-156.105518,19.797262],[-156.10724,19.790402],[-156.108061,19.784142],[-156.108432,19.776788],[-156.109163,19.769515],[-156.110521,19.764601],[-156.112599,19.759765],[-156.114858,19.75459],[-156.115857,19.75],[-156.114727,19.75],[-156.11792,19.744571],[-156.119298,19.736482],[-156.120001,19.727176],[-156.119075,19.719301],[-156.115179,19.710685],[-156.111219,19.703297],[-156.109583,19.700432],[-156.104742,19.694812],[-156.104427,19.693151],[-156.101682,19.686358],[-156.097823,19.675374],[-156.09332,19.668346],[-156.090902,19.663653],[-156.08882,19.661408],[-156.088287,19.658435],[-156.08795,19.651952],[-156.087628,19.646083],[-156.085427,19.638842],[-156.082882,19.632659],[-156.078592,19.625001],[-156.075293,19.620962],[-156.071087,19.617461],[-156.06321,19.611823],[-156.058855,19.609256],[-156.057121,19.608233],[-156.055054,19.607234],[-156.049329,19.604467],[-156.043279,19.601914],[-156.043237,19.601896],[-156.039075,19.600979],[-156.038935,19.600948],[-156.037815,19.599847],[-156.035895,19.597961],[-156.034738,19.595803],[-156.033929,19.594293],[-156.030277,19.587478],[-156.029921,19.58651],[-156.02583,19.575382],[-156.022997,19.563632],[-156.022699,19.561306],[-156.021589,19.552615],[-156.021246,19.549934],[-156.019858,19.541947],[-156.019396,19.539285],[-156.016907,19.532641],[-156.016806,19.531701],[-156.015774,19.522086],[-156.014375,19.51068],[-156.01366,19.507812],[-156.011808,19.500376],[-156.011809,19.5],[-156.01202,19.5],[-156.012653,19.5],[-156.012864,19.5],[-156.010271,19.49414],[-156.007959,19.488914],[-156.002939,19.476373],[-156.000559,19.470425],[-156.000447,19.470145],[-156.000111,19.469308],[-156,19.469029],[-155.999134,19.466181],[-155.994997,19.461253],[-155.990328,19.455889],[-155.989108,19.454995],[-155.983319,19.450752],[-155.978105,19.445809],[-155.974597,19.435842],[-155.972759,19.428035],[-155.97158,19.418526],[-155.968084,19.40796],[-155.967951,19.407537],[-155.965788,19.40066],[-155.965017,19.393551],[-155.964299,19.389948],[-155.963615,19.386519],[-155.961376,19.381101],[-155.957985,19.375715],[-155.957535,19.375],[-155.956065,19.371338],[-155.95437,19.366904],[-155.950711,19.35906],[-155.947229,19.35224],[-155.943213,19.344227],[-155.942326,19.339535],[-155.943755,19.332093],[-155.944229,19.329629],[-155.944328,19.32519],[-155.94425,19.319471],[-155.944256,19.316418],[-155.944275,19.307692],[-155.944644,19.302785],[-155.945104,19.29668],[-155.946461,19.290445],[-155.948894,19.283696],[-155.952859,19.272932],[-155.955298,19.263451],[-155.9562,19.25995],[-155.957202,19.25201],[-155.956937,19.25],[-155.956556,19.24679],[-155.956602,19.242597],[-155.956652,19.23806],[-155.956511,19.234465],[-155.95673,19.230957],[-155.958526,19.223],[-155.962087,19.209824],[-155.964162,19.201012],[-155.966067,19.191258],[-155.968079,19.179963],[-155.96945,19.169695],[-155.970554,19.159255],[-155.973882,19.14257],[-155.974738,19.130161],[-155.974704,19.125],[-155.973452,19.125],[-155.974277,19.118636],[-155.974474,19.112743],[-155.974041,19.107789],[-155.972538,19.101382],[-155.968892,19.093265],[-155.966489,19.08848],[-155.963465,19.082072],[-155.963331,19.08159],[-155.961074,19.073443],[-155.957979,19.063167],[-155.957884,19.06285],[-155.954064,19.053622],[-155.948896,19.046528],[-155.944526,19.041484],[-155.940426,19.036099],[-155.937404,19.029861],[-155.93403,19.021572],[-155.931273,19.016274],[-155.929532,19.013628],[-155.925931,19.008154],[-155.921561,19.003793],[-155.916334,18.999999],[-155.913074,18.997972],[-155.908231,18.995287],[-155.899412,18.990399],[-155.883725,18.981482],[-155.882228,18.980631],[-155.875,18.978114],[-155.875,18.977777],[-155.875,18.976766],[-155.875,18.97643],[-155.864817,18.973749],[-155.85076,18.969238],[-155.847745,18.968923],[-155.835679,18.967666],[-155.828233,18.966542],[-155.819943,18.960845],[-155.808179,18.952732],[-155.794371,18.942813],[-155.781727,18.933417],[-155.774084,18.930425],[-155.77028,18.928937],[-155.761335,18.925677],[-155.755342,18.923475],[-155.75,18.922632],[-155.747461,18.921179],[-155.739971,18.916891],[-155.738703,18.913972],[-155.736215,18.908241],[-155.730548,18.894114],[-155.722895,18.882523],[-155.722835,18.882474],[-155.713688,18.875],[-155.712657,18.874372],[-155.709566,18.872489],[-155.708536,18.871862],[-155.706072,18.870361],[-155.705973,18.870301],[-155.697795,18.867847],[-155.695032,18.867019],[-155.694257,18.866786],[-155.67836,18.86546],[-155.662995,18.866159],[-155.649041,18.870503],[-155.641812,18.875],[-155.639097,18.875],[-155.630753,18.879687],[-155.625,18.886096],[-155.625,18.885658],[-155.625,18.884345],[-155.625,18.883908],[-155.61606,18.890249],[-155.603944,18.90128],[-155.591551,18.912736],[-155.591057,18.91333],[-155.583779,18.922094],[-155.574511,18.928175],[-155.5656,18.934517],[-155.55747,18.943442],[-155.551511,18.951789],[-155.545351,18.96185],[-155.543224,18.9741],[-155.541787,18.981294],[-155.537366,18.989057],[-155.532261,18.99355],[-155.526053,19],[-155.523256,19.003813],[-155.518785,19.008071],[-155.516554,19.011483],[-155.514594,19.015579],[-155.513664,19.018922],[-155.513265,19.020361],[-155.509352,19.030178],[-155.506596,19.037605],[-155.503307,19.046483],[-155.501369,19.056819],[-155.501383,19.060837],[-155.501012,19.061777],[-155.50081,19.062289],[-155.500203,19.063825],[-155.500002,19.064338],[-155.498583,19.063905],[-155.49822,19.064478],[-155.497611,19.065441],[-155.495936,19.069367],[-155.495471,19.07034],[-155.494878,19.071586],[-155.494275,19.072085],[-155.484075,19.08053],[-155.477606,19.084274],[-155.477454,19.084407],[-155.47247,19.088789],[-155.46769,19.093561],[-155.466097,19.095352],[-155.460243,19.097045],[-155.451195,19.099414],[-155.43922,19.102885],[-155.428934,19.107215],[-155.422438,19.1117],[-155.41883,19.114193],[-155.411831,19.120069],[-155.406515,19.124582],[-155.406541,19.125002],[-155.404294,19.127726],[-155.401865,19.131054],[-155.399903,19.13304],[-155.397914,19.135056],[-155.393505,19.1412],[-155.391434,19.14436],[-155.389376,19.144943],[-155.387406,19.145612],[-155.386153,19.146031],[-155.384004,19.146956],[-155.380511,19.148385],[-155.378633,19.148798],[-155.375538,19.150599],[-155.374999,19.150913],[-155.374298,19.151294],[-155.372952,19.152233],[-155.371521,19.152481],[-155.370267,19.152817],[-155.365729,19.153736],[-155.365346,19.153814],[-155.356931,19.155993],[-155.348155,19.158773],[-155.345555,19.160047],[-155.342151,19.161315],[-155.338831,19.163533],[-155.33578,19.16558],[-155.330756,19.168647],[-155.325377,19.17128],[-155.320261,19.174778],[-155.312707,19.182398],[-155.307406,19.187016],[-155.301562,19.192493],[-155.29885,19.197649],[-155.297856,19.199453],[-155.286462,19.205747],[-155.27318,19.213752],[-155.268405,19.219495],[-155.265096,19.21964],[-155.261333,19.220645],[-155.258015,19.222171],[-155.250001,19.219172],[-155.250001,19.219991],[-155.250001,19.220088],[-155.245808,19.217659],[-155.242446,19.216352],[-155.236866,19.215207],[-155.230051,19.212851],[-155.225031,19.212226],[-155.213474,19.212171],[-155.204441,19.210561],[-155.196552,19.20968],[-155.187864,19.209466],[-155.182098,19.209954],[-155.175617,19.211386],[-155.170286,19.213168],[-155.169958,19.213358],[-155.161301,19.218375],[-155.149854,19.219609],[-155.140876,19.222117],[-155.132272,19.225443],[-155.129596,19.226479],[-155.125,19.226887],[-155.123329,19.227696],[-155.12001,19.228532],[-155.116306,19.230602],[-155.112571,19.232142],[-155.10551,19.23427],[-155.090387,19.242796],[-155.085359,19.245466],[-155.079031,19.248966],[-155.080098,19.25],[-155.083189,19.25],[-155.079339,19.254088],[-155.07639,19.253628],[-155.072812,19.25393],[-155.070657,19.254498],[-155.067531,19.255323],[-155.061439,19.258416],[-155.056149,19.262117],[-155.052291,19.265236],[-155.049153,19.267251],[-155.046917,19.267482],[-155.040383,19.269032],[-155.032324,19.271504],[-155.031727,19.271769],[-155.026142,19.274253],[-155.018508,19.277527],[-155.01799,19.277749],[-155.010823,19.280572],[-155.005449,19.282647],[-155,19.28438],[-155,19.282037],[-154.997442,19.284554],[-154.991348,19.28822],[-154.980079,19.294118],[-154.971455,19.297839],[-154.962283,19.302062],[-154.949939,19.307096],[-154.939663,19.312834],[-154.931719,19.319875],[-154.927296,19.326959],[-154.918905,19.333484],[-154.90823,19.34202],[-154.895905,19.35232],[-154.889028,19.360392],[-154.882661,19.363797],[-154.875001,19.368196],[-154.872863,19.369556],[-154.86645,19.373637],[-154.864313,19.374998],[-154.859673,19.377633],[-154.847913,19.385152],[-154.842815,19.389236],[-154.828271,19.400891],[-154.810311,19.416057],[-154.79357,19.432572],[-154.786132,19.440376],[-154.785537,19.441229],[-154.781089,19.447616],[-154.775751,19.457113],[-154.773044,19.46373],[-154.770121,19.470875],[-154.767902,19.476301],[-154.76249,19.491575],[-154.762169,19.492619],[-154.759906,19.5],[-154.759499,19.5],[-154.75828,19.5],[-154.757874,19.5],[-154.757166,19.503855],[-154.756605,19.506911],[-154.756114,19.511596],[-154.755792,19.515342],[-154.755793,19.515524],[-154.755827,19.519444],[-154.755838,19.520784],[-154.757137,19.527907],[-154.759333,19.536462],[-154.764892,19.544965],[-154.769345,19.549916],[-154.771682,19.552514],[-154.778294,19.559895],[-154.787735,19.566807],[-154.788991,19.568743],[-154.792204,19.571755],[-154.797548,19.575668],[-154.803328,19.578725],[-154.811505,19.582594],[-154.814908,19.587047],[-154.822221,19.59331],[-154.827827,19.596538],[-154.835024,19.599571],[-154.839912,19.601705],[-154.844961,19.602135],[-154.848783,19.60386],[-154.852924,19.605775],[-154.854472,19.606491],[-154.86221,19.610534],[-154.870122,19.61415],[-154.875,19.616167],[-154.878265,19.617844],[-154.881428,19.619951],[-154.883208,19.621481],[-154.883694,19.621899],[-154.886784,19.625],[-154.885722,19.625],[-154.884291,19.625],[-154.892225,19.634474],[-154.894852,19.636249],[-154.895128,19.636764],[-154.897096,19.642793],[-154.90306,19.652305],[-154.905856,19.655547],[-154.907187,19.657091],[-154.911183,19.661725],[-154.911451,19.662036],[-154.912712,19.663069],[-154.915723,19.665535],[-154.920257,19.669249],[-154.925456,19.671858],[-154.928935,19.673605],[-154.927778,19.680812],[-154.926439,19.689644],[-154.926134,19.691664],[-154.928109,19.704534],[-154.931853,19.715468],[-154.936963,19.727678],[-154.940619,19.735726],[-154.942429,19.739708],[-154.948322,19.749999],[-154.948527,19.749999],[-154.949144,19.749999],[-154.94935,19.749999],[-154.950419,19.752354],[-154.95243,19.756784],[-154.954406,19.758902],[-154.956172,19.760794],[-154.958728,19.763534],[-154.961237,19.766308],[-154.963843,19.769189],[-154.971306,19.776015],[-154.977839,19.781396],[-154.977849,19.781404],[-154.984507,19.784802],[-154.985888,19.785507],[-154.987489,19.786126],[-154.99472,19.788924],[-154.996757,19.78917],[-155.000002,19.789563],[-155.006073,19.790149],[-155.007044,19.790243],[-155.013697,19.79093],[-155.024311,19.790226],[-155.025523,19.790146],[-155.02669,19.790709],[-155.029914,19.792067],[-155.029999,19.792101]]]]}},{"type":"Feature","id":"16","properties":{"name":"Idaho","density":19.15},"geometry":{"type":"Polygon","coordinates":[[[-116.04751,49.000239],[-116.04751,47.976051],[-115.724371,47.696727],[-115.718894,47.42288],[-115.527201,47.302388],[-115.324554,47.258572],[-115.302646,47.187372],[-114.930214,46.919002],[-114.886399,46.809463],[-114.623506,46.705401],[-114.612552,46.639678],[-114.322274,46.645155],[-114.464674,46.272723],[-114.492059,46.037214],[-114.387997,45.88386],[-114.568736,45.774321],[-114.497536,45.670259],[-114.546828,45.560721],[-114.333228,45.456659],[-114.086765,45.593582],[-113.98818,45.703121],[-113.807441,45.604536],[-113.834826,45.522382],[-113.736241,45.330689],[-113.571933,45.128042],[-113.45144,45.056842],[-113.456917,44.865149],[-113.341901,44.782995],[-113.133778,44.772041],[-113.002331,44.448902],[-112.887315,44.394132],[-112.783254,44.48724],[-112.471068,44.481763],[-112.241036,44.569394],[-112.104113,44.520102],[-111.868605,44.563917],[-111.819312,44.509148],[-111.616665,44.547487],[-111.386634,44.75561],[-111.227803,44.580348],[-111.047063,44.476286],[-111.047063,42.000709],[-112.164359,41.995232],[-114.04295,41.995232],[-117.027882,42.000709],[-117.027882,43.830007],[-116.896436,44.158624],[-116.97859,44.240778],[-117.170283,44.257209],[-117.241483,44.394132],[-117.038836,44.750133],[-116.934774,44.782995],[-116.830713,44.930872],[-116.847143,45.02398],[-116.732128,45.144473],[-116.671881,45.319735],[-116.463758,45.61549],[-116.545912,45.752413],[-116.78142,45.823614],[-116.918344,45.993399],[-116.92382,46.168661],[-117.055267,46.343923],[-117.038836,46.426077],[-117.044313,47.762451],[-117.033359,49.000239],[-116.04751,49.000239]]]}},{"type":"Feature","id":"17","properties":{"name":"Illinois","density":231.5},"geometry":{"type":"Polygon","coordinates":[[[-90.639984,42.510065],[-88.788778,42.493634],[-87.802929,42.493634],[-87.83579,42.301941],[-87.682436,42.077386],[-87.523605,41.710431],[-87.529082,39.34987],[-87.63862,39.169131],[-87.512651,38.95553],[-87.49622,38.780268],[-87.62219,38.637868],[-87.655051,38.506421],[-87.83579,38.292821],[-87.950806,38.27639],[-87.923421,38.15042],[-88.000098,38.101128],[-88.060345,37.865619],[-88.027483,37.799896],[-88.15893,37.657496],[-88.065822,37.482234],[-88.476592,37.389126],[-88.514931,37.285064],[-88.421823,37.153617],[-88.547792,37.071463],[-88.914747,37.224817],[-89.029763,37.213863],[-89.183118,37.038601],[-89.133825,36.983832],[-89.292656,36.994786],[-89.517211,37.279587],[-89.435057,37.34531],[-89.517211,37.537003],[-89.517211,37.690357],[-89.84035,37.903958],[-89.949889,37.88205],[-90.059428,38.013497],[-90.355183,38.216144],[-90.349706,38.374975],[-90.179921,38.632391],[-90.207305,38.725499],[-90.10872,38.845992],[-90.251121,38.917192],[-90.470199,38.961007],[-90.585214,38.867899],[-90.661891,38.928146],[-90.727615,39.256762],[-91.061708,39.470363],[-91.368417,39.727779],[-91.494386,40.034488],[-91.50534,40.237135],[-91.417709,40.379535],[-91.401278,40.560274],[-91.121954,40.669813],[-91.09457,40.823167],[-90.963123,40.921752],[-90.946692,41.097014],[-91.111001,41.239415],[-91.045277,41.414677],[-90.656414,41.463969],[-90.344229,41.589939],[-90.311367,41.743293],[-90.179921,41.809016],[-90.141582,42.000709],[-90.168967,42.126679],[-90.393521,42.225264],[-90.420906,42.329326],[-90.639984,42.510065]]]}},{"type":"Feature","id":"18","properties":{"name":"Indiana","density":181.7},"geometry":{"type":"Polygon","coordinates":[[[-85.990061,41.759724],[-84.807042,41.759724],[-84.807042,41.694001],[-84.801565,40.500028],[-84.817996,39.103408],[-84.894673,39.059592],[-84.812519,38.785745],[-84.987781,38.780268],[-85.173997,38.68716],[-85.431413,38.730976],[-85.42046,38.533806],[-85.590245,38.451652],[-85.655968,38.325682],[-85.83123,38.27639],[-85.924338,38.024451],[-86.039354,37.958727],[-86.263908,38.051835],[-86.302247,38.166851],[-86.521325,38.040881],[-86.504894,37.931343],[-86.729448,37.893004],[-86.795172,37.991589],[-87.047111,37.893004],[-87.129265,37.788942],[-87.381204,37.93682],[-87.512651,37.903958],[-87.600282,37.975158],[-87.682436,37.903958],[-87.934375,37.893004],[-88.027483,37.799896],[-88.060345,37.865619],[-88.000098,38.101128],[-87.923421,38.15042],[-87.950806,38.27639],[-87.83579,38.292821],[-87.655051,38.506421],[-87.62219,38.637868],[-87.49622,38.780268],[-87.512651,38.95553],[-87.63862,39.169131],[-87.529082,39.34987],[-87.523605,41.710431],[-87.42502,41.644708],[-87.118311,41.644708],[-86.822556,41.759724],[-85.990061,41.759724]]]}},{"type":"Feature","id":"19","properties":{"name":"Iowa","density":54.81},"geometry":{"type":"Polygon","coordinates":[[[-91.368417,43.501391],[-91.215062,43.501391],[-91.204109,43.353514],[-91.056231,43.254929],[-91.176724,43.134436],[-91.143862,42.909881],[-91.067185,42.75105],[-90.711184,42.636034],[-90.639984,42.510065],[-90.420906,42.329326],[-90.393521,42.225264],[-90.168967,42.126679],[-90.141582,42.000709],[-90.179921,41.809016],[-90.311367,41.743293],[-90.344229,41.589939],[-90.656414,41.463969],[-91.045277,41.414677],[-91.111001,41.239415],[-90.946692,41.097014],[-90.963123,40.921752],[-91.09457,40.823167],[-91.121954,40.669813],[-91.401278,40.560274],[-91.417709,40.379535],[-91.527248,40.412397],[-91.729895,40.615043],[-91.833957,40.609566],[-93.257961,40.582182],[-94.632673,40.571228],[-95.7664,40.587659],[-95.881416,40.719105],[-95.826646,40.976521],[-95.925231,41.201076],[-95.919754,41.453015],[-96.095016,41.540646],[-96.122401,41.67757],[-96.062155,41.798063],[-96.127878,41.973325],[-96.264801,42.039048],[-96.44554,42.488157],[-96.631756,42.707235],[-96.544125,42.855112],[-96.511264,43.052282],[-96.434587,43.123482],[-96.560556,43.222067],[-96.527695,43.397329],[-96.582464,43.479483],[-96.451017,43.501391],[-91.368417,43.501391]]]}},{"type":"Feature","id":"20","properties":{"name":"Kansas","density":35.09},"geometry":{"type":"Polygon","coordinates":[[[-101.90605,40.001626],[-95.306337,40.001626],[-95.207752,39.908518],[-94.884612,39.831841],[-95.109167,39.541563],[-94.983197,39.442978],[-94.824366,39.20747],[-94.610765,39.158177],[-94.616242,37.000263],[-100.087706,37.000263],[-102.042974,36.994786],[-102.053927,40.001626],[-101.90605,40.001626]]]}},{"type":"Feature","id":"21","properties":{"name":"Kentucky","density":110},"geometry":{"type":"Polygon","coordinates":[[[-83.903347,38.769315],[-83.678792,38.632391],[-83.519961,38.703591],[-83.142052,38.626914],[-83.032514,38.725499],[-82.890113,38.758361],[-82.846298,38.588575],[-82.731282,38.561191],[-82.594358,38.424267],[-82.621743,38.123036],[-82.50125,37.931343],[-82.342419,37.783465],[-82.293127,37.668449],[-82.101434,37.553434],[-81.969987,37.537003],[-82.353373,37.268633],[-82.720328,37.120755],[-82.720328,37.044078],[-82.868205,36.978355],[-82.879159,36.890724],[-83.070852,36.852385],[-83.136575,36.742847],[-83.673316,36.600446],[-83.689746,36.584015],[-84.544149,36.594969],[-85.289013,36.627831],[-85.486183,36.616877],[-86.592525,36.655216],[-87.852221,36.633308],[-88.071299,36.677123],[-88.054868,36.496384],[-89.298133,36.507338],[-89.418626,36.496384],[-89.363857,36.622354],[-89.215979,36.578538],[-89.133825,36.983832],[-89.183118,37.038601],[-89.029763,37.213863],[-88.914747,37.224817],[-88.547792,37.071463],[-88.421823,37.153617],[-88.514931,37.285064],[-88.476592,37.389126],[-88.065822,37.482234],[-88.15893,37.657496],[-88.027483,37.799896],[-87.934375,37.893004],[-87.682436,37.903958],[-87.600282,37.975158],[-87.512651,37.903958],[-87.381204,37.93682],[-87.129265,37.788942],[-87.047111,37.893004],[-86.795172,37.991589],[-86.729448,37.893004],[-86.504894,37.931343],[-86.521325,38.040881],[-86.302247,38.166851],[-86.263908,38.051835],[-86.039354,37.958727],[-85.924338,38.024451],[-85.83123,38.27639],[-85.655968,38.325682],[-85.590245,38.451652],[-85.42046,38.533806],[-85.431413,38.730976],[-85.173997,38.68716],[-84.987781,38.780268],[-84.812519,38.785745],[-84.894673,39.059592],[-84.817996,39.103408],[-84.43461,39.103408],[-84.231963,38.895284],[-84.215533,38.807653],[-83.903347,38.769315]]]}},{"type":"Feature","id":"22","properties":{"name":"Louisiana","density":105},"geometry":{"type":"Polygon","coordinates":[[[-93.608485,33.018527],[-91.16577,33.002096],[-91.072662,32.887081],[-91.143862,32.843265],[-91.154816,32.640618],[-91.006939,32.514649],[-90.985031,32.218894],[-91.105524,31.988862],[-91.341032,31.846462],[-91.401278,31.621907],[-91.499863,31.643815],[-91.516294,31.27686],[-91.636787,31.265906],[-91.565587,31.068736],[-91.636787,30.997536],[-89.747242,30.997536],[-89.845827,30.66892],[-89.681519,30.449842],[-89.643181,30.285534],[-89.522688,30.181472],[-89.818443,30.044549],[-89.84035,29.945964],[-89.599365,29.88024],[-89.495303,30.039072],[-89.287179,29.88024],[-89.30361,29.754271],[-89.424103,29.699501],[-89.648657,29.748794],[-89.621273,29.655686],[-89.69795,29.513285],[-89.506257,29.387316],[-89.199548,29.348977],[-89.09001,29.2011],[-89.002379,29.179192],[-89.16121,29.009407],[-89.336472,29.042268],[-89.484349,29.217531],[-89.851304,29.310638],[-89.851304,29.480424],[-90.032043,29.425654],[-90.021089,29.283254],[-90.103244,29.151807],[-90.23469,29.129899],[-90.333275,29.277777],[-90.563307,29.283254],[-90.645461,29.129899],[-90.798815,29.086084],[-90.963123,29.179192],[-91.09457,29.190146],[-91.220539,29.436608],[-91.445094,29.546147],[-91.532725,29.529716],[-91.620356,29.73784],[-91.883249,29.710455],[-91.888726,29.836425],[-92.146142,29.715932],[-92.113281,29.622824],[-92.31045,29.535193],[-92.617159,29.579009],[-92.97316,29.715932],[-93.2251,29.776178],[-93.767317,29.726886],[-93.838517,29.688547],[-93.926148,29.787132],[-93.690639,30.143133],[-93.767317,30.334826],[-93.696116,30.438888],[-93.728978,30.575812],[-93.630393,30.679874],[-93.526331,30.93729],[-93.542762,31.15089],[-93.816609,31.556184],[-93.822086,31.775262],[-94.041164,31.994339],[-94.041164,33.018527],[-93.608485,33.018527]]]}},{"type":"Feature","id":"23","properties":{"name":"Maine","density":43.04},"geometry":{"type":"Polygon","coordinates":[[[-70.703921,43.057759],[-70.824413,43.128959],[-70.807983,43.227544],[-70.966814,43.34256],[-71.032537,44.657025],[-71.08183,45.303304],[-70.649151,45.440228],[-70.720352,45.511428],[-70.556043,45.664782],[-70.386258,45.735983],[-70.41912,45.796229],[-70.260289,45.889337],[-70.309581,46.064599],[-70.210996,46.327492],[-70.057642,46.415123],[-69.997395,46.694447],[-69.225147,47.461219],[-69.044408,47.428357],[-69.033454,47.242141],[-68.902007,47.176418],[-68.578868,47.285957],[-68.376221,47.285957],[-68.233821,47.357157],[-67.954497,47.198326],[-67.790188,47.066879],[-67.779235,45.944106],[-67.801142,45.675736],[-67.456095,45.604536],[-67.505388,45.48952],[-67.417757,45.379982],[-67.488957,45.281397],[-67.346556,45.128042],[-67.16034,45.160904],[-66.979601,44.804903],[-67.187725,44.646072],[-67.308218,44.706318],[-67.406803,44.596779],[-67.549203,44.624164],[-67.565634,44.531056],[-67.75185,44.54201],[-68.047605,44.328409],[-68.118805,44.476286],[-68.222867,44.48724],[-68.173574,44.328409],[-68.403606,44.251732],[-68.458375,44.377701],[-68.567914,44.311978],[-68.82533,44.311978],[-68.830807,44.459856],[-68.984161,44.426994],[-68.956777,44.322932],[-69.099177,44.103854],[-69.071793,44.043608],[-69.258008,43.923115],[-69.444224,43.966931],[-69.553763,43.840961],[-69.707118,43.82453],[-69.833087,43.720469],[-69.986442,43.742376],[-70.030257,43.851915],[-70.254812,43.676653],[-70.194565,43.567114],[-70.358873,43.528776],[-70.369827,43.435668],[-70.556043,43.320652],[-70.703921,43.057759]]]}},{"type":"Feature","id":"24","properties":{"name":"Maryland","density":596.3},"geometry":{"type":"MultiPolygon","coordinates":[[[[-75.994645,37.95325],[-76.016553,37.95325],[-76.043938,37.95325],[-75.994645,37.95325]]],[[[-79.477979,39.722302],[-75.786521,39.722302],[-75.693413,38.462606],[-75.047134,38.451652],[-75.244304,38.029928],[-75.397659,38.013497],[-75.671506,37.95325],[-75.885106,37.909435],[-75.879629,38.073743],[-75.961783,38.139466],[-75.846768,38.210667],[-76.000122,38.374975],[-76.049415,38.303775],[-76.257538,38.320205],[-76.328738,38.500944],[-76.263015,38.500944],[-76.257538,38.736453],[-76.191815,38.829561],[-76.279446,39.147223],[-76.169907,39.333439],[-76.000122,39.366301],[-75.972737,39.557994],[-76.098707,39.536086],[-76.104184,39.437501],[-76.367077,39.311532],[-76.443754,39.196516],[-76.460185,38.906238],[-76.55877,38.769315],[-76.514954,38.539283],[-76.383508,38.380452],[-76.399939,38.259959],[-76.317785,38.139466],[-76.3616,38.057312],[-76.591632,38.216144],[-76.920248,38.292821],[-77.018833,38.446175],[-77.205049,38.358544],[-77.276249,38.479037],[-77.128372,38.632391],[-77.040741,38.791222],[-76.909294,38.895284],[-77.035264,38.993869],[-77.117418,38.933623],[-77.248864,39.026731],[-77.456988,39.076023],[-77.456988,39.223901],[-77.566527,39.306055],[-77.719881,39.322485],[-77.834897,39.601809],[-78.004682,39.601809],[-78.174467,39.694917],[-78.267575,39.61824],[-78.431884,39.623717],[-78.470222,39.514178],[-78.765977,39.585379],[-78.963147,39.437501],[-79.094593,39.470363],[-79.291763,39.300578],[-79.488933,39.20747],[-79.477979,39.722302]]]]}},{"type":"Feature","id":"25","properties":{"name":"Massachusetts","density":840.2},"geometry":{"type":"Polygon","coordinates":[[[-70.917521,42.887974],[-70.818936,42.871543],[-70.780598,42.696281],[-70.824413,42.55388],[-70.983245,42.422434],[-70.988722,42.269079],[-70.769644,42.247172],[-70.638197,42.08834],[-70.660105,41.962371],[-70.550566,41.929509],[-70.539613,41.814493],[-70.260289,41.715908],[-69.937149,41.809016],[-70.008349,41.672093],[-70.484843,41.5516],[-70.660105,41.546123],[-70.764167,41.639231],[-70.928475,41.611847],[-70.933952,41.540646],[-71.120168,41.496831],[-71.196845,41.67757],[-71.22423,41.710431],[-71.328292,41.781632],[-71.383061,42.01714],[-71.530939,42.01714],[-71.799309,42.006186],[-71.799309,42.022617],[-73.053528,42.039048],[-73.486206,42.050002],[-73.508114,42.08834],[-73.267129,42.745573],[-72.456542,42.729142],[-71.29543,42.696281],[-71.185891,42.789389],[-70.917521,42.887974]]]}},{"type":"Feature","id":"26","properties":{"name":"Michigan","density":173.9},"geometry":{"type":"MultiPolygon","coordinates":[[[[-83.454238,41.732339],[-84.807042,41.694001],[-84.807042,41.759724],[-85.990061,41.759724],[-86.822556,41.759724],[-86.619909,41.891171],[-86.482986,42.115725],[-86.357016,42.252649],[-86.263908,42.444341],[-86.209139,42.718189],[-86.231047,43.013943],[-86.526801,43.594499],[-86.433693,43.813577],[-86.499417,44.07647],[-86.269385,44.34484],[-86.220093,44.569394],[-86.252954,44.689887],[-86.088646,44.73918],[-86.066738,44.903488],[-85.809322,44.947303],[-85.612152,45.128042],[-85.628583,44.766564],[-85.524521,44.750133],[-85.393075,44.930872],[-85.387598,45.237581],[-85.305444,45.314258],[-85.031597,45.363551],[-85.119228,45.577151],[-84.938489,45.75789],[-84.713934,45.768844],[-84.461995,45.653829],[-84.215533,45.637398],[-84.09504,45.494997],[-83.908824,45.484043],[-83.596638,45.352597],[-83.4871,45.358074],[-83.317314,45.144473],[-83.454238,45.029457],[-83.322791,44.88158],[-83.273499,44.711795],[-83.333745,44.339363],[-83.536392,44.246255],[-83.585684,44.054562],[-83.82667,43.988839],[-83.958116,43.758807],[-83.908824,43.671176],[-83.667839,43.589022],[-83.481623,43.714992],[-83.262545,43.972408],[-82.917498,44.070993],[-82.747713,43.994316],[-82.643651,43.851915],[-82.539589,43.435668],[-82.523158,43.227544],[-82.413619,42.975605],[-82.517681,42.614127],[-82.681989,42.559357],[-82.687466,42.690804],[-82.797005,42.652465],[-82.922975,42.351234],[-83.125621,42.236218],[-83.185868,42.006186],[-83.437807,41.814493],[-83.454238,41.732339]]],[[[-85.508091,45.730506],[-85.49166,45.610013],[-85.623106,45.588105],[-85.568337,45.75789],[-85.508091,45.730506]]],[[[-87.589328,45.095181],[-87.742682,45.199243],[-87.649574,45.341643],[-87.885083,45.363551],[-87.791975,45.500474],[-87.781021,45.675736],[-87.989145,45.796229],[-88.10416,45.922199],[-88.531362,46.020784],[-88.662808,45.987922],[-89.09001,46.135799],[-90.119674,46.338446],[-90.229213,46.508231],[-90.415429,46.568478],[-90.026566,46.672539],[-89.851304,46.793032],[-89.413149,46.842325],[-89.128348,46.990202],[-88.996902,46.995679],[-88.887363,47.099741],[-88.575177,47.247618],[-88.416346,47.373588],[-88.180837,47.455742],[-87.956283,47.384542],[-88.350623,47.077833],[-88.443731,46.973771],[-88.438254,46.787555],[-88.246561,46.929956],[-87.901513,46.908048],[-87.633143,46.809463],[-87.392158,46.535616],[-87.260711,46.486323],[-87.008772,46.530139],[-86.948526,46.469893],[-86.696587,46.437031],[-86.159846,46.667063],[-85.880522,46.68897],[-85.508091,46.678016],[-85.256151,46.754694],[-85.064458,46.760171],[-85.02612,46.480847],[-84.82895,46.442508],[-84.63178,46.486323],[-84.549626,46.4206],[-84.418179,46.502754],[-84.127902,46.530139],[-84.122425,46.179615],[-83.990978,46.031737],[-83.793808,45.993399],[-83.7719,46.091984],[-83.580208,46.091984],[-83.476146,45.987922],[-83.563777,45.911245],[-84.111471,45.976968],[-84.374364,45.933153],[-84.659165,46.053645],[-84.741319,45.944106],[-84.70298,45.850998],[-84.82895,45.872906],[-85.015166,46.00983],[-85.338305,46.091984],[-85.502614,46.097461],[-85.661445,45.966014],[-85.924338,45.933153],[-86.209139,45.960537],[-86.324155,45.905768],[-86.351539,45.796229],[-86.663725,45.703121],[-86.647294,45.834568],[-86.784218,45.861952],[-86.838987,45.725029],[-87.069019,45.719552],[-87.17308,45.659305],[-87.326435,45.423797],[-87.611236,45.122565],[-87.589328,45.095181]]],[[[-88.805209,47.976051],[-89.057148,47.850082],[-89.188594,47.833651],[-89.177641,47.937713],[-88.547792,48.173221],[-88.668285,48.008913],[-88.805209,47.976051]]]]}},{"type":"Feature","id":"27","properties":{"name":"Minnesota","density":67.14},"geometry":{"type":"Polygon","coordinates":[[[-92.014696,46.705401],[-92.091373,46.749217],[-92.29402,46.667063],[-92.29402,46.075553],[-92.354266,46.015307],[-92.639067,45.933153],[-92.869098,45.719552],[-92.885529,45.577151],[-92.770513,45.566198],[-92.644544,45.440228],[-92.75956,45.286874],[-92.737652,45.117088],[-92.808852,44.750133],[-92.545959,44.569394],[-92.337835,44.552964],[-92.233773,44.443425],[-91.927065,44.333886],[-91.877772,44.202439],[-91.592971,44.032654],[-91.43414,43.994316],[-91.242447,43.775238],[-91.269832,43.616407],[-91.215062,43.501391],[-91.368417,43.501391],[-96.451017,43.501391],[-96.451017,45.297827],[-96.681049,45.412843],[-96.856311,45.604536],[-96.582464,45.818137],[-96.560556,45.933153],[-96.598895,46.332969],[-96.719387,46.437031],[-96.801542,46.656109],[-96.785111,46.924479],[-96.823449,46.968294],[-96.856311,47.609096],[-97.053481,47.948667],[-97.130158,48.140359],[-97.16302,48.545653],[-97.097296,48.682577],[-97.228743,49.000239],[-95.152983,49.000239],[-95.152983,49.383625],[-94.955813,49.372671],[-94.824366,49.295994],[-94.69292,48.775685],[-94.588858,48.715438],[-94.260241,48.699007],[-94.221903,48.649715],[-93.838517,48.627807],[-93.794701,48.518268],[-93.466085,48.545653],[-93.466085,48.589469],[-93.208669,48.644238],[-92.984114,48.62233],[-92.726698,48.540176],[-92.655498,48.436114],[-92.50762,48.447068],[-92.370697,48.222514],[-92.304974,48.315622],[-92.053034,48.359437],[-92.009219,48.266329],[-91.713464,48.200606],[-91.713464,48.112975],[-91.565587,48.041775],[-91.264355,48.080113],[-91.083616,48.178698],[-90.837154,48.238944],[-90.749522,48.091067],[-90.579737,48.123929],[-90.377091,48.091067],[-90.141582,48.112975],[-89.873212,47.987005],[-89.615796,48.008913],[-89.637704,47.954144],[-89.971797,47.828174],[-90.437337,47.729589],[-90.738569,47.625527],[-91.171247,47.368111],[-91.357463,47.20928],[-91.642264,47.028541],[-92.091373,46.787555],[-92.014696,46.705401]]]}},{"type":"Feature","id":"28","properties":{"name":"Mississippi","density":63.5},"geometry":{"type":"Polygon","coordinates":[[[-88.471115,34.995703],[-88.202745,34.995703],[-88.098683,34.891641],[-88.241084,33.796253],[-88.471115,31.895754],[-88.394438,30.367688],[-88.503977,30.323872],[-88.744962,30.34578],[-88.843547,30.411504],[-89.084533,30.367688],[-89.418626,30.252672],[-89.522688,30.181472],[-89.643181,30.285534],[-89.681519,30.449842],[-89.845827,30.66892],[-89.747242,30.997536],[-91.636787,30.997536],[-91.565587,31.068736],[-91.636787,31.265906],[-91.516294,31.27686],[-91.499863,31.643815],[-91.401278,31.621907],[-91.341032,31.846462],[-91.105524,31.988862],[-90.985031,32.218894],[-91.006939,32.514649],[-91.154816,32.640618],[-91.143862,32.843265],[-91.072662,32.887081],[-91.16577,33.002096],[-91.089093,33.13902],[-91.143862,33.347144],[-91.056231,33.429298],[-91.231493,33.560744],[-91.072662,33.867453],[-90.891923,34.026284],[-90.952169,34.135823],[-90.744046,34.300131],[-90.749522,34.365854],[-90.568783,34.420624],[-90.585214,34.617794],[-90.481152,34.661609],[-90.409952,34.831394],[-90.251121,34.908072],[-90.311367,34.995703],[-88.471115,34.995703]]]}},{"type":"Feature","id":"29","properties":{"name":"Missouri","density":87.26},"geometry":{"type":"Polygon","coordinates":[[[-91.833957,40.609566],[-91.729895,40.615043],[-91.527248,40.412397],[-91.417709,40.379535],[-91.50534,40.237135],[-91.494386,40.034488],[-91.368417,39.727779],[-91.061708,39.470363],[-90.727615,39.256762],[-90.661891,38.928146],[-90.585214,38.867899],[-90.470199,38.961007],[-90.251121,38.917192],[-90.10872,38.845992],[-90.207305,38.725499],[-90.179921,38.632391],[-90.349706,38.374975],[-90.355183,38.216144],[-90.059428,38.013497],[-89.949889,37.88205],[-89.84035,37.903958],[-89.517211,37.690357],[-89.517211,37.537003],[-89.435057,37.34531],[-89.517211,37.279587],[-89.292656,36.994786],[-89.133825,36.983832],[-89.215979,36.578538],[-89.363857,36.622354],[-89.418626,36.496384],[-89.484349,36.496384],[-89.539119,36.496384],[-89.533642,36.249922],[-89.730812,35.997983],[-90.377091,35.997983],[-90.218259,36.184199],[-90.064905,36.304691],[-90.152536,36.496384],[-94.473842,36.501861],[-94.616242,36.501861],[-94.616242,37.000263],[-94.610765,39.158177],[-94.824366,39.20747],[-94.983197,39.442978],[-95.109167,39.541563],[-94.884612,39.831841],[-95.207752,39.908518],[-95.306337,40.001626],[-95.552799,40.264519],[-95.7664,40.587659],[-94.632673,40.571228],[-93.257961,40.582182],[-91.833957,40.609566]]]}},{"type":"Feature","id":"30","properties":{"name":"Montana","density":6.858},"geometry":{"type":"Polygon","coordinates":[[[-104.047534,49.000239],[-104.042057,47.861036],[-104.047534,45.944106],[-104.042057,44.996596],[-104.058488,44.996596],[-105.91517,45.002073],[-109.080842,45.002073],[-111.05254,45.002073],[-111.047063,44.476286],[-111.227803,44.580348],[-111.386634,44.75561],[-111.616665,44.547487],[-111.819312,44.509148],[-111.868605,44.563917],[-112.104113,44.520102],[-112.241036,44.569394],[-112.471068,44.481763],[-112.783254,44.48724],[-112.887315,44.394132],[-113.002331,44.448902],[-113.133778,44.772041],[-113.341901,44.782995],[-113.456917,44.865149],[-113.45144,45.056842],[-113.571933,45.128042],[-113.736241,45.330689],[-113.834826,45.522382],[-113.807441,45.604536],[-113.98818,45.703121],[-114.086765,45.593582],[-114.333228,45.456659],[-114.546828,45.560721],[-114.497536,45.670259],[-114.568736,45.774321],[-114.387997,45.88386],[-114.492059,46.037214],[-114.464674,46.272723],[-114.322274,46.645155],[-114.612552,46.639678],[-114.623506,46.705401],[-114.886399,46.809463],[-114.930214,46.919002],[-115.302646,47.187372],[-115.324554,47.258572],[-115.527201,47.302388],[-115.718894,47.42288],[-115.724371,47.696727],[-116.04751,47.976051],[-116.04751,49.000239],[-111.50165,48.994762],[-109.453274,49.000239],[-104.047534,49.000239]]]}},{"type":"Feature","id":"31","properties":{"name":"Nebraska","density":23.97},"geometry":{"type":"Polygon","coordinates":[[[-103.324578,43.002989],[-101.626726,42.997512],[-98.499393,42.997512],[-98.466531,42.94822],[-97.951699,42.767481],[-97.831206,42.866066],[-97.688806,42.844158],[-97.217789,42.844158],[-96.692003,42.657942],[-96.626279,42.515542],[-96.44554,42.488157],[-96.264801,42.039048],[-96.127878,41.973325],[-96.062155,41.798063],[-96.122401,41.67757],[-96.095016,41.540646],[-95.919754,41.453015],[-95.925231,41.201076],[-95.826646,40.976521],[-95.881416,40.719105],[-95.7664,40.587659],[-95.552799,40.264519],[-95.306337,40.001626],[-101.90605,40.001626],[-102.053927,40.001626],[-102.053927,41.003906],[-104.053011,41.003906],[-104.053011,43.002989],[-103.324578,43.002989]]]}},{"type":"Feature","id":"32","properties":{"name":"Nevada","density":24.8},"geometry":{"type":"Polygon","coordinates":[[[-117.027882,42.000709],[-114.04295,41.995232],[-114.048427,37.000263],[-114.048427,36.195153],[-114.152489,36.025367],[-114.251074,36.01989],[-114.371566,36.140383],[-114.738521,36.102045],[-114.678275,35.516012],[-114.596121,35.324319],[-114.574213,35.138103],[-114.634459,35.00118],[-115.85034,35.970598],[-116.540435,36.501861],[-117.498899,37.21934],[-118.71478,38.101128],[-120.001861,38.999346],[-119.996384,40.264519],[-120.001861,41.995232],[-118.698349,41.989755],[-117.027882,42.000709]]]}},{"type":"Feature","id":"33","properties":{"name":"New Hampshire","density":147},"geometry":{"type":"Polygon","coordinates":[[[-71.08183,45.303304],[-71.032537,44.657025],[-70.966814,43.34256],[-70.807983,43.227544],[-70.824413,43.128959],[-70.703921,43.057759],[-70.818936,42.871543],[-70.917521,42.887974],[-71.185891,42.789389],[-71.29543,42.696281],[-72.456542,42.729142],[-72.544173,42.80582],[-72.533219,42.953697],[-72.445588,43.008466],[-72.456542,43.150867],[-72.379864,43.572591],[-72.204602,43.769761],[-72.116971,43.994316],[-72.02934,44.07647],[-72.034817,44.322932],[-71.700724,44.41604],[-71.536416,44.585825],[-71.629524,44.750133],[-71.4926,44.914442],[-71.503554,45.013027],[-71.361154,45.270443],[-71.131122,45.243058],[-71.08183,45.303304]]]}},{"type":"Feature","id":"34","properties":{"name":"New Jersey","density":1189},"geometry":{"type":"Polygon","coordinates":[[[-74.236547,41.14083],[-73.902454,40.998429],[-74.022947,40.708151],[-74.187255,40.642428],[-74.274886,40.489074],[-74.001039,40.412397],[-73.979131,40.297381],[-74.099624,39.760641],[-74.411809,39.360824],[-74.614456,39.245808],[-74.795195,38.993869],[-74.888303,39.158177],[-75.178581,39.240331],[-75.534582,39.459409],[-75.55649,39.607286],[-75.561967,39.629194],[-75.507197,39.683964],[-75.414089,39.804456],[-75.145719,39.88661],[-75.129289,39.963288],[-74.82258,40.127596],[-74.773287,40.215227],[-75.058088,40.417874],[-75.069042,40.543843],[-75.195012,40.576705],[-75.205966,40.691721],[-75.052611,40.866983],[-75.134765,40.971045],[-74.882826,41.179168],[-74.828057,41.288707],[-74.69661,41.359907],[-74.236547,41.14083]]]}},{"type":"Feature","id":"35","properties":{"name":"New Mexico","density":17.16},"geometry":{"type":"Polygon","coordinates":[[[-107.421329,37.000263],[-106.868158,36.994786],[-104.337812,36.994786],[-103.001438,37.000263],[-103.001438,36.501861],[-103.039777,36.501861],[-103.045254,34.01533],[-103.067161,33.002096],[-103.067161,31.999816],[-106.616219,31.999816],[-106.643603,31.901231],[-106.528588,31.786216],[-108.210008,31.786216],[-108.210008,31.331629],[-109.04798,31.331629],[-109.042503,37.000263],[-107.421329,37.000263]]]}},{"type":"Feature","id":"36","properties":{"name":"New York","density":412.3},"geometry":{"type":"Polygon","coordinates":[[[-73.343806,45.013027],[-73.332852,44.804903],[-73.387622,44.618687],[-73.294514,44.437948],[-73.321898,44.246255],[-73.436914,44.043608],[-73.349283,43.769761],[-73.404052,43.687607],[-73.245221,43.523299],[-73.278083,42.833204],[-73.267129,42.745573],[-73.508114,42.08834],[-73.486206,42.050002],[-73.55193,41.294184],[-73.48073,41.21203],[-73.727192,41.102491],[-73.655992,40.987475],[-73.22879,40.905321],[-73.141159,40.965568],[-72.774204,40.965568],[-72.587988,40.998429],[-72.28128,41.157261],[-72.259372,41.042245],[-72.100541,40.992952],[-72.467496,40.845075],[-73.239744,40.625997],[-73.562884,40.582182],[-73.776484,40.593136],[-73.935316,40.543843],[-74.022947,40.708151],[-73.902454,40.998429],[-74.236547,41.14083],[-74.69661,41.359907],[-74.740426,41.431108],[-74.89378,41.436584],[-75.074519,41.60637],[-75.052611,41.754247],[-75.173104,41.869263],[-75.249781,41.863786],[-75.35932,42.000709],[-79.76278,42.000709],[-79.76278,42.252649],[-79.76278,42.269079],[-79.149363,42.55388],[-79.050778,42.690804],[-78.853608,42.783912],[-78.930285,42.953697],[-79.012439,42.986559],[-79.072686,43.260406],[-78.486653,43.375421],[-77.966344,43.369944],[-77.75822,43.34256],[-77.533665,43.233021],[-77.391265,43.276836],[-76.958587,43.271359],[-76.695693,43.34256],[-76.41637,43.523299],[-76.235631,43.528776],[-76.230154,43.802623],[-76.137046,43.961454],[-76.3616,44.070993],[-76.312308,44.196962],[-75.912491,44.366748],[-75.764614,44.514625],[-75.282643,44.848718],[-74.828057,45.018503],[-74.148916,44.991119],[-73.343806,45.013027]]]}},{"type":"Feature","id":"37","properties":{"name":"North Carolina","density":198.2},"geometry":{"type":"Polygon","coordinates":[[[-80.978661,36.562108],[-80.294043,36.545677],[-79.510841,36.5402],[-75.868676,36.551154],[-75.75366,36.151337],[-76.032984,36.189676],[-76.071322,36.140383],[-76.410893,36.080137],[-76.460185,36.025367],[-76.68474,36.008937],[-76.673786,35.937736],[-76.399939,35.987029],[-76.3616,35.943213],[-76.060368,35.992506],[-75.961783,35.899398],[-75.781044,35.937736],[-75.715321,35.696751],[-75.775568,35.581735],[-75.89606,35.570781],[-76.147999,35.324319],[-76.482093,35.313365],[-76.536862,35.14358],[-76.394462,34.973795],[-76.279446,34.940933],[-76.493047,34.661609],[-76.673786,34.694471],[-76.991448,34.667086],[-77.210526,34.60684],[-77.555573,34.415147],[-77.82942,34.163208],[-77.971821,33.845545],[-78.179944,33.916745],[-78.541422,33.851022],[-79.675149,34.80401],[-80.797922,34.820441],[-80.781491,34.935456],[-80.934845,35.105241],[-81.038907,35.044995],[-81.044384,35.149057],[-82.276696,35.198349],[-82.550543,35.160011],[-82.764143,35.066903],[-83.109191,35.00118],[-83.618546,34.984749],[-84.319594,34.990226],[-84.29221,35.225734],[-84.09504,35.247642],[-84.018363,35.41195],[-83.7719,35.559827],[-83.498053,35.565304],[-83.251591,35.718659],[-82.994175,35.773428],[-82.775097,35.997983],[-82.638174,36.063706],[-82.610789,35.965121],[-82.216449,36.156814],[-82.03571,36.118475],[-81.909741,36.304691],[-81.723525,36.353984],[-81.679709,36.589492],[-80.978661,36.562108]]]}},{"type":"Feature","id":"38","properties":{"name":"North Dakota","density":9.916},"geometry":{"type":"Polygon","coordinates":[[[-97.228743,49.000239],[-97.097296,48.682577],[-97.16302,48.545653],[-97.130158,48.140359],[-97.053481,47.948667],[-96.856311,47.609096],[-96.823449,46.968294],[-96.785111,46.924479],[-96.801542,46.656109],[-96.719387,46.437031],[-96.598895,46.332969],[-96.560556,45.933153],[-104.047534,45.944106],[-104.042057,47.861036],[-104.047534,49.000239],[-97.228743,49.000239]]]}},{"type":"Feature","id":"39","properties":{"name":"Ohio","density":281.9},"geometry":{"type":"Polygon","coordinates":[[[-80.518598,41.978802],[-80.518598,40.636951],[-80.666475,40.582182],[-80.595275,40.472643],[-80.600752,40.319289],[-80.737675,40.078303],[-80.830783,39.711348],[-81.219646,39.388209],[-81.345616,39.344393],[-81.455155,39.410117],[-81.57017,39.267716],[-81.685186,39.273193],[-81.811156,39.0815],[-81.783771,38.966484],[-81.887833,38.873376],[-82.03571,39.026731],[-82.221926,38.785745],[-82.172634,38.632391],[-82.293127,38.577622],[-82.331465,38.446175],[-82.594358,38.424267],[-82.731282,38.561191],[-82.846298,38.588575],[-82.890113,38.758361],[-83.032514,38.725499],[-83.142052,38.626914],[-83.519961,38.703591],[-83.678792,38.632391],[-83.903347,38.769315],[-84.215533,38.807653],[-84.231963,38.895284],[-84.43461,39.103408],[-84.817996,39.103408],[-84.801565,40.500028],[-84.807042,41.694001],[-83.454238,41.732339],[-83.065375,41.595416],[-82.933929,41.513262],[-82.835344,41.589939],[-82.616266,41.431108],[-82.479343,41.381815],[-82.013803,41.513262],[-81.739956,41.485877],[-81.444201,41.672093],[-81.011523,41.852832],[-80.518598,41.978802],[-80.518598,41.978802]]]}},{"type":"Feature","id":"40","properties":{"name":"Oklahoma","density":55.22},"geometry":{"type":"Polygon","coordinates":[[[-100.087706,37.000263],[-94.616242,37.000263],[-94.616242,36.501861],[-94.430026,35.395519],[-94.484796,33.637421],[-94.868182,33.74696],[-94.966767,33.861976],[-95.224183,33.960561],[-95.289906,33.87293],[-95.547322,33.878407],[-95.602092,33.933176],[-95.8376,33.834591],[-95.936185,33.889361],[-96.149786,33.840068],[-96.346956,33.686714],[-96.423633,33.774345],[-96.631756,33.845545],[-96.850834,33.845545],[-96.922034,33.960561],[-97.173974,33.736006],[-97.256128,33.861976],[-97.371143,33.823637],[-97.458774,33.905791],[-97.694283,33.982469],[-97.869545,33.851022],[-97.946222,33.987946],[-98.088623,34.004376],[-98.170777,34.113915],[-98.36247,34.157731],[-98.488439,34.064623],[-98.570593,34.146777],[-98.767763,34.135823],[-98.986841,34.223454],[-99.189488,34.2125],[-99.260688,34.404193],[-99.57835,34.415147],[-99.698843,34.382285],[-99.923398,34.573978],[-100.000075,34.563024],[-100.000075,36.501861],[-101.812942,36.501861],[-103.001438,36.501861],[-103.001438,37.000263],[-102.042974,36.994786],[-100.087706,37.000263]]]}},{"type":"Feature","id":"41","properties":{"name":"Oregon","density":40.33},"geometry":{"type":"Polygon","coordinates":[[[-123.211348,46.174138],[-123.11824,46.185092],[-122.904639,46.08103],[-122.811531,45.960537],[-122.762239,45.659305],[-122.247407,45.549767],[-121.809251,45.708598],[-121.535404,45.725029],[-121.217742,45.670259],[-121.18488,45.604536],[-120.637186,45.746937],[-120.505739,45.697644],[-120.209985,45.725029],[-119.963522,45.823614],[-119.525367,45.911245],[-119.125551,45.933153],[-118.988627,45.998876],[-116.918344,45.993399],[-116.78142,45.823614],[-116.545912,45.752413],[-116.463758,45.61549],[-116.671881,45.319735],[-116.732128,45.144473],[-116.847143,45.02398],[-116.830713,44.930872],[-116.934774,44.782995],[-117.038836,44.750133],[-117.241483,44.394132],[-117.170283,44.257209],[-116.97859,44.240778],[-116.896436,44.158624],[-117.027882,43.830007],[-117.027882,42.000709],[-118.698349,41.989755],[-120.001861,41.995232],[-121.037003,41.995232],[-122.378853,42.011663],[-123.233256,42.006186],[-124.213628,42.000709],[-124.356029,42.115725],[-124.432706,42.438865],[-124.416275,42.663419],[-124.553198,42.838681],[-124.454613,43.002989],[-124.383413,43.271359],[-124.235536,43.55616],[-124.169813,43.8081],[-124.060274,44.657025],[-124.076705,44.772041],[-123.97812,45.144473],[-123.939781,45.659305],[-123.994551,45.944106],[-123.945258,46.113892],[-123.545441,46.261769],[-123.370179,46.146753],[-123.211348,46.174138]]]}},{"type":"Feature","id":"42","properties":{"name":"Pennsylvania","density":284.3},"geometry":{"type":"Polygon","coordinates":[[[-79.76278,42.252649],[-79.76278,42.000709],[-75.35932,42.000709],[-75.249781,41.863786],[-75.173104,41.869263],[-75.052611,41.754247],[-75.074519,41.60637],[-74.89378,41.436584],[-74.740426,41.431108],[-74.69661,41.359907],[-74.828057,41.288707],[-74.882826,41.179168],[-75.134765,40.971045],[-75.052611,40.866983],[-75.205966,40.691721],[-75.195012,40.576705],[-75.069042,40.543843],[-75.058088,40.417874],[-74.773287,40.215227],[-74.82258,40.127596],[-75.129289,39.963288],[-75.145719,39.88661],[-75.414089,39.804456],[-75.616736,39.831841],[-75.786521,39.722302],[-79.477979,39.722302],[-80.518598,39.722302],[-80.518598,40.636951],[-80.518598,41.978802],[-80.518598,41.978802],[-80.332382,42.033571],[-79.76278,42.269079],[-79.76278,42.252649]]]}},{"type":"Feature","id":"44","properties":{"name":"Rhode Island","density":1006},"geometry":{"type":"MultiPolygon","coordinates":[[[[-71.196845,41.67757],[-71.120168,41.496831],[-71.317338,41.474923],[-71.196845,41.67757]]],[[[-71.530939,42.01714],[-71.383061,42.01714],[-71.328292,41.781632],[-71.22423,41.710431],[-71.344723,41.726862],[-71.448785,41.578985],[-71.481646,41.370861],[-71.859555,41.321569],[-71.799309,41.414677],[-71.799309,42.006186],[-71.530939,42.01714]]]]}},{"type":"Feature","id":"45","properties":{"name":"South Carolina","density":155.4},"geometry":{"type":"Polygon","coordinates":[[[-82.764143,35.066903],[-82.550543,35.160011],[-82.276696,35.198349],[-81.044384,35.149057],[-81.038907,35.044995],[-80.934845,35.105241],[-80.781491,34.935456],[-80.797922,34.820441],[-79.675149,34.80401],[-78.541422,33.851022],[-78.716684,33.80173],[-78.935762,33.637421],[-79.149363,33.380005],[-79.187701,33.171881],[-79.357487,33.007573],[-79.582041,33.007573],[-79.631334,32.887081],[-79.866842,32.755634],[-79.998289,32.613234],[-80.206412,32.552987],[-80.430967,32.399633],[-80.452875,32.328433],[-80.660998,32.246279],[-80.885553,32.032678],[-81.115584,32.120309],[-81.121061,32.290094],[-81.279893,32.558464],[-81.416816,32.629664],[-81.42777,32.843265],[-81.493493,33.007573],[-81.761863,33.160928],[-81.937125,33.347144],[-81.926172,33.462159],[-82.194542,33.631944],[-82.325988,33.81816],[-82.55602,33.94413],[-82.714851,34.152254],[-82.747713,34.26727],[-82.901067,34.486347],[-83.005129,34.469916],[-83.339222,34.683517],[-83.322791,34.787579],[-83.109191,35.00118],[-82.764143,35.066903]]]}},{"type":"Feature","id":"46","properties":{"name":"South Dakota","density":98.07},"geometry":{"type":"Polygon","coordinates":[[[-104.047534,45.944106],[-96.560556,45.933153],[-96.582464,45.818137],[-96.856311,45.604536],[-96.681049,45.412843],[-96.451017,45.297827],[-96.451017,43.501391],[-96.582464,43.479483],[-96.527695,43.397329],[-96.560556,43.222067],[-96.434587,43.123482],[-96.511264,43.052282],[-96.544125,42.855112],[-96.631756,42.707235],[-96.44554,42.488157],[-96.626279,42.515542],[-96.692003,42.657942],[-97.217789,42.844158],[-97.688806,42.844158],[-97.831206,42.866066],[-97.951699,42.767481],[-98.466531,42.94822],[-98.499393,42.997512],[-101.626726,42.997512],[-103.324578,43.002989],[-104.053011,43.002989],[-104.058488,44.996596],[-104.042057,44.996596],[-104.047534,45.944106]]]}},{"type":"Feature","id":"47","properties":{"name":"Tennessee","density":88.08},"geometry":{"type":"Polygon","coordinates":[[[-88.054868,36.496384],[-88.071299,36.677123],[-87.852221,36.633308],[-86.592525,36.655216],[-85.486183,36.616877],[-85.289013,36.627831],[-84.544149,36.594969],[-83.689746,36.584015],[-83.673316,36.600446],[-81.679709,36.589492],[-81.723525,36.353984],[-81.909741,36.304691],[-82.03571,36.118475],[-82.216449,36.156814],[-82.610789,35.965121],[-82.638174,36.063706],[-82.775097,35.997983],[-82.994175,35.773428],[-83.251591,35.718659],[-83.498053,35.565304],[-83.7719,35.559827],[-84.018363,35.41195],[-84.09504,35.247642],[-84.29221,35.225734],[-84.319594,34.990226],[-85.606675,34.984749],[-87.359296,35.00118],[-88.202745,34.995703],[-88.471115,34.995703],[-90.311367,34.995703],[-90.212782,35.023087],[-90.114197,35.198349],[-90.130628,35.439335],[-89.944412,35.603643],[-89.911551,35.756997],[-89.763673,35.811767],[-89.730812,35.997983],[-89.533642,36.249922],[-89.539119,36.496384],[-89.484349,36.496384],[-89.418626,36.496384],[-89.298133,36.507338],[-88.054868,36.496384]]]}},{"type":"Feature","id":"48","properties":{"name":"Texas","density":98.07},"geometry":{"type":"Polygon","coordinates":[[[-101.812942,36.501861],[-100.000075,36.501861],[-100.000075,34.563024],[-99.923398,34.573978],[-99.698843,34.382285],[-99.57835,34.415147],[-99.260688,34.404193],[-99.189488,34.2125],[-98.986841,34.223454],[-98.767763,34.135823],[-98.570593,34.146777],[-98.488439,34.064623],[-98.36247,34.157731],[-98.170777,34.113915],[-98.088623,34.004376],[-97.946222,33.987946],[-97.869545,33.851022],[-97.694283,33.982469],[-97.458774,33.905791],[-97.371143,33.823637],[-97.256128,33.861976],[-97.173974,33.736006],[-96.922034,33.960561],[-96.850834,33.845545],[-96.631756,33.845545],[-96.423633,33.774345],[-96.346956,33.686714],[-96.149786,33.840068],[-95.936185,33.889361],[-95.8376,33.834591],[-95.602092,33.933176],[-95.547322,33.878407],[-95.289906,33.87293],[-95.224183,33.960561],[-94.966767,33.861976],[-94.868182,33.74696],[-94.484796,33.637421],[-94.380734,33.544313],[-94.183564,33.593606],[-94.041164,33.54979],[-94.041164,33.018527],[-94.041164,31.994339],[-93.822086,31.775262],[-93.816609,31.556184],[-93.542762,31.15089],[-93.526331,30.93729],[-93.630393,30.679874],[-93.728978,30.575812],[-93.696116,30.438888],[-93.767317,30.334826],[-93.690639,30.143133],[-93.926148,29.787132],[-93.838517,29.688547],[-94.002825,29.68307],[-94.523134,29.546147],[-94.70935,29.622824],[-94.742212,29.787132],[-94.873659,29.672117],[-94.966767,29.699501],[-95.016059,29.557101],[-94.911997,29.496854],[-94.895566,29.310638],[-95.081782,29.113469],[-95.383014,28.867006],[-95.985477,28.604113],[-96.045724,28.647929],[-96.226463,28.582205],[-96.23194,28.642452],[-96.478402,28.598636],[-96.593418,28.724606],[-96.664618,28.697221],[-96.401725,28.439805],[-96.593418,28.357651],[-96.774157,28.406943],[-96.801542,28.226204],[-97.026096,28.039988],[-97.256128,27.694941],[-97.404005,27.333463],[-97.513544,27.360848],[-97.540929,27.229401],[-97.425913,27.262263],[-97.480682,26.99937],[-97.557359,26.988416],[-97.562836,26.840538],[-97.469728,26.758384],[-97.442344,26.457153],[-97.332805,26.353091],[-97.30542,26.161398],[-97.217789,25.991613],[-97.524498,25.887551],[-97.650467,26.018997],[-97.885976,26.06829],[-98.198161,26.057336],[-98.466531,26.221644],[-98.669178,26.238075],[-98.822533,26.369522],[-99.030656,26.413337],[-99.173057,26.539307],[-99.266165,26.840538],[-99.446904,27.021277],[-99.424996,27.174632],[-99.50715,27.33894],[-99.479765,27.48134],[-99.605735,27.640172],[-99.709797,27.656603],[-99.879582,27.799003],[-99.934351,27.979742],[-100.082229,28.14405],[-100.29583,28.280974],[-100.399891,28.582205],[-100.498476,28.66436],[-100.629923,28.905345],[-100.673738,29.102515],[-100.799708,29.244915],[-101.013309,29.370885],[-101.062601,29.458516],[-101.259771,29.535193],[-101.413125,29.754271],[-101.851281,29.803563],[-102.114174,29.792609],[-102.338728,29.869286],[-102.388021,29.765225],[-102.629006,29.732363],[-102.809745,29.524239],[-102.919284,29.190146],[-102.97953,29.184669],[-103.116454,28.987499],[-103.280762,28.982022],[-103.527224,29.135376],[-104.146119,29.381839],[-104.266611,29.513285],[-104.507597,29.639255],[-104.677382,29.924056],[-104.688336,30.181472],[-104.858121,30.389596],[-104.896459,30.570335],[-105.005998,30.685351],[-105.394861,30.855136],[-105.602985,31.085167],[-105.77277,31.167321],[-105.953509,31.364491],[-106.205448,31.468553],[-106.38071,31.731446],[-106.528588,31.786216],[-106.643603,31.901231],[-106.616219,31.999816],[-103.067161,31.999816],[-103.067161,33.002096],[-103.045254,34.01533],[-103.039777,36.501861],[-103.001438,36.501861],[-101.812942,36.501861]]]}},{"type":"Feature","id":"49","properties":{"name":"Utah","density":34.3},"geometry":{"type":"Polygon","coordinates":[[[-112.164359,41.995232],[-111.047063,42.000709],[-111.047063,40.998429],[-109.04798,40.998429],[-109.053457,39.125316],[-109.058934,38.27639],[-109.042503,38.166851],[-109.042503,37.000263],[-110.499369,37.00574],[-114.048427,37.000263],[-114.04295,41.995232],[-112.164359,41.995232]]]}},{"type":"Feature","id":"50","properties":{"name":"Vermont","density":67.73},"geometry":{"type":"Polygon","coordinates":[[[-71.503554,45.013027],[-71.4926,44.914442],[-71.629524,44.750133],[-71.536416,44.585825],[-71.700724,44.41604],[-72.034817,44.322932],[-72.02934,44.07647],[-72.116971,43.994316],[-72.204602,43.769761],[-72.379864,43.572591],[-72.456542,43.150867],[-72.445588,43.008466],[-72.533219,42.953697],[-72.544173,42.80582],[-72.456542,42.729142],[-73.267129,42.745573],[-73.278083,42.833204],[-73.245221,43.523299],[-73.404052,43.687607],[-73.349283,43.769761],[-73.436914,44.043608],[-73.321898,44.246255],[-73.294514,44.437948],[-73.387622,44.618687],[-73.332852,44.804903],[-73.343806,45.013027],[-72.308664,45.002073],[-71.503554,45.013027]]]}},{"type":"Feature","id":"51","properties":{"name":"Virginia","density":204.5},"geometry":{"type":"MultiPolygon","coordinates":[[[[-75.397659,38.013497],[-75.244304,38.029928],[-75.375751,37.860142],[-75.512674,37.799896],[-75.594828,37.569865],[-75.802952,37.197433],[-75.972737,37.120755],[-76.027507,37.257679],[-75.939876,37.564388],[-75.671506,37.95325],[-75.397659,38.013497]]],[[[-76.016553,37.95325],[-75.994645,37.95325],[-76.043938,37.95325],[-76.016553,37.95325]]],[[[-78.349729,39.464886],[-77.82942,39.130793],[-77.719881,39.322485],[-77.566527,39.306055],[-77.456988,39.223901],[-77.456988,39.076023],[-77.248864,39.026731],[-77.117418,38.933623],[-77.040741,38.791222],[-77.128372,38.632391],[-77.248864,38.588575],[-77.325542,38.446175],[-77.281726,38.342113],[-77.013356,38.374975],[-76.964064,38.216144],[-76.613539,38.15042],[-76.514954,38.024451],[-76.235631,37.887527],[-76.3616,37.608203],[-76.246584,37.389126],[-76.383508,37.285064],[-76.399939,37.159094],[-76.273969,37.082417],[-76.410893,36.961924],[-76.619016,37.120755],[-76.668309,37.065986],[-76.48757,36.95097],[-75.994645,36.923586],[-75.868676,36.551154],[-79.510841,36.5402],[-80.294043,36.545677],[-80.978661,36.562108],[-81.679709,36.589492],[-83.673316,36.600446],[-83.136575,36.742847],[-83.070852,36.852385],[-82.879159,36.890724],[-82.868205,36.978355],[-82.720328,37.044078],[-82.720328,37.120755],[-82.353373,37.268633],[-81.969987,37.537003],[-81.986418,37.454849],[-81.849494,37.285064],[-81.679709,37.20291],[-81.55374,37.208387],[-81.362047,37.339833],[-81.225123,37.235771],[-80.967707,37.290541],[-80.513121,37.482234],[-80.474782,37.421987],[-80.29952,37.509618],[-80.294043,37.690357],[-80.184505,37.849189],[-79.998289,37.997066],[-79.921611,38.177805],[-79.724442,38.364021],[-79.647764,38.594052],[-79.477979,38.457129],[-79.313671,38.413313],[-79.209609,38.495467],[-78.996008,38.851469],[-78.870039,38.763838],[-78.404499,39.169131],[-78.349729,39.464886]]]]}},{"type":"Feature","id":"53","properties":{"name":"Washington","density":102.6},"geometry":{"type":"MultiPolygon","coordinates":[[[[-117.033359,49.000239],[-117.044313,47.762451],[-117.038836,46.426077],[-117.055267,46.343923],[-116.92382,46.168661],[-116.918344,45.993399],[-118.988627,45.998876],[-119.125551,45.933153],[-119.525367,45.911245],[-119.963522,45.823614],[-120.209985,45.725029],[-120.505739,45.697644],[-120.637186,45.746937],[-121.18488,45.604536],[-121.217742,45.670259],[-121.535404,45.725029],[-121.809251,45.708598],[-122.247407,45.549767],[-122.762239,45.659305],[-122.811531,45.960537],[-122.904639,46.08103],[-123.11824,46.185092],[-123.211348,46.174138],[-123.370179,46.146753],[-123.545441,46.261769],[-123.72618,46.300108],[-123.874058,46.239861],[-124.065751,46.327492],[-124.027412,46.464416],[-123.895966,46.535616],[-124.098612,46.74374],[-124.235536,47.285957],[-124.31769,47.357157],[-124.427229,47.740543],[-124.624399,47.88842],[-124.706553,48.184175],[-124.597014,48.381345],[-124.394367,48.288237],[-123.983597,48.162267],[-123.704273,48.167744],[-123.424949,48.118452],[-123.162056,48.167744],[-123.036086,48.080113],[-122.800578,48.08559],[-122.636269,47.866512],[-122.515777,47.882943],[-122.493869,47.587189],[-122.422669,47.318818],[-122.324084,47.346203],[-122.422669,47.576235],[-122.395284,47.800789],[-122.230976,48.030821],[-122.362422,48.123929],[-122.373376,48.288237],[-122.471961,48.468976],[-122.422669,48.600422],[-122.488392,48.753777],[-122.647223,48.775685],[-122.795101,48.8907],[-122.756762,49.000239],[-117.033359,49.000239]]],[[[-122.718423,48.310145],[-122.586977,48.35396],[-122.608885,48.151313],[-122.767716,48.227991],[-122.718423,48.310145]]],[[[-123.025132,48.583992],[-122.915593,48.715438],[-122.767716,48.556607],[-122.811531,48.419683],[-123.041563,48.458022],[-123.025132,48.583992]]]]}},{"type":"Feature","id":"54","properties":{"name":"West Virginia","density":77.06},"geometry":{"type":"Polygon","coordinates":[[[-80.518598,40.636951],[-80.518598,39.722302],[-79.477979,39.722302],[-79.488933,39.20747],[-79.291763,39.300578],[-79.094593,39.470363],[-78.963147,39.437501],[-78.765977,39.585379],[-78.470222,39.514178],[-78.431884,39.623717],[-78.267575,39.61824],[-78.174467,39.694917],[-78.004682,39.601809],[-77.834897,39.601809],[-77.719881,39.322485],[-77.82942,39.130793],[-78.349729,39.464886],[-78.404499,39.169131],[-78.870039,38.763838],[-78.996008,38.851469],[-79.209609,38.495467],[-79.313671,38.413313],[-79.477979,38.457129],[-79.647764,38.594052],[-79.724442,38.364021],[-79.921611,38.177805],[-79.998289,37.997066],[-80.184505,37.849189],[-80.294043,37.690357],[-80.29952,37.509618],[-80.474782,37.421987],[-80.513121,37.482234],[-80.967707,37.290541],[-81.225123,37.235771],[-81.362047,37.339833],[-81.55374,37.208387],[-81.679709,37.20291],[-81.849494,37.285064],[-81.986418,37.454849],[-81.969987,37.537003],[-82.101434,37.553434],[-82.293127,37.668449],[-82.342419,37.783465],[-82.50125,37.931343],[-82.621743,38.123036],[-82.594358,38.424267],[-82.331465,38.446175],[-82.293127,38.577622],[-82.172634,38.632391],[-82.221926,38.785745],[-82.03571,39.026731],[-81.887833,38.873376],[-81.783771,38.966484],[-81.811156,39.0815],[-81.685186,39.273193],[-81.57017,39.267716],[-81.455155,39.410117],[-81.345616,39.344393],[-81.219646,39.388209],[-80.830783,39.711348],[-80.737675,40.078303],[-80.600752,40.319289],[-80.595275,40.472643],[-80.666475,40.582182],[-80.518598,40.636951]]]}},{"type":"Feature","id":"55","properties":{"name":"Wisconsin","density":105.2},"geometry":{"type":"Polygon","coordinates":[[[-90.415429,46.568478],[-90.229213,46.508231],[-90.119674,46.338446],[-89.09001,46.135799],[-88.662808,45.987922],[-88.531362,46.020784],[-88.10416,45.922199],[-87.989145,45.796229],[-87.781021,45.675736],[-87.791975,45.500474],[-87.885083,45.363551],[-87.649574,45.341643],[-87.742682,45.199243],[-87.589328,45.095181],[-87.627666,44.974688],[-87.819359,44.95278],[-87.983668,44.722749],[-88.043914,44.563917],[-87.928898,44.536533],[-87.775544,44.640595],[-87.611236,44.837764],[-87.403112,44.914442],[-87.238804,45.166381],[-87.03068,45.22115],[-87.047111,45.089704],[-87.189511,44.969211],[-87.468835,44.552964],[-87.545512,44.322932],[-87.540035,44.158624],[-87.644097,44.103854],[-87.737205,43.8793],[-87.704344,43.687607],[-87.791975,43.561637],[-87.912467,43.249452],[-87.885083,43.002989],[-87.76459,42.783912],[-87.802929,42.493634],[-88.788778,42.493634],[-90.639984,42.510065],[-90.711184,42.636034],[-91.067185,42.75105],[-91.143862,42.909881],[-91.176724,43.134436],[-91.056231,43.254929],[-91.204109,43.353514],[-91.215062,43.501391],[-91.269832,43.616407],[-91.242447,43.775238],[-91.43414,43.994316],[-91.592971,44.032654],[-91.877772,44.202439],[-91.927065,44.333886],[-92.233773,44.443425],[-92.337835,44.552964],[-92.545959,44.569394],[-92.808852,44.750133],[-92.737652,45.117088],[-92.75956,45.286874],[-92.644544,45.440228],[-92.770513,45.566198],[-92.885529,45.577151],[-92.869098,45.719552],[-92.639067,45.933153],[-92.354266,46.015307],[-92.29402,46.075553],[-92.29402,46.667063],[-92.091373,46.749217],[-92.014696,46.705401],[-91.790141,46.694447],[-91.09457,46.864232],[-90.837154,46.95734],[-90.749522,46.88614],[-90.886446,46.754694],[-90.55783,46.584908],[-90.415429,46.568478]]]}},{"type":"Feature","id":"56","properties":{"name":"Wyoming","density":5.851},"geometry":{"type":"Polygon","coordinates":[[[-109.080842,45.002073],[-105.91517,45.002073],[-104.058488,44.996596],[-104.053011,43.002989],[-104.053011,41.003906],[-105.728954,40.998429],[-107.919731,41.003906],[-109.04798,40.998429],[-111.047063,40.998429],[-111.047063,42.000709],[-111.047063,44.476286],[-111.05254,45.002073],[-109.080842,45.002073]]]}},{"type":"Feature","id":"72","properties":{"name":"Puerto Rico","density":1082},"geometry":{"type":"Polygon","coordinates":[[[-66.448338,17.984326],[-66.771478,18.006234],[-66.924832,17.929556],[-66.985078,17.973372],[-67.209633,17.956941],[-67.154863,18.19245],[-67.269879,18.362235],[-67.094617,18.515589],[-66.957694,18.488204],[-66.409999,18.488204],[-65.840398,18.433435],[-65.632274,18.367712],[-65.626797,18.203403],[-65.730859,18.186973],[-65.834921,18.017187],[-66.234737,17.929556],[-66.448338,17.984326]]]}}]}