{"type":"FeatureCollection","features":[{"type":"Feature","properties":{"name":"5","length_km":100},"geometry":{"type":"LineString","coordinates":[[-123.364222,43.158321],[-123.378114,43.168741],[-123.374641,43.180897],[-123.360749,43.205209],[-123.352066,43.297249],[-123.332963,43.354557],[-123.341646,43.391025],[-123.322543,43.502167],[-123.313861,43.51606],[-123.293021,43.536899],[-123.284338,43.561211],[-123.220084,43.611573],[-123.218348,43.642831],[-123.202718,43.6793],[-123.200982,43.694929],[-123.209665,43.715768],[-123.200982,43.727924],[-123.164513,43.753973],[-123.114152,43.747027],[-123.091576,43.752237],[-123.044688,43.797388],[-123.016903,43.866852],[-123.00301,43.939789],[-123.004747,43.99536],[-123.044688,44.040511],[-123.046425,44.070034]]}},{"type":"Feature","properties":{"name":"80","length_km":309},"geometry":{"type":"LineString","coordinates":[[-107.182634,41.788148],[-107.217366,41.774256],[-107.271201,41.779465],[-107.319825,41.775992],[-107.385816,41.791622],[-107.401445,41.791622],[-107.542109,41.755153],[-107.703613,41.737787],[-107.806072,41.710002],[-107.840804,41.704792],[-107.920687,41.701319],[-107.995361,41.673533],[-108.295791,41.633591],[-108.422563,41.633591],[-108.705628,41.649221],[-108.750779,41.673533],[-108.799404,41.687426],[-108.849765,41.694372],[-108.905336,41.694372],[-108.931385,41.673533],[-108.966117,41.666587],[-109.035581,41.638801],[-109.073786,41.633591],[-109.195347,41.59365],[-109.20403,41.602333],[-109.223133,41.607543],[-109.237026,41.602333],[-109.256128,41.576284],[-109.294333,41.562391],[-109.375953,41.538079],[-109.429788,41.529396],[-109.488832,41.531132],[-109.539193,41.558918],[-109.554822,41.562391],[-109.624286,41.543289],[-109.867409,41.543289],[-109.910824,41.546762]]}},{"type":"Feature","properties":{"name":"86","length_km":124},"geometry":{"type":"LineString","coordinates":[[-112.434096,42.909988],[-112.456672,42.913462],[-112.50877,42.911725],[-112.609492,42.887413],[-112.691112,42.876993],[-112.74321,42.847471],[-112.800517,42.811002],[-112.852615,42.767588],[-112.89603,42.738066],[-112.929025,42.70507],[-112.991543,42.680758],[-113.081846,42.62866],[-113.267661,42.595665],[-113.406589,42.581772],[-113.498628,42.566143]]}},{"type":"Feature","properties":{"name":"84","length_km":107},"geometry":{"type":"LineString","coordinates":[[-113.502102,42.564406],[-113.641029,42.559196],[-113.759118,42.578299],[-113.878943,42.586982],[-114.073441,42.578299],[-114.156798,42.585245],[-114.285306,42.581772],[-114.33393,42.593928],[-114.410341,42.63908],[-114.450282,42.644289]]}},{"type":"Feature","properties":{"name":"84","length_km":166},"geometry":{"type":"LineString","coordinates":[[-112.201392,41.710002],[-112.241334,41.734314],[-112.26391,41.769046],[-112.293432,41.800305],[-112.357686,41.819407],[-112.41152,41.815934],[-112.439306,41.83851],[-112.453199,41.857612],[-112.472301,41.874978],[-112.517453,41.890607],[-112.57476,41.901027],[-112.614702,41.916656],[-112.678956,41.953125],[-112.710215,41.961808],[-112.784888,41.967018],[-112.807464,41.977437],[-112.833513,42.000013],[-113.001962,42.171936],[-113.041904,42.203194],[-113.04885,42.215351],[-113.088792,42.246609],[-113.166939,42.293497],[-113.267661,42.380327],[-113.39096,42.501889],[-113.45695,42.531411],[-113.507311,42.569616]]}},{"type":"Feature","properties":{"name":"80","length_km":243},"geometry":{"type":"LineString","coordinates":[[-114.040446,40.740982],[-114.01266,40.749665],[-113.979665,40.744455],[-113.337125,40.728826],[-113.128734,40.728826],[-113.055797,40.742718],[-112.981123,40.780924],[-112.909923,40.822602],[-112.897767,40.824338],[-112.786625,40.763558],[-112.741473,40.749665],[-112.640751,40.744455],[-112.468828,40.676728],[-112.333374,40.664572],[-112.298642,40.668045],[-112.265646,40.680201],[-112.137138,40.773977],[-112.091987,40.772241],[-112.01384,40.779187],[-111.925274,40.765294],[-111.906171,40.767031]]}},{"type":"Feature","properties":{"name":"72","length_km":212},"geometry":{"type":"LineString","coordinates":[[-91.306687,40.006402],[-91.322317,39.919573],[-91.318844,39.891787],[-91.33621,39.869211],[-91.301478,39.822323],[-91.296268,39.798011],[-91.308424,39.787591],[-91.308424,39.763279],[-91.251116,39.73202],[-91.193809,39.718128],[-91.155604,39.726811],[-91.117399,39.725074],[-90.950686,39.686869],[-90.822178,39.672976],[-90.566898,39.683396],[-90.341141,39.676449],[-90.21437,39.686869],[-90.162272,39.728547],[-90.134486,39.735494],[-89.825372,39.74244],[-89.792377,39.75286],[-89.766328,39.754596],[-89.644767,39.738967]]}},{"type":"Feature","properties":{"name":"57","length_km":97},"geometry":{"type":"LineString","coordinates":[[-88.580234,39.096427],[-88.59239,39.000914],[-88.60281,38.988758],[-88.623649,38.974865],[-88.838987,38.794259],[-88.877192,38.77342],[-88.92408,38.735215],[-88.967495,38.705693],[-88.969231,38.660542],[-88.953602,38.551136],[-88.962285,38.335798],[-88.953602,38.29933],[-88.927553,38.264598]]}},{"type":"Feature","properties":{"name":"57","length_km":65},"geometry":{"type":"LineString","coordinates":[[-88.99528,37.604692],[-88.976178,37.639424],[-88.943182,37.771405],[-88.943182,37.800927],[-88.955339,37.865181],[-88.957075,37.89644],[-88.951865,37.919016],[-88.932763,37.953748],[-88.922343,38.044051],[-88.901504,38.165612],[-88.904977,38.238549],[-88.911924,38.252442],[-88.927553,38.269808],[-88.92408,38.276754],[-88.903241,38.278491]]}},{"type":"Feature","properties":{"name":"79","length_km":189},"geometry":{"type":"LineString","coordinates":[[-81.604334,38.377477],[-81.580022,38.405262],[-81.481036,38.471253],[-81.442831,38.492092],[-81.361211,38.518141],[-81.303903,38.559819],[-81.281327,38.571975],[-81.243122,38.577185],[-81.154556,38.575449],[-81.092039,38.598024],[-81.032994,38.601497],[-81.019102,38.617127],[-80.996526,38.618863],[-80.975687,38.61018],[-80.880174,38.6206],[-80.822867,38.611917],[-80.760349,38.61539],[-80.737773,38.62581],[-80.736037,38.639703],[-80.741247,38.653595],[-80.736037,38.669225],[-80.701305,38.686591],[-80.675256,38.693537],[-80.664836,38.70743],[-80.666573,38.719586],[-80.678729,38.730005],[-80.661363,38.811625],[-80.6631,38.848094],[-80.605792,38.901928],[-80.565851,38.919294],[-80.543275,38.938397],[-80.506806,38.973129],[-80.49465,39.006124],[-80.477284,39.01307],[-80.456445,39.014807],[-80.437343,39.0287],[-80.41303,39.035646],[-80.402611,39.051275],[-80.406084,39.073851],[-80.393928,39.089481],[-80.381772,39.131159],[-80.34183,39.178047],[-80.317518,39.195413],[-80.301888,39.221462],[-80.286259,39.26314],[-80.277576,39.26835],[-80.268893,39.282242]]}},{"type":"Feature","properties":{"name":"70","length_km":89},"geometry":{"type":"LineString","coordinates":[[-81.543553,39.995983],[-81.475826,40.016822],[-81.408099,40.046344],[-81.37163,40.05329],[-81.265698,40.048081],[-81.156293,40.0585],[-81.029521,40.0585],[-80.906223,40.075866],[-80.878438,40.07413],[-80.807237,40.055027],[-80.753403,40.061973]]}},{"type":"Feature","properties":{"name":"95","length_km":76},"geometry":{"type":"LineString","coordinates":[[-73.709775,41.029257],[-73.647258,41.03794],[-73.59516,41.057042],[-73.487491,41.084828],[-73.466652,41.093511],[-73.424974,41.124769],[-73.379823,41.135189],[-73.319042,41.156028],[-73.27389,41.164711],[-73.232212,41.189023],[-73.129753,41.197706],[-73.108914,41.208126],[-73.074182,41.241121],[-73.056816,41.248067]]}},{"type":"Feature","properties":{"name":"99","length_km":36},"geometry":{"type":"LineString","coordinates":[[-78.431576,40.438814],[-78.464571,40.235633],[-78.480201,40.188745],[-78.523615,40.121018],[-78.532298,40.098442],[-78.532298,40.086286],[-78.513196,40.049817]]}},{"type":"Feature","properties":{"name":"70","length_km":32},"geometry":{"type":"LineString","coordinates":[[-78.236258,39.982629],[-78.275282,39.994246],[-78.330853,40.009876],[-78.438522,40.009876],[-78.471518,40.022032],[-78.513196,40.049817]]}},{"type":"Feature","properties":{"name":"95","length_km":123},"geometry":{"type":"LineString","coordinates":[[-77.170808,38.792523],[-77.198594,38.735215],[-77.224643,38.712639],[-77.248955,38.677908],[-77.285424,38.651859],[-77.302789,38.629283],[-77.342731,38.552873],[-77.406985,38.478199],[-77.429561,38.420892],[-77.511181,38.320169],[-77.519864,38.292384],[-77.500761,38.22292],[-77.516391,38.134354],[-77.516391,38.104831],[-77.502498,38.028421],[-77.464293,37.898177],[-77.46082,37.856498],[-77.466029,37.797454],[-77.446927,37.705415],[-77.4504,37.632478],[-77.457346,37.613375],[-77.471239,37.590799]]}},{"type":"Feature","properties":{"name":"91","length_km":55},"geometry":{"type":"LineString","coordinates":[[-72.690395,41.624908],[-72.745966,41.548498],[-72.770278,41.531132],[-72.818903,41.508557],[-72.836268,41.489454],[-72.857108,41.444303],[-72.905732,41.402624],[-72.938728,41.367892],[-72.95783,41.352263],[-72.994299,41.340107],[-73.016874,41.326214],[-73.055079,41.26196],[-73.074182,41.242858]]}},{"type":"Feature","properties":{"name":"95","length_km":81},"geometry":{"type":"LineString","coordinates":[[-72.344812,41.340107],[-72.374334,41.333161],[-72.398647,41.314058],[-72.421222,41.305375],[-72.461164,41.296692],[-72.792854,41.300165],[-72.867527,41.291482],[-72.883156,41.294956],[-72.905732,41.308848],[-72.919625,41.310585],[-72.95783,41.293219],[-72.994299,41.26717],[-73.051606,41.242858]]}},{"type":"Feature","properties":{"name":"81","length_km":53},"geometry":{"type":"LineString","coordinates":[[-75.903094,42.135467],[-75.901358,42.191038],[-75.906568,42.218824],[-75.92046,42.243136],[-75.92046,42.257029],[-75.929143,42.272658],[-75.927407,42.290024],[-75.963875,42.31781],[-75.977768,42.335176],[-76.019446,42.404639],[-76.036812,42.463684],[-76.064598,42.493206],[-76.081964,42.545304],[-76.128852,42.592192],[-76.161847,42.606084],[-76.167957,42.612959]]}},{"type":"Feature","properties":{"name":"88","length_km":224},"geometry":{"type":"LineString","coordinates":[[-75.901358,42.152833],[-75.863153,42.161516],[-75.779796,42.163253],[-75.677337,42.196248],[-75.606137,42.184092],[-75.571405,42.194511],[-75.510624,42.203194],[-75.493258,42.227507],[-75.468946,42.248346],[-75.463736,42.291761],[-75.387326,42.298707],[-75.323072,42.316073],[-75.269237,42.336912],[-75.251871,42.354278],[-75.194564,42.364698],[-75.149412,42.390747],[-75.13552,42.418532],[-75.092105,42.449791],[-75.007012,42.458474],[-74.97228,42.482786],[-74.918445,42.496679],[-74.909762,42.508835],[-74.906289,42.533147],[-74.899343,42.540094],[-74.838562,42.540094],[-74.812513,42.54704],[-74.762152,42.580035],[-74.673585,42.616504],[-74.638854,42.646026],[-74.598912,42.649499],[-74.56418,42.635606],[-74.524238,42.646026],[-74.468667,42.670338],[-74.397467,42.677285],[-74.291535,42.71028],[-74.187339,42.734592],[-74.149134,42.751958],[-74.077934,42.765851],[-74.019514,42.793343]]}},{"type":"Feature","properties":{"name":"81","length_km":73},"geometry":{"type":"LineString","coordinates":[[-75.823211,42.118101],[-75.776323,42.024325],[-75.745064,41.989593],[-75.727698,41.878451],[-75.694703,41.869768],[-75.682547,41.852402],[-75.679074,41.826353],[-75.684283,41.770782],[-75.668654,41.723894],[-75.684283,41.678743],[-75.663444,41.654431],[-75.659971,41.642274],[-75.644342,41.619699],[-75.661708,41.531132],[-75.679074,41.492927],[-75.679074,41.477298],[-75.663444,41.466878],[-75.659971,41.458195],[-75.635659,41.446039],[-75.621766,41.428673],[-75.60961,41.4252]]}},{"type":"Feature","properties":{"name":"99","length_km":43},"geometry":{"type":"LineString","coordinates":[[-77.731728,40.938954],[-77.742148,40.879909],[-77.802929,40.843441],[-77.863709,40.819129],[-77.888022,40.813919],[-77.915807,40.819129],[-77.957486,40.841704],[-77.993954,40.836495],[-78.028686,40.819129],[-78.06078,40.797263]]}},{"type":"Feature","properties":{"name":"93","length_km":75},"geometry":{"type":"LineString","coordinates":[[-71.59113,43.425757],[-71.566818,43.455279],[-71.572028,43.476118],[-71.610233,43.500431],[-71.611969,43.507377],[-71.60676,43.535162],[-71.615443,43.575104],[-71.613706,43.590733],[-71.632808,43.606363],[-71.643228,43.634148],[-71.650174,43.707085],[-71.684906,43.776549],[-71.686643,43.802598],[-71.653648,43.846013],[-71.655384,43.852959],[-71.676223,43.865115],[-71.700536,43.910267],[-71.698799,43.936316],[-71.68317,43.962365],[-71.67796,43.986677],[-71.67796,44.045721],[-71.671014,44.127341],[-71.67796,44.169019],[-71.697062,44.193332]]}},{"type":"Feature","properties":{"name":"89","length_km":137},"geometry":{"type":"LineString","coordinates":[[-72.389964,43.644568],[-72.405593,43.701875],[-72.450744,43.753973],[-72.455954,43.790442],[-72.497633,43.790442],[-72.530628,43.819964],[-72.54973,43.811281],[-72.561887,43.813018],[-72.568833,43.818227],[-72.567096,43.825174],[-72.591409,43.839066],[-72.615721,43.880745],[-72.613984,43.920686],[-72.624404,43.960628],[-72.624404,44.007516],[-72.619194,44.030092],[-72.605301,44.054404],[-72.601828,44.137761],[-72.579252,44.182912],[-72.586199,44.247166],[-72.693868,44.313157],[-72.725126,44.32184],[-72.758122,44.349625],[-72.775488,44.358308],[-72.806746,44.365255],[-72.825849,44.360045],[-72.902259,44.386094],[-72.961303,44.394777],[-72.987352,44.40346],[-72.999508,44.420826],[-73.03424,44.431245],[-73.148855,44.439928],[-73.187061,44.453821]]}},{"type":"Feature","properties":{"name":"86","length_km":31},"geometry":{"type":"LineString","coordinates":[[-77.367043,42.3838],[-77.354887,42.375117],[-77.340995,42.340385],[-77.328838,42.328229],[-77.306263,42.31781],[-77.252428,42.30739],[-77.226379,42.293497],[-77.219433,42.284814],[-77.21075,42.253556],[-77.196857,42.23619],[-77.165599,42.210141],[-77.141286,42.197985]]}},{"type":"Feature","properties":{"name":"91","length_km":76},"geometry":{"type":"LineString","coordinates":[[-72.327446,43.627202],[-72.304871,43.693192],[-72.277085,43.727924],[-72.23367,43.769603],[-72.214568,43.844276],[-72.204148,43.866852],[-72.185046,43.885954],[-72.14684,43.90332],[-72.132948,43.922423],[-72.119055,44.012726],[-72.091269,44.144707],[-72.079113,44.169019],[-72.073903,44.196805],[-72.060011,44.309684],[-72.023542,44.360045],[-72.018332,44.413879]]}},{"type":"Feature","properties":{"name":"75","length_km":96},"geometry":{"type":"LineString","coordinates":[[-84.707628,44.584065],[-84.697209,44.55107],[-84.67116,44.519811],[-84.59996,44.460767],[-84.587803,44.384357],[-84.537442,44.333996],[-84.51313,44.31663],[-84.492291,44.309684],[-84.401988,44.309684],[-84.329051,44.299264],[-84.233538,44.248903],[-84.209226,44.22459],[-84.155391,44.144707],[-84.082454,44.052668],[-84.068562,44.047458],[-84.056405,44.012726],[-84.02341,43.988414]]}},{"type":"Feature","properties":{"name":"86","length_km":46},"geometry":{"type":"LineString","coordinates":[[-77.13955,42.199721],[-77.101345,42.171936],[-77.059666,42.170199],[-77.019725,42.135467],[-77.000622,42.130257],[-76.946788,42.145887],[-76.896426,42.152833],[-76.846065,42.164989],[-76.809597,42.163253],[-76.804387,42.112892],[-76.781811,42.07816]]}},{"type":"Feature","properties":{"name":"94","length_km":61},"geometry":{"type":"LineString","coordinates":[[-84.98201,42.284814],[-84.827453,42.290024],[-84.721521,42.260502],[-84.652057,42.269185],[-84.434983,42.277868]]}},{"type":"Feature","properties":{"name":"90","length_km":126},"geometry":{"type":"LineString","coordinates":[[-77.648372,43.048916],[-77.773407,43.047179],[-77.874129,43.029813],[-77.980061,43.033287],[-78.046052,43.029813],[-78.240551,43.005501],[-78.370795,43.003764],[-78.537508,42.986399],[-78.781233,42.9761]]}},{"type":"Feature","properties":{"name":"90","length_km":65},"geometry":{"type":"LineString","coordinates":[[-79.178312,42.524464],[-79.21999,42.507098],[-79.30682,42.444581],[-79.615933,42.30218],[-79.723602,42.248346],[-79.724199,42.247983]]}},{"type":"Feature","properties":{"name":"90","length_km":51},"geometry":{"type":"LineString","coordinates":[[-79.185258,42.524464],[-79.157472,42.524464],[-79.124477,42.538357],[-79.04633,42.600875],[-78.966447,42.675548],[-78.8171,42.750222],[-78.803207,42.788427],[-78.803207,42.814476]]}},{"type":"Feature","properties":{"name":"40","length_km":136},"geometry":{"type":"LineString","coordinates":[[-78.481937,35.364485],[-78.407264,35.284602],[-78.374268,35.227294],[-78.303068,35.199509],[-78.233604,35.152621],[-78.184979,35.103996],[-78.145038,35.048425],[-78.125935,34.975488],[-78.059945,34.9286],[-78.025213,34.914707],[-78.007847,34.885185],[-78.004374,34.838297],[-77.997427,34.820931],[-77.974852,34.786199],[-77.945329,34.76015],[-77.936646,34.737575],[-77.933173,34.650745],[-77.93491,34.631642],[-77.910598,34.576071],[-77.879339,34.440617],[-77.877602,34.298216],[-77.900178,34.256538],[-77.875866,34.244382]]}},{"type":"Feature","properties":{"name":"95","length_km":117},"geometry":{"type":"LineString","coordinates":[[-80.819393,28.412898],[-80.81071,28.381639],[-80.796818,28.348644],[-80.746456,28.300019],[-80.725617,28.265287],[-80.709988,28.206243],[-80.701305,28.070788],[-80.661363,28.043003],[-80.617948,27.977012],[-80.591899,27.884973],[-80.591899,27.86587],[-80.551958,27.817246],[-80.546748,27.791197],[-80.551958,27.766884],[-80.543275,27.716523],[-80.522436,27.660952],[-80.513753,27.614064],[-80.477284,27.563703],[-80.442552,27.525498],[-80.421713,27.480346],[-80.392191,27.459507],[-80.385245,27.445614],[-80.383508,27.428248],[-80.393928,27.398726]]}},{"type":"Feature","properties":{"name":"10","length_km":110},"geometry":{"type":"LineString","coordinates":[[-92.999867,30.239795],[-92.678597,30.250215],[-92.598714,30.246741],[-92.487572,30.232849],[-92.372956,30.234585],[-92.338225,30.236322],[-92.270497,30.255424],[-92.140253,30.246741],[-92.075999,30.246741],[-92.015218,30.260634]]}},{"type":"Feature","properties":{"name":"10","length_km":133},"geometry":{"type":"LineString","coordinates":[[-94.139073,30.059189],[-94.137336,30.097394],[-94.074819,30.099131],[-94.050507,30.106077],[-94.010565,30.13039],[-93.909843,30.132126],[-93.866428,30.126916],[-93.779598,30.107814],[-93.729237,30.116497],[-93.684085,30.137336],[-93.590309,30.175541],[-93.513899,30.199853],[-93.432279,30.213746],[-93.32461,30.218956],[-93.275986,30.238058],[-93.072804,30.248478],[-92.999867,30.239795]]}},{"type":"Feature","properties":{"name":"20","length_km":126},"geometry":{"type":"LineString","coordinates":[[-79.848637,34.195757],[-79.93894,34.207913],[-80.036189,34.211387],[-80.100443,34.197494],[-80.156014,34.195757],[-80.211585,34.183601],[-80.246317,34.190547],[-80.525909,34.216596],[-80.628368,34.216596],[-80.664836,34.211387],[-80.692622,34.19923],[-80.751666,34.129767],[-80.808974,34.093298],[-80.841969,34.079405],[-80.942692,34.072459]]}},{"type":"Feature","properties":{"name":"20","length_km":151},"geometry":{"type":"LineString","coordinates":[[-84.490554,33.763345],[-84.560018,33.777238],[-84.593013,33.777238],[-84.627745,33.772028],[-84.796195,33.71993],[-84.98722,33.71993],[-85.037581,33.712984],[-85.101835,33.692145],[-85.127884,33.686935],[-85.30849,33.681725],[-85.343222,33.676515],[-85.443944,33.650467],[-85.652336,33.64352],[-85.777371,33.613998],[-85.829468,33.605315]]}},{"type":"Feature","properties":{"name":"77","length_km":50},"geometry":{"type":"LineString","coordinates":[[-80.850652,35.812527],[-80.859335,35.796897],[-80.862808,35.774322],[-80.854125,35.621501],[-80.871491,35.506886],[-80.868018,35.480837],[-80.847179,35.42353],[-80.841969,35.394007],[-80.841969,35.354066],[-80.854125,35.272446]]}},{"type":"Feature","properties":{"name":"74","length_km":85},"geometry":{"type":"LineString","coordinates":[[-79.791329,34.952912],[-79.772227,34.935546],[-79.7045,34.902551],[-79.673241,34.876502],[-79.61767,34.855663],[-79.584675,34.838297],[-79.478742,34.758414],[-79.463113,34.754941],[-79.405805,34.754941],[-79.37281,34.76015],[-79.345025,34.742784],[-79.320712,34.711526],[-79.247775,34.668111],[-79.200887,34.647272],[-79.173102,34.622959],[-79.140106,34.609067],[-79.103638,34.60212]]}},{"type":"Feature","properties":{"name":"26","length_km":37},"geometry":{"type":"LineString","coordinates":[[-82.17741,36.628726],[-82.175674,36.576628],[-82.180883,36.54537],[-82.198249,36.531477],[-82.234718,36.526267],[-82.246874,36.519321],[-82.25903,36.489799],[-82.354543,36.401232],[-82.377119,36.3665],[-82.370172,36.354344]]}},{"type":"Feature","properties":{"name":"81","length_km":137},"geometry":{"type":"LineString","coordinates":[[-82.257294,36.595731],[-82.33544,36.543633],[-82.382328,36.53495],[-82.403167,36.52453],[-82.418797,36.512374],[-82.488261,36.479379],[-82.557724,36.435964],[-82.594193,36.408179],[-82.618505,36.402969],[-82.644554,36.404705],[-82.693179,36.359554],[-82.760906,36.356081],[-82.929356,36.272724],[-83.049181,36.231046],[-83.099542,36.204997],[-83.123854,36.199787],[-83.188108,36.201524],[-83.191581,36.189368],[-83.318353,36.128587],[-83.384343,36.069543]]}},{"type":"Feature","properties":{"name":"65","length_km":16},"geometry":{"type":"LineString","coordinates":[[-86.932206,34.793146],[-86.932206,34.753204],[-86.923523,34.695896],[-86.911367,34.650745],[-86.897474,34.624696]]}},{"type":"Feature","properties":{"name":"65","length_km":40},"geometry":{"type":"LineString","coordinates":[[-86.574467,36.642619],[-86.586624,36.613097],[-86.640458,36.541896],[-86.678663,36.467223],[-86.697766,36.451593],[-86.711658,36.425545],[-86.718605,36.383866],[-86.702975,36.310929],[-86.709922,36.291827],[-86.730761,36.269251]]}},{"type":"Feature","properties":{"name":"75","length_km":96},"geometry":{"type":"LineString","coordinates":[[-84.193596,39.864002],[-84.19707,39.896997],[-84.190123,39.969934],[-84.231801,40.009876],[-84.237011,40.081076],[-84.221382,40.129701],[-84.221382,40.169642],[-84.202279,40.200901],[-84.202279,40.22174],[-84.188387,40.244316],[-84.184913,40.277311],[-84.165811,40.327672],[-84.167547,40.405819],[-84.158865,40.459654],[-84.174494,40.555166],[-84.164074,40.584688],[-84.132816,40.638523],[-84.124133,40.687147],[-84.11024,40.699304],[-84.089401,40.699304],[-84.075508,40.70625],[-84.073771,40.765294],[-84.004308,40.810446]]}},{"type":"Feature","properties":{"name":"80","length_km":278},"geometry":{"type":"LineString","coordinates":[[-107.182634,41.788148],[-107.101014,41.784675],[-107.068019,41.772519],[-106.948194,41.749943],[-106.906516,41.744733],[-106.769325,41.742997],[-106.713754,41.729104],[-106.580036,41.736051],[-106.49147,41.75689],[-106.444582,41.755153],[-106.423742,41.74126],[-106.39943,41.704792],[-106.382064,41.690899],[-106.373381,41.671797],[-106.321283,41.645748],[-106.244873,41.619699],[-106.220561,41.597123],[-106.210141,41.597123],[-106.15457,41.569337],[-106.135468,41.562391],[-106.105946,41.558918],[-106.095526,41.553708],[-106.060794,41.524186],[-106.038219,41.491191],[-106.010433,41.477298],[-106.00696,41.466878],[-105.984384,41.451249],[-105.949652,41.439093],[-105.880188,41.428673],[-105.770783,41.35921],[-105.626646,41.345317],[-105.617963,41.33837],[-105.616226,41.319268],[-105.607543,41.301902],[-105.546762,41.288009],[-105.525923,41.286273],[-105.51203,41.27759],[-105.449513,41.25675],[-105.447776,41.228965],[-105.43562,41.202916],[-105.399152,41.154291],[-105.388732,41.149082],[-105.326215,41.126506],[-105.293219,41.124769],[-105.185551,41.093511],[-105.036203,41.10393],[-105.015364,41.09872],[-104.96153,41.110876],[-104.852124,41.116086]]}},{"type":"Feature","properties":{"name":"30","length_km":234},"geometry":{"type":"LineString","coordinates":[[-92.270497,34.709789],[-92.291337,34.68895],[-92.313912,34.675057],[-92.355591,34.671584],[-92.400742,34.657691],[-92.555299,34.598647],[-92.629972,34.546549],[-92.671651,34.539603],[-92.727222,34.480559],[-92.794949,34.426724],[-92.819261,34.402412],[-92.838364,34.393729],[-92.867886,34.365943],[-92.923457,34.332948],[-92.977291,34.265221],[-93.01897,34.225279],[-93.072804,34.185338],[-93.091907,34.126293],[-93.142268,34.039464],[-93.215205,33.968263],[-93.341976,33.869277],[-93.475694,33.775501],[-93.57989,33.707774],[-93.619831,33.676515],[-93.682349,33.646993],[-93.817803,33.598369],[-93.866428,33.570583],[-93.993199,33.483753],[-94.008828,33.475071],[-94.045297,33.469861]]}},{"type":"Feature","properties":{"name":"10","length_km":231},"geometry":{"type":"LineString","coordinates":[[-100.642619,30.578431],[-100.750288,30.616636],[-100.771127,30.621846],[-100.823225,30.620109],[-100.951733,30.666997],[-101.064612,30.684363],[-101.165334,30.710412],[-101.255637,30.6861],[-101.323364,30.679153],[-101.387618,30.682627],[-101.516126,30.705202],[-101.662,30.748617],[-101.686313,30.75209],[-101.717571,30.745144],[-101.778352,30.717358],[-101.806138,30.713885],[-101.844343,30.741671],[-101.91728,30.7573],[-101.934646,30.76772],[-101.981534,30.809398],[-102.073573,30.859759],[-102.123935,30.882335],[-102.165613,30.892755],[-102.200345,30.892755],[-102.268072,30.877125],[-102.356638,30.896228],[-102.552873,30.866706],[-102.644913,30.877125]]}},{"type":"Feature","properties":{"name":"10","length_km":43},"geometry":{"type":"LineString","coordinates":[[-96.518208,29.694504],[-96.643242,29.691031],[-96.745701,29.699714],[-96.811692,29.692768],[-96.901995,29.696241]]}},{"type":"Feature","properties":{"name":"57","length_km":8},"geometry":{"type":"LineString","coordinates":[[-89.186306,37.097607],[-89.200198,37.062875],[-89.201935,37.035089],[-89.208881,37.01946]]}},{"type":"Feature","properties":{"name":"10","length_km":101},"geometry":{"type":"LineString","coordinates":[[-111.685624,32.820374],[-111.513701,32.730071],[-111.423398,32.677974],[-111.399086,32.658871],[-111.3713,32.629349],[-111.315729,32.552939],[-111.268841,32.500841],[-111.003142,32.28203],[-110.987513,32.257718],[-110.970147,32.196937]]}},{"type":"Feature","properties":{"name":"40","length_km":87},"geometry":{"type":"LineString","coordinates":[[-95.17582,35.486047],[-95.106356,35.482574],[-95.068151,35.503413],[-95.035156,35.506886],[-95.002161,35.498203],[-94.910121,35.463471],[-94.771193,35.459998],[-94.743408,35.449578],[-94.70173,35.411373],[-94.639212,35.383588],[-94.616637,35.380115],[-94.552383,35.390534],[-94.495075,35.411373],[-94.467289,35.427003],[-94.444714,35.468681]]}},{"type":"Feature","properties":{"name":"75","length_km":123},"geometry":{"type":"LineString","coordinates":[[-83.677828,32.849896],[-83.731662,32.915887],[-83.782024,32.940199],[-83.849751,33.00098],[-83.926161,33.035712],[-84.011254,33.110386],[-84.063352,33.193742],[-84.085928,33.25626],[-84.113713,33.297938],[-84.139762,33.370875],[-84.155391,33.396924],[-84.204016,33.440339],[-84.240484,33.502856],[-84.259587,33.523695],[-84.301265,33.551481],[-84.377675,33.587949],[-84.386358,33.596632],[-84.400251,33.627891],[-84.395041,33.664359],[-84.396778,33.683462],[-84.403724,33.697355],[-84.388095,33.739033]]}},{"type":"Feature","properties":{"name":"95","length_km":28},"geometry":{"type":"LineString","coordinates":[[-80.16817,26.943739],[-80.135175,26.886431],[-80.109126,26.822177],[-80.103916,26.778762],[-80.098707,26.67804]]}},{"type":"Feature","properties":{"name":"95","length_km":53},"geometry":{"type":"LineString","coordinates":[[-80.393928,27.398726],[-80.373089,27.353575],[-80.373089,27.301477],[-80.359196,27.254589],[-80.34183,27.212911],[-80.253264,27.091349],[-80.242844,27.072247],[-80.232424,27.023622],[-80.175117,26.962841],[-80.17027,26.944609]]}},{"type":"Feature","properties":{"name":"95","length_km":48},"geometry":{"type":"LineString","coordinates":[[-81.140663,32.249035],[-81.104195,32.255981],[-81.06078,32.28724],[-81.043414,32.339338],[-80.970477,32.478265],[-80.970477,32.497368],[-80.942692,32.558149],[-80.930535,32.577251],[-80.894067,32.61372],[-80.883647,32.631086]]}},{"type":"Feature","properties":{"name":"95","length_km":21},"geometry":{"type":"LineString","coordinates":[[-81.248332,32.075375],[-81.236176,32.125737],[-81.21881,32.162205],[-81.180605,32.217776],[-81.140663,32.249035]]}},{"type":"Feature","properties":{"name":"75","length_km":65},"geometry":{"type":"LineString","coordinates":[[-83.318353,30.819818],[-83.321826,30.84413],[-83.365241,30.917067],[-83.401709,31.019526],[-83.401709,31.055994],[-83.438178,31.135878],[-83.505905,31.413733],[-83.530217,31.451938]]}},{"type":"Feature","properties":{"name":"75","length_km":84},"geometry":{"type":"LineString","coordinates":[[-82.75396,30.265844],[-82.771326,30.28842],[-82.847736,30.361357],[-82.913726,30.43603],[-82.971034,30.474235],[-83.040498,30.502021],[-83.097805,30.574958],[-83.13601,30.60969],[-83.163796,30.623582],[-83.198528,30.665261],[-83.266255,30.727778],[-83.295777,30.772929],[-83.307933,30.807661],[-83.318353,30.819818]]}},{"type":"Feature","properties":{"name":"24","length_km":28},"geometry":{"type":"LineString","coordinates":[[-85.702697,35.043215],[-85.687068,35.044952],[-85.643653,35.060581],[-85.617604,35.060581],[-85.582872,35.044952],[-85.520355,35.006747],[-85.508198,34.985908],[-85.48215,34.989381],[-85.469993,34.984171]]}},{"type":"Feature","properties":{"name":"89","length_km":107},"geometry":{"type":"LineString","coordinates":[[-71.537296,43.170478],[-71.545979,43.168741],[-71.59113,43.186107],[-71.615443,43.177424],[-71.651911,43.180897],[-71.688379,43.179161],[-71.752633,43.243415],[-71.771736,43.269463],[-71.797785,43.278146],[-71.816887,43.274673],[-71.834253,43.279883],[-71.842936,43.288566],[-71.848146,43.316351],[-71.901981,43.321561],[-71.910664,43.328508],[-71.91761,43.351083],[-71.933239,43.370186],[-72.009649,43.399708],[-72.047855,43.437913],[-72.08606,43.444859],[-72.096479,43.458752],[-72.108635,43.491748],[-72.122528,43.495221],[-72.143367,43.514323],[-72.14684,43.524743],[-72.134684,43.554265],[-72.138157,43.559475],[-72.155523,43.576841],[-72.171153,43.60289],[-72.219777,43.646304],[-72.257982,43.651514],[-72.280558,43.637621],[-72.330919,43.625465]]}},{"type":"Feature","properties":{"name":"90","length_km":104},"geometry":{"type":"LineString","coordinates":[[-75.234505,43.104487],[-75.253608,43.088858],[-75.29355,43.10275],[-75.335228,43.088858],[-75.37517,43.083648],[-75.494995,43.076701],[-75.656498,43.083648],[-75.769377,43.081911],[-75.868362,43.092331],[-76.163583,43.095804]]}},{"type":"Feature","properties":{"name":"90","length_km":17},"geometry":{"type":"LineString","coordinates":[[-73.412294,42.336687],[-73.418028,42.338649],[-73.522223,42.39943],[-73.550009,42.423742]]}},{"type":"Feature","properties":{"name":"90","length_km":50},"geometry":{"type":"LineString","coordinates":[[-80.123019,42.031272],[-80.199429,42.006959],[-80.303625,41.963544],[-80.404347,41.947915],[-80.463391,41.944442],[-80.567587,41.923603]]}},{"type":"Feature","properties":{"name":"79","length_km":74},"geometry":{"type":"LineString","coordinates":[[-80.123019,42.031272],[-80.129965,42.019115],[-80.164697,41.994803],[-80.180327,41.923603],[-80.182063,41.800305],[-80.208112,41.725631],[-80.213322,41.687426],[-80.209849,41.652694],[-80.199429,41.59886],[-80.194219,41.524186],[-80.176853,41.482508],[-80.162961,41.414781],[-80.166434,41.260224],[-80.159487,41.199443]]}},{"type":"Feature","properties":{"name":"80","length_km":197},"geometry":{"type":"LineString","coordinates":[[-80.159487,41.199443],[-79.921574,41.201179],[-79.888579,41.18555],[-79.872949,41.183813],[-79.839954,41.194233],[-79.822588,41.194233],[-79.716656,41.168184],[-79.69408,41.178604],[-79.638509,41.192496],[-79.615933,41.187287],[-79.579465,41.19076],[-79.548206,41.182077],[-79.473533,41.19597],[-79.397122,41.18555],[-79.37802,41.178604],[-79.350234,41.178604],[-79.282507,41.169921],[-79.226936,41.187287],[-79.169629,41.183813],[-79.100165,41.168184],[-79.028964,41.164711],[-78.990759,41.136925],[-78.97513,41.131716],[-78.952554,41.133452],[-78.900456,41.154291],[-78.879617,41.157765],[-78.846622,41.147345],[-78.815363,41.150818],[-78.751109,41.143872],[-78.679909,41.121296],[-78.563557,41.121296],[-78.532298,41.105667],[-78.48541,41.072671],[-78.452415,41.063988],[-78.426366,41.050096]]}},{"type":"Feature","properties":{"name":"68","length_km":54},"geometry":{"type":"LineString","coordinates":[[-79.516947,39.648664],[-79.567309,39.648664],[-79.635036,39.66603],[-79.707973,39.648664],[-79.747915,39.645191],[-79.85211,39.664293],[-79.878159,39.664293],[-79.900735,39.653874],[-79.921574,39.615669],[-79.954569,39.593093],[-79.973672,39.568781]]}},{"type":"Feature","properties":{"name":"81","length_km":130},"geometry":{"type":"LineString","coordinates":[[-81.06078,36.953469],[-81.074673,36.962152],[-81.097248,36.962152],[-81.197971,36.923947],[-81.359474,36.887479],[-81.432411,36.86143],[-81.467143,36.857957],[-81.508821,36.826698],[-81.625173,36.805859],[-81.656432,36.809332],[-81.684217,36.788493],[-81.727632,36.790229],[-81.77452,36.78502],[-81.812725,36.772863],[-81.87177,36.753761],[-81.962072,36.701663],[-82.01417,36.689507],[-82.120103,36.632199],[-82.139205,36.62699],[-82.17741,36.628726]]}},{"type":"Feature","properties":{"name":"85","length_km":18},"geometry":{"type":"LineString","coordinates":[[-78.118989,36.715556],[-78.136355,36.679087],[-78.150248,36.60615],[-78.193662,36.53495]]}},{"type":"Feature","properties":{"name":"85","length_km":124},"geometry":{"type":"LineString","coordinates":[[-78.193662,36.53495],[-78.402054,36.345661],[-78.450678,36.326559],[-78.480201,36.321349],[-78.509723,36.324822],[-78.544455,36.317876],[-78.587869,36.288354],[-78.705958,36.172002],[-78.74069,36.128587],[-78.773685,36.076489],[-78.862251,35.998342],[-78.881354,35.996606],[-78.940398,36.024391],[-78.982076,36.038284],[-79.074116,36.041757],[-79.129687,36.057387],[-79.155736,36.057387]]}},{"type":"Feature","properties":{"name":"95","length_km":16},"geometry":{"type":"LineString","coordinates":[[-77.585854,36.53495],[-77.573698,36.571418],[-77.570225,36.658248],[-77.552859,36.7034]]}},{"type":"Feature","properties":{"name":"95","length_km":50},"geometry":{"type":"LineString","coordinates":[[-77.551122,36.708609],[-77.509444,36.753761],[-77.471239,36.772863],[-77.45561,36.833644],[-77.419141,36.857957],[-77.406985,36.873586],[-77.393092,36.930894],[-77.393092,37.031616],[-77.387883,37.047245],[-77.360097,37.088924],[-77.358832,37.160131]]}},{"type":"Feature","properties":{"name":"64","length_km":101},"geometry":{"type":"LineString","coordinates":[[-80.232424,37.785298],[-80.213322,37.793981],[-80.182063,37.813084],[-80.157751,37.816557],[-80.057028,37.802664],[-79.982355,37.778352],[-79.949359,37.776615],[-79.914628,37.787035],[-79.831271,37.826976],[-79.791329,37.837396],[-79.760071,37.832186],[-79.746178,37.823503],[-79.727075,37.800927],[-79.709709,37.797454],[-79.681924,37.811347],[-79.615933,37.870391],[-79.598567,37.879074],[-79.567309,37.886021],[-79.518684,37.879074],[-79.376283,37.818293]]}},{"type":"Feature","properties":{"name":"81","length_km":80},"geometry":{"type":"LineString","coordinates":[[-79.376283,37.818293],[-79.423171,37.760986],[-79.44401,37.726254],[-79.470059,37.694995],[-79.581201,37.632478],[-79.615933,37.609902],[-79.645455,37.583853],[-79.697553,37.526545],[-79.718392,37.516126],[-79.768754,37.502233],[-79.808695,37.483131],[-79.86253,37.451872],[-79.93373,37.385881],[-79.961516,37.365042],[-79.982355,37.359832]]}},{"type":"Feature","properties":{"name":"90","length_km":168},"geometry":{"type":"LineString","coordinates":[[-77.648372,43.048916],[-77.599747,43.054126],[-77.545913,43.050653],[-77.509444,43.040233],[-77.37399,42.981189],[-77.342731,42.972506],[-77.21075,42.972506],[-77.040564,42.953403],[-76.861694,42.94993],[-76.826963,42.956876],[-76.769655,42.984662],[-76.632464,43.03676],[-76.521322,43.064545],[-76.458805,43.071492],[-76.39976,43.090594],[-76.312931,43.095804],[-76.224364,43.109697],[-76.163583,43.095804]]}},{"type":"Feature","properties":{"name":"90","length_km":65},"geometry":{"type":"LineString","coordinates":[[-72.07043,42.131994],[-72.08606,42.137204],[-72.127738,42.137204],[-72.209358,42.180619],[-72.231934,42.180619],[-72.275348,42.164989],[-72.318763,42.166726],[-72.395173,42.161516],[-72.485476,42.170199],[-72.535838,42.171936],[-72.584462,42.164989],[-72.643506,42.151097]]}},{"type":"Feature","properties":{"name":"68","length_km":152},"geometry":{"type":"LineString","coordinates":[[-78.183243,39.707708],[-78.205819,39.699025],[-78.270073,39.690342],[-78.299595,39.699025],[-78.320434,39.695552],[-78.376005,39.697289],[-78.395107,39.676449],[-78.454152,39.664293],[-78.50104,39.678186],[-78.544455,39.699025],[-78.594816,39.709445],[-78.660806,39.679923],[-78.699011,39.676449],[-78.759792,39.659083],[-78.763265,39.652137],[-78.797997,39.639981],[-78.825783,39.645191],[-78.921296,39.646927],[-78.938661,39.652137],[-78.987286,39.679923],[-79.041121,39.683396],[-79.088009,39.693815],[-79.121004,39.693815],[-79.207834,39.685132],[-79.30682,39.699025],[-79.358917,39.688606],[-79.386703,39.674713],[-79.409279,39.65561],[-79.489162,39.657347],[-79.515211,39.650401]]}},{"type":"Feature","properties":{"name":"90","length_km":25},"geometry":{"type":"LineString","coordinates":[[-80.567587,41.923603],[-80.736037,41.843719],[-80.774242,41.819407]]}},{"type":"Feature","properties":{"name":"86","length_km":150},"geometry":{"type":"LineString","coordinates":[[-77.367043,42.3838],[-77.400039,42.38901],[-77.43998,42.371644],[-77.476449,42.369907],[-77.505971,42.37859],[-77.540703,42.3838],[-77.60843,42.375117],[-77.651845,42.380327],[-77.676157,42.373381],[-77.702206,42.359488],[-77.724782,42.340385],[-77.735202,42.324756],[-77.77167,42.31781],[-77.855027,42.316073],[-77.919281,42.300444],[-78.02174,42.286551],[-78.115516,42.218824],[-78.155457,42.201458],[-78.181506,42.203194],[-78.252707,42.222297],[-78.292648,42.222297],[-78.311751,42.213614],[-78.34301,42.184092],[-78.398581,42.164989],[-78.422893,42.107682],[-78.443732,42.092052],[-78.464571,42.090316],[-78.511459,42.102472],[-78.645177,42.090316]]}},{"type":"Feature","properties":{"name":"86","length_km":9},"geometry":{"type":"LineString","coordinates":[[-78.645177,42.090316],[-78.671226,42.140677],[-78.683382,42.14936],[-78.705958,42.152833]]}},{"type":"Feature","properties":{"name":"86","length_km":121},"geometry":{"type":"LineString","coordinates":[[-78.705958,42.152833],[-78.737217,42.128521],[-78.775422,42.107682],[-78.815363,42.092052],[-78.857042,42.086843],[-78.884827,42.086843],[-78.919559,42.098999],[-78.982076,42.151097],[-79.013335,42.15978],[-79.034174,42.156306],[-79.086272,42.133731],[-79.110584,42.130257],[-79.162682,42.137204],[-79.228673,42.125048],[-79.315502,42.128521],[-79.430118,42.15457],[-79.473533,42.158043],[-79.605514,42.14936],[-79.763544,42.126784]]}},{"type":"Feature","properties":{"name":"90","length_km":96},"geometry":{"type":"LineString","coordinates":[[-80.758613,41.82288],[-80.822867,41.795095],[-80.888857,41.770782],[-81.003472,41.770782],[-81.036468,41.765573],[-81.168449,41.718685],[-81.281327,41.656167],[-81.366421,41.631855],[-81.430675,41.590177],[-81.435884,41.51203],[-81.472353,41.485981],[-81.508821,41.416517]]}},{"type":"Feature","properties":{"name":"80","length_km":96},"geometry":{"type":"LineString","coordinates":[[-87.185749,41.569337],[-86.954782,41.576284],[-86.900947,41.581494],[-86.861006,41.59365],[-86.788069,41.631855],[-86.558838,41.723894],[-86.482428,41.742997],[-86.414701,41.74126],[-86.338291,41.730841]]}},{"type":"Feature","properties":{"name":"94","length_km":77},"geometry":{"type":"LineString","coordinates":[[-85.657546,42.255292],[-85.633233,42.267448],[-85.603711,42.272658],[-85.490832,42.270922],[-85.40053,42.277868],[-85.364061,42.276131],[-85.289388,42.262239],[-85.202558,42.265712],[-85.117465,42.290024],[-84.969854,42.314336]]}},{"type":"Feature","properties":{"name":"69","length_km":134},"geometry":{"type":"LineString","coordinates":[[-83.677828,43.010711],[-83.464227,43.015921],[-83.354821,43.028077],[-83.281884,43.014184],[-83.188108,43.02113],[-83.116908,42.991608],[-83.033551,43.000291],[-82.877258,42.988135],[-82.800848,42.963823],[-82.597666,42.995082],[-82.540358,42.989872],[-82.486524,42.974242]]}},{"type":"Feature","properties":{"name":"75","length_km":107},"geometry":{"type":"LineString","coordinates":[[-84.731941,45.742374],[-84.719785,45.711115],[-84.695472,45.692013],[-84.645111,45.660754],[-84.636428,45.645125],[-84.617325,45.558295],[-84.59996,45.365533],[-84.57912,45.259601],[-84.580857,45.242235],[-84.58954,45.226605],[-84.641638,45.184927],[-84.657267,45.164088],[-84.688526,45.10678],[-84.697209,45.073785],[-84.697209,45.013004],[-84.67116,44.976536],[-84.672896,44.955697],[-84.688526,44.912282],[-84.683316,44.863657],[-84.709365,44.830662],[-84.714575,44.808086],[-84.712838,44.773354],[-84.695472,44.689998],[-84.695472,44.667422],[-84.707628,44.644846],[-84.707628,44.584065]]}},{"type":"Feature","properties":{"name":"94","length_km":121},"geometry":{"type":"MultiLineString","coordinates":[[[-86.722078,41.796831],[-86.591833,41.874978],[-86.565784,41.906237],[-86.544945,41.940969],[-86.51716,42.003486],[-86.50674,42.038218],[-86.451169,42.06774],[-86.376496,42.133731]],[[-86.708185,41.796831],[-86.744654,41.779465],[-86.810644,41.723894],[-86.845376,41.701319],[-86.966938,41.661377],[-87.08329,41.617962],[-87.180539,41.595386],[-87.329886,41.586703]]]}},{"type":"Feature","properties":{"name":"75","length_km":12},"geometry":{"type":"LineString","coordinates":[[-83.577105,41.678743],[-83.54932,41.649221],[-83.542373,41.624908],[-83.55453,41.597123],[-83.580579,41.572811]]}},{"type":"Feature","properties":{"name":"71","length_km":92},"geometry":{"type":"LineString","coordinates":[[-81.807516,41.333161],[-81.805779,41.291482],[-81.79015,41.19597],[-81.795359,41.161238],[-81.838774,41.116086],[-81.885662,41.041413],[-81.911711,41.024047],[-81.94818,41.008417],[-82.073215,40.971949],[-82.194776,40.888592],[-82.272923,40.845178],[-82.394485,40.796553],[-82.415324,40.779187]]}},{"type":"Feature","properties":{"name":"70","length_km":64},"geometry":{"type":"LineString","coordinates":[[-78.497566,40.049817],[-78.601762,40.048081],[-78.671226,40.05329],[-78.780631,40.049817],[-78.827519,40.056764],[-78.855305,40.039398],[-78.8883,39.985563],[-78.89872,39.97688],[-78.917822,39.973407],[-78.943871,39.97688],[-78.995969,39.994246],[-79.042857,40.002929]]}},{"type":"Feature","properties":{"name":"83","length_km":51},"geometry":{"type":"LineString","coordinates":[[-76.661986,39.721601],[-76.675879,39.796274],[-76.698455,39.864002],[-76.694981,39.883104],[-76.701928,39.914363],[-76.703664,39.919573],[-76.682825,39.940412],[-76.681089,39.952568],[-76.693245,39.975144],[-76.717557,39.980353],[-76.733186,39.994246],[-76.764445,40.094969],[-76.80786,40.148803],[-76.840855,40.204374]]}},{"type":"Feature","properties":{"name":"40","length_km":201},"geometry":{"type":"LineString","coordinates":[[-82.608086,35.557247],[-82.562934,35.56072],[-82.51431,35.557247],[-82.444846,35.585033],[-82.331967,35.604135],[-82.302445,35.623238],[-82.27466,35.626711],[-82.250347,35.621501],[-82.215615,35.626711],[-82.168727,35.626711],[-82.144415,35.635394],[-82.081898,35.635394],[-82.045429,35.64755],[-82.003751,35.624974],[-81.984648,35.630184],[-81.969019,35.638867],[-81.946443,35.664916],[-81.85614,35.690965],[-81.755418,35.713541],[-81.625173,35.72917],[-81.553973,35.732643],[-81.352528,35.722224],[-81.241386,35.708331],[-81.185815,35.710068],[-81.067726,35.7448],[-80.940955,35.795161],[-80.843706,35.81079]]}},{"type":"Feature","properties":{"name":"85","length_km":61},"geometry":{"type":"LineString","coordinates":[[-80.300152,35.793424],[-80.216795,35.788214],[-80.1838,35.796897],[-80.133438,35.836839],[-80.037926,35.857678],[-80.008404,35.871571],[-79.909418,35.934088],[-79.893788,35.960137],[-79.883369,35.987923],[-79.812169,36.031338]]}},{"type":"Feature","properties":{"name":"85","length_km":83},"geometry":{"type":"LineString","coordinates":[[-80.294942,35.796897],[-80.334883,35.783005],[-80.364406,35.762165],[-80.385245,35.73959],[-80.419977,35.689228],[-80.461655,35.659706],[-80.548485,35.57635],[-80.57106,35.534672],[-80.567587,35.501676],[-80.593636,35.451315],[-80.643997,35.437422],[-80.697832,35.4079],[-80.737773,35.343646],[-80.782925,35.288075],[-80.81592,35.277656],[-80.852389,35.272446]]}},{"type":"Feature","properties":{"name":"77","length_km":37},"geometry":{"type":"LineString","coordinates":[[-80.918379,36.948259],[-80.913169,36.93263],[-80.873228,36.897898],[-80.866281,36.854483],[-80.822867,36.771127],[-80.803764,36.752024],[-80.758613,36.739868],[-80.742983,36.731185],[-80.708251,36.663458],[-80.709988,36.656512]]}},{"type":"Feature","properties":{"name":"85","length_km":104},"geometry":{"type":"LineString","coordinates":[[-85.351905,32.643242],[-85.409213,32.605037],[-85.485623,32.578988],[-85.574189,32.535573],[-85.667965,32.469582],[-85.70096,32.452216],[-85.900669,32.431377],[-86.02744,32.384489],[-86.241041,32.328918]]}},{"type":"Feature","properties":{"name":"85","length_km":34},"geometry":{"type":"LineString","coordinates":[[-84.943805,33.061761],[-84.968118,33.027029],[-85.020215,33.009663],[-85.082733,32.967985],[-85.103572,32.947146],[-85.134831,32.896785],[-85.185192,32.856843]]}},{"type":"Feature","properties":{"name":"85","length_km":28},"geometry":{"type":"LineString","coordinates":[[-85.185192,32.856843],[-85.200821,32.844687],[-85.225134,32.797799],[-85.273758,32.75612],[-85.351905,32.643242]]}},{"type":"Feature","properties":{"name":"24","length_km":29},"geometry":{"type":"LineString","coordinates":[[-88.337111,36.988201],[-88.324955,36.988201],[-88.309325,36.995148],[-88.269384,37.035089],[-88.250281,37.047245],[-88.208603,37.059402],[-88.125246,37.076767],[-88.095724,37.087187]]}},{"type":"Feature","properties":{"name":"24","length_km":78},"geometry":{"type":"LineString","coordinates":[[-87.458394,36.706873],[-87.576482,36.786756],[-87.642473,36.818015],[-87.718883,36.871849],[-87.772718,36.918737],[-87.930748,36.988201],[-88.087041,37.080241]]}},{"type":"Feature","properties":{"name":"57","length_km":99},"geometry":{"type":"LineString","coordinates":[[-88.285013,40.147067],[-88.304116,40.119281],[-88.300642,39.916099],[-88.267647,39.890051],[-88.267647,39.791065],[-88.27112,39.765016],[-88.283276,39.751123],[-88.288486,39.73202],[-88.28675,39.669503],[-88.288486,39.648664],[-88.319745,39.58441],[-88.326691,39.499317],[-88.335374,39.468058],[-88.378789,39.42117],[-88.383999,39.376019],[-88.390945,39.358653],[-88.472565,39.27356],[-88.498614,39.212779],[-88.51077,39.167627],[-88.522926,39.150261]]}},{"type":"Feature","properties":{"name":"72","length_km":150},"geometry":{"type":"LineString","coordinates":[[-89.592669,39.801484],[-89.5562,39.815377],[-89.531888,39.836216],[-89.509312,39.837953],[-89.31134,39.850109],[-89.1481,39.837953],[-89.080373,39.841426],[-89.063007,39.850109],[-89.026539,39.886577],[-88.998753,39.902207],[-88.953602,39.917836],[-88.894558,39.921309],[-88.870245,39.928256],[-88.816411,39.983827],[-88.76084,40.011612],[-88.68964,40.028978],[-88.595863,40.037661],[-88.581971,40.042871],[-88.557658,40.067183],[-88.456936,40.121018],[-88.406575,40.122754],[-88.304116,40.119281]]}},{"type":"Feature","properties":{"name":"40","length_km":233},"geometry":{"type":"LineString","coordinates":[[-92.232292,34.78099],[-92.053423,34.791409],[-92.015218,34.801829],[-91.942281,34.805302],[-91.869344,34.805302],[-91.792934,34.798356],[-91.695685,34.801829],[-91.64706,34.817458],[-91.513342,34.820931],[-91.423039,34.84698],[-91.351839,34.848717],[-91.282375,34.873029],[-91.237224,34.899078],[-91.200755,34.909498],[-91.094823,34.930337],[-90.969788,34.968542],[-90.886432,34.985908],[-90.783973,35.018903],[-90.717982,35.024113],[-90.704089,35.032796],[-90.686723,35.058845],[-90.667621,35.071001],[-90.473122,35.133518],[-90.417551,35.143938],[-90.299463,35.147411],[-90.242155,35.156094],[-90.191794,35.17346]]}},{"type":"Feature","properties":{"name":"40","length_km":286},"geometry":{"type":"LineString","coordinates":[[-84.254377,35.871571],[-84.304738,35.852468],[-84.351627,35.869834],[-84.407198,35.845522],[-84.506183,35.876781],[-84.533969,35.89762],[-84.563491,35.901093],[-84.58954,35.909776],[-84.657267,35.89762],[-84.688526,35.883727],[-84.718048,35.89762],[-84.745833,35.89241],[-84.790985,35.90283],[-84.813561,35.888937],[-84.877815,35.901093],[-84.942069,35.953191],[-84.994166,35.96882],[-85.129621,36.036547],[-85.181719,36.04523],[-85.240763,36.086909],[-85.259865,36.114694],[-85.280705,36.13727],[-85.301544,36.140743],[-85.332802,36.140743],[-85.353642,36.130323],[-85.374481,36.14248],[-85.393583,36.145953],[-85.489096,36.139006],[-85.610658,36.14248],[-85.633233,36.139006],[-85.694014,36.112958],[-85.733956,36.112958],[-85.891986,36.156372],[-85.96145,36.180685],[-86.04307,36.172002],[-86.086484,36.175475],[-86.112533,36.170265],[-86.181997,36.191104],[-86.208046,36.194577],[-86.310505,36.180685],[-86.406018,36.184158],[-86.454642,36.180685],[-86.539736,36.165055],[-86.609199,36.165055],[-86.661297,36.147689],[-86.727288,36.147689]]}},{"type":"Feature","properties":{"name":"55","length_km":49},"geometry":{"type":"LineString","coordinates":[[-90.405395,38.198608],[-90.398449,38.22292],[-90.405395,38.316696],[-90.381083,38.361847],[-90.382819,38.429575],[-90.379346,38.45215],[-90.297726,38.5494],[-90.228262,38.594551],[-90.197004,38.62581]]}},{"type":"Feature","properties":{"name":"55","length_km":163},"geometry":{"type":"LineString","coordinates":[[-89.540571,36.871849],[-89.545781,36.93263],[-89.540571,37.194856],[-89.545781,37.207012],[-89.56662,37.227851],[-89.573566,37.240007],[-89.570093,37.269529],[-89.587459,37.312944],[-89.651713,37.42235],[-89.688181,37.497023],[-89.769801,37.596009],[-89.835792,37.630741],[-89.884417,37.689785],[-89.9643,37.807874],[-90.002505,37.844342],[-90.04592,37.875601],[-90.21437,37.986743],[-90.254311,38.026685],[-90.334195,38.132617],[-90.365453,38.153456],[-90.405395,38.198608]]}},{"type":"Feature","properties":{"name":"44","length_km":351},"geometry":{"type":"LineString","coordinates":[[-93.241254,37.245217],[-93.204785,37.24869],[-93.116219,37.273003],[-93.053702,37.278212],[-93.029389,37.293842],[-92.973818,37.304261],[-92.92172,37.34073],[-92.895671,37.373725],[-92.827944,37.531755],[-92.800159,37.563014],[-92.746324,37.582116],[-92.711592,37.602956],[-92.583084,37.734937],[-92.555299,37.754039],[-92.52925,37.760986],[-92.464996,37.760986],[-92.416371,37.773142],[-92.320859,37.778352],[-92.272234,37.788771],[-92.171512,37.823503],[-92.119414,37.826976],[-92.022164,37.870391],[-91.97354,37.917279],[-91.940544,37.936382],[-91.89713,37.943328],[-91.813773,37.941592],[-91.772095,37.969377],[-91.725207,37.976323],[-91.629694,38.000636],[-91.525498,38.040577],[-91.438669,38.063153],[-91.337946,38.106568],[-91.185126,38.195134],[-91.136501,38.236813],[-91.094823,38.29933],[-91.077457,38.30975],[-91.032306,38.323642],[-90.99931,38.353164],[-90.969788,38.368794],[-90.936793,38.398316],[-90.91769,38.431311],[-90.879485,38.45215],[-90.858646,38.472989],[-90.863856,38.464306],[-90.83607,38.486882],[-90.810021,38.493829],[-90.726665,38.493829],[-90.646782,38.516404],[-90.622469,38.514668],[-90.589474,38.502512],[-90.577318,38.502512],[-90.521747,38.530297],[-90.469649,38.542453],[-90.40548,38.536749]]}},{"type":"Feature","properties":{"name":"80","length_km":217},"geometry":{"type":"LineString","coordinates":[[-93.576416,41.644011],[-93.545158,41.645748],[-93.458328,41.671797],[-93.381918,41.685689],[-93.303771,41.694372],[-93.175263,41.701319],[-93.156161,41.699582],[-93.126638,41.685689],[-92.699436,41.689162],[-92.359064,41.685689],[-92.152409,41.699582],[-92.020428,41.683953],[-91.942281,41.680479],[-91.629694,41.685689]]}},{"type":"Feature","properties":{"name":"90","length_km":117},"geometry":{"type":"LineString","coordinates":[[-90.441863,43.988414],[-90.184847,43.898111],[-90.12754,43.870325],[-90.049393,43.795652],[-90.025081,43.781759],[-89.936514,43.747027],[-89.816689,43.661934],[-89.802797,43.642831],[-89.79064,43.594207],[-89.780221,43.58205],[-89.710757,43.568158],[-89.547517,43.52127],[-89.514522,43.500431],[-89.493683,43.470908]]}},{"type":"Feature","properties":{"name":"43","length_km":109},"geometry":{"type":"LineString","coordinates":[[-87.727566,44.149917],[-87.731039,44.096082],[-87.737986,44.073507],[-87.783137,44.009253],[-87.817869,43.976257],[-87.826552,43.958891],[-87.828289,43.847749],[-87.814396,43.818227],[-87.812659,43.720978],[-87.812659,43.698402],[-87.826552,43.641095],[-87.830025,43.590733],[-87.809186,43.564685],[-87.803976,43.549055],[-87.809186,43.536899],[-87.838708,43.498694],[-87.849128,43.441386],[-87.86823,43.422284],[-87.913382,43.397971],[-87.923801,43.377132],[-87.927275,43.331981],[-87.925538,43.210419],[-87.942904,43.12359],[-87.930748,42.965559]]}},{"type":"Feature","properties":{"name":"43","length_km":48},"geometry":{"type":"LineString","coordinates":[[-88.03668,44.498972],[-88.017577,44.48508],[-87.96548,44.465977],[-87.94985,44.457294],[-87.880387,44.39825],[-87.845655,44.340942],[-87.793557,44.31142],[-87.78661,44.294054],[-87.784874,44.24543],[-87.760561,44.228064],[-87.734513,44.198541],[-87.729303,44.177702],[-87.727566,44.149917]]}},{"type":"Feature","properties":{"name":"39","length_km":127},"geometry":{"type":"LineString","coordinates":[[-89.49021,43.458752],[-89.47979,43.477855],[-89.493683,43.559475],[-89.488473,43.571631],[-89.460688,43.604626],[-89.465897,43.639358],[-89.460688,43.682773],[-89.485,43.752237],[-89.481527,43.938052],[-89.49021,43.971048],[-89.516259,44.028355],[-89.531888,44.050931],[-89.540571,44.08219],[-89.538834,44.111712],[-89.521468,44.136024],[-89.526678,44.188122],[-89.523205,44.420826],[-89.531888,44.441665],[-89.563147,44.48508],[-89.627401,44.641373],[-89.682972,44.735149],[-89.691655,44.761198],[-89.688181,44.788984],[-89.644767,44.851501],[-89.634347,44.87755]]}},{"type":"Feature","properties":{"name":"29","length_km":100},"geometry":{"type":"LineString","coordinates":[[-96.375807,42.441108],[-96.37928,42.428952],[-96.360177,42.3838],[-96.282031,42.267448],[-96.247299,42.185828],[-96.233406,42.161516],[-96.158732,42.06774],[-96.130947,42.020852],[-96.101425,41.982647],[-96.096215,41.953125],[-96.099688,41.864558],[-96.091005,41.843719],[-96.05801,41.814197],[-96.04759,41.798568],[-96.042381,41.767309],[-96.042381,41.710002],[-96.037171,41.685689],[-96.007649,41.645748],[-95.931239,41.574547],[-95.922556,41.551971],[-95.915609,41.503347],[-95.906926,41.489454]]}},{"type":"Feature","properties":{"name":"94","length_km":105},"geometry":{"type":"LineString","coordinates":[[-94.28842,45.518353],[-94.271054,45.504461],[-94.253688,45.499251],[-94.177278,45.502724],[-94.156439,45.499251],[-94.144283,45.488831],[-94.126917,45.455836],[-94.107814,45.434997],[-94.074819,45.415894],[-94.014038,45.396792],[-93.989726,45.363796],[-93.892477,45.344694],[-93.840379,45.316908],[-93.783071,45.304752],[-93.724027,45.257864],[-93.66151,45.242235],[-93.623304,45.217922],[-93.560787,45.191874],[-93.526055,45.164088],[-93.515636,45.141512],[-93.496533,45.124146],[-93.447908,45.092888],[-93.423429,45.087595]]}},{"type":"Feature","properties":{"name":"70","length_km":216},"geometry":{"type":"LineString","coordinates":[[-97.641784,38.877616],[-97.57232,38.894982],[-97.452495,38.908875],[-97.351773,38.926241],[-97.205899,38.933187],[-97.112123,38.94708],[-97.072181,38.971392],[-97.018347,38.987021],[-96.891575,39.006124],[-96.839477,39.01828],[-96.766541,39.025227],[-96.750911,39.033909],[-96.730072,39.058222],[-96.714443,39.065168],[-96.62935,39.056485],[-96.242089,39.072115],[-96.118791,39.066905],[-96.035434,39.068641],[-95.865248,39.059958],[-95.722847,39.026963]]}},{"type":"Feature","properties":{"name":"75","length_km":95},"geometry":{"type":"LineString","coordinates":[[-84.254377,35.871571],[-84.282163,35.836839],[-84.348153,35.791688],[-84.391568,35.73438],[-84.544389,35.56072],[-84.582594,35.525989],[-84.652057,35.477364],[-84.707628,35.42353],[-84.724994,35.40269],[-84.744097,35.362749],[-84.756253,35.345383],[-84.825717,35.301968],[-84.853502,35.24466],[-84.886498,35.194299]]}},{"type":"Feature","properties":{"name":"10","length_km":121},"geometry":{"type":"LineString","coordinates":[[-82.75396,30.265844],[-82.696652,30.248478],[-82.623715,30.241532],[-82.571617,30.243268],[-82.474368,30.258898],[-82.349333,30.257161],[-82.285079,30.245005],[-82.179147,30.276263],[-82.061058,30.295366],[-81.731105,30.321415],[-81.673798,30.317942]]}},{"type":"Feature","properties":{"name":"4","length_km":44},"geometry":{"type":"LineString","coordinates":[[-81.093775,29.147477],[-81.119824,29.133584],[-81.166712,29.098852],[-81.215337,29.043281],[-81.230966,29.015496],[-81.250069,28.961661],[-81.276118,28.918247],[-81.29522,28.869622],[-81.335162,28.815787],[-81.338862,28.809127]]}},{"type":"Feature","properties":{"name":"95","length_km":76},"geometry":{"type":"LineString","coordinates":[[-80.833286,28.447629],[-80.835023,28.471942],[-80.852389,28.529249],[-80.855862,28.609133],[-80.866281,28.675123],[-80.899277,28.770636],[-80.923589,28.874832],[-80.970477,28.958188],[-80.994789,29.039808],[-81.006946,29.06933],[-81.06599,29.133584],[-81.081619,29.159633]]}},{"type":"Feature","properties":{"name":"10","length_km":41},"geometry":{"type":"LineString","coordinates":[[-84.247431,30.503757],[-84.17623,30.503757],[-84.153655,30.488128],[-84.117186,30.482918],[-84.014727,30.496811],[-83.978259,30.496811],[-83.922688,30.479445],[-83.889692,30.475972]]}},{"type":"Feature","properties":{"name":"10","length_km":86},"geometry":{"type":"LineString","coordinates":[[-91.122608,30.390879],[-91.053145,30.363093],[-91.030569,30.345727],[-91.013203,30.317942],[-90.978471,30.241532],[-90.926373,30.185961],[-90.881222,30.168595],[-90.777026,30.149492],[-90.697143,30.126916],[-90.511327,30.10955],[-90.43839,30.088711]]}},{"type":"Feature","properties":{"name":"55","length_km":78},"geometry":{"type":"LineString","coordinates":[[-90.20916,32.280294],[-90.249101,32.207357],[-90.29078,32.144839],[-90.322038,32.063219],[-90.379346,31.964233],[-90.407132,31.906926],[-90.421024,31.861774],[-90.460966,31.660329],[-90.483542,31.580446],[-90.487015,31.537031]]}},{"type":"Feature","properties":{"name":"20","length_km":70},"geometry":{"type":"LineString","coordinates":[[-90.212633,32.275084],[-90.236945,32.28724],[-90.29078,32.304606],[-90.346351,32.339338],[-90.375873,32.35323],[-90.445337,32.367123],[-90.537376,32.36886],[-90.634625,32.35323],[-90.757924,32.365387],[-90.796129,32.356704],[-90.818704,32.342811]]}},{"type":"Feature","properties":{"name":"20","length_km":27},"geometry":{"type":"LineString","coordinates":[[-90.968052,32.316762],[-91.023623,32.335865],[-91.094823,32.344548],[-91.141711,32.365387],[-91.199019,32.396645]]}},{"type":"Feature","properties":{"name":"20","length_km":17},"geometry":{"type":"LineString","coordinates":[[-90.968052,32.316762],[-90.907271,32.316762],[-90.818704,32.342811]]}},{"type":"Feature","properties":{"name":"40","length_km":41},"geometry":{"type":"LineString","coordinates":[[-92.423318,35.107469],[-92.425054,34.991118],[-92.421581,34.959859],[-92.409425,34.935546],[-92.364273,34.86261],[-92.336488,34.834824],[-92.317385,34.820931],[-92.246185,34.800092],[-92.232292,34.78099]]}},{"type":"Feature","properties":{"name":"40","length_km":212},"geometry":{"type":"LineString","coordinates":[[-94.251952,35.48952],[-94.170332,35.49473],[-94.151229,35.501676],[-94.121707,35.520779],[-94.099131,35.527725],[-93.951521,35.525989],[-93.718817,35.513832],[-93.578153,35.482574],[-93.479167,35.470418],[-93.444435,35.459998],[-93.413177,35.440895],[-93.394074,35.421793],[-93.361079,35.374905],[-93.333293,35.354066],[-93.289878,35.34191],[-93.183946,35.329753],[-93.154424,35.314124],[-93.105799,35.277656],[-93.076277,35.263763],[-93.020706,35.253343],[-92.880042,35.246397],[-92.843574,35.230768],[-92.772373,35.183879],[-92.746324,35.171723],[-92.593504,35.166514],[-92.548353,35.150884],[-92.499728,35.123099],[-92.45284,35.123099],[-92.423318,35.107469]]}},{"type":"Feature","properties":{"name":"44","length_km":13},"geometry":{"type":"LineString","coordinates":[[-94.324889,35.472154],[-94.439504,35.466944]]}},{"type":"Feature","properties":{"name":"30","length_km":111},"geometry":{"type":"LineString","coordinates":[[-94.998687,33.171166],[-94.927487,33.195479],[-94.823291,33.266679],[-94.786823,33.285782],[-94.694783,33.308357],[-94.682627,33.318777],[-94.661788,33.348299],[-94.590588,33.39866],[-94.467289,33.464651],[-94.441241,33.475071],[-94.389143,33.469861],[-94.262371,33.473334],[-94.106078,33.450758],[-94.067873,33.454231]]}},{"type":"Feature","properties":{"name":"49","length_km":200},"geometry":{"type":"LineString","coordinates":[[-93.746603,32.497368],[-93.74313,32.403592],[-93.763969,32.302869],[-93.760495,32.259454],[-93.750076,32.243825],[-93.729237,32.231669],[-93.628514,32.144839],[-93.609412,32.11879],[-93.567733,32.049326],[-93.546894,32.023278],[-93.520845,32.004175],[-93.454855,31.97118],[-93.439225,31.957287],[-93.40623,31.913872],[-93.348923,31.887823],[-93.307244,31.863511],[-93.145741,31.736739],[-93.091907,31.648173],[-93.036336,31.606495],[-92.973818,31.538768],[-92.947769,31.524875],[-92.886988,31.505772],[-92.838364,31.474514],[-92.77932,31.457148],[-92.706383,31.401577],[-92.647338,31.368581],[-92.590031,31.346006],[-92.503201,31.32864],[-92.45284,31.297381],[-92.433737,31.290435]]}},{"type":"Feature","properties":{"name":"35","length_km":192},"geometry":{"type":"LineString","coordinates":[[-99.442633,27.766884],[-99.421794,27.772094],[-99.35754,28.015217],[-99.27592,28.300019],[-99.27071,28.319121],[-99.279393,28.346907],[-99.27071,28.386849],[-99.253344,28.430264],[-99.218612,28.489308],[-99.209929,28.51362],[-99.18909,28.593503],[-99.17867,28.680333],[-99.119626,28.852256],[-99.117889,28.897407],[-99.084894,28.952978],[-99.057109,29.015496],[-99.034533,29.038072],[-98.973752,29.067594],[-98.945967,29.086696],[-98.833088,29.196102],[-98.777517,29.239517],[-98.718473,29.267302],[-98.605594,29.302034],[-98.594284,29.307285]]}},{"type":"Feature","properties":{"name":"10","length_km":264},"geometry":{"type":"LineString","coordinates":[[-100.642619,30.578431],[-100.543634,30.571485],[-100.512375,30.562802],[-100.347398,30.481182],[-100.272725,30.448186],[-100.243203,30.44124],[-100.208471,30.444713],[-100.14248,30.458606],[-100.085173,30.479445],[-99.947982,30.510704],[-99.928879,30.51765],[-99.914986,30.529806],[-99.835103,30.540226],[-99.807317,30.535016],[-99.781269,30.52286],[-99.734381,30.488128],[-99.682283,30.423874],[-99.614555,30.390879],[-99.569404,30.328361],[-99.552038,30.309259],[-99.520779,30.28842],[-99.385325,30.210273],[-99.277656,30.177278],[-99.220349,30.13039],[-99.166514,30.102604],[-99.10747,30.078292],[-99.053635,30.069609],[-98.973752,30.031404],[-98.900815,29.987989],[-98.86261,29.932418],[-98.805302,29.88032],[-98.7862,29.849061],[-98.754941,29.821276],[-98.754941,29.7987],[-98.747995,29.786544],[-98.715,29.765705],[-98.668111,29.720553],[-98.614277,29.625041],[-98.602093,29.593227]]}},{"type":"Feature","properties":{"name":"35","length_km":40},"geometry":{"type":"LineString","coordinates":[[-97.157274,33.63831],[-97.172904,33.570583],[-97.164221,33.473334],[-97.18506,33.388241],[-97.18506,33.284045],[-97.171167,33.212845]]}},{"type":"Feature","properties":{"name":"35","length_km":74},"geometry":{"type":"LineString","coordinates":[[-97.186796,34.506608],[-97.146855,34.440617],[-97.136435,34.395466],[-97.155538,34.263484],[-97.153801,34.195757],[-97.136435,34.13324],[-97.139908,34.042937],[-97.132962,33.940478],[-97.141645,33.848438],[-97.136435,33.815443],[-97.141645,33.785921],[-97.139908,33.754662],[-97.152065,33.73556]]}},{"type":"Feature","properties":{"name":"35","length_km":91},"geometry":{"type":"LineString","coordinates":[[-97.49591,35.392271],[-97.494174,35.307178],[-97.475071,35.225558],[-97.475071,35.16304],[-97.459442,35.136991],[-97.398661,35.071001],[-97.376085,35.034532],[-97.369139,35.01022],[-97.363929,34.944229],[-97.355246,34.906024],[-97.303148,34.77578],[-97.25105,34.718472],[-97.235421,34.695896],[-97.207636,34.556969],[-97.197216,34.527447],[-97.18506,34.515291]]}},{"type":"Feature","properties":{"name":"35","length_km":47},"geometry":{"type":"LineString","coordinates":[[-97.310095,37.608165],[-97.322251,37.594273],[-97.327461,37.533492],[-97.317041,37.34594],[-97.334407,37.326837],[-97.33788,37.316418],[-97.336144,37.09066]]}},{"type":"Feature","properties":{"name":"35","length_km":8},"geometry":{"type":"LineString","coordinates":[[-97.336144,37.09066],[-97.34309,37.000357]]}},{"type":"Feature","properties":{"name":"25","length_km":146},"geometry":{"type":"LineString","coordinates":[[-106.336913,42.847471],[-106.342123,42.866574],[-106.331703,42.974242],[-106.336913,43.167004],[-106.354279,43.208683],[-106.397694,43.253834],[-106.408113,43.297249],[-106.406377,43.333717],[-106.387274,43.417074],[-106.387274,43.451806],[-106.39422,43.453542],[-106.402903,43.467435],[-106.413323,43.474382],[-106.441108,43.486538],[-106.493206,43.564685],[-106.56267,43.623729],[-106.626924,43.654987],[-106.64429,43.670617],[-106.64429,43.708822],[-106.613031,43.814754],[-106.618241,43.846013],[-106.640817,43.920686],[-106.6495,43.958891],[-106.647763,44.00057],[-106.635607,44.083926],[-106.635607,44.125605],[-106.680758,44.231537],[-106.687705,44.372201]]}},{"type":"Feature","properties":{"name":"25","length_km":129},"geometry":{"type":"LineString","coordinates":[[-105.202917,42.658182],[-105.241122,42.689441],[-105.258488,42.69986],[-105.327951,42.724173],[-105.409571,42.762378],[-105.472089,42.778007],[-105.538079,42.778007],[-105.558918,42.784954],[-105.624909,42.7919],[-105.781203,42.837051],[-105.998277,42.842261],[-106.151097,42.859627],[-106.279605,42.847471],[-106.336913,42.847471]]}},{"type":"Feature","properties":{"name":"80","length_km":134},"geometry":{"type":"MultiLineString","coordinates":[[[-104.852124,41.116086],[-104.761822,41.116086],[-104.723616,41.124769],[-104.659362,41.152555],[-104.619421,41.161238],[-104.503069,41.152555],[-104.240843,41.149082],[-104.124491,41.157765],[-104.096706,41.168184],[-104.093233,41.17513]],[[-104.093233,41.159501],[-104.061974,41.173394],[-104.00293,41.182077],[-103.742441,41.19597],[-103.659084,41.208126]]]}},{"type":"Feature","properties":{"name":"80","length_km":107},"geometry":{"type":"LineString","coordinates":[[-100.771127,41.102194],[-100.828435,41.107403],[-100.934367,41.133452],[-100.986465,41.136925],[-101.080241,41.138662],[-101.147968,41.133452],[-101.220905,41.140399],[-101.245218,41.135189],[-101.319891,41.10914],[-101.403248,41.10393],[-101.467502,41.095247],[-101.488341,41.096984],[-101.545649,41.116086],[-101.722781,41.11435]]}},{"type":"Feature","properties":{"name":"80","length_km":167},"geometry":{"type":"LineString","coordinates":[[-103.659084,41.208126],[-103.603513,41.222019],[-103.450693,41.235911],[-103.247511,41.220282],[-103.176311,41.206389],[-103.132896,41.192496],[-103.035647,41.126506],[-102.992232,41.10914],[-102.950554,41.105667],[-102.830728,41.107403],[-102.818572,41.10393],[-102.599761,41.112613],[-102.552873,41.10914],[-102.427839,41.069198],[-102.347955,41.050096],[-102.318433,41.046622],[-102.245496,41.044886],[-102.179506,41.025783]]}},{"type":"Feature","properties":{"name":"80","length_km":51},"geometry":{"type":"LineString","coordinates":[[-102.179506,41.025783],[-102.090939,41.050096],[-101.997163,41.069198],[-101.887758,41.083091],[-101.813084,41.10393],[-101.722781,41.107403]]}},{"type":"Feature","properties":{"name":"80","length_km":272},"geometry":{"type":"LineString","coordinates":[[-100.771127,41.102194],[-100.642619,41.096984],[-100.293564,40.980632],[-100.048704,40.883383],[-99.954928,40.839968],[-99.845523,40.77745],[-99.732644,40.742718],[-99.649287,40.702777],[-99.59198,40.687147],[-99.536409,40.683674],[-99.374905,40.687147],[-99.156095,40.666308],[-99.069265,40.668045],[-98.838298,40.707987],[-98.715,40.71667],[-98.569126,40.768767],[-98.487506,40.805236],[-98.466667,40.806972],[-98.457984,40.819129],[-98.386783,40.815655]]}},{"type":"Feature","properties":{"name":"76","length_km":119},"geometry":{"type":"LineString","coordinates":[[-103.178047,40.63505],[-103.066905,40.699304],[-102.973129,40.765294],[-102.941871,40.780924],[-102.637966,40.857334],[-102.459097,40.926797],[-102.32017,40.94069],[-102.23334,40.980632],[-102.165613,41.03273]]}},{"type":"Feature","properties":{"name":"76","length_km":220},"geometry":{"type":"LineString","coordinates":[[-104.982369,39.820587],[-104.88512,39.883104],[-104.817393,39.914363],[-104.662836,40.060237],[-104.595108,40.108861],[-104.520435,40.110598],[-104.456181,40.157486],[-104.421449,40.166169],[-104.3242,40.171379],[-104.193955,40.220004],[-104.164433,40.228686],[-104.06892,40.242579],[-104.028979,40.258209],[-103.933466,40.252999],[-103.903944,40.259945],[-103.874422,40.277311],[-103.858792,40.282521],[-103.629562,40.277311],[-103.587884,40.284258],[-103.549679,40.29815],[-103.450693,40.351985],[-103.36039,40.407556],[-103.27877,40.47181],[-103.184994,40.63505]]}},{"type":"Feature","properties":{"name":"25","length_km":252},"geometry":{"type":"LineString","coordinates":[[-104.414503,36.890952],[-104.431869,36.871849],[-104.447498,36.835381],[-104.438815,36.800649],[-104.444025,36.776337],[-104.492649,36.680824],[-104.503069,36.628726],[-104.530854,36.592258],[-104.539537,36.536687],[-104.555167,36.519321],[-104.591635,36.496745],[-104.607265,36.474169],[-104.612474,36.434228],[-104.607265,36.347398],[-104.62984,36.29009],[-104.666309,36.172002],[-104.681938,36.139006],[-104.690621,36.024391],[-104.72188,35.993133],[-104.867754,35.862888],[-104.935481,35.845522],[-104.963267,35.82121],[-104.980632,35.789951],[-105.018838,35.751746],[-105.079618,35.710068],[-105.176868,35.670126],[-105.294956,35.41311],[-105.319268,35.397481],[-105.44083,35.399217],[-105.479035,35.40269],[-105.550235,35.42353],[-105.579758,35.427003],[-105.640538,35.451315],[-105.677007,35.473891],[-105.696109,35.538145],[-105.710002,35.555511],[-105.742997,35.56593],[-105.765573,35.590243],[-105.774256,35.591979],[-105.784676,35.588506],[-105.788149,35.57114],[-105.814198,35.56072],[-105.819408,35.552038],[-105.852403,35.545091],[-105.876715,35.555511]]}},{"type":"Feature","properties":{"name":"25","length_km":213},"geometry":{"type":"LineString","coordinates":[[-106.901306,34.04641],[-106.885677,33.907483],[-106.890886,33.876224],[-106.903043,33.848438],[-106.925618,33.81718],[-106.97598,33.765082],[-107.125327,33.640047],[-107.161795,33.591422],[-107.213893,33.497646],[-107.288567,33.339616],[-107.28683,33.318777],[-107.259044,33.249313],[-107.255571,33.17464],[-107.265991,33.150327],[-107.29204,33.127752],[-107.309406,33.103439],[-107.321562,32.980141],[-107.318089,32.917624],[-107.309406,32.884628],[-107.293776,32.862053],[-107.28683,32.813428],[-107.175688,32.700549],[-107.153112,32.688393],[-107.121853,32.683183],[-107.061073,32.681447],[-106.984663,32.660608],[-106.949931,32.615456],[-106.899569,32.492158],[-106.868311,32.447007],[-106.791901,32.384489],[-106.769325,32.351494]]}},{"type":"Feature","properties":{"name":"84","length_km":146},"geometry":{"type":"LineString","coordinates":[[-114.443336,42.652972],[-114.464175,42.652972],[-114.481541,42.661655],[-114.523219,42.706807],[-114.554478,42.725909],[-114.66041,42.757168],[-114.721191,42.779744],[-114.769816,42.807529],[-114.868801,42.890886],[-114.90527,42.909988],[-114.959104,42.927354],[-115.023358,42.94472],[-115.075456,42.953403],[-115.115398,42.95514],[-115.198754,42.948193],[-115.289057,42.94993],[-115.381097,42.970769],[-115.433195,42.962086],[-115.490502,42.972506],[-115.532181,43.000291],[-115.575595,43.038496],[-115.594698,43.081911],[-115.632903,43.114907],[-115.657215,43.144429]]}},{"type":"Feature","properties":{"name":"29","length_km":91},"geometry":{"type":"LineString","coordinates":[[-97.094757,47.933956],[-97.094757,47.996474],[-97.141645,48.041625],[-97.164221,48.071147],[-97.171167,48.088513],[-97.192006,48.104143],[-97.195479,48.310797],[-97.192006,48.517452],[-97.17464,48.536555],[-97.176377,48.548711],[-97.188533,48.55392],[-97.192006,48.706741],[-97.198953,48.731053],[-97.238894,48.80399],[-97.237158,48.878664],[-97.252787,48.918605],[-97.25626,48.942918],[-97.245841,49.034957]]}},{"type":"Feature","properties":{"name":"95","length_km":133},"geometry":{"type":"LineString","coordinates":[[-67.829667,46.141791],[-67.965121,46.140054],[-68.06758,46.150474],[-68.209981,46.091429],[-68.274235,46.037595],[-68.288127,46.020229],[-68.300284,45.983761],[-68.31244,45.966395],[-68.39927,45.893458],[-68.425318,45.860462],[-68.432265,45.84136],[-68.432265,45.792735],[-68.435738,45.771896],[-68.489572,45.660754],[-68.539934,45.582607],[-68.545143,45.565241],[-68.545143,45.523563],[-68.581612,45.474938],[-68.593768,45.44889],[-68.604188,45.369006],[-68.61808,45.365533],[-68.630237,45.35685],[-68.671915,45.294333],[-68.682334,45.266547],[-68.685808,45.231815]]}},{"type":"Feature","properties":{"name":"95","length_km":37},"geometry":{"type":"LineString","coordinates":[[-68.774374,44.820242],[-68.717066,44.86713],[-68.711857,44.973063],[-68.703174,45.04079],[-68.708383,45.143249],[-68.685808,45.216186],[-68.685808,45.231815]]}},{"type":"Feature","properties":{"name":"87","length_km":155},"geometry":{"type":"LineString","coordinates":[[-73.456233,45.007795],[-73.464916,44.985219],[-73.454496,44.936594],[-73.459706,44.894916],[-73.44755,44.848028],[-73.452759,44.804613],[-73.445813,44.755988],[-73.451023,44.742096],[-73.475335,44.716047],[-73.506594,44.629217],[-73.510067,44.514602],[-73.499648,44.417352],[-73.501384,44.396513],[-73.567375,44.278425],[-73.570848,44.24543],[-73.562165,44.188122],[-73.583004,44.174229],[-73.586477,44.144707],[-73.67157,44.063087],[-73.723668,43.997097],[-73.742771,43.951945],[-73.761873,43.851223],[-73.812235,43.764393],[-73.822654,43.740081],[-73.822654,43.715768],[-73.813971,43.691456],[-73.75319,43.635885],[-73.732351,43.60289],[-73.730615,43.562948],[-73.744507,43.469172],[-73.708039,43.36324]]}},{"type":"Feature","properties":{"name":"75","length_km":62},"geometry":{"type":"LineString","coordinates":[[-84.384622,46.360602],[-84.388095,46.348445],[-84.405461,46.332816],[-84.492291,46.298084],[-84.533969,46.268562],[-84.549598,46.24425],[-84.563491,46.190415],[-84.575647,46.166103],[-84.636428,46.115742],[-84.749307,45.997653],[-84.761463,45.971604],[-84.761463,45.949029],[-84.751043,45.903877],[-84.735414,45.870882]]}},{"type":"Feature","properties":{"name":"10","length_km":183},"geometry":{"type":"LineString","coordinates":[[-104.826076,31.036892],[-104.8747,31.031682],[-104.947637,31.061204],[-105.053569,31.080307],[-105.215073,31.135878],[-105.383522,31.182766],[-105.432147,31.187976],[-105.482508,31.215761],[-105.498138,31.214024],[-105.531133,31.200132],[-105.584967,31.196659],[-105.640538,31.17061],[-105.671797,31.17061],[-105.713475,31.182766],[-105.795095,31.238337],[-105.800305,31.273069],[-105.807251,31.285225],[-105.840247,31.31301],[-105.883662,31.342532],[-105.916657,31.382474],[-106.008696,31.429362],[-106.116365,31.507509],[-106.189302,31.606495],[-106.275013,31.692206]]}},{"type":"Feature","properties":{"name":"90","length_km":145},"geometry":{"type":"MultiLineString","coordinates":[[[-107.184371,44.920965],[-107.068019,44.914018],[-107.033287,44.905335],[-107.005502,44.88797],[-106.979453,44.841081],[-106.942984,44.821979],[-106.915199,44.707364],[-106.87352,44.658739],[-106.847472,44.611851],[-106.847472,44.599695],[-106.817949,44.559753],[-106.805793,44.493763],[-106.753695,44.434718],[-106.687705,44.372201]],[[-107.436177,45.579134],[-107.424021,45.553085],[-107.391026,45.50967],[-107.380606,45.485358],[-107.35803,45.370743],[-107.344138,45.263074],[-107.347611,45.249181],[-107.364977,45.228342],[-107.36324,45.197083],[-107.377133,45.146722],[-107.371923,45.132829],[-107.345874,45.098097],[-107.338928,45.04079],[-107.307669,45.009531],[-107.28683,44.978272],[-107.269464,44.96438],[-107.232996,44.943541],[-107.179161,44.920965]]]}},{"type":"Feature","properties":{"name":"70","length_km":50},"geometry":{"type":"LineString","coordinates":[[-109.815312,38.940133],[-109.912561,38.922767],[-109.983761,38.921031],[-110.018493,38.93145],[-110.074064,38.974865],[-110.120952,38.995704],[-110.16784,39.000914],[-110.251197,38.988758]]}},{"type":"Feature","properties":{"name":"40","length_km":74},"geometry":{"type":"MultiLineString","coordinates":[[[-109.345059,35.213899],[-109.339485,35.215138],[-109.318646,35.230768],[-109.282177,35.267236],[-109.259601,35.281129],[-109.167562,35.289812],[-109.091152,35.322807],[-109.06163,35.343646]],[[-109.068576,35.340173],[-109.009532,35.383588],[-108.986956,35.409637],[-108.957434,35.453052],[-108.936595,35.470418],[-108.787248,35.519042],[-108.754252,35.522515]]]}},{"type":"Feature","properties":{"name":"40","length_km":97},"geometry":{"type":"LineString","coordinates":[[-110.160894,34.906024],[-110.129635,34.93902],[-110.084484,34.970278],[-110.02023,34.987644],[-109.877829,35.003274],[-109.855253,35.011957],[-109.778843,35.057108],[-109.68333,35.093577],[-109.598237,35.103996],[-109.52009,35.138728],[-109.44889,35.190826],[-109.345059,35.213899]]}},{"type":"Feature","properties":{"name":"40","length_km":262},"geometry":{"type":"LineString","coordinates":[[-108.754252,35.522515],[-108.73515,35.531198],[-108.702154,35.534672],[-108.606642,35.525989],[-108.556281,35.501676],[-108.48508,35.492993],[-108.453821,35.48431],[-108.372202,35.440895],[-108.33226,35.425266],[-108.219381,35.397481],[-108.09782,35.378378],[-108.037039,35.362749],[-108.004043,35.340173],[-107.993624,35.32107],[-107.981468,35.263763],[-107.913741,35.185616],[-107.891165,35.154357],[-107.856433,35.136991],[-107.826911,35.112679],[-107.800862,35.095313],[-107.743554,35.067528],[-107.68972,35.060581],[-107.654988,35.08142],[-107.627202,35.08663],[-107.533426,35.077947],[-107.514324,35.071001],[-107.493485,35.053635],[-107.486538,35.029323],[-107.462226,35.02064],[-107.408392,35.01543],[-107.36845,35.031059],[-107.351084,35.031059],[-107.338928,35.027586],[-107.331981,35.00501],[-107.312879,34.996327],[-107.208683,35.001537],[-107.184371,34.9998],[-107.146166,34.985908],[-107.121853,34.982435],[-107.094068,34.987644],[-107.050653,35.01022],[-106.974243,35.036269],[-106.758905,35.074474],[-106.691178,35.121362],[-106.637344,35.121362],[-106.586982,35.107469]]}},{"type":"Feature","properties":{"name":"94","length_km":181},"geometry":{"type":"LineString","coordinates":[[-104.78787,47.086498],[-104.775714,47.102127],[-104.765295,47.109074],[-104.676728,47.12644],[-104.654153,47.124703],[-104.562113,47.103864],[-104.39019,47.048293],[-104.336356,47.027454],[-104.298151,47.006615],[-104.164433,46.992722],[-104.141857,46.984039],[-104.086286,46.951044],[-104.044608,46.944097],[-104.028979,46.937151],[-104.00814,46.933678],[-103.766753,46.947571],[-103.732021,46.95799],[-103.617406,46.947571],[-103.587884,46.931941],[-103.532313,46.933678],[-103.398595,46.892],[-103.35518,46.888526],[-103.277033,46.897209],[-103.190204,46.897209]]}},{"type":"Feature","properties":{"name":"94","length_km":126},"geometry":{"type":"LineString","coordinates":[[-104.770505,47.091708],[-104.79829,47.062186],[-104.846915,46.989249],[-104.878173,46.961463],[-104.909432,46.947571],[-104.965003,46.937151],[-105.04315,46.900683],[-105.091775,46.885053],[-105.116087,46.865951],[-105.126506,46.846848],[-105.135189,46.839902],[-105.182077,46.820799],[-105.28801,46.786067],[-105.341844,46.761755],[-105.388732,46.732233],[-105.466879,46.666242],[-105.546762,46.619354],[-105.616226,46.56031],[-105.800305,46.450905]]}},{"type":"Feature","properties":{"name":"94","length_km":299},"geometry":{"type":"LineString","coordinates":[[-105.789885,46.463061],[-105.802042,46.443958],[-105.878452,46.376231],[-105.965282,46.329343],[-106.020853,46.31024],[-106.104209,46.313714],[-106.131995,46.31024],[-106.196249,46.278982],[-106.237927,46.266826],[-106.350806,46.265089],[-106.435899,46.256406],[-106.717227,46.254669],[-106.835315,46.247723],[-106.995082,46.259879],[-107.220839,46.252933],[-107.245152,46.237303],[-107.278147,46.181732],[-107.302459,46.16263],[-107.399709,46.15742],[-107.486538,46.141791],[-107.905058,46.001127],[-107.983204,45.971604],[-108.083927,45.943819],[-108.222854,45.919507],[-108.302738,45.884775],[-108.389567,45.83094]]}},{"type":"Feature","properties":{"name":"84","length_km":88},"geometry":{"type":"LineString","coordinates":[[-115.657215,43.144429],[-115.717996,43.172214],[-115.761411,43.186107],[-116.018427,43.404918],[-116.11394,43.474382],[-116.150408,43.514323],[-116.166038,43.569894],[-116.178194,43.583787],[-116.228555,43.59768],[-116.339697,43.601153]]}},{"type":"Feature","properties":{"name":"90","length_km":33},"geometry":{"type":"LineString","coordinates":[[-108.764672,45.669437],[-108.714311,45.685066],[-108.624008,45.730218],[-108.551071,45.75453],[-108.502446,45.780579],[-108.47987,45.796208]]}},{"type":"Feature","properties":{"name":"90","length_km":210},"geometry":{"type":"LineString","coordinates":[[-110.58115,45.641652],[-110.546418,45.655544],[-110.516896,45.679857],[-110.482164,45.698959],[-110.440486,45.714588],[-110.404017,45.714588],[-110.294612,45.693749],[-110.268563,45.692013],[-110.261616,45.721535],[-110.235567,45.738901],[-110.179996,45.75974],[-110.08101,45.777106],[-109.949029,45.83615],[-109.92298,45.839623],[-109.903878,45.83615],[-109.872619,45.823994],[-109.768423,45.747584],[-109.718062,45.725008],[-109.639915,45.709379],[-109.521827,45.707642],[-109.447153,45.681593],[-109.381163,45.685066],[-109.327328,45.653808],[-109.254392,45.641652],[-109.110254,45.5965],[-109.072049,45.5965],[-108.993902,45.615603],[-108.927912,45.624286],[-108.851502,45.650334],[-108.782038,45.662491],[-108.764672,45.669437]]}},{"type":"Feature","properties":{"name":"15","length_km":142},"geometry":{"type":"LineString","coordinates":[[-111.996474,46.591569],[-112.02947,46.753072],[-112.02947,46.78954],[-112.00863,46.79996],[-112.003421,46.819063],[-112.010367,46.838165],[-112.022523,46.855531],[-112.093723,46.869424],[-112.112826,46.879843],[-112.137138,46.911102],[-112.140612,46.926731],[-112.138875,46.944097],[-112.102406,46.96841],[-112.09025,47.001405],[-112.081567,47.010088],[-111.999947,47.051766],[-111.951323,47.088235],[-111.933957,47.11602],[-111.86623,47.13165],[-111.8506,47.138596],[-111.791556,47.20806],[-111.718619,47.249738],[-111.680414,47.307046],[-111.586638,47.364353],[-111.53454,47.419924],[-111.499808,47.43729],[-111.364354,47.468549],[-111.352198,47.475495],[-111.343515,47.485915],[-111.334832,47.517174]]}},{"type":"Feature","properties":{"name":"90","length_km":57},"geometry":{"type":"LineString","coordinates":[[-112.649434,46.008073],[-112.699795,46.016756],[-112.717161,46.023702],[-112.777942,46.068854],[-112.797044,46.100112],[-112.793571,46.145264],[-112.751893,46.252933],[-112.74842,46.353655],[-112.725844,46.412699],[-112.720634,46.452641],[-112.724107,46.47348],[-112.73279,46.492583],[-112.757103,46.503002],[-112.784888,46.522105]]}},{"type":"Feature","properties":{"name":"15","length_km":173},"geometry":{"type":"LineString","coordinates":[[-112.649434,46.008073],[-112.673746,45.936873],[-112.685902,45.817048],[-112.717161,45.775369],[-112.724107,45.75974],[-112.720634,45.738901],[-112.680692,45.664227],[-112.675483,45.603446],[-112.678956,45.579134],[-112.705005,45.547875],[-112.711951,45.532246],[-112.720634,45.440207],[-112.710215,45.384636],[-112.65117,45.28565],[-112.640751,45.249181],[-112.637278,45.224869],[-112.649434,45.209239],[-112.708478,45.165825],[-112.73279,45.138039],[-112.826566,45.051209],[-112.850879,45.011268],[-112.856088,44.981746],[-112.838723,44.955697],[-112.823093,44.875813],[-112.767522,44.802876],[-112.739737,44.757725],[-112.692849,44.71431],[-112.548711,44.610114],[-112.49835,44.603168],[-112.447989,44.591012],[-112.406311,44.589275],[-112.350739,44.570173],[-112.328164,44.568436]]}},{"type":"Feature","properties":{"name":"15","length_km":66},"geometry":{"type":"LineString","coordinates":[[-112.322954,44.564963],[-112.307325,44.558017],[-112.272593,44.533704],[-112.243071,44.500709],[-112.210075,44.443401],[-112.196183,44.396513],[-112.196183,44.332259],[-112.232651,44.215907],[-112.241334,44.130814],[-112.237861,44.073507],[-112.222231,43.948472],[-112.211812,43.891164],[-112.194446,43.840803]]}},{"type":"Feature","properties":{"name":"15","length_km":28},"geometry":{"type":"LineString","coordinates":[[-112.359422,43.203473],[-112.387208,43.167004],[-112.418467,43.109697],[-112.432359,43.02634],[-112.454935,42.986399],[-112.468828,42.94472],[-112.470565,42.927354],[-112.467091,42.913462]]}},{"type":"Feature","properties":{"name":"70","length_km":289},"geometry":{"type":"LineString","coordinates":[[-110.251197,38.988758],[-110.33108,38.94187],[-110.371022,38.927977],[-110.435276,38.921031],[-110.466534,38.933187],[-110.468271,38.940133],[-110.4839,38.940133],[-110.520369,38.905401],[-110.648877,38.889772],[-110.667979,38.872406],[-110.692292,38.867196],[-110.746126,38.87067],[-110.798224,38.861987],[-110.819063,38.867196],[-110.839902,38.86546],[-110.848585,38.87067],[-110.862478,38.863723],[-110.871161,38.853304],[-110.898946,38.846357],[-110.921522,38.856777],[-110.970147,38.842884],[-111.039611,38.848094],[-111.105601,38.835938],[-111.112548,38.828991],[-111.13686,38.825518],[-111.145543,38.818572],[-111.168119,38.811625],[-111.244529,38.809889],[-111.270578,38.794259],[-111.291417,38.790786],[-111.3001,38.782103],[-111.310519,38.776893],[-111.416452,38.754318],[-111.449447,38.754318],[-111.475496,38.764737],[-111.491125,38.782103],[-111.52933,38.808152],[-111.536277,38.848094],[-111.551906,38.872406],[-111.560589,38.877616],[-111.604004,38.884562],[-111.628316,38.898455],[-111.635263,38.905401],[-111.647419,38.898455],[-111.675204,38.903665],[-111.786346,38.933187],[-111.807185,38.934924],[-111.815868,38.927977],[-111.826288,38.926241],[-111.859283,38.933187],[-111.892279,38.907138],[-111.888805,38.896719],[-111.913118,38.886299],[-111.975635,38.872406],[-112.005157,38.858513],[-112.09546,38.787313],[-112.104143,38.756054],[-112.142348,38.698747],[-112.170134,38.665751],[-112.222231,38.636229],[-112.230914,38.622337],[-112.241334,38.591078],[-112.251754,38.584132],[-112.277803,38.578922],[-112.456672,38.573712],[-112.479247,38.580658],[-112.49835,38.592814],[-112.507033,38.606707],[-112.557394,38.608444],[-112.614702,38.577185]]}},{"type":"Feature","properties":{"name":"15","length_km":164},"geometry":{"type":"LineString","coordinates":[[-114.90006,36.385603],[-114.874011,36.413388],[-114.854909,36.455067],[-114.835806,36.474169],[-114.808021,36.491535],[-114.759396,36.507164],[-114.714245,36.53495],[-114.698615,36.550579],[-114.6552,36.576628],[-114.597893,36.635672],[-114.577054,36.651302],[-114.518009,36.666931],[-114.493697,36.69819],[-114.453755,36.729449],[-114.302672,36.783283],[-114.266203,36.78502],[-114.221052,36.76939],[-114.19153,36.767654],[-114.148115,36.778073],[-114.122066,36.800649],[-114.108173,36.807595],[-114.040446,36.812805],[-113.962299,36.878796],[-113.908465,36.897898],[-113.877206,36.917001],[-113.840738,36.920474],[-113.819898,36.944786],[-113.785167,36.953469],[-113.764327,36.970835],[-113.740015,36.976045],[-113.661868,36.974308],[-113.63061,36.986465],[-113.606297,37.01946],[-113.599351,37.047245]]}},{"type":"Feature","properties":{"name":"15","length_km":19},"geometry":{"type":"LineString","coordinates":[[-114.893114,36.385603],[-114.91048,36.340451],[-114.926109,36.323085],[-114.955631,36.307456],[-115.014675,36.288354],[-115.026333,36.283408]]}},{"type":"Feature","properties":{"name":"40","length_km":94},"geometry":{"type":"LineString","coordinates":[[-114.59442,34.813985],[-114.57358,34.761887],[-114.547532,34.734102],[-114.5128,34.713262],[-114.474595,34.718472],[-114.241891,34.739311],[-114.18632,34.772307],[-114.160271,34.796619],[-114.146378,34.817458],[-114.142905,34.843507],[-114.153325,34.895605],[-114.153325,34.919917],[-114.115119,35.110943],[-114.102963,35.133518],[-114.075178,35.171723],[-114.068231,35.197772]]}},{"type":"Feature","properties":{"name":"40","length_km":43},"geometry":{"type":"LineString","coordinates":[[-114.071705,35.194299],[-114.040446,35.211665],[-113.997031,35.215138],[-113.913675,35.199509],[-113.832055,35.194299],[-113.77301,35.17346],[-113.69139,35.161304]]}},{"type":"Feature","properties":{"name":"8","length_km":211},"geometry":{"type":"LineString","coordinates":[[-114.604839,32.698813],[-114.59442,32.681447],[-114.563161,32.672764],[-114.434653,32.669291],[-114.398184,32.664081],[-114.309618,32.669291],[-114.217579,32.653661],[-114.167217,32.655398],[-114.085597,32.671027],[-114.02829,32.688393],[-113.95188,32.702286],[-113.887626,32.704023],[-113.812952,32.716179],[-113.750435,32.719652],[-113.727859,32.733545],[-113.674024,32.750911],[-113.53336,32.808218],[-113.484736,32.822111],[-113.413535,32.836004],[-113.177358,32.865526],[-112.962021,32.915887],[-112.744946,32.945409]]}},{"type":"Feature","properties":{"name":"40","length_km":255},"geometry":{"type":"LineString","coordinates":[[-114.75245,34.879975],[-114.759396,34.876502],[-114.794128,34.879975],[-114.877484,34.859136],[-114.922636,34.859136],[-115.030305,34.827878],[-115.38978,34.794882],[-115.427985,34.786199],[-115.535654,34.741048],[-115.587752,34.728892],[-115.737099,34.714999],[-115.790933,34.716736],[-115.882973,34.737575],[-115.921178,34.728892],[-116.006271,34.720209],[-116.030583,34.713262],[-116.077471,34.728892],[-116.192086,34.727155],[-116.25634,34.730628],[-116.304965,34.739311],[-116.365746,34.774043],[-116.601923,34.820931],[-116.68007,34.829614],[-116.763426,34.845244],[-116.940559,34.86261],[-117.008286,34.886922]]}},{"type":"Feature","properties":{"name":"15","length_km":197},"geometry":{"type":"LineString","coordinates":[[-116.98571,34.919917],[-116.963134,34.904288],[-116.907563,34.899078],[-116.831153,34.911234],[-116.768636,34.914707],[-116.735641,34.926864],[-116.641864,34.975488],[-116.549825,35.008483],[-116.495991,35.032796],[-116.456049,35.041479],[-116.367483,35.088367],[-116.294546,35.095313],[-116.25634,35.103996],[-116.226818,35.124835],[-116.155618,35.189089],[-116.120886,35.201245],[-116.087891,35.251607],[-115.95591,35.34191],[-115.909022,35.367959],[-115.586015,35.472154],[-115.469663,35.459998],[-115.450561,35.468681],[-115.421039,35.531198],[-115.393253,35.611082]]}},{"type":"Feature","properties":{"name":"40","length_km":141},"geometry":{"type":"LineString","coordinates":[[-113.69139,35.161304],[-113.585458,35.157831],[-113.554199,35.161304],[-113.46737,35.187353],[-113.387486,35.183879],[-113.342335,35.187353],[-113.241612,35.230768],[-113.163466,35.248133],[-113.088792,35.284602],[-113.021065,35.291548],[-112.963757,35.314124],[-112.918606,35.322807],[-112.859562,35.317597],[-112.83004,35.298495],[-112.797044,35.286339],[-112.729317,35.270709],[-112.632068,35.237714],[-112.534818,35.223821],[-112.482721,35.225558],[-112.456701,35.22277]]}},{"type":"Feature","properties":{"name":"5","length_km":64},"geometry":{"type":"LineString","coordinates":[[-117.734182,33.64352],[-117.668192,33.591422],[-117.666455,33.579266],[-117.671665,33.539325],[-117.654299,33.487227],[-117.631723,33.452495],[-117.595255,33.417763],[-117.504952,33.355245],[-117.4598,33.31704],[-117.412912,33.264943],[-117.343449,33.176376]]}},{"type":"Feature","properties":{"name":"5","length_km":45},"geometry":{"type":"LineString","coordinates":[[-117.343449,33.176376],[-117.265302,33.028766],[-117.244463,32.950619],[-117.22015,32.91936],[-117.14374,32.785643],[-117.131584,32.77175]]}},{"type":"Feature","properties":{"name":"90","length_km":71},"geometry":{"type":"LineString","coordinates":[[-116.798158,47.706462],[-116.820734,47.704726],[-116.834626,47.716882],[-116.843309,47.718619],[-116.886724,47.716882],[-116.968344,47.723828],[-117.044754,47.701253],[-117.041281,47.697779],[-117.093379,47.680413],[-117.135057,47.673467],[-117.204521,47.647418],[-117.268775,47.649155],[-117.341712,47.630052],[-117.372971,47.628316],[-117.419859,47.635262]]}},{"type":"Feature","properties":{"name":"90","length_km":112},"geometry":{"type":"LineString","coordinates":[[-117.47022,47.636999],[-117.522318,47.616159],[-117.569206,47.588374],[-117.662982,47.520647],[-117.843588,47.407768],[-117.942574,47.317465],[-118.012038,47.301836],[-118.064135,47.265367],[-118.229112,47.211533],[-118.263844,47.190694],[-118.350673,47.128176],[-118.369776,47.12123],[-118.401035,47.11602]]}},{"type":"Feature","properties":{"name":"80","length_km":152},"geometry":{"type":"LineString","coordinates":[[-117.744602,40.966739],[-117.765441,40.944163],[-117.939101,40.8747],[-117.987725,40.806972],[-118.02593,40.735772],[-118.064135,40.694094],[-118.097131,40.676728],[-118.145755,40.664572],[-118.230848,40.626367],[-118.260371,40.605527],[-118.277736,40.567322],[-118.289893,40.523908],[-118.286419,40.402346],[-118.310732,40.336355],[-118.340254,40.31378],[-118.414927,40.225213],[-118.472235,40.167906],[-118.508704,40.141857],[-118.616372,40.089759],[-118.644158,40.072393],[-118.666734,40.041134],[-118.687573,39.973407],[-118.703202,39.952568],[-118.74488,39.938675]]}},{"type":"Feature","properties":{"name":"80","length_km":333},"geometry":{"type":"LineString","coordinates":[[-114.955631,41.100457],[-115.009466,41.112613],[-115.0633,41.10914],[-115.108452,41.093511],[-115.151866,41.086564],[-115.273428,41.083091],[-115.400199,41.029257],[-115.419302,41.011891],[-115.445351,40.968476],[-115.46619,40.954583],[-115.509605,40.949373],[-115.601644,40.95632],[-115.643323,40.95111],[-115.679791,40.937217],[-115.752728,40.85907],[-115.856924,40.800026],[-115.942017,40.763558],[-115.973276,40.725353],[-115.987168,40.718406],[-115.997588,40.718406],[-116.011481,40.730562],[-116.041003,40.739245],[-116.093101,40.727089],[-116.139989,40.71667],[-116.232028,40.669781],[-116.33796,40.640259],[-116.393531,40.655889],[-116.436946,40.659362],[-116.483834,40.690621],[-116.561981,40.694094],[-116.622762,40.678464],[-116.681806,40.678464],[-116.733904,40.666308],[-116.759953,40.654152],[-116.799895,40.617684],[-116.843309,40.607264],[-116.902354,40.610737],[-116.935349,40.62463],[-117.070803,40.742718],[-117.173262,40.822602],[-117.30177,40.907695],[-117.341712,40.918115],[-117.400756,40.918115],[-117.466747,40.932007],[-117.524054,40.965003],[-117.560523,41.006681],[-117.586572,41.0171],[-117.643879,41.006681],[-117.695977,40.989315],[-117.746339,40.965003]]}},{"type":"Feature","properties":{"name":"80","length_km":63},"geometry":{"type":"LineString","coordinates":[[-119.243283,39.603512],[-119.217234,39.612195],[-119.149507,39.662557],[-119.033155,39.777172],[-118.986267,39.817114],[-118.951535,39.837953],[-118.856022,39.881368],[-118.767456,39.931729],[-118.74488,39.938675]]}},{"type":"Feature","properties":{"name":"84","length_km":269},"geometry":{"type":"LineString","coordinates":[[-118.803925,45.662491],[-118.788295,45.659017],[-118.75009,45.664227],[-118.711885,45.659017],[-118.638948,45.603446],[-118.590323,45.582607],[-118.475708,45.5965],[-118.453133,45.579134],[-118.461815,45.544402],[-118.411454,45.492304],[-118.3472,45.414158],[-118.312468,45.384636],[-118.277736,45.369006],[-118.180487,45.339484],[-118.10755,45.348167],[-118.076292,45.341221],[-118.053716,45.329065],[-118.034613,45.304752],[-118.018984,45.263074],[-118.015511,45.243971],[-118.022457,45.217922],[-118.02072,45.205766],[-118.013774,45.197083],[-117.965149,45.171034],[-117.95994,45.160615],[-117.965149,45.132829],[-117.94431,45.059892],[-117.921735,45.014741],[-117.815802,44.914018],[-117.808856,44.761198],[-117.805383,44.750779],[-117.774124,44.72473],[-117.661245,44.677842],[-117.522318,44.64311],[-117.452854,44.587539],[-117.421595,44.56149],[-117.404229,44.535441],[-117.372971,44.516338],[-117.331292,44.465977],[-117.303507,44.415616],[-117.289614,44.346152],[-117.268775,44.320103],[-117.223624,44.295791],[-117.150687,44.214171],[-117.128111,44.167283],[-117.112482,44.146444],[-117.039545,44.096082],[-116.952715,44.024882]]}},{"type":"Feature","properties":{"name":"90","length_km":143},"geometry":{"type":"LineString","coordinates":[[-112.781415,46.523842],[-112.840459,46.527315],[-112.880401,46.553364],[-112.909923,46.584622],[-112.930762,46.596778],[-113.099212,46.63151],[-113.137417,46.65235],[-113.173885,46.657559],[-113.248559,46.706184],[-113.279818,46.721813],[-113.305866,46.72355],[-113.37012,46.704447],[-113.443057,46.697501],[-113.476053,46.702711],[-113.522941,46.72876],[-113.552463,46.735706],[-113.665342,46.732233],[-113.6966,46.749599],[-113.724386,46.787804],[-113.753908,46.81038],[-113.797323,46.815589],[-113.840738,46.829482],[-113.866786,46.860741],[-113.885889,46.874634],[-113.906728,46.878107],[-113.953616,46.862477],[-114.003977,46.864214]]}},{"type":"Feature","properties":{"name":"90","length_km":17},"geometry":{"type":"LineString","coordinates":[[-114.142905,46.95278],[-114.118593,46.937151],[-114.040446,46.902419],[-114.007451,46.864214]]}},{"type":"Feature","properties":{"name":"90","length_km":183},"geometry":{"type":"LineString","coordinates":[[-115.683264,47.45292],[-115.667635,47.433817],[-115.632903,47.418188],[-115.561703,47.423397],[-115.360258,47.378246],[-115.309896,47.359143],[-115.23175,47.312255],[-115.203964,47.300099],[-115.179652,47.296626],[-115.110188,47.300099],[-115.080666,47.293153],[-115.0633,47.280997],[-115.045934,47.248001],[-115.035515,47.235845],[-114.985153,47.235845],[-114.955631,47.228899],[-114.865328,47.183747],[-114.788918,47.12644],[-114.745503,47.05003],[-114.722928,47.030927],[-114.662147,47.022244],[-114.649991,47.011825],[-114.570107,47.006615],[-114.531902,47.020508],[-114.476331,46.999668],[-114.441599,47.001405],[-114.368662,47.04482],[-114.316564,47.04482],[-114.278359,47.0344],[-114.188056,46.997932],[-114.158534,46.977093],[-114.142905,46.95278]]}},{"type":"Feature","properties":{"name":"90","length_km":128},"geometry":{"type":"LineString","coordinates":[[-116.798158,47.689096],[-116.772109,47.68215],[-116.721748,47.645682],[-116.687016,47.631789],[-116.643601,47.623106],[-116.525513,47.619633],[-116.471678,47.591847],[-116.426527,47.581428],[-116.414371,47.572745],[-116.398741,47.571008],[-116.377902,47.553642],[-116.367483,47.550169],[-116.301492,47.557115],[-116.254604,47.551905],[-116.110467,47.548432],[-116.03232,47.525857],[-115.94028,47.485915],[-115.893392,47.472022],[-115.837821,47.465076],[-115.740572,47.468549],[-115.667635,47.45292]]}},{"type":"Feature","properties":{"name":"90","length_km":242},"geometry":{"type":"LineString","coordinates":[[-118.401035,47.11602],[-118.647631,47.091708],[-118.805661,47.088235],[-118.939379,47.077815],[-119.125195,47.093445],[-119.371791,47.095181],[-119.590602,47.11602],[-119.684378,47.11081],[-119.847618,47.088235],[-119.891033,47.069132],[-119.911872,47.03961],[-119.950077,47.020508],[-119.944867,46.964937],[-119.95876,46.942361],[-119.967443,46.933678],[-119.981336,46.928468],[-120.028224,46.926731],[-120.113317,46.942361],[-120.200147,46.944097],[-120.389435,46.975356],[-120.44327,46.977093],[-120.507524,46.970146]]}},{"type":"Feature","properties":{"name":"5","length_km":57},"geometry":{"type":"LineString","coordinates":[[-121.506066,38.568502],[-121.502592,38.599761],[-121.537324,38.664015],[-121.568583,38.670961],[-121.73356,38.670961],[-121.749189,38.683117],[-121.757872,38.698747],[-121.785657,38.703957],[-121.926353,38.832786]]}},{"type":"Feature","properties":{"name":"5","length_km":89},"geometry":{"type":"LineString","coordinates":[[-122.146869,39.1711],[-122.172918,39.214515],[-122.19202,39.325657],[-122.195494,39.485424],[-122.209386,39.511473],[-122.214596,39.532312],[-122.204177,39.643454],[-122.20765,39.735494],[-122.198967,39.952568],[-122.219806,40.098442],[-122.219806,40.173115],[-122.223279,40.181798]]}},{"type":"Feature","properties":{"name":"80","length_km":25},"geometry":{"type":"LineString","coordinates":[[-119.998702,39.49758],[-119.996965,39.511473],[-119.981336,39.520156],[-119.932711,39.514946],[-119.875403,39.521893],[-119.809413,39.537522],[-119.783364,39.532312]]}},{"type":"Feature","properties":{"name":"80","length_km":171},"geometry":{"type":"LineString","coordinates":[[-121.259469,38.754318],[-121.150064,38.846357],[-121.130961,38.86546],[-121.132698,38.872406],[-121.127488,38.881089],[-121.07018,38.901928],[-121.049341,38.943607],[-121.021556,38.971392],[-120.969458,39.044329],[-120.964248,39.075588],[-120.939936,39.131159],[-120.794062,39.202359],[-120.733281,39.26314],[-120.696813,39.290925],[-120.629085,39.306555],[-120.573514,39.329131],[-120.563095,39.327394],[-120.528363,39.304818],[-120.462372,39.313501],[-120.420694,39.327394],[-120.375543,39.329131],[-120.335601,39.34476],[-120.304342,39.337814],[-120.293923,39.329131],[-120.20362,39.325657],[-120.186254,39.329131],[-120.151522,39.348233],[-120.099424,39.384702],[-120.082058,39.386438],[-120.054273,39.374282],[-120.03517,39.372545],[-120.023014,39.381228],[-120.021277,39.388175],[-120.021277,39.396858],[-120.031697,39.414224],[-120.02996,39.429853],[-120.005648,39.450692],[-119.996965,39.481951],[-119.996965,39.499317]]}},{"type":"Feature","properties":{"name":"95","length_km":5},"geometry":{"type":"LineString","coordinates":[[-67.781042,46.141791],[-67.829667,46.141791]]}},{"type":"Feature","properties":{"name":"5","length_km":14},"geometry":{"type":"LineString","coordinates":[[-122.190284,47.975635],[-122.221543,47.902698],[-122.266694,47.831497]]}},{"type":"Feature","properties":{"name":"5","length_km":22},"geometry":{"type":"LineString","coordinates":[[-122.321828,47.591552],[-122.324002,47.649155],[-122.320528,47.68215],[-122.330948,47.704726],[-122.322265,47.727301],[-122.329211,47.749877],[-122.308372,47.803712],[-122.266694,47.831497]]}},{"type":"Feature","properties":{"name":"5","length_km":33},"geometry":{"type":"LineString","coordinates":[[-122.459456,47.225426],[-122.363943,47.235845],[-122.332685,47.249738],[-122.297953,47.312255],[-122.28927,47.369563],[-122.291006,47.412978],[-122.285797,47.421661],[-122.27364,47.428607],[-122.271904,47.461603]]}},{"type":"Feature","properties":{"name":"5","length_km":5},"geometry":{"type":"LineString","coordinates":[[-122.478559,47.162908],[-122.468139,47.176801],[-122.461193,47.19243],[-122.459456,47.225426]]}},{"type":"Feature","properties":{"name":"5","length_km":49},"geometry":{"type":"LineString","coordinates":[[-122.478559,47.162908],[-122.586227,47.105601],[-122.723418,47.069132],[-122.8554,47.04482],[-122.907497,47.029191]]}},{"type":"Feature","properties":{"name":"15","length_km":41},"geometry":{"type":"LineString","coordinates":[[-111.958269,49.000225],[-111.939167,48.937708],[-111.920064,48.897766],[-111.86623,48.840459],[-111.862756,48.538291],[-111.86623,48.524398],[-111.878386,48.508769]]}},{"type":"Feature","properties":{"name":"90","length_km":3},"geometry":{"type":"LineString","coordinates":[[-117.442435,47.638735],[-117.461537,47.640472],[-117.47022,47.636999]]}},{"type":"Feature","properties":{"name":"90","length_km":3},"geometry":{"type":"LineString","coordinates":[[-117.419859,47.635262],[-117.442435,47.638735]]}},{"type":"Feature","properties":{"name":"5","length_km":47},"geometry":{"type":"LineString","coordinates":[[-122.874502,46.54989],[-122.883185,46.574203],[-122.902288,46.596778],[-122.976961,46.661032],[-122.971751,46.71313],[-122.976961,46.747862],[-123.00301,46.791277],[-122.937019,46.959727],[-122.905761,47.029191]]}},{"type":"Feature","properties":{"name":"90","length_km":161},"geometry":{"type":"LineString","coordinates":[[-121.864786,47.508993],[-121.844702,47.508491],[-121.820389,47.498071],[-121.79434,47.477232],[-121.719667,47.463339],[-121.697091,47.444237],[-121.63631,47.439027],[-121.533851,47.397349],[-121.457441,47.402558],[-121.440075,47.421661],[-121.422709,47.421661],[-121.389714,47.392139],[-121.358455,47.345251],[-121.294201,47.300099],[-121.269889,47.27405],[-121.23342,47.272314],[-121.195215,47.254948],[-121.160483,47.221953],[-121.092756,47.209796],[-121.042395,47.185484],[-121.014609,47.19243],[-120.992034,47.19243],[-120.972931,47.201113],[-120.943409,47.204587],[-120.931253,47.20285],[-120.891311,47.175064],[-120.828794,47.152489],[-120.729808,47.070869],[-120.702022,47.065659],[-120.642978,47.043083],[-120.549202,46.970146],[-120.512734,46.970146]]}},{"type":"Feature","properties":{"name":"95","length_km":141},"geometry":{"type":"LineString","coordinates":[[-69.818067,44.219381],[-69.811121,44.247166],[-69.816331,44.30621],[-69.812857,44.333996],[-69.800701,44.351362],[-69.738184,44.406933],[-69.710398,44.448611],[-69.680876,44.533704],[-69.66351,44.564963],[-69.613149,44.601431],[-69.529793,44.646583],[-69.465539,44.691734],[-69.41865,44.769881],[-69.385655,44.797667],[-69.317928,44.823716],[-69.283196,44.823716],[-69.158161,44.788984],[-69.047019,44.780301],[-68.942824,44.766408],[-68.890726,44.766408],[-68.843838,44.782037],[-68.831682,44.792457],[-68.821262,44.815033],[-68.809106,44.825452],[-68.777847,44.828925]]}},{"type":"Feature","properties":{"name":"82","length_km":30},"geometry":{"type":"LineString","coordinates":[[-120.307815,46.419646],[-120.340811,46.423119],[-120.349494,46.442222],[-120.391172,46.47348],[-120.43806,46.497793],[-120.471055,46.522105],[-120.474529,46.563783],[-120.483211,46.598515],[-120.507524,46.628037]]}},{"type":"Feature","properties":{"name":"15","length_km":93},"geometry":{"type":"LineString","coordinates":[[-111.878386,48.508769],[-111.897488,48.41673],[-111.918327,48.385471],[-111.93222,48.342056],[-111.928747,48.203128],[-111.914854,48.151031],[-111.862756,48.069411],[-111.824551,48.019049],[-111.737722,47.946112],[-111.715146,47.918327],[-111.704726,47.854073],[-111.668258,47.817604],[-111.668258,47.755087],[-111.663048,47.720355],[-111.643946,47.69257],[-111.588375,47.636999],[-111.548433,47.577954],[-111.52933,47.558852]]}},{"type":"Feature","properties":{"name":"15","length_km":22},"geometry":{"type":"LineString","coordinates":[[-111.52933,47.558852],[-111.454657,47.551905],[-111.334832,47.517174]]}},{"type":"Feature","properties":{"name":"5","length_km":78},"geometry":{"type":"LineString","coordinates":[[-122.645272,45.716325],[-122.667847,45.773633],[-122.718209,45.876092],[-122.756414,45.924716],[-122.791146,45.954239],[-122.824141,45.975078],[-122.851926,46.015019],[-122.874502,46.093166],[-122.897078,46.145264],[-122.898814,46.176523],[-122.884922,46.218201],[-122.881448,46.245986],[-122.912707,46.303294],[-122.904024,46.379704],[-122.890131,46.416173],[-122.874502,46.4839],[-122.874502,46.54989]]}},{"type":"Feature","properties":{"name":"91","length_km":70},"geometry":{"type":"LineString","coordinates":[[-72.089533,45.004321],[-72.153787,44.950487],[-72.172889,44.929648],[-72.178099,44.87755],[-72.193728,44.837608],[-72.214568,44.808086],[-72.219777,44.792457],[-72.218041,44.773354],[-72.191992,44.749042],[-72.181572,44.716047],[-72.14684,44.696944],[-72.132948,44.6379],[-72.119055,44.615324],[-72.093006,44.596222],[-72.046118,44.575382],[-72.032225,44.554543],[-71.997493,44.525021],[-72.040908,44.486816],[-72.044381,44.478133],[-72.046118,44.459031],[-72.040908,44.436455],[-72.028752,44.417352]]}},{"type":"Feature","properties":{"name":"5","length_km":8},"geometry":{"type":"LineString","coordinates":[[-122.645272,45.716325],[-122.662638,45.676383],[-122.664374,45.662491],[-122.662638,45.629495],[-122.666111,45.617339]]}},{"type":"Feature","properties":{"name":"82","length_km":129},"geometry":{"type":"LineString","coordinates":[[-119.201605,46.16263],[-119.22418,46.176523],[-119.271069,46.195625],[-119.32143,46.199098],[-119.338796,46.207781],[-119.366581,46.252933],[-119.40305,46.265089],[-119.434308,46.259879],[-119.455148,46.247723],[-119.508982,46.254669],[-119.54545,46.265089],[-119.571499,46.263352],[-119.602758,46.254669],[-119.651383,46.232094],[-119.7139,46.218201],[-119.746895,46.219937],[-119.842408,46.23904],[-119.939657,46.270299],[-119.960497,46.296348],[-119.996965,46.31024],[-120.04038,46.311977],[-120.075112,46.329343],[-120.151522,46.341499],[-120.19841,46.358865],[-120.247035,46.398807],[-120.309552,46.419646]]}},{"type":"Feature","properties":{"name":"93","length_km":18},"geometry":{"type":"LineString","coordinates":[[-71.898507,44.335732],[-71.901981,44.356572],[-71.921083,44.389567],[-71.924556,44.408669],[-71.940186,44.424299],[-71.981864,44.412143],[-72.025279,44.413879]]}},{"type":"Feature","properties":{"name":"5","length_km":8},"geometry":{"type":"LineString","coordinates":[[-122.666111,45.617339],[-122.673057,45.593027],[-122.669584,45.546139],[-122.67653,45.516617]]}},{"type":"Feature","properties":{"name":"84","length_km":0},"geometry":{"type":"LineString","coordinates":[[-122.556705,45.535719],[-122.556705,45.530509]]}},{"type":"Feature","properties":{"name":"5","length_km":14},"geometry":{"type":"LineString","coordinates":[[-122.67653,45.516617],[-122.620959,45.532246],[-122.579281,45.5253],[-122.556705,45.530509]]}},{"type":"Feature","properties":{"name":"5","length_km":16},"geometry":{"type":"LineString","coordinates":[[-122.67653,45.516617],[-122.688686,45.481885],[-122.745994,45.441943],[-122.749467,45.429787],[-122.744258,45.398528],[-122.745994,45.372479]]}},{"type":"Feature","properties":{"name":"82","length_km":29},"geometry":{"type":"LineString","coordinates":[[-119.199868,46.159157],[-119.206815,46.114005],[-119.220707,46.08101],[-119.217234,46.041068],[-119.227654,46.023702],[-119.241546,46.013283],[-119.319693,45.976814],[-119.338796,45.961185],[-119.337059,45.940346],[-119.324903,45.926453],[-119.330113,45.914297]]}},{"type":"Feature","properties":{"name":"95","length_km":91},"geometry":{"type":"LineString","coordinates":[[-69.818067,44.219381],[-69.901424,44.155127],[-69.965678,44.130814],[-70.050771,44.120395],[-70.128918,44.07698],[-70.156703,44.06656],[-70.196645,44.070034],[-70.231377,44.050931],[-70.281738,44.033565],[-70.309523,44.007516],[-70.325153,43.974521],[-70.342519,43.885954],[-70.318206,43.800861],[-70.31126,43.753973],[-70.314733,43.708822],[-70.345992,43.632412]]}},{"type":"Feature","properties":{"name":"84","length_km":126},"geometry":{"type":"LineString","coordinates":[[-121.143117,45.605183],[-121.183059,45.598237],[-121.216054,45.613866],[-121.210845,45.646861],[-121.217791,45.657281],[-121.226474,45.662491],[-121.252523,45.665964],[-121.304621,45.685066],[-121.348036,45.690276],[-121.427919,45.68854],[-121.467861,45.692013],[-121.54948,45.716325],[-121.592895,45.704169],[-121.617208,45.704169],[-121.73356,45.686803],[-121.811706,45.693749],[-121.849911,45.686803],[-121.935004,45.634705],[-122.087825,45.598237],[-122.159025,45.575661],[-122.223279,45.546139]]}},{"type":"Feature","properties":{"name":"84","length_km":37},"geometry":{"type":"LineString","coordinates":[[-121.139644,45.603446],[-121.084073,45.643388],[-121.045868,45.648598],[-121.005926,45.648598],[-120.936463,45.643388],[-120.919097,45.634705],[-120.906941,45.636442],[-120.861789,45.664227],[-120.818374,45.67291]]}},{"type":"Feature","properties":{"name":"82","length_km":11},"geometry":{"type":"LineString","coordinates":[[-119.330113,45.91256],[-119.333586,45.884775],[-119.356162,45.856989],[-119.385684,45.792735]]}},{"type":"Feature","properties":{"name":"84","length_km":163},"geometry":{"type":"LineString","coordinates":[[-120.818374,45.674647],[-120.794062,45.67812],[-120.681183,45.711115],[-120.636032,45.737164],[-120.609983,45.742374],[-120.490158,45.695486],[-120.460636,45.690276],[-120.399855,45.692013],[-120.323445,45.707642],[-120.300869,45.707642],[-120.281767,45.716325],[-120.255718,45.714588],[-120.181044,45.728481],[-120.160205,45.751057],[-120.135893,45.768423],[-120.064692,45.780579],[-119.986545,45.810101],[-119.88756,45.827467],[-119.693061,45.848306],[-119.646173,45.848306],[-119.574973,45.829204],[-119.385684,45.797945]]}},{"type":"Feature","properties":{"name":"75","length_km":12},"geometry":{"type":"LineString","coordinates":[[-84.342944,46.504739],[-84.342944,46.487373],[-84.367256,46.424856],[-84.384622,46.360602]]}},{"type":"Feature","properties":{"name":"84","length_km":66},"geometry":{"type":"LineString","coordinates":[[-119.385684,45.792735],[-119.232863,45.77016],[-119.08699,45.740637],[-118.944589,45.704169],[-118.803925,45.662491]]}},{"type":"Feature","properties":{"name":"35","length_km":10},"geometry":{"type":"LineString","coordinates":[[-92.128097,46.779121],[-92.162829,46.744389],[-92.194087,46.740916],[-92.211453,46.730496]]}},{"type":"Feature","properties":{"name":"89","length_km":3},"geometry":{"type":"LineString","coordinates":[[-72.389964,43.644568],[-72.363915,43.627202]]}},{"type":"Feature","properties":{"name":"5","length_km":73},"geometry":{"type":"LineString","coordinates":[[-123.060318,44.629217],[-123.058581,44.644846],[-123.046425,44.695208],[-123.051635,44.726466],[-123.042952,44.768144],[-123.025586,44.80635],[-123.006483,44.837608],[-123.001273,44.868867],[-122.990854,45.023424],[-122.963068,45.065102],[-122.798092,45.245708],[-122.777253,45.283913],[-122.77378,45.339484],[-122.745994,45.372479]]}},{"type":"Feature","properties":{"name":"29","length_km":88},"geometry":{"type":"LineString","coordinates":[[-96.846424,46.898946],[-96.865526,46.944097],[-96.891575,46.96841],[-96.910678,47.010088],[-96.943673,47.046556],[-96.983615,47.169855],[-97.035713,47.307046],[-97.054815,47.338304],[-97.061762,47.376509],[-97.077391,47.406032],[-97.082601,47.482442],[-97.094757,47.499808],[-97.084337,47.572745],[-97.089547,47.866229],[-97.099967,47.887068],[-97.094757,47.933956]]}},{"type":"Feature","properties":{"name":"35","length_km":29},"geometry":{"type":"LineString","coordinates":[[-92.214926,46.730496],[-92.308702,46.706184],[-92.331278,46.704447],[-92.400742,46.709657],[-92.423318,46.704447],[-92.44242,46.695764],[-92.470206,46.667979]]}},{"type":"Feature","properties":{"name":"94","length_km":4},"geometry":{"type":"LineString","coordinates":[[-96.842951,46.846848],[-96.846424,46.898946]]}},{"type":"Feature","properties":{"name":"94","length_km":9},"geometry":{"type":"LineString","coordinates":[[-96.842951,46.846848],[-96.759594,46.845111]]}},{"type":"Feature","properties":{"name":"94","length_km":210},"geometry":{"type":"LineString","coordinates":[[-98.713263,46.883317],[-98.671585,46.892],[-98.355524,46.890263],[-98.29648,46.902419],[-98.129767,46.902419],[-98.084616,46.912839],[-98.018625,46.909365],[-97.933532,46.921522],[-97.679989,46.921522],[-97.624418,46.88158],[-97.610525,46.874634],[-96.952356,46.878107],[-96.92978,46.859004],[-96.907205,46.850321],[-96.842951,46.846848]]}},{"type":"Feature","properties":{"name":"75","length_km":2},"geometry":{"type":"LineString","coordinates":[[-84.738887,45.874355],[-84.733677,45.863936],[-84.733677,45.84657]]}},{"type":"Feature","properties":{"name":"94","length_km":176},"geometry":{"type":"LineString","coordinates":[[-100.288354,46.836429],[-100.264042,46.838165],[-100.175476,46.865951],[-99.946245,46.860741],[-99.866362,46.872897],[-99.489521,46.88679],[-99.42353,46.874634],[-99.147412,46.88679],[-99.116153,46.88158],[-99.03627,46.893736],[-98.741048,46.892],[-98.713263,46.883317]]}},{"type":"Feature","properties":{"name":"94","length_km":54},"geometry":{"type":"LineString","coordinates":[[-100.772864,46.831219],[-100.679088,46.839902],[-100.288354,46.836429]]}},{"type":"Feature","properties":{"name":"94","length_km":270},"geometry":{"type":"LineString","coordinates":[[-100.772864,46.831219],[-100.807596,46.829482],[-100.838855,46.820799],[-100.949997,46.862477],[-101.875602,46.860741],[-101.952012,46.867687],[-102.011056,46.862477],[-102.169086,46.864214],[-102.212501,46.852058],[-102.24376,46.853794],[-102.335799,46.874634],[-102.542454,46.87116],[-102.679645,46.885053],[-102.726533,46.883317],[-102.754318,46.892],[-102.844621,46.888526],[-103.021754,46.888526],[-103.190204,46.897209]]}},{"type":"Feature","properties":{"name":"75","length_km":5},"geometry":{"type":"LineString","coordinates":[[-84.733677,45.84657],[-84.735414,45.787525]]}},{"type":"Feature","properties":{"name":"75","length_km":4},"geometry":{"type":"LineString","coordinates":[[-84.735414,45.787525],[-84.731941,45.742374]]}},{"type":"Feature","properties":{"name":"95","length_km":9},"geometry":{"type":"LineString","coordinates":[[-70.896492,42.859627],[-70.893019,42.882203],[-70.86697,42.932564],[-70.858287,42.958613]]}},{"type":"Feature","properties":{"name":"15","length_km":95},"geometry":{"type":"LineString","coordinates":[[-111.996474,46.591569],[-111.961742,46.567256],[-111.933957,46.537734],[-111.951323,46.490846],[-112.025996,46.39186],[-112.045099,46.344972],[-112.064201,46.32066],[-112.130192,46.251196],[-112.156241,46.23383],[-112.168397,46.247723],[-112.185763,46.258143],[-112.237861,46.268562],[-112.283012,46.272035],[-112.338583,46.266826],[-112.347266,46.256406],[-112.338583,46.24425],[-112.343793,46.223411],[-112.33511,46.211255],[-112.34032,46.202572],[-112.33511,46.188679],[-112.336847,46.176523],[-112.381998,46.134844],[-112.408047,46.103586],[-112.434096,46.049751],[-112.453199,46.037595],[-112.480984,45.982024]]}},{"type":"Feature","properties":{"name":"15","length_km":19},"geometry":{"type":"LineString","coordinates":[[-112.649434,46.008073],[-112.612965,46.006336],[-112.526136,45.985497],[-112.480984,45.982024]]}},{"type":"Feature","properties":{"name":"93","length_km":13},"geometry":{"type":"LineString","coordinates":[[-71.478252,43.048916],[-71.479988,43.083648],[-71.493881,43.125326],[-71.511247,43.149638],[-71.537296,43.170478]]}},{"type":"Feature","properties":{"name":"93","length_km":30},"geometry":{"type":"LineString","coordinates":[[-71.231655,42.746748],[-71.245548,42.764114],[-71.254231,42.783217],[-71.271597,42.790163],[-71.27507,42.809266],[-71.294173,42.821422],[-71.299382,42.835315],[-71.311538,42.845734],[-71.339324,42.864837],[-71.374056,42.925618],[-71.387949,42.942984],[-71.412261,42.963823],[-71.424417,42.984662]]}},{"type":"Feature","properties":{"name":"93","length_km":8},"geometry":{"type":"LineString","coordinates":[[-71.19345,42.666865],[-71.231655,42.746748]]}},{"type":"Feature","properties":{"name":"95","length_km":34},"geometry":{"type":"LineString","coordinates":[[-71.000688,42.512308],[-70.978112,42.519255],[-70.981586,42.54183],[-70.960746,42.578299],[-70.96422,42.600875],[-70.974639,42.62345],[-70.978112,42.665129],[-70.96422,42.708543],[-70.922541,42.78669],[-70.906912,42.840525],[-70.896492,42.859627]]}},{"type":"Feature","properties":{"name":"93","length_km":30},"geometry":{"type":"LineString","coordinates":[[-71.059645,42.366584],[-71.09814,42.498568],[-71.144825,42.540094],[-71.162191,42.585245],[-71.18303,42.602611],[-71.19345,42.666865]]}},{"type":"Feature","properties":{"name":"90","length_km":219},"geometry":{"type":"LineString","coordinates":[[-112.480984,45.982024],[-112.468828,45.950765],[-112.444516,45.924716],[-112.102406,45.877828],[-111.869703,45.876092],[-111.76898,45.914297],[-111.652628,45.919507],[-111.581428,45.91777],[-111.543223,45.90735],[-111.525857,45.895194],[-111.44771,45.879565],[-111.341778,45.848306],[-111.246265,45.810101],[-111.199377,45.768423],[-111.159436,45.756267],[-111.122967,45.740637],[-111.063923,45.698959],[-111.023981,45.690276],[-111.011825,45.67291],[-110.957991,45.653808],[-110.933678,45.638178],[-110.81559,45.669437],[-110.780858,45.653808],[-110.678399,45.662491],[-110.643667,45.660754],[-110.58115,45.643388]]}},{"type":"Feature","properties":{"name":"90","length_km":10},"geometry":{"type":"LineString","coordinates":[[-108.47987,45.796208],[-108.389567,45.83094]]}},{"type":"Feature","properties":{"name":"91","length_km":102},"geometry":{"type":"MultiLineString","coordinates":[[[-72.558413,42.729383],[-72.55494,42.717226],[-72.558413,42.696387],[-72.593145,42.62866]],[[-72.47853,43.132272],[-72.462901,43.11317],[-72.459427,43.094067],[-72.47332,43.03155],[-72.471584,43.003764],[-72.487213,42.979452],[-72.535838,42.956876],[-72.534101,42.903042],[-72.55494,42.889149],[-72.574043,42.866574],[-72.577516,42.845734],[-72.568833,42.821422],[-72.567096,42.745012],[-72.558413,42.731119]],[[-72.323973,43.628939],[-72.332656,43.60289],[-72.348285,43.59247],[-72.372598,43.588997],[-72.400383,43.569894],[-72.419486,43.531689],[-72.428169,43.462225],[-72.403856,43.427494],[-72.40212,43.399708],[-72.417749,43.323298],[-72.409066,43.286829],[-72.429905,43.234732],[-72.47332,43.18437],[-72.480267,43.135746]]]}},{"type":"Feature","properties":{"name":"29","length_km":70},"geometry":{"type":"LineString","coordinates":[[-96.842951,46.846848],[-96.841214,46.747862],[-96.832531,46.720077],[-96.836004,46.650613],[-96.825585,46.581149],[-96.834268,46.490846],[-96.836004,45.987234],[-96.842951,45.936873]]}},{"type":"Feature","properties":{"name":"90","length_km":33},"geometry":{"type":"LineString","coordinates":[[-71.272285,42.335965],[-71.294173,42.329966],[-71.358427,42.310863],[-71.434837,42.309127],[-71.495617,42.277868],[-71.561608,42.258765]]}},{"type":"Feature","properties":{"name":"94","length_km":228},"geometry":{"type":"LineString","coordinates":[[-96.759594,46.845111],[-96.669291,46.845111],[-96.627613,46.841638],[-96.617193,46.829482],[-96.61372,46.813853],[-96.601564,46.793014],[-96.578988,46.775648],[-96.506051,46.725286],[-96.393173,46.659296],[-96.327182,46.579413],[-96.209094,46.417909],[-96.130947,46.343236],[-96.124001,46.329343],[-96.120527,46.282455],[-95.962497,46.166103],[-95.913873,46.126161],[-95.886087,46.08622],[-95.854828,46.060171],[-95.833989,46.035858],[-95.794048,46.018493],[-95.735003,46.002863],[-95.616915,45.950765],[-95.495353,45.881302],[-95.448465,45.874355],[-95.380738,45.843096],[-95.358162,45.83615],[-95.306065,45.834414],[-95.196659,45.837887],[-95.146298,45.832677],[-95.055995,45.771896],[-95.003897,45.742374],[-94.951799,45.723271]]}},{"type":"Feature","properties":{"name":"90","length_km":112},"geometry":{"type":"LineString","coordinates":[[-107.436177,45.579134],[-107.460489,45.639915],[-107.491748,45.674647],[-107.583788,45.744111],[-107.635885,45.74932],[-107.790442,45.744111],[-107.849487,45.74932],[-107.917214,45.778842],[-108.028356,45.787525],[-108.231537,45.790999],[-108.288845,45.810101],[-108.389567,45.83094]]}},{"type":"Feature","properties":{"name":"87","length_km":67},"geometry":{"type":"LineString","coordinates":[[-73.841757,42.696387],[-73.767083,42.762378],[-73.782712,42.880466],[-73.812235,42.918671],[-73.805288,43.007238],[-73.749717,43.069755],[-73.7584,43.101014],[-73.711512,43.18437],[-73.678517,43.297249],[-73.708039,43.36324]]}},{"type":"Feature","properties":{"name":"90","length_km":15},"geometry":{"type":"MultiLineString","coordinates":[[[-73.92685,42.750222],[-73.996314,42.778007],[-74.015416,42.78669],[-74.017153,42.7919]],[[-74.019514,42.793343],[-74.018889,42.793637],[-74.006733,42.840525]]]}},{"type":"Feature","properties":{"name":"90","length_km":33},"geometry":{"type":"LineString","coordinates":[[-71.561608,42.258765],[-71.631072,42.227507],[-71.665804,42.222297],[-71.740477,42.217087],[-71.848146,42.187565]]}},{"type":"Feature","properties":{"name":"95","length_km":23},"geometry":{"type":"LineString","coordinates":[[-71.283753,42.020852],[-71.254231,42.045164],[-71.235128,42.069477],[-71.216026,42.114628],[-71.19866,42.13894],[-71.141352,42.178882],[-71.130933,42.201458]]}},{"type":"Feature","properties":{"name":"94","length_km":77},"geometry":{"type":"LineString","coordinates":[[-94.951799,45.723271],[-94.918804,45.704169],[-94.821555,45.6677],[-94.77814,45.660754],[-94.705203,45.659017],[-94.607954,45.624286],[-94.502021,45.610393],[-94.469026,45.599973],[-94.413455,45.60692],[-94.382196,45.598237],[-94.345728,45.570451],[-94.28842,45.518353]]}},{"type":"Feature","properties":{"name":"90","length_km":25},"geometry":{"type":"LineString","coordinates":[[-72.07043,42.131994],[-72.028752,42.135467],[-71.848146,42.187565]]}},{"type":"Feature","properties":{"name":"90","length_km":121},"geometry":{"type":"LineString","coordinates":[[-74.005236,42.834537],[-74.006733,42.840525],[-74.041465,42.871783],[-74.08488,42.890886],[-74.222071,42.932564],[-74.300218,42.932564],[-74.355789,42.948193],[-74.392257,42.936037],[-74.421779,42.913462],[-74.456511,42.894359],[-74.508609,42.894359],[-74.538131,42.904779],[-74.604122,42.913462],[-74.65101,42.974242],[-74.670112,42.986399],[-74.725683,42.988135],[-74.784727,43.012447],[-74.812513,43.014184],[-74.87503,43.005501],[-74.987909,43.017657],[-75.041743,43.014184]]}},{"type":"Feature","properties":{"name":"81","length_km":116},"geometry":{"type":"LineString","coordinates":[[-75.981241,44.299264],[-75.875309,44.156863],[-75.913514,44.085663],[-75.91525,44.00578],[-75.944773,43.988414],[-75.965612,43.943262],[-76.019446,43.880745],[-76.047232,43.804335],[-76.076754,43.738344],[-76.075017,43.656724],[-76.123642,43.50564],[-76.114959,43.377132],[-76.132325,43.255571],[-76.109749,43.139219],[-76.163583,43.095804]]}},{"type":"Feature","properties":{"name":"90","length_km":10},"geometry":{"type":"LineString","coordinates":[[-73.784449,42.514045],[-73.791395,42.567879],[-73.786186,42.593928],[-73.787922,42.606084],[-73.780976,42.63387]]}},{"type":"Feature","properties":{"name":"95","length_km":15},"geometry":{"type":"LineString","coordinates":[[-71.377529,41.892344],[-71.330641,41.921866],[-71.283753,42.020852]]}},{"type":"Feature","properties":{"name":"5","length_km":45},"geometry":{"type":"LineString","coordinates":[[-123.046425,44.070034],[-123.042952,44.116922],[-123.062054,44.172493],[-123.060318,44.629217]]}},{"type":"Feature","properties":{"name":"90","length_km":29},"geometry":{"type":"LineString","coordinates":[[-73.787922,42.522728],[-73.67157,42.482786],[-73.643785,42.484523],[-73.61079,42.474103],[-73.555219,42.442844],[-73.550009,42.423742]]}},{"type":"Feature","properties":{"name":"84","length_km":12},"geometry":{"type":"LineString","coordinates":[[-72.07043,42.131994],[-72.094743,42.076423],[-72.141631,42.031272]]}},{"type":"Feature","properties":{"name":"91","length_km":46},"geometry":{"type":"LineString","coordinates":[[-72.643506,42.151097],[-72.645243,42.234453],[-72.638297,42.274395],[-72.634823,42.283078],[-72.608775,42.30218],[-72.605301,42.3126],[-72.64698,42.343859],[-72.648716,42.380327],[-72.629614,42.458474],[-72.638297,42.548777],[-72.629614,42.583509],[-72.593145,42.62866]]}},{"type":"Feature","properties":{"name":"95","length_km":1},"geometry":{"type":"LineString","coordinates":[[-71.415734,41.815934],[-71.408788,41.81767]]}},{"type":"Feature","properties":{"name":"95","length_km":9},"geometry":{"type":"LineString","coordinates":[[-71.415734,41.815934],[-71.419207,41.82809],[-71.400105,41.869768],[-71.379266,41.874978],[-71.377529,41.892344]]}},{"type":"Feature","properties":{"name":"35","length_km":135},"geometry":{"type":"LineString","coordinates":[[-92.470206,46.667979],[-92.537933,46.621091],[-92.548353,46.601988],[-92.645602,46.530788],[-92.727222,46.457851],[-92.761954,46.40749],[-92.810578,46.353655],[-92.824471,46.31024],[-92.829681,46.221674],[-92.853993,46.179996],[-92.881779,46.155683],[-92.888725,46.143527],[-92.892198,46.096639],[-92.925194,46.030649],[-92.933876,45.997653],[-92.956452,45.978551],[-92.982501,45.820521],[-93.001604,45.28565]]}},{"type":"Feature","properties":{"name":"90","length_km":74},"geometry":{"type":"LineString","coordinates":[[-72.643506,42.151097],[-72.686921,42.147623],[-72.839742,42.15978],[-72.909205,42.177146],[-72.930045,42.189302],[-72.969986,42.22577],[-72.980406,42.229243],[-73.067236,42.248346],[-73.174904,42.296971],[-73.232212,42.30739],[-73.291256,42.3126]]}},{"type":"Feature","properties":{"name":"91","length_km":20},"geometry":{"type":"LineString","coordinates":[[-72.643506,42.151097],[-72.577516,42.123311],[-72.532364,42.109418],[-72.518472,42.092052],[-72.516735,42.034745]]}},{"type":"Feature","properties":{"name":"29","length_km":58},"geometry":{"type":"LineString","coordinates":[[-96.842951,45.936873],[-96.860317,45.896931],[-96.869,45.810101],[-96.928044,45.728481],[-96.990561,45.662491],[-96.985351,45.481885],[-96.990561,45.445416],[-97.054815,45.372479],[-97.051342,45.320382]]}},{"type":"Feature","properties":{"name":"84","length_km":0},"geometry":{"type":"LineString","coordinates":[[-116.952715,44.024882],[-116.954451,44.023145]]}},{"type":"Feature","properties":{"name":"84","length_km":2},"geometry":{"type":"LineString","coordinates":[[-116.954451,44.023145],[-116.942295,44.007516]]}},{"type":"Feature","properties":{"name":"84","length_km":4},"geometry":{"type":"LineString","coordinates":[[-116.942295,44.007516],[-116.912773,43.974521]]}},{"type":"Feature","properties":{"name":"94","length_km":69},"geometry":{"type":"LineString","coordinates":[[-93.001604,45.28565],[-93.006813,45.27002],[-93.022443,45.254391],[-93.031126,45.146722],[-93.051965,45.120673],[-93.050228,45.085941],[-93.060648,45.037317],[-93.08496,45.03558],[-93.086697,44.95396],[-93.065858,44.966116],[-93.045019,44.952224],[-92.847047,44.947014],[-92.753271,44.966116]]}},{"type":"Feature","properties":{"name":"91","length_km":34},"geometry":{"type":"LineString","coordinates":[[-72.516735,42.034745],[-72.521945,41.984384],[-72.535838,41.954861],[-72.56015,41.940969],[-72.607038,41.927076],[-72.633087,41.913183],[-72.64698,41.897554],[-72.673029,41.854139],[-72.676502,41.843719],[-72.678238,41.82809],[-72.660872,41.796831],[-72.664346,41.758626]]}},{"type":"Feature","properties":{"name":"35","length_km":25},"geometry":{"type":"LineString","coordinates":[[-93.298561,44.891443],[-93.223888,44.898389],[-93.203049,44.898389],[-93.192629,44.891443],[-93.086697,44.95396]]}},{"type":"Feature","properties":{"name":"94","length_km":151},"geometry":{"type":"LineString","coordinates":[[-92.753271,44.966116],[-92.683807,44.967853],[-92.612607,44.96438],[-92.560509,44.957433],[-92.51883,44.943541],[-92.45805,44.945277],[-92.355591,44.936594],[-92.176721,44.934858],[-92.082945,44.919228],[-92.025638,44.922701],[-91.964857,44.908809],[-91.780778,44.903599],[-91.685265,44.863657],[-91.581069,44.828925],[-91.563703,44.815033],[-91.539391,44.783774],[-91.518552,44.771618],[-91.497713,44.766408],[-91.419566,44.766408]]}},{"type":"Feature","properties":{"name":"95","length_km":56},"geometry":{"type":"LineString","coordinates":[[-71.796048,41.446039],[-71.693589,41.510293],[-71.67796,41.536342],[-71.655384,41.604069],[-71.638018,41.633591],[-71.610233,41.650957],[-71.584184,41.650957],[-71.523403,41.67006],[-71.499091,41.671797],[-71.490408,41.678743],[-71.481725,41.713475],[-71.43831,41.75689],[-71.422681,41.786412],[-71.415734,41.815934]]}},{"type":"Feature","properties":{"name":"91","length_km":13},"geometry":{"type":"LineString","coordinates":[[-72.664346,41.758626],[-72.685185,41.723894],[-72.685185,41.713475],[-72.671292,41.694372],[-72.671292,41.687426],[-72.690395,41.624908]]}},{"type":"Feature","properties":{"name":"29","length_km":34},"geometry":{"type":"LineString","coordinates":[[-97.047869,44.889706],[-97.046132,45.205766],[-97.051342,45.320382]]}},{"type":"Feature","properties":{"name":"95","length_km":46},"geometry":{"type":"LineString","coordinates":[[-72.193728,41.376575],[-72.101689,41.364419],[-71.921083,41.374839],[-71.796048,41.446039]]}},{"type":"Feature","properties":{"name":"95","length_km":21},"geometry":{"type":"LineString","coordinates":[[-72.193728,41.376575],[-72.264929,41.350527],[-72.290978,41.345317],[-72.348285,41.33837],[-72.379544,41.341844]]}},{"type":"Feature","properties":{"name":"84","length_km":75},"geometry":{"type":"LineString","coordinates":[[-116.339697,43.601153],[-116.575874,43.613309],[-116.594976,43.625465],[-116.65923,43.677563],[-116.695699,43.722715],[-116.754743,43.806071],[-116.775582,43.859906],[-116.786002,43.877272],[-116.815524,43.905057],[-116.886724,43.950208],[-116.912773,43.974521]]}},{"type":"Feature","properties":{"name":"81","length_km":15},"geometry":{"type":"LineString","coordinates":[[-75.903094,42.135467],[-75.807582,42.116365],[-75.774586,42.102472]]}},{"type":"Feature","properties":{"name":"75","length_km":36},"geometry":{"type":"LineString","coordinates":[[-84.02341,43.988414],[-84.019937,43.958891],[-84.030357,43.807808],[-84.026883,43.804335],[-84.021674,43.769603],[-84.0182,43.677563],[-83.95221,43.618519],[-83.948737,43.59247]]}},{"type":"Feature","properties":{"name":"84","length_km":117},"geometry":{"type":"LineString","coordinates":[[-72.664346,41.758626],[-72.72339,41.755153],[-72.796327,41.729104],[-72.806746,41.716948],[-72.81022,41.697845],[-72.824112,41.668323],[-72.898786,41.612752],[-72.902259,41.57802],[-72.912679,41.564128],[-72.928308,41.553708],[-72.959567,41.539815],[-72.989089,41.541552],[-73.018611,41.538079],[-73.048133,41.551971],[-73.082865,41.550235],[-73.091548,41.529396],[-73.098494,41.520713],[-73.218319,41.472088],[-73.26868,41.414781],[-73.28431,41.414781],[-73.312095,41.426937],[-73.398925,41.416517],[-73.426711,41.418254],[-73.464916,41.400888],[-73.477072,41.392205],[-73.477072,41.386995],[-73.484018,41.381785],[-73.543062,41.388732],[-73.576058,41.383522],[-73.596897,41.388732]]}},{"type":"Feature","properties":{"name":"90","length_km":22},"geometry":{"type":"LineString","coordinates":[[-104.055028,44.542387],[-103.975144,44.540651],[-103.90568,44.509392],[-103.862266,44.500709]]}},{"type":"Feature","properties":{"name":"84","length_km":34},"geometry":{"type":"LineString","coordinates":[[-73.772293,41.539815],[-73.869542,41.524186],[-73.900801,41.524186],[-73.933796,41.531132],[-73.945952,41.531132],[-73.963318,41.520713],[-74.07446,41.513766]]}},{"type":"Feature","properties":{"name":"87","length_km":93},"geometry":{"type":"LineString","coordinates":[[-74.07446,41.513766],[-74.083143,41.597123],[-74.081407,41.650957],[-74.051885,41.775992],[-74.058831,41.855876],[-74.057094,41.880188],[-74.044938,41.932286],[-74.025836,41.951388],[-74.011943,41.973964],[-73.980684,42.071213],[-73.956372,42.111155],[-73.944216,42.158043],[-73.919903,42.196248],[-73.91122,42.22577],[-73.881698,42.257029],[-73.873015,42.309127],[-73.860859,42.349068],[-73.827864,42.38901],[-73.819181,42.406376],[-73.808761,42.435898],[-73.812235,42.451527],[-73.807025,42.47584],[-73.786186,42.514045]]}},{"type":"Feature","properties":{"name":"84","length_km":26},"geometry":{"type":"LineString","coordinates":[[-73.596897,41.388732],[-73.609053,41.407834],[-73.629892,41.423463],[-73.640312,41.454722],[-73.673307,41.494664],[-73.678517,41.522449],[-73.685463,41.534606],[-73.706302,41.543289],[-73.723668,41.545025],[-73.772293,41.539815]]}},{"type":"Feature","properties":{"name":"90","length_km":15},"geometry":{"type":"LineString","coordinates":[[-103.862266,44.500709],[-103.808431,44.476397],[-103.733758,44.472923]]}},{"type":"Feature","properties":{"name":"86","length_km":102},"geometry":{"type":"MultiLineString","coordinates":[[[-76.437965,42.033008],[-76.391077,42.026062],[-76.349399,42.033008],[-76.283409,42.079896],[-76.264306,42.090316],[-76.238257,42.092052],[-76.161847,42.069477],[-76.127115,42.069477],[-76.052441,42.097262],[-76.024656,42.114628],[-76.003817,42.118101],[-75.989924,42.126784],[-75.906568,42.121574],[-75.903094,42.133731]],[[-76.781811,42.079896],[-76.754026,42.048638],[-76.715821,42.020852],[-76.705401,42.019115],[-76.635937,42.015642],[-76.545634,42.001749],[-76.507429,42.000013],[-76.472697,42.006959],[-76.443175,42.029535]]]}},{"type":"Feature","properties":{"name":"84","length_km":34},"geometry":{"type":"LineString","coordinates":[[-74.07446,41.513766],[-74.110929,41.518976],[-74.215124,41.50682],[-74.256803,41.4964],[-74.343632,41.461669],[-74.369681,41.446039]]}},{"type":"Feature","properties":{"name":"94","length_km":130},"geometry":{"type":"LineString","coordinates":[[-91.419566,44.766408],[-91.410883,44.768144],[-91.370941,44.740359],[-91.341419,44.7091],[-91.298004,44.6379],[-91.240697,44.613588],[-91.197282,44.577119],[-91.148657,44.528494],[-91.067037,44.427772],[-91.023623,44.40346],[-91.016676,44.394777],[-90.872539,44.325313],[-90.686723,44.217644],[-90.549532,44.151653],[-90.532166,44.127341],[-90.5148,44.049194],[-90.502644,44.021409],[-90.488751,44.007516],[-90.441863,43.988414]]}},{"type":"Feature","properties":{"name":"29","length_km":61},"geometry":{"type":"LineString","coordinates":[[-96.789116,44.327049],[-96.770014,44.597958],[-96.834268,44.686525],[-96.895049,44.755988],[-96.941937,44.797667],[-97.047869,44.87234],[-97.047869,44.889706]]}},{"type":"Feature","properties":{"name":"87","length_km":20},"geometry":{"type":"LineString","coordinates":[[-74.07446,41.513766],[-74.072724,41.484244],[-74.062304,41.456459],[-74.069251,41.423463],[-74.097036,41.374839],[-74.112665,41.317531],[-74.128295,41.307112]]}},{"type":"Feature","properties":{"name":"90","length_km":304},"geometry":{"type":"LineString","coordinates":[[-106.687705,44.372201],[-106.647763,44.351362],[-106.578299,44.285371],[-106.40464,44.241956],[-106.349069,44.215907],[-106.31781,44.221117],[-106.265712,44.198541],[-106.248346,44.198541],[-106.199722,44.219381],[-106.126785,44.222854],[-106.057321,44.215907],[-106.022589,44.228064],[-105.954862,44.202015],[-105.927076,44.181176],[-105.901028,44.181176],[-105.835037,44.212434],[-105.796832,44.215907],[-105.715212,44.241956],[-105.656168,44.241956],[-105.590177,44.280161],[-105.524187,44.281898],[-105.487718,44.276688],[-105.465142,44.292318],[-105.296693,44.299264],[-105.228965,44.292318],[-105.12998,44.294054],[-104.982369,44.283635],[-104.940691,44.266269],[-104.718407,44.281898],[-104.626367,44.294054],[-104.588162,44.320103],[-104.562113,44.330523],[-104.539537,44.330523],[-104.527381,44.32184],[-104.496123,44.328786],[-104.430132,44.380884],[-104.381507,44.396513],[-104.298151,44.434718],[-104.228687,44.486816],[-104.213058,44.521548],[-104.154013,44.537177],[-104.055028,44.542387]]}},{"type":"Feature","properties":{"name":"5","length_km":35},"geometry":{"type":"LineString","coordinates":[[-122.865819,42.324756],[-122.761623,42.244873],[-122.669584,42.194511],[-122.640062,42.140677],[-122.61575,42.105945],[-122.607067,42.100735]]}},{"type":"Feature","properties":{"name":"35","length_km":66},"geometry":{"type":"LineString","coordinates":[[-93.246463,44.097819],[-93.251673,44.137761],[-93.307244,44.290581],[-93.307244,44.307947],[-93.293352,44.353098],[-93.300298,44.471187],[-93.296825,44.514602],[-93.305508,44.584065],[-93.308981,44.653529],[-93.288142,44.716047],[-93.282932,44.757725],[-93.284669,44.828925],[-93.296825,44.853238],[-93.298561,44.891443]]}},{"type":"Feature","properties":{"name":"84","length_km":37},"geometry":{"type":"LineString","coordinates":[[-74.690951,41.355736],[-74.661429,41.355736],[-74.55897,41.392205],[-74.49298,41.406098],[-74.468667,41.402624],[-74.440882,41.407834],[-74.414833,41.418254],[-74.369681,41.446039]]}},{"type":"Feature","properties":{"name":"35","length_km":3},"geometry":{"type":"LineString","coordinates":[[-93.246463,44.097819],[-93.251673,44.057877]]}},{"type":"Feature","properties":{"name":"75","length_km":60},"geometry":{"type":"LineString","coordinates":[[-83.948737,43.59247],[-83.948737,43.535162],[-83.94179,43.507377],[-83.926161,43.481328],[-83.893166,43.472645],[-83.887956,43.460489],[-83.887956,43.394498],[-83.8758,43.382342],[-83.868853,43.364976],[-83.861907,43.333717],[-83.839331,43.314615],[-83.769867,43.246888],[-83.768573,43.106242],[-83.735577,42.985257]]}},{"type":"Feature","properties":{"name":"90","length_km":217},"geometry":{"type":"MultiLineString","coordinates":[[[-91.304951,43.854696],[-91.214648,43.873798],[-91.174706,43.873798],[-91.150394,43.866852],[-91.122608,43.870325],[-91.070511,43.884218],[-90.980208,43.877272],[-90.869066,43.905057],[-90.75966,43.941526],[-90.714509,43.946735],[-90.586001,43.941526],[-90.526957,43.946735],[-90.483542,43.964101],[-90.441863,43.988414]],[[-92.355591,43.950208],[-92.324332,43.957155],[-92.201034,43.958891],[-92.079472,43.950208],[-91.994379,43.938052],[-91.869344,43.932843],[-91.72868,43.943262],[-91.669636,43.955418],[-91.64185,43.948472],[-91.638377,43.934579],[-91.619274,43.920686],[-91.518552,43.917213],[-91.438669,43.927633],[-91.405673,43.92416],[-91.369205,43.906794],[-91.304951,43.859906]]]}},{"type":"Feature","properties":{"name":"87","length_km":1},"geometry":{"type":"LineString","coordinates":[[-73.822654,41.062252],[-73.833074,41.058779]]}},{"type":"Feature","properties":{"name":"87","length_km":19},"geometry":{"type":"LineString","coordinates":[[-73.99284,41.102194],[-73.944216,41.09872],[-73.928586,41.090037],[-73.912957,41.072671],[-73.833074,41.058779]]}},{"type":"Feature","properties":{"name":"87","length_km":12},"geometry":{"type":"LineString","coordinates":[[-73.721932,41.024047],[-73.822654,41.062252]]}},{"type":"Feature","properties":{"name":"87","length_km":5},"geometry":{"type":"LineString","coordinates":[[-73.99284,41.102194],[-74.039728,41.09872]]}},{"type":"Feature","properties":{"name":"75","length_km":6},"geometry":{"type":"LineString","coordinates":[[-83.677828,43.010711],[-83.729926,42.986399]]}},{"type":"Feature","properties":{"name":"87","length_km":14},"geometry":{"type":"LineString","coordinates":[[-74.039728,41.09872],[-74.067514,41.100457],[-74.16129,41.121296]]}},{"type":"Feature","properties":{"name":"87","length_km":18},"geometry":{"type":"LineString","coordinates":[[-74.16129,41.121296],[-74.16129,41.129979],[-74.178656,41.145608],[-74.176919,41.199443],[-74.168236,41.230702],[-74.128295,41.307112]]}},{"type":"Feature","properties":{"name":"87","length_km":1},"geometry":{"type":"LineString","coordinates":[[-74.16129,41.121296],[-74.164763,41.11435]]}},{"type":"Feature","properties":{"name":"90","length_km":68},"geometry":{"type":"LineString","coordinates":[[-103.733758,44.472923],[-103.711182,44.481606],[-103.683396,44.47987],[-103.657347,44.472923],[-103.638245,44.459031],[-103.610459,44.457294],[-103.568781,44.429509],[-103.51842,44.413879],[-103.459376,44.360045],[-103.4368,44.332259],[-103.435063,44.295791],[-103.42638,44.283635],[-103.412488,44.248903],[-103.382966,44.217644],[-103.297872,44.1586],[-103.261404,44.111712],[-103.223199,44.108239]]}},{"type":"Feature","properties":{"name":"15","length_km":32},"geometry":{"type":"LineString","coordinates":[[-112.194446,43.835593],[-112.156241,43.764393],[-112.114563,43.658461],[-112.09025,43.616782],[-112.071148,43.554265],[-112.074621,43.484801]]}},{"type":"Feature","properties":{"name":"84","length_km":105},"geometry":{"type":"LineString","coordinates":[[-75.60961,41.4252],[-75.590507,41.406098],[-75.574878,41.376575],[-75.503678,41.409571],[-75.474155,41.397415],[-75.444633,41.371366],[-75.413375,41.354],[-75.376906,41.35921],[-75.357804,41.357473],[-75.312652,41.340107],[-75.208457,41.35921],[-75.126837,41.364419],[-74.998329,41.350527],[-74.951441,41.352263],[-74.850718,41.334897],[-74.795147,41.34879],[-74.699634,41.355736]]}},{"type":"Feature","properties":{"name":"90","length_km":15},"geometry":{"type":"LineString","coordinates":[[-79.763544,42.224034],[-79.800012,42.196248],[-79.890315,42.151097]]}},{"type":"Feature","properties":{"name":"81","length_km":13},"geometry":{"type":"LineString","coordinates":[[-75.60961,41.4252],[-75.709231,41.342755]]}},{"type":"Feature","properties":{"name":"86","length_km":14},"geometry":{"type":"LineString","coordinates":[[-79.763544,42.126784],[-79.812169,42.131994],[-79.890315,42.151097]]}},{"type":"Feature","properties":{"name":"87","length_km":20},"geometry":{"type":"LineString","coordinates":[[-73.833074,41.058779],[-73.84002,40.994525],[-73.862596,40.911168],[-73.897328,40.867753],[-73.914565,40.854137]]}},{"type":"Feature","properties":{"name":"15","length_km":39},"geometry":{"type":"LineString","coordinates":[[-112.074621,43.484801],[-112.135402,43.422284],[-112.26391,43.319825],[-112.359422,43.203473]]}},{"type":"Feature","properties":{"name":"90","length_km":70},"geometry":{"type":"LineString","coordinates":[[-92.93735,43.67409],[-92.8401,43.670617],[-92.746324,43.675827],[-92.699436,43.708822],[-92.510147,43.877272],[-92.399005,43.915477],[-92.355591,43.950208]]}},{"type":"Feature","properties":{"name":"96","length_km":2},"geometry":{"type":"LineString","coordinates":[[-84.544389,42.816212],[-84.525286,42.816212]]}},{"type":"Feature","properties":{"name":"90","length_km":46},"geometry":{"type":"LineString","coordinates":[[-100.30051,43.910267],[-100.613097,43.906794],[-100.659985,43.891164],[-100.70861,43.882481]]}},{"type":"Feature","properties":{"name":"35","length_km":32},"geometry":{"type":"LineString","coordinates":[[-93.251673,44.057877],[-93.256883,43.974521],[-93.275986,43.915477],[-93.275986,43.865115],[-93.289878,43.83212],[-93.289878,43.819964],[-93.307244,43.792178],[-93.314191,43.75571],[-93.3194,43.68451]]}},{"type":"Feature","properties":{"name":"69","length_km":92},"geometry":{"type":"LineString","coordinates":[[-84.525286,42.816212],[-84.487081,42.807529],[-84.42109,42.783217],[-84.275216,42.831842],[-84.200543,42.843998],[-84.141499,42.864837],[-84.103294,42.889149],[-84.014727,42.922145],[-83.959156,42.965559],[-83.931371,42.970769],[-83.825438,42.967296],[-83.780287,42.972506],[-83.729926,42.986399]]}},{"type":"Feature","properties":{"name":"90","length_km":43},"geometry":{"type":"LineString","coordinates":[[-93.3194,43.68451],[-93.270776,43.672353],[-93.163107,43.661934],[-93.032862,43.660197],[-92.989448,43.682773],[-92.965135,43.682773],[-92.93735,43.67409]]}},{"type":"Feature","properties":{"name":"90","length_km":286},"geometry":{"type":"LineString","coordinates":[[-100.70861,43.882481],[-100.87185,43.887691],[-100.911792,43.901584],[-101.064612,43.910267],[-101.120183,43.898111],[-101.226115,43.854696],[-101.285159,43.84254],[-101.36157,43.856432],[-101.399775,43.858169],[-101.493551,43.852959],[-101.528283,43.840803],[-101.66721,43.846013],[-101.846079,43.846013],[-101.924226,43.859906],[-102.14651,43.92416],[-102.176032,43.941526],[-102.195135,43.964101],[-102.207291,43.993623],[-102.255916,43.998833],[-102.299331,44.014462],[-102.334062,44.037038],[-102.363585,44.068297],[-102.393107,44.07177],[-102.446941,44.068297],[-102.474727,44.07698],[-102.532034,44.108239],[-102.893246,44.103029],[-102.914085,44.111712],[-103.089481,44.116922],[-103.124213,44.116922],[-103.136369,44.108239],[-103.223199,44.108239]]}},{"type":"Feature","properties":{"name":"96","length_km":129},"geometry":{"type":"LineString","coordinates":[[-85.678385,42.970769],[-85.631497,42.977716],[-85.605448,42.972506],[-85.582872,42.958613],[-85.525564,42.904779],[-85.494306,42.889149],[-85.46131,42.882203],[-85.37969,42.882203],[-85.329329,42.875256],[-85.05842,42.883939],[-85.008059,42.882203],[-84.98722,42.87873],[-84.959435,42.86831],[-84.870868,42.856154],[-84.815297,42.821422],[-84.780565,42.811002],[-84.67116,42.804056],[-84.544389,42.816212]]}},{"type":"Feature","properties":{"name":"90","length_km":28},"geometry":{"type":"LineString","coordinates":[[-79.890315,42.151097],[-79.904208,42.13894],[-79.949359,42.116365],[-79.987565,42.092052],[-80.123019,42.031272]]}},{"type":"Feature","properties":{"name":"95","length_km":21},"geometry":{"type":"LineString","coordinates":[[-74.086616,40.921588],[-74.123085,40.893802],[-74.15608,40.878173],[-74.183866,40.838231],[-74.211651,40.756611]]}},{"type":"Feature","properties":{"name":"80","length_km":76},"geometry":{"type":"LineString","coordinates":[[-75.085158,40.930271],[-75.076475,40.925061],[-75.024378,40.93548],[-74.734366,40.912905],[-74.710054,40.892066],[-74.696161,40.888592],[-74.659693,40.899012],[-74.600648,40.905958],[-74.543341,40.909432],[-74.503399,40.905958],[-74.458248,40.876436],[-74.420043,40.86428]]}},{"type":"Feature","properties":{"name":"80","length_km":72},"geometry":{"type":"LineString","coordinates":[[-75.694703,41.067462],[-75.621766,41.074408],[-75.505414,41.076145],[-75.390799,41.070935],[-75.324808,41.058779],[-75.309179,41.029257],[-75.29355,41.011891],[-75.253608,40.992788],[-75.20672,40.989315],[-75.147676,40.994525],[-75.085158,40.930271]]}},{"type":"Feature","properties":{"name":"90","length_km":187},"geometry":{"type":"LineString","coordinates":[[-95.000424,43.641095],[-94.929224,43.653251],[-94.62011,43.677563],[-94.46208,43.6793],[-94.383933,43.66888],[-94.257161,43.672353],[-93.937628,43.660197],[-93.663246,43.66888],[-93.562524,43.66367],[-93.41144,43.689719],[-93.3194,43.68451]]}},{"type":"Feature","properties":{"name":"95","length_km":6},"geometry":{"type":"LineString","coordinates":[[-74.211651,40.756611],[-74.227281,40.730562],[-74.24812,40.707987]]}},{"type":"Feature","properties":{"name":"78","length_km":27},"geometry":{"type":"LineString","coordinates":[[-74.00847,40.721879],[-74.036255,40.728826],[-74.08488,40.730562],[-74.187339,40.704513],[-74.24812,40.707987]]}},{"type":"Feature","properties":{"name":"90","length_km":64},"geometry":{"type":"LineString","coordinates":[[-95.57871,43.639358],[-95.293908,43.635885],[-95.000424,43.641095]]}},{"type":"Feature","properties":{"name":"5","length_km":77},"geometry":{"type":"LineString","coordinates":[[-122.608803,42.102472],[-122.601857,42.083369],[-122.607067,42.059057],[-122.601857,42.038218],[-122.612276,42.022589],[-122.61575,42.006959],[-122.589701,41.942705],[-122.556705,41.880188],[-122.574071,41.848929],[-122.568861,41.821144],[-122.577544,41.781202],[-122.627906,41.739524],[-122.641798,41.713475],[-122.624432,41.673533],[-122.548022,41.652694],[-122.525447,41.638801],[-122.502871,41.574547],[-122.473349,41.520713],[-122.473349,41.503347],[-122.464666,41.485981],[-122.431671,41.428673],[-122.419514,41.426937]]}},{"type":"Feature","properties":{"name":"96","length_km":84},"geometry":{"type":"LineString","coordinates":[[-84.492291,42.677285],[-84.242221,42.665129],[-84.138025,42.647763],[-84.045986,42.644289],[-83.93658,42.590455],[-83.868853,42.580035],[-83.785497,42.543567],[-83.755975,42.524464]]}},{"type":"Feature","properties":{"name":"90","length_km":209},"geometry":{"type":"LineString","coordinates":[[-100.30051,43.910267],[-100.180685,43.90853],[-100.140744,43.892901],[-100.099065,43.889428],[-99.859415,43.892901],[-99.703122,43.863379],[-99.604136,43.861642],[-99.562458,43.847749],[-99.503413,43.846013],[-99.387062,43.800861],[-99.362749,43.807808],[-99.334964,43.797388],[-99.248134,43.748764],[-99.034533,43.74529],[-98.972016,43.734871],[-98.810512,43.736607],[-98.760151,43.731398],[-98.671585,43.707085],[-98.499662,43.707085],[-98.442354,43.698402]]}},{"type":"Feature","properties":{"name":"35","length_km":16},"geometry":{"type":"LineString","coordinates":[[-93.348923,43.503904],[-93.354132,43.561211],[-93.352396,43.580314],[-93.32461,43.635885],[-93.3194,43.653251],[-93.322874,43.667144],[-93.3194,43.68451]]}},{"type":"Feature","properties":{"name":"29","length_km":62},"geometry":{"type":"LineString","coordinates":[[-96.773487,43.613309],[-96.78738,43.719241],[-96.775223,43.851223],[-96.757858,43.887691],[-96.756121,43.90332],[-96.757858,43.977994],[-96.789116,43.972784],[-96.789116,44.327049]]}},{"type":"Feature","properties":{"name":"90","length_km":95},"geometry":{"type":"LineString","coordinates":[[-95.57871,43.639358],[-96.224723,43.642831],[-96.269875,43.606363],[-96.30808,43.60289],[-96.424431,43.60289]]}},{"type":"Feature","properties":{"name":"90","length_km":39},"geometry":{"type":"LineString","coordinates":[[-96.424431,43.60289],[-96.69013,43.604626],[-96.773487,43.613309]]}},{"type":"Feature","properties":{"name":"80","length_km":36},"geometry":{"type":"LineString","coordinates":[[-75.694703,41.067462],[-75.724225,41.060515],[-75.823211,41.053569],[-75.913514,41.060515],[-76.014236,41.044886]]}},{"type":"Feature","properties":{"name":"81","length_km":39},"geometry":{"type":"LineString","coordinates":[[-75.760694,41.300165],[-75.805845,41.282799],[-75.821474,41.270643],[-75.833631,41.253277],[-75.880519,41.234175],[-75.962139,41.171657],[-75.967348,41.154291],[-75.963875,41.081354],[-76.005553,41.057042],[-76.014236,41.044886]]}},{"type":"Feature","properties":{"name":"90","length_km":187},"geometry":{"type":"LineString","coordinates":[[-98.442354,43.698402],[-97.860595,43.693192],[-97.785921,43.66367],[-97.290992,43.665407],[-97.09823,43.644568],[-97.037449,43.613309],[-96.95062,43.604626],[-96.773487,43.613309]]}},{"type":"Feature","properties":{"name":"94","length_km":88},"geometry":{"type":"LineString","coordinates":[[-82.486524,42.974242],[-82.49347,42.953403],[-82.5091,42.946457],[-82.5091,42.901305],[-82.604612,42.821422],[-82.654974,42.783217],[-82.710545,42.748485],[-82.809531,42.708543],[-82.852945,42.684231],[-82.878994,42.644289],[-82.878994,42.613031],[-82.884204,42.590455],[-82.910253,42.560933],[-82.925882,42.522728],[-82.932829,42.482786],[-82.931092,42.446318],[-82.944985,42.423742],[-82.981453,42.402903],[-83.0596,42.368171]]}},{"type":"Feature","properties":{"name":"75","length_km":86},"geometry":{"type":"LineString","coordinates":[[-83.71777,42.951667],[-83.662198,42.909988],[-83.623993,42.890886],[-83.601418,42.87352],[-83.578842,42.828368],[-83.561476,42.805793],[-83.502432,42.753695],[-83.478119,42.741539],[-83.441651,42.746748],[-83.403446,42.746748],[-83.320089,42.703334],[-83.271465,42.703334],[-83.250626,42.694651],[-83.240206,42.658182],[-83.240206,42.630397],[-83.224577,42.611294],[-83.170742,42.600875],[-83.160323,42.588718],[-83.153376,42.560933],[-83.125591,42.555723],[-83.116908,42.54183],[-83.113435,42.482786],[-83.112546,42.480894]]}},{"type":"Feature","properties":{"name":"75","length_km":8},"geometry":{"type":"LineString","coordinates":[[-82.995346,42.336912],[-83.0596,42.368171]]}},{"type":"Feature","properties":{"name":"94","length_km":139},"geometry":{"type":"LineString","coordinates":[[-89.285291,43.099277],[-89.24535,43.106224],[-89.182832,43.109697],[-88.977914,43.111433],[-88.946656,43.106224],[-88.877192,43.085384],[-88.823357,43.083648],[-88.642751,43.090594],[-88.611493,43.085384],[-88.564605,43.068018],[-88.535083,43.061072],[-88.460409,43.064545],[-88.408311,43.050653],[-88.354477,43.047179],[-88.222496,43.050653],[-88.099197,43.02113],[-88.04189,43.028077]]}},{"type":"Feature","properties":{"name":"90","length_km":38},"geometry":{"type":"LineString","coordinates":[[-89.49021,43.458752],[-89.464161,43.399708],[-89.453741,43.326771],[-89.441585,43.311142],[-89.389487,43.26078],[-89.354755,43.206946],[-89.313077,43.160058],[-89.285291,43.099277]]}},{"type":"Feature","properties":{"name":"94","length_km":5},"geometry":{"type":"LineString","coordinates":[[-88.038417,42.972506],[-88.04189,43.028077]]}},{"type":"Feature","properties":{"name":"94","length_km":12},"geometry":{"type":"LineString","coordinates":[[-87.930748,42.965559],[-87.975899,42.965559],[-88.038417,42.972506]]}},{"type":"Feature","properties":{"name":"78","length_km":45},"geometry":{"type":"LineString","coordinates":[[-74.649273,40.641996],[-74.456511,40.652416],[-74.40615,40.671518],[-74.359262,40.69583],[-74.310637,40.713196],[-74.24812,40.707987]]}},{"type":"Feature","properties":{"name":"94","length_km":15},"geometry":{"type":"LineString","coordinates":[[-83.0596,42.368171],[-83.083913,42.359488],[-83.085649,42.349068],[-83.137747,42.326493],[-83.170742,42.290024]]}},{"type":"Feature","properties":{"name":"95","length_km":20},"geometry":{"type":"LineString","coordinates":[[-74.305427,40.520434],[-74.326267,40.565586],[-74.32974,40.584688],[-74.289798,40.645469],[-74.268959,40.692357],[-74.24812,40.707987]]}},{"type":"Feature","properties":{"name":"95","length_km":4},"geometry":{"type":"LineString","coordinates":[[-74.345369,40.527381],[-74.305427,40.520434]]}},{"type":"Feature","properties":{"name":"78","length_km":63},"geometry":{"type":"LineString","coordinates":[[-75.210193,40.666308],[-75.185881,40.671518],[-75.163305,40.662835],[-75.13552,40.669781],[-75.11989,40.661099],[-75.097314,40.657625],[-75.0539,40.662835],[-74.970543,40.633313],[-74.906289,40.633313],[-74.821196,40.650679],[-74.649273,40.641996]]}},{"type":"Feature","properties":{"name":"80","length_km":94},"geometry":{"type":"LineString","coordinates":[[-76.014236,41.044886],[-76.146218,41.008417],[-76.194842,41.0171],[-76.24173,41.004944],[-76.262569,41.008417],[-76.352872,41.03794],[-76.684562,40.991051],[-76.719294,40.989315],[-76.752289,40.997998],[-76.788758,41.018837],[-76.820016,41.046622],[-76.840855,41.051832]]}},{"type":"Feature","properties":{"name":"94","length_km":58},"geometry":{"type":"LineString","coordinates":[[-83.684774,42.227507],[-83.637886,42.22577],[-83.590998,42.232717],[-83.521534,42.224034],[-83.422548,42.227507],[-83.379134,42.234453],[-83.281884,42.265712],[-83.229786,42.265712],[-83.189845,42.277868],[-83.170742,42.290024]]}},{"type":"Feature","properties":{"name":"94","length_km":16},"geometry":{"type":"LineString","coordinates":[[-83.806336,42.288288],[-83.795916,42.250082],[-83.787233,42.246609],[-83.750765,42.23619],[-83.716033,42.234453],[-83.684774,42.227507]]}},{"type":"Feature","properties":{"name":"94","length_km":70},"geometry":{"type":"LineString","coordinates":[[-84.434983,42.277868],[-84.323841,42.277868],[-84.240484,42.291761],[-84.202279,42.290024],[-84.131079,42.298707],[-84.073771,42.293497],[-83.863643,42.300444],[-83.806336,42.288288]]}},{"type":"Feature","properties":{"name":"69","length_km":55},"geometry":{"type":"LineString","coordinates":[[-84.660128,42.726006],[-84.669423,42.725909],[-84.67116,42.685968],[-84.707628,42.635606],[-84.73715,42.611294],[-84.773619,42.592192],[-84.820507,42.574826],[-84.820507,42.543567],[-84.82398,42.526201],[-84.837873,42.510572],[-84.90039,42.463684],[-84.912547,42.46021],[-84.928176,42.46542],[-84.940332,42.458474],[-84.947278,42.446318],[-84.942069,42.418532],[-84.961171,42.37859],[-84.969854,42.314336]]}},{"type":"Feature","properties":{"name":"78","length_km":41},"geometry":{"type":"LineString","coordinates":[[-75.557512,40.579479],[-75.531463,40.567322],[-75.427267,40.558639],[-75.390799,40.570796],[-75.37517,40.584688],[-75.316125,40.603791],[-75.210193,40.666308]]}},{"type":"Feature","properties":{"name":"15","length_km":40},"geometry":{"type":"LineString","coordinates":[[-112.201392,42.630397],[-112.223968,42.7207],[-112.232651,42.783217],[-112.244807,42.798846],[-112.338583,42.807529],[-112.385471,42.816212],[-112.41152,42.842261],[-112.434096,42.909988]]}},{"type":"Feature","properties":{"name":"80","length_km":107},"geometry":{"type":"LineString","coordinates":[[-76.840855,41.051832],[-76.882534,41.053569],[-76.919002,41.076145],[-76.946788,41.079618],[-77.068349,41.067462],[-77.122184,41.041413],[-77.207277,41.062252],[-77.335785,41.051832],[-77.367043,41.062252],[-77.393092,41.060515],[-77.410458,41.070935],[-77.422614,41.069198],[-77.453873,41.046622],[-77.575435,41.0171],[-77.643162,40.966739],[-77.714362,40.944163],[-77.773407,40.954583]]}},{"type":"Feature","properties":{"name":"95","length_km":41},"geometry":{"type":"LineString","coordinates":[[-74.345369,40.527381],[-74.432199,40.442288],[-74.505136,40.282521],[-74.605858,40.192218]]}},{"type":"Feature","properties":{"name":"80","length_km":76},"geometry":{"type":"LineString","coordinates":[[-78.426366,41.050096],[-78.379478,41.034466],[-78.370795,41.02752],[-78.346483,41.018837],[-78.290912,41.015364],[-78.259653,40.992788],[-78.221448,40.994525],[-78.191926,40.985842],[-78.127672,40.978895],[-78.105096,40.961529],[-78.052998,40.975422],[-78.030423,40.987578],[-77.990481,40.997998],[-77.959222,41.020574],[-77.901915,41.020574],[-77.872392,41.010154],[-77.844607,40.994525],[-77.801192,40.982368],[-77.773407,40.954583]]}},{"type":"Feature","properties":{"name":"94","length_km":39},"geometry":{"type":"LineString","coordinates":[[-87.942904,42.496679],[-87.953323,42.540094],[-87.956797,42.606084],[-87.95506,42.809266],[-87.951587,42.833578],[-87.934221,42.866574],[-87.930748,42.965559]]}},{"type":"Feature","properties":{"name":"43","length_km":113},"geometry":{"type":"LineString","coordinates":[[-88.038417,42.972506],[-88.052309,42.965559],[-88.102671,42.963823],[-88.153032,42.936037],[-88.267647,42.887413],[-88.318008,42.857891],[-88.375316,42.807529],[-88.385736,42.779744],[-88.394418,42.767588],[-88.423941,42.760641],[-88.51598,42.668602],[-88.540292,42.652972],[-88.616703,42.62345],[-88.647961,42.618241],[-88.698323,42.621714],[-88.736528,42.602611],[-88.852879,42.580035],[-88.970968,42.534884]]}},{"type":"Feature","properties":{"name":"90","length_km":65},"geometry":{"type":"LineString","coordinates":[[-89.285291,43.099277],[-89.257506,43.02634],[-89.208881,42.998555],[-89.155047,42.993345],[-89.118578,42.984662],[-89.106422,42.972506],[-89.0769,42.909988],[-89.028275,42.837051],[-88.997017,42.734592],[-88.983124,42.71028],[-88.979651,42.682495],[-88.983124,42.569616],[-88.970968,42.534884]]}},{"type":"Feature","properties":{"name":"90","length_km":3},"geometry":{"type":"LineString","coordinates":[[-88.970968,42.534884],[-88.986597,42.498415]]}},{"type":"Feature","properties":{"name":"94","length_km":81},"geometry":{"type":"LineString","coordinates":[[-86.376496,42.133731],[-86.329608,42.15457],[-86.322661,42.163253],[-86.305295,42.175409],[-86.251461,42.178882],[-86.129899,42.196248],[-86.065645,42.196248],[-85.996181,42.189302],[-85.968396,42.197985],[-85.888513,42.206668],[-85.838151,42.218824],[-85.751322,42.22577],[-85.692277,42.251819],[-85.664492,42.255292]]}},{"type":"Feature","properties":{"name":"75","length_km":63},"geometry":{"type":"LineString","coordinates":[[-83.170742,42.290024],[-83.255835,42.192775],[-83.245416,42.126784],[-83.365241,42.005223],[-83.526744,41.744733]]}},{"type":"Feature","properties":{"name":"78","length_km":109},"geometry":{"type":"LineString","coordinates":[[-75.555775,40.576005],[-75.651288,40.576005],[-75.731171,40.581215],[-75.800635,40.576005],[-75.870099,40.582952],[-75.941299,40.579479],[-76.180949,40.499595],[-76.314667,40.47181],[-76.377185,40.452707],[-76.441439,40.445761],[-76.517849,40.424922]]}},{"type":"Feature","properties":{"name":"81","length_km":99},"geometry":{"type":"LineString","coordinates":[[-76.014236,41.044886],[-76.003817,41.006681],[-76.029866,40.989315],[-76.033339,40.975422],[-76.0125,40.926797],[-76.029866,40.897275],[-76.0125,40.885119],[-76.104539,40.808709],[-76.142744,40.789607],[-76.255623,40.768767],[-76.283409,40.758348],[-76.312931,40.734035],[-76.363292,40.707987],[-76.384131,40.680201],[-76.389341,40.668045],[-76.39976,40.657625],[-76.441439,40.638523],[-76.444912,40.626367],[-76.413653,40.595108],[-76.406707,40.579479],[-76.425809,40.562113],[-76.437965,40.520434],[-76.495273,40.501332],[-76.516112,40.482229],[-76.523059,40.4666],[-76.517849,40.424922]]}},{"type":"Feature","properties":{"name":"80","length_km":40},"geometry":{"type":"LineString","coordinates":[[-80.518962,41.178604],[-80.359196,41.19076],[-80.307098,41.18555],[-80.239371,41.19597],[-80.159487,41.199443]]}},{"type":"Feature","properties":{"name":"75","length_km":8},"geometry":{"type":"LineString","coordinates":[[-83.526744,41.744733],[-83.542373,41.715211],[-83.577105,41.678743]]}},{"type":"Feature","properties":{"name":"80","length_km":18},"geometry":{"type":"LineString","coordinates":[[-80.676993,41.154291],[-80.574533,41.178604],[-80.518962,41.178604]]}},{"type":"Feature","properties":{"name":"80","length_km":36},"geometry":{"type":"LineString","coordinates":[[-81.807516,41.333161],[-81.731105,41.305375],[-81.694637,41.300165],[-81.666851,41.291482],[-81.580022,41.25675],[-81.494929,41.258487]]}},{"type":"Feature","properties":{"name":"90","length_km":22},"geometry":{"type":"LineString","coordinates":[[-88.986597,42.498415],[-88.991807,42.474103],[-88.99007,42.446318],[-88.964021,42.371644],[-88.964021,42.253556],[-88.958812,42.250082]]}},{"type":"Feature","properties":{"name":"80","length_km":18},"geometry":{"type":"LineString","coordinates":[[-80.676993,41.154291],[-80.711724,41.152555],[-80.737773,41.135189],[-80.767295,41.124769],[-80.836759,41.112613]]}},{"type":"Feature","properties":{"name":"80","length_km":76},"geometry":{"type":"LineString","coordinates":[[-81.494929,41.258487],[-81.408099,41.255014],[-81.342108,41.25675],[-80.98437,41.230702],[-80.836759,41.112613]]}},{"type":"Feature","properties":{"name":"75","length_km":0},"geometry":{"type":"LineString","coordinates":[[-83.558003,41.560654],[-83.55453,41.558918]]}},{"type":"Feature","properties":{"name":"69","length_km":49},"geometry":{"type":"LineString","coordinates":[[-84.969854,42.314336],[-84.969854,42.274395],[-84.98201,42.182355],[-84.988957,42.142414],[-85.006323,42.090316],[-84.999376,42.074686],[-84.971591,42.045164],[-84.964644,42.026062],[-84.957698,41.979174],[-84.959435,41.934022],[-84.983747,41.894081],[-84.99243,41.829827],[-84.985484,41.760363]]}},{"type":"Feature","properties":{"name":"90","length_km":7},"geometry":{"type":"LineString","coordinates":[[-89.016119,42.222297],[-88.991807,42.224034],[-88.972704,42.234453],[-88.958812,42.250082]]}},{"type":"Feature","properties":{"name":"76","length_km":38},"geometry":{"type":"LineString","coordinates":[[-75.27792,40.110598],[-75.338701,40.067183],[-75.350857,40.048081],[-75.350857,40.035924],[-75.340438,40.025505],[-75.276184,39.9873],[-75.218876,39.962988],[-75.20672,39.952568],[-75.185881,39.916099],[-75.132046,39.902207]]}},{"type":"Feature","properties":{"name":"76","length_km":4},"geometry":{"type":"LineString","coordinates":[[-75.132046,39.902207],[-75.121627,39.898734],[-75.102524,39.872685]]}},{"type":"Feature","properties":{"name":"76","length_km":13},"geometry":{"type":"LineString","coordinates":[[-80.836759,41.112613],[-80.762086,41.048359],[-80.73951,41.036203]]}},{"type":"Feature","properties":{"name":"76","length_km":1},"geometry":{"type":"LineString","coordinates":[[-75.102524,39.872685],[-75.099051,39.857055]]}},{"type":"Feature","properties":{"name":"76","length_km":2},"geometry":{"type":"LineString","coordinates":[[-75.099051,39.857055],[-75.095578,39.836216]]}},{"type":"Feature","properties":{"name":"80","length_km":201},"geometry":{"type":"MultiLineString","coordinates":[[[-83.55453,41.558918],[-83.530217,41.545025],[-83.452071,41.524186],[-83.189845,41.41999],[-83.028342,41.381785],[-82.861628,41.350527],[-82.786955,41.345317],[-82.637608,41.324478],[-82.529939,41.324478],[-82.359753,41.336634],[-82.305918,41.352263],[-82.246874,41.378312],[-82.128786,41.392205],[-82.088844,41.388732],[-82.040219,41.374839],[-81.996804,41.380049],[-81.969019,41.376575],[-81.863087,41.350527],[-81.807516,41.333161]],[[-83.582315,41.571074],[-83.578842,41.569337],[-83.558003,41.560654]]]}},{"type":"Feature","properties":{"name":"80","length_km":137},"geometry":{"type":"LineString","coordinates":[[-84.806614,41.630118],[-84.714575,41.628382],[-84.657267,41.616225],[-84.58954,41.617962],[-84.485344,41.609279],[-84.403724,41.607543],[-84.346417,41.591913],[-84.118923,41.59365],[-84.03383,41.600596],[-83.816755,41.605806],[-83.743818,41.595386],[-83.63615,41.591913],[-83.582315,41.571074]]}},{"type":"Feature","properties":{"name":"80","length_km":23},"geometry":{"type":"LineString","coordinates":[[-84.990693,41.736051],[-84.975064,41.734314],[-84.952488,41.716948],[-84.858712,41.663114],[-84.820507,41.630118],[-84.806614,41.630118]]}},{"type":"Feature","properties":{"name":"15","length_km":82},"geometry":{"type":"LineString","coordinates":[[-112.201392,41.710002],[-112.173607,41.767309],[-112.170134,41.854139],[-112.1875,42.001749],[-112.213549,42.05732],[-112.218758,42.076423],[-112.223968,42.161516],[-112.230914,42.182355],[-112.227441,42.224034],[-112.208339,42.257029],[-112.206602,42.284814],[-112.217022,42.343859],[-112.16666,42.451527],[-112.161451,42.491469],[-112.170134,42.533147],[-112.201392,42.630397]]}},{"type":"Feature","properties":{"name":"76","length_km":182},"geometry":{"type":"LineString","coordinates":[[-76.87906,40.211321],[-76.820016,40.193955],[-76.788758,40.213057],[-76.693245,40.206111],[-76.632464,40.211321],[-76.563,40.209584],[-76.521322,40.225213],[-76.408443,40.225213],[-76.193106,40.246052],[-76.149691,40.242579],[-76.026393,40.202638],[-76.003817,40.193955],[-75.989924,40.178325],[-75.969085,40.174852],[-75.92567,40.178325],[-75.856206,40.15054],[-75.807582,40.143593],[-75.713806,40.082813],[-75.665181,40.065447],[-75.600927,40.060237],[-75.548829,40.081076],[-75.474155,40.077603],[-75.389062,40.098442],[-75.356067,40.094969],[-75.326545,40.105388],[-75.27792,40.110598]]}},{"type":"Feature","properties":{"name":"80","length_km":80},"geometry":{"type":"LineString","coordinates":[[-85.001113,41.734314],[-85.021952,41.744733],[-85.206031,41.75689],[-85.265075,41.75168],[-85.282441,41.739524],[-85.440471,41.753416],[-85.530774,41.744733],[-85.595028,41.753416],[-85.718326,41.744733]]}},{"type":"Feature","properties":{"name":"94","length_km":47},"geometry":{"type":"LineString","coordinates":[[-87.864757,41.998276],[-87.863021,42.066003],[-87.866494,42.098999],[-87.88386,42.130257],[-87.882123,42.14936],[-87.87344,42.152833],[-87.87344,42.171936],[-87.880387,42.191038],[-87.904699,42.22577],[-87.904699,42.250082],[-87.911645,42.281341],[-87.906435,42.310863],[-87.908172,42.333439],[-87.939431,42.369907],[-87.956797,42.449791],[-87.96027,42.467157],[-87.941167,42.486259],[-87.942904,42.496679]]}},{"type":"Feature","properties":{"name":"90","length_km":124},"geometry":{"type":"LineString","coordinates":[[-87.864757,41.998276],[-87.939431,42.019115],[-87.958533,42.029535],[-88.038417,42.05732],[-88.111354,42.06774],[-88.300642,42.069477],[-88.458672,42.133731],[-88.542029,42.15457],[-88.752157,42.224034],[-88.819884,42.23619],[-88.894558,42.234453],[-88.934499,42.248346],[-88.958812,42.250082]]}},{"type":"Feature","properties":{"name":"76","length_km":27},"geometry":{"type":"LineString","coordinates":[[-80.73951,41.036203],[-80.718671,41.02752],[-80.680466,40.982368],[-80.609265,40.9459],[-80.565851,40.938954],[-80.518962,40.909432]]}},{"type":"Feature","properties":{"name":"81","length_km":72},"geometry":{"type":"LineString","coordinates":[[-76.517849,40.424922],[-76.575156,40.414502],[-76.627254,40.397136],[-76.757499,40.336355],[-76.858221,40.296414],[-76.908583,40.312043],[-76.939841,40.31378],[-76.97631,40.29294],[-76.984993,40.279048],[-77.044037,40.273838],[-77.116974,40.237369],[-77.13434,40.225213]]}},{"type":"Feature","properties":{"name":"35","length_km":98},"geometry":{"type":"LineString","coordinates":[[-93.57468,42.444581],[-93.578153,42.491469],[-93.572943,42.543567],[-93.553841,42.574826],[-93.479167,42.642553],[-93.458328,42.668602],[-93.378445,42.784954],[-93.362815,42.819685],[-93.362815,42.901305],[-93.33503,42.981189],[-93.341976,43.092331],[-93.362815,43.147902],[-93.348923,43.285093],[-93.348923,43.503904]]}},{"type":"Feature","properties":{"name":"76","length_km":75},"geometry":{"type":"LineString","coordinates":[[-80.836759,41.112613],[-80.909696,41.105667],[-81.126771,41.11435],[-81.302167,41.112613],[-81.380313,41.09872],[-81.427201,41.074408],[-81.501875,41.067462]]}},{"type":"Feature","properties":{"name":"77","length_km":17},"geometry":{"type":"LineString","coordinates":[[-81.494929,41.258487],[-81.491455,41.218545],[-81.508821,41.187287],[-81.500138,41.095247],[-81.501875,41.067462]]}},{"type":"Feature","properties":{"name":"76","length_km":29},"geometry":{"type":"LineString","coordinates":[[-77.13434,40.225213],[-77.038827,40.197428],[-77.000622,40.193955],[-76.948524,40.197428],[-76.915529,40.195691],[-76.87906,40.211321]]}},{"type":"Feature","properties":{"name":"99","length_km":52},"geometry":{"type":"LineString","coordinates":[[-78.431576,40.438814],[-78.42463,40.457917],[-78.40379,40.470073],[-78.384688,40.492649],[-78.315224,40.598581],[-78.252707,40.655889],[-78.224921,40.688884],[-78.186716,40.71146],[-78.06078,40.797263]]}},{"type":"Feature","properties":{"name":"80","length_km":69},"geometry":{"type":"LineString","coordinates":[[-85.718326,41.744733],[-85.747848,41.734314],[-85.772161,41.732577],[-85.825995,41.739524],[-85.990972,41.732577],[-86.11948,41.734314],[-86.180261,41.716948],[-86.220202,41.715211],[-86.247988,41.723894],[-86.270563,41.722158],[-86.338291,41.730841]]}},{"type":"Feature","properties":{"name":"29","length_km":116},"geometry":{"type":"LineString","coordinates":[[-96.448744,42.493206],[-96.478266,42.494942],[-96.488685,42.501889],[-96.493895,42.510572],[-96.492159,42.531411],[-96.5321,42.573089],[-96.578988,42.609558],[-96.683184,42.677285],[-96.804746,42.78669],[-96.811692,42.93951],[-96.78738,43.18958],[-96.799536,43.411864],[-96.78217,43.568158],[-96.773487,43.573367],[-96.773487,43.613309]]}},{"type":"Feature","properties":{"name":"90","length_km":30},"geometry":{"type":"LineString","coordinates":[[-87.864757,41.998276],[-87.842181,41.987857],[-87.774454,41.972227],[-87.678942,41.921866],[-87.666785,41.913183],[-87.656366,41.894081],[-87.645946,41.885398],[-87.639,41.847193]]}},{"type":"Feature","properties":{"name":"29","length_km":11},"geometry":{"type":"LineString","coordinates":[[-96.375807,42.441108],[-96.382753,42.48105],[-96.401856,42.493206],[-96.448744,42.493206]]}},{"type":"Feature","properties":{"name":"79","length_km":48},"geometry":{"type":"LineString","coordinates":[[-80.159487,41.199443],[-80.162961,41.173394],[-80.152541,41.136925],[-80.126492,41.072671],[-80.117809,41.018837],[-80.136912,40.958056],[-80.135175,40.93548],[-80.105653,40.857334],[-80.121282,40.772241],[-80.09697,40.718406],[-80.09176,40.662835]]}},{"type":"Feature","properties":{"name":"76","length_km":53},"geometry":{"type":"LineString","coordinates":[[-80.518962,40.909432],[-80.437343,40.881646],[-80.41303,40.86949],[-80.381772,40.838231],[-80.246317,40.784397],[-80.218532,40.756611],[-80.136912,40.720143],[-80.09176,40.662835]]}},{"type":"Feature","properties":{"name":"5","length_km":42},"geometry":{"type":"LineString","coordinates":[[-122.362207,40.609001],[-122.362207,40.555166],[-122.353524,40.525644],[-122.324002,40.480493],[-122.299689,40.464863],[-122.28406,40.426658],[-122.291006,40.345038],[-122.27885,40.287731],[-122.223279,40.181798]]}},{"type":"Feature","properties":{"name":"90","length_km":27},"geometry":{"type":"LineString","coordinates":[[-89.016119,42.222297],[-89.017856,42.211877],[-89.026539,42.203194],[-89.026539,42.151097],[-89.016119,41.9045]]}},{"type":"Feature","properties":{"name":"55","length_km":26},"geometry":{"type":"LineString","coordinates":[[-87.856074,41.755153],[-87.812659,41.796831],[-87.800503,41.795095],[-87.769244,41.803778],[-87.639,41.847193]]}},{"type":"Feature","properties":{"name":"88","length_km":121},"geometry":{"type":"LineString","coordinates":[[-89.016119,41.9045],[-88.672274,41.902764],[-88.646225,41.895817],[-88.60802,41.873241],[-88.522926,41.854139],[-88.488195,41.826353],[-88.441307,41.808987],[-88.404838,41.798568],[-88.364896,41.795095],[-88.102671,41.805514],[-88.03668,41.812461],[-87.995002,41.83851],[-87.946377,41.845456]]}},{"type":"Feature","properties":{"name":"77","length_km":29},"geometry":{"type":"LineString","coordinates":[[-81.501875,41.067462],[-81.496665,41.008417],[-81.487982,40.987578],[-81.425465,40.923324],[-81.437621,40.879909],[-81.404626,40.829548],[-81.38726,40.786133]]}},{"type":"Feature","properties":{"name":"95","length_km":16},"geometry":{"type":"LineString","coordinates":[[-75.646078,39.686869],[-75.703386,39.657347],[-75.786742,39.639981]]}},{"type":"Feature","properties":{"name":"55","length_km":23},"geometry":{"type":"LineString","coordinates":[[-87.639,41.847193],[-87.630317,41.831563],[-87.640736,41.788148],[-87.639,41.774256],[-87.548697,41.690899],[-87.524385,41.647484]]}},{"type":"Feature","properties":{"name":"25","length_km":49},"geometry":{"type":"LineString","coordinates":[[-105.022311,42.23098],[-105.055306,42.298707],[-105.058779,42.335176],[-105.051833,42.401166],[-105.024047,42.493206],[-105.027521,42.522728],[-105.055306,42.567879],[-105.102194,42.614767],[-105.131716,42.632133],[-105.202917,42.658182]]}},{"type":"Feature","properties":{"name":"80","length_km":13},"geometry":{"type":"LineString","coordinates":[[-87.185749,41.569337],[-87.303837,41.565864]]}},{"type":"Feature","properties":{"name":"90","length_km":26},"geometry":{"type":"LineString","coordinates":[[-87.524385,41.647484],[-87.503546,41.619699],[-87.479233,41.609279],[-87.373301,41.600596],[-87.321203,41.58323],[-87.303837,41.565864]]}},{"type":"Feature","properties":{"name":"75","length_km":48},"geometry":{"type":"LineString","coordinates":[[-83.669145,41.050096],[-83.667408,41.135189],[-83.651779,41.176867],[-83.658725,41.232438],[-83.63615,41.279326],[-83.613574,41.395678],[-83.613574,41.433883],[-83.62052,41.449512],[-83.622257,41.532869],[-83.582315,41.571074]]}},{"type":"Feature","properties":{"name":"80","length_km":19},"geometry":{"type":"LineString","coordinates":[[-87.47055,41.541552],[-87.428872,41.543289],[-87.303837,41.565864]]}},{"type":"Feature","properties":{"name":"80","length_km":6},"geometry":{"type":"LineString","coordinates":[[-87.526121,41.551971],[-87.47055,41.541552]]}},{"type":"Feature","properties":{"name":"80","length_km":24},"geometry":{"type":"LineString","coordinates":[[-87.743196,41.567601],[-87.696308,41.581494],[-87.526121,41.551971]]}},{"type":"Feature","properties":{"name":"80","length_km":30},"geometry":{"type":"LineString","coordinates":[[-87.743196,41.567601],[-87.685888,41.616225],[-87.701517,41.631855],[-87.713673,41.633591],[-87.731039,41.65964],[-87.772718,41.683953],[-87.823079,41.736051],[-87.856074,41.755153]]}},{"type":"Feature","properties":{"name":"80","length_km":9},"geometry":{"type":"LineString","coordinates":[[-87.324676,41.468615],[-87.31773,41.494664],[-87.32294,41.518976],[-87.31252,41.531132],[-87.303837,41.565864]]}},{"type":"Feature","properties":{"name":"76","length_km":127},"geometry":{"type":"LineString","coordinates":[[-78.244024,39.9873],[-78.237077,39.9873],[-78.188453,40.022032],[-78.167614,40.027242],[-78.150248,40.022032],[-78.117252,40.025505],[-78.08773,40.039398],[-78.013057,40.037661],[-77.969642,40.046344],[-77.882812,40.07413],[-77.868919,40.086286],[-77.825504,40.089759],[-77.709153,40.157486],[-77.69526,40.160959],[-77.643162,40.147067],[-77.587591,40.167906],[-77.509444,40.178325],[-77.410458,40.195691],[-77.247218,40.209584],[-77.165599,40.223477],[-77.13434,40.225213]]}},{"type":"Feature","properties":{"name":"76","length_km":73},"geometry":{"type":"LineString","coordinates":[[-80.09176,40.662835],[-80.043136,40.654152],[-80.034453,40.647206],[-79.997984,40.641996],[-79.980618,40.617684],[-79.959779,40.61421],[-79.918101,40.596845],[-79.881632,40.589898],[-79.824325,40.54301],[-79.819115,40.529117],[-79.794803,40.515225],[-79.7757,40.490912],[-79.758334,40.463127],[-79.751388,40.435341],[-79.725339,40.411029],[-79.683661,40.386717],[-79.678451,40.371087],[-79.687134,40.350248],[-79.68887,40.317253],[-79.683661,40.294677],[-79.636772,40.239106],[-79.605514,40.220004]]}},{"type":"Feature","properties":{"name":"69","length_km":59},"geometry":{"type":"LineString","coordinates":[[-85.001113,41.734314],[-85.009796,41.666587],[-85.028898,41.65964],[-85.042791,41.647484],[-85.044528,41.600596],[-85.053211,41.595386],[-85.053211,41.4252],[-85.084469,41.366156],[-85.089679,41.347053],[-85.084469,41.253277],[-85.108782,41.215072],[-85.115728,41.161238],[-85.127884,41.136925],[-85.159143,41.126506]]}},{"type":"Feature","properties":{"name":"80","length_km":51},"geometry":{"type":"LineString","coordinates":[[-87.743196,41.567601],[-87.795293,41.548498],[-87.87865,41.553708],[-87.911645,41.550235],[-87.967216,41.534606],[-88.000212,41.515503],[-88.126983,41.513766],[-88.196447,41.487717]]}},{"type":"Feature","properties":{"name":"70","length_km":67},"geometry":{"type":"LineString","coordinates":[[-79.605514,40.220004],[-79.470059,40.154013],[-79.438801,40.157486],[-79.404069,40.122754],[-79.381493,40.108861],[-79.351971,40.119281],[-79.298137,40.127964],[-79.244302,40.105388],[-79.107111,40.034188],[-79.068906,40.020295],[-79.05154,40.004666],[-79.042857,40.002929]]}},{"type":"Feature","properties":{"name":"81","length_km":84},"geometry":{"type":"LineString","coordinates":[[-77.13434,40.225213],[-77.169072,40.187008],[-77.236799,40.181798],[-77.472976,40.06892],[-77.509444,40.032451],[-77.53723,40.013349],[-77.587591,39.950831],[-77.627533,39.938675],[-77.660528,39.896997],[-77.69526,39.83448],[-77.723045,39.771962],[-77.729992,39.73202],[-77.740411,39.721601]]}},{"type":"Feature","properties":{"name":"80","length_km":23},"geometry":{"type":"LineString","coordinates":[[-90.563425,41.59365],[-90.405395,41.595386],[-90.36719,41.590177],[-90.363717,41.581494]]}},{"type":"Feature","properties":{"name":"80","length_km":119},"geometry":{"type":"LineString","coordinates":[[-91.629694,41.685689],[-91.525498,41.680479],[-91.386571,41.652694],[-91.240697,41.652694],[-91.131291,41.638801],[-90.910744,41.633591],[-90.686723,41.59886],[-90.563425,41.59365]]}},{"type":"Feature","properties":{"name":"79","length_km":30},"geometry":{"type":"LineString","coordinates":[[-80.105976,40.426802],[-80.103916,40.417975],[-80.105653,40.400609],[-80.100443,40.37977],[-80.116073,40.371087],[-80.119546,40.346775],[-80.156014,40.315516],[-80.166434,40.291204],[-80.156014,40.270365],[-80.157751,40.263418],[-80.208112,40.233896],[-80.246317,40.187008]]}},{"type":"Feature","properties":{"name":"75","length_km":44},"geometry":{"type":"LineString","coordinates":[[-84.004308,40.810446],[-83.964366,40.829548],[-83.950473,40.845178],[-83.894902,40.879909],[-83.830648,40.905958],[-83.738609,40.959793],[-83.693457,40.994525],[-83.670881,41.02231],[-83.669145,41.050096]]}},{"type":"Feature","properties":{"name":"70","length_km":6},"geometry":{"type":"LineString","coordinates":[[-80.246317,40.187008],[-80.194219,40.159223]]}},{"type":"Feature","properties":{"name":"70","length_km":69},"geometry":{"type":"LineString","coordinates":[[-79.605514,40.220004],[-79.673241,40.209584],[-79.739232,40.164432],[-79.798276,40.15575],[-79.836481,40.14533],[-79.872949,40.129701],[-79.905945,40.105388],[-79.93373,40.108861],[-79.968462,40.133174],[-79.996248,40.133174],[-80.060502,40.15575],[-80.09697,40.164432],[-80.129965,40.154013],[-80.150804,40.154013],[-80.175117,40.166169],[-80.194219,40.159223]]}},{"type":"Feature","properties":{"name":"88","length_km":77},"geometry":{"type":"LineString","coordinates":[[-90.334195,41.534606],[-90.273414,41.539815],[-90.252575,41.550235],[-90.197004,41.595386],[-90.186584,41.628382],[-90.113647,41.682216],[-90.059813,41.701319],[-89.946934,41.725631],[-89.841002,41.765573],[-89.81148,41.767309],[-89.752435,41.753416],[-89.700338,41.753416],[-89.69117,41.754225]]}},{"type":"Feature","properties":{"name":"80","length_km":6},"geometry":{"type":"LineString","coordinates":[[-90.363717,41.581494],[-90.334195,41.565864],[-90.334195,41.534606]]}},{"type":"Feature","properties":{"name":"70","length_km":32},"geometry":{"type":"LineString","coordinates":[[-78.244024,39.9873],[-78.240551,39.973407],[-78.223185,39.956041],[-78.221448,39.943885],[-78.263126,39.870948],[-78.278756,39.82406],[-78.26139,39.796274],[-78.217975,39.792801],[-78.207555,39.763279],[-78.186716,39.744177],[-78.186716,39.723337]]}},{"type":"Feature","properties":{"name":"95","length_km":44},"geometry":{"type":"LineString","coordinates":[[-76.150946,39.56241],[-76.219155,39.499317],[-76.253886,39.487161],[-76.314667,39.452429],[-76.392814,39.43159],[-76.467488,39.370809],[-76.502219,39.353443]]}},{"type":"Feature","properties":{"name":"83","length_km":29},"geometry":{"type":"LineString","coordinates":[[-76.643182,39.420811],[-76.64462,39.42117],[-76.642884,39.440273],[-76.663723,39.464585],[-76.679352,39.594829],[-76.677615,39.631298],[-76.672406,39.643454],[-76.651567,39.66082],[-76.646357,39.683396],[-76.661986,39.721601]]}},{"type":"Feature","properties":{"name":"80","length_km":98},"geometry":{"type":"LineString","coordinates":[[-88.196447,41.487717],[-88.222496,41.485981],[-88.248545,41.465142],[-88.304116,41.461669],[-88.425677,41.390468],[-88.451726,41.380049],[-88.800782,41.376575],[-88.892821,41.366156],[-89.057798,41.366156]]}},{"type":"Feature","properties":{"name":"39","length_km":48},"geometry":{"type":"LineString","coordinates":[[-89.016119,41.9045],[-89.007436,41.874978],[-89.0057,41.723894],[-89.050851,41.67527],[-89.057798,41.65964],[-89.057798,41.553708],[-89.050851,41.51724],[-89.050851,41.470352],[-89.056061,41.442566],[-89.057798,41.366156]]}},{"type":"Feature","properties":{"name":"81","length_km":13},"geometry":{"type":"LineString","coordinates":[[-77.740411,39.721601],[-77.743884,39.704235],[-77.736938,39.679923],[-77.742148,39.667766],[-77.778616,39.636508],[-77.794246,39.608722]]}},{"type":"Feature","properties":{"name":"70","length_km":45},"geometry":{"type":"LineString","coordinates":[[-77.794246,39.608722],[-77.813348,39.636508],[-77.84808,39.652137],[-77.908861,39.657347],[-78.0009,39.643454],[-78.035632,39.645191],[-78.058208,39.652137],[-78.120725,39.683396],[-78.17977,39.704235]]}},{"type":"Feature","properties":{"name":"81","length_km":82},"geometry":{"type":"LineString","coordinates":[[-77.794246,39.608722],[-77.804665,39.601776],[-77.837661,39.593093],[-77.901915,39.575727],[-77.93491,39.542732],[-78.01653,39.414224],[-78.056471,39.365599],[-78.085994,39.299608],[-78.105096,39.259667],[-78.141565,39.224935],[-78.127672,39.19194],[-78.129408,39.183257],[-78.190189,39.112056],[-78.202345,39.077324],[-78.268336,39.020017],[-78.299595,39.011334]]}},{"type":"Feature","properties":{"name":"80","length_km":8},"geometry":{"type":"LineString","coordinates":[[-90.334195,41.442566],[-90.334195,41.534606]]}},{"type":"Feature","properties":{"name":"80","length_km":144},"geometry":{"type":"LineString","coordinates":[[-89.057798,41.366156],[-89.08732,41.373102],[-89.141154,41.366156],[-89.222774,41.367892],[-89.25056,41.374839],[-89.313077,41.399151],[-89.339126,41.402624],[-89.424219,41.393941],[-89.49021,41.397415],[-89.538834,41.386995],[-89.559673,41.393941],[-89.587459,41.395678],[-89.72465,41.383522],[-89.804533,41.385258],[-89.945197,41.416517],[-89.978193,41.406098],[-90.000768,41.404361],[-90.016398,41.414781],[-90.104964,41.411307],[-90.13275,41.414781],[-90.181374,41.43562],[-90.334195,41.442566]]}},{"type":"Feature","properties":{"name":"70","length_km":59},"geometry":{"type":"LineString","coordinates":[[-80.753403,40.061973],[-80.723881,40.06371],[-80.65789,40.042871],[-80.562377,40.067183],[-80.518962,40.091496],[-80.49465,40.101915],[-80.475548,40.105388],[-80.40782,40.107125],[-80.307098,40.143593],[-80.267156,40.176589],[-80.246317,40.187008]]}},{"type":"Feature","properties":{"name":"15","length_km":55},"geometry":{"type":"LineString","coordinates":[[-112.201392,41.710002],[-112.140612,41.678743],[-112.086777,41.640538],[-112.064201,41.604069],[-112.045099,41.482508],[-112.052045,41.440829],[-112.031206,41.34879],[-112.01384,41.300165],[-112.005157,41.244594],[-112.01384,41.178604]]}},{"type":"Feature","properties":{"name":"95","length_km":9},"geometry":{"type":"LineString","coordinates":[[-76.502219,39.353443],[-76.528268,39.336077],[-76.542161,39.320448],[-76.552581,39.277033]]}},{"type":"Feature","properties":{"name":"35","length_km":66},"geometry":{"type":"LineString","coordinates":[[-93.576416,41.644011],[-93.571207,41.713475],[-93.571207,41.854139],[-93.572943,41.923603],[-93.583363,42.005223],[-93.567733,42.323019],[-93.57468,42.444581]]}},{"type":"Feature","properties":{"name":"95","length_km":3},"geometry":{"type":"LineString","coordinates":[[-76.552581,39.277033],[-76.561264,39.270086],[-76.575156,39.254457]]}},{"type":"Feature","properties":{"name":"80","length_km":95},"geometry":{"type":"LineString","coordinates":[[-109.910824,41.546762],[-110.00981,41.50161],[-110.044542,41.472088],[-110.18347,41.392205],[-110.294612,41.371366],[-110.338026,41.357473],[-110.383178,41.350527],[-110.428329,41.331424],[-110.456115,41.329687],[-110.548154,41.303638],[-110.588096,41.298429],[-110.643667,41.296692],[-110.695765,41.301902],[-110.727024,41.314058]]}},{"type":"Feature","properties":{"name":"80","length_km":36},"geometry":{"type":"LineString","coordinates":[[-110.727024,41.314058],[-110.760019,41.307112],[-110.799961,41.281063],[-110.822536,41.27238],[-110.933678,41.268907],[-110.97362,41.26196],[-111.023981,41.244594],[-111.04482,41.244594]]}},{"type":"Feature","properties":{"name":"70","length_km":78},"geometry":{"type":"LineString","coordinates":[[-76.742907,39.303987],[-76.766182,39.304818],[-76.847802,39.292662],[-76.891217,39.290925],[-76.931158,39.297872],[-77.044037,39.332604],[-77.195121,39.360389],[-77.290633,39.386438],[-77.325365,39.391648],[-77.436507,39.398594]]}},{"type":"Feature","properties":{"name":"70","length_km":46},"geometry":{"type":"LineString","coordinates":[[-77.794246,39.608722],[-77.77167,39.596566],[-77.664001,39.598303],[-77.622323,39.570517],[-77.604957,39.551415],[-77.594537,39.532312],[-77.589328,39.511473],[-77.528547,39.466322],[-77.488605,39.41596],[-77.467766,39.405541],[-77.436507,39.398594]]}},{"type":"Feature","properties":{"name":"80","length_km":110},"geometry":{"type":"LineString","coordinates":[[-114.955631,41.100457],[-114.821913,41.112613],[-114.771552,41.10914],[-114.646517,41.072671],[-114.58921,41.069198],[-114.580527,41.076145],[-114.551005,41.076145],[-114.328721,40.919851],[-114.236681,40.883383],[-114.108173,40.756611],[-114.080388,40.744455],[-114.040446,40.740982]]}},{"type":"Feature","properties":{"name":"80","length_km":132},"geometry":{"type":"LineString","coordinates":[[-94.960482,41.491191],[-94.713886,41.492927],[-94.257161,41.485981],[-94.224166,41.4964],[-94.198117,41.51724],[-94.092185,41.51724],[-93.993199,41.541552],[-93.849062,41.557181],[-93.800437,41.57802],[-93.784808,41.581494]]}},{"type":"Feature","properties":{"name":"80","length_km":69},"geometry":{"type":"LineString","coordinates":[[-95.580446,41.491191],[-95.408524,41.492927],[-95.358162,41.487717],[-95.285225,41.492927],[-94.960482,41.491191]]}},{"type":"Feature","properties":{"name":"77","length_km":81},"geometry":{"type":"LineString","coordinates":[[-81.38726,40.786133],[-81.388996,40.772241],[-81.399416,40.761821],[-81.437621,40.669781],[-81.454987,40.640259],[-81.512295,40.576005],[-81.477563,40.490912],[-81.486246,40.473546],[-81.498402,40.457917],[-81.543553,40.417975],[-81.569602,40.355458],[-81.569602,40.310306],[-81.54529,40.280784],[-81.543553,40.266892],[-81.555709,40.228686],[-81.555709,40.197428],[-81.541817,40.160959],[-81.543553,40.138384],[-81.567866,40.06892],[-81.557446,40.018559],[-81.543553,39.995983]]}},{"type":"Feature","properties":{"name":"80","length_km":51},"geometry":{"type":"LineString","coordinates":[[-111.04482,41.244594],[-111.06566,41.241121],[-111.077816,41.234175],[-111.109074,41.199443],[-111.129914,41.187287],[-111.143806,41.154291],[-111.199377,41.10914],[-111.388666,40.996261],[-111.442501,40.968476]]}},{"type":"Feature","properties":{"name":"84","length_km":69},"geometry":{"type":"LineString","coordinates":[[-111.442501,40.968476],[-111.492862,41.018837],[-111.546696,41.065725],[-111.61095,41.053569],[-111.635263,41.053569],[-111.663048,41.044886],[-111.704726,41.069198],[-111.763771,41.119559],[-111.801976,41.142135],[-111.885332,41.131716],[-111.951323,41.136925],[-111.986055,41.157765],[-112.01384,41.178604]]}},{"type":"Feature","properties":{"name":"79","length_km":59},"geometry":{"type":"LineString","coordinates":[[-80.194219,40.159223],[-80.206375,40.14533],[-80.208112,40.131437],[-80.204639,40.110598],[-80.180327,40.048081],[-80.180327,39.999456],[-80.169907,39.966461],[-80.166434,39.929992],[-80.133438,39.881368],[-80.095233,39.806694],[-80.088287,39.773699],[-80.067448,39.740703],[-80.062238,39.721601],[-79.985828,39.608722],[-79.973672,39.568781]]}},{"type":"Feature","properties":{"name":"97","length_km":25},"geometry":{"type":"LineString","coordinates":[[-76.580366,38.987021],[-76.587313,39.004387],[-76.611625,39.020017],[-76.616835,39.042592],[-76.630727,39.056485],[-76.630727,39.101637],[-76.651567,39.150261],[-76.651567,39.167627],[-76.622044,39.228408]]}},{"type":"Feature","properties":{"name":"71","length_km":90},"geometry":{"type":"LineString","coordinates":[[-82.415324,40.779187],[-82.453529,40.730562],[-82.540358,40.673255],[-82.601139,40.582952],[-82.663657,40.551693],[-82.715755,40.494385],[-82.816477,40.431868],[-82.833843,40.364141],[-82.910253,40.315516],[-82.924146,40.301623],[-82.932829,40.187008],[-82.938039,40.178325],[-82.964088,40.159223],[-82.971034,40.147067],[-82.97798,40.108861]]}},{"type":"Feature","properties":{"name":"15","length_km":43},"geometry":{"type":"LineString","coordinates":[[-112.01384,41.178604],[-112.01384,41.140399],[-112.005157,41.107403],[-111.991264,41.090037],[-111.953059,41.057042],[-111.914854,40.999734],[-111.885332,40.984105],[-111.876649,40.952846],[-111.871439,40.921588],[-111.880122,40.866017],[-111.892279,40.836495],[-111.913118,40.800026],[-111.913118,40.78787],[-111.906171,40.767031]]}},{"type":"Feature","properties":{"name":"74","length_km":39},"geometry":{"type":"LineString","coordinates":[[-90.332458,40.984105],[-90.335931,41.123033],[-90.334195,41.192496],[-90.325512,41.268907],[-90.330721,41.329687],[-90.325512,41.423463],[-90.327248,41.433883],[-90.334195,41.442566]]}},{"type":"Feature","properties":{"name":"80","length_km":7},"geometry":{"type":"LineString","coordinates":[[-111.906171,40.767031],[-111.86623,40.739245],[-111.859283,40.728826],[-111.859283,40.718406]]}},{"type":"Feature","properties":{"name":"66","length_km":24},"geometry":{"type":"LineString","coordinates":[[-77.219433,38.884562],[-77.182964,38.898455],[-77.143023,38.884562],[-77.113501,38.882826],[-77.056193,38.894982],[-77.005832,38.908875]]}},{"type":"Feature","properties":{"name":"80","length_km":34},"geometry":{"type":"LineString","coordinates":[[-95.580446,41.491191],[-95.616915,41.423463],[-95.677696,41.35921],[-95.750633,41.305375],[-95.825306,41.274116]]}},{"type":"Feature","properties":{"name":"29","length_km":23},"geometry":{"type":"LineString","coordinates":[[-95.906926,41.489454],[-95.893033,41.463405],[-95.898243,41.399151],[-95.89477,41.381785],[-95.880877,41.362683],[-95.837462,41.329687],[-95.82357,41.314058],[-95.81836,41.291482],[-95.825306,41.274116]]}},{"type":"Feature","properties":{"name":"80","length_km":31},"geometry":{"type":"LineString","coordinates":[[-111.442501,40.968476],[-111.426871,40.95632],[-111.411242,40.93548],[-111.414715,40.925061],[-111.402559,40.909432],[-111.393876,40.852124],[-111.383456,40.846914],[-111.385193,40.834758],[-111.406032,40.808709],[-111.430344,40.805236],[-111.442501,40.798289],[-111.465076,40.775714],[-111.470286,40.746192],[-111.498072,40.732299]]}},{"type":"Feature","properties":{"name":"80","length_km":42},"geometry":{"type":"LineString","coordinates":[[-111.498072,40.732299],[-111.517174,40.723616],[-111.532803,40.725353],[-111.565799,40.739245],[-111.574482,40.751401],[-111.595321,40.754875],[-111.635263,40.735772],[-111.668258,40.735772],[-111.711673,40.754875],[-111.796766,40.71146],[-111.859283,40.718406]]}},{"type":"Feature","properties":{"name":"25","length_km":101},"geometry":{"type":"LineString","coordinates":[[-104.836495,41.216809],[-104.839968,41.255014],[-104.86949,41.366156],[-104.8747,41.43041],[-104.902486,41.50161],[-104.900749,41.518976],[-104.841705,41.657904],[-104.829549,41.699582],[-104.829549,41.755153],[-104.800027,41.774256],[-104.794817,41.781202],[-104.796553,41.789885],[-104.822602,41.826353],[-104.857334,41.861085],[-104.940691,41.918393],[-104.958057,41.993066],[-104.96674,42.076423],[-104.985842,42.098999],[-105.001472,42.135467],[-104.997998,42.161516],[-104.999735,42.184092],[-105.022311,42.23098]]}},{"type":"Feature","properties":{"name":"80","length_km":63},"geometry":{"type":"LineString","coordinates":[[-119.7851,39.534049],[-119.731266,39.534049],[-119.710427,39.528839],[-119.672222,39.51321],[-119.656593,39.514946],[-119.630544,39.521893],[-119.559343,39.561834],[-119.535031,39.570517],[-119.48467,39.570517],[-119.475987,39.575727],[-119.46904,39.587883],[-119.449938,39.594829],[-119.373528,39.598303],[-119.3058,39.619142],[-119.288434,39.619142],[-119.243283,39.603512]]}},{"type":"Feature","properties":{"name":"29","length_km":6},"geometry":{"type":"LineString","coordinates":[[-95.825306,41.274116],[-95.844409,41.25675],[-95.873931,41.242858]]}},{"type":"Feature","properties":{"name":"29","length_km":3},"geometry":{"type":"LineString","coordinates":[[-95.90519,41.239384],[-95.873931,41.242858]]}},{"type":"Feature","properties":{"name":"71","length_km":14},"geometry":{"type":"LineString","coordinates":[[-82.97798,40.108861],[-82.990136,40.086286],[-82.990136,40.065447],[-82.98319,39.952568]]}},{"type":"Feature","properties":{"name":"70","length_km":155},"geometry":{"type":"LineString","coordinates":[[-82.927619,39.928256],[-82.89636,39.935202],[-82.859892,39.936939],[-82.790428,39.933465],[-82.745277,39.945622],[-82.536885,39.942148],[-82.434426,39.945622],[-82.272923,39.935202],[-82.198249,39.947358],[-82.137469,39.942148],[-82.074951,39.945622],[-81.975965,39.954305],[-81.870033,39.980353],[-81.804042,39.964724],[-81.767574,39.971671],[-81.684217,39.975144],[-81.663378,39.985563],[-81.647749,40.001193],[-81.543553,39.995983]]}},{"type":"Feature","properties":{"name":"71","length_km":7},"geometry":{"type":"LineString","coordinates":[[-82.927619,39.928256],[-82.939775,39.935202],[-82.950195,39.950831],[-82.98319,39.952568]]}},{"type":"Feature","properties":{"name":"25","length_km":9},"geometry":{"type":"LineString","coordinates":[[-104.852124,41.116086],[-104.836495,41.156028],[-104.836495,41.216809]]}},{"type":"Feature","properties":{"name":"71","length_km":7},"geometry":{"type":"LineString","coordinates":[[-83.014449,39.950831],[-83.009239,39.938675],[-83.014449,39.916099],[-83.038761,39.893524]]}},{"type":"Feature","properties":{"name":"66","length_km":77},"geometry":{"type":"LineString","coordinates":[[-78.299595,39.011334],[-78.257916,38.983548],[-78.16935,38.950553],[-78.106833,38.917558],[-78.01132,38.912348],[-77.964432,38.903665],[-77.919281,38.889772],[-77.861973,38.861987],[-77.837661,38.85504],[-77.808138,38.863723],[-77.773407,38.858513],[-77.712626,38.834201],[-77.632742,38.816835]]}},{"type":"Feature","properties":{"name":"66","length_km":47},"geometry":{"type":"LineString","coordinates":[[-77.632742,38.816835],[-77.61364,38.806416],[-77.559805,38.797733],[-77.512917,38.801206],[-77.474712,38.818572],[-77.431297,38.846357],[-77.219433,38.884562]]}},{"type":"Feature","properties":{"name":"74","length_km":103},"geometry":{"type":"LineString","coordinates":[[-89.485,40.61942],[-89.538834,40.63505],[-89.604825,40.669781],[-89.620454,40.70625],[-89.630874,40.718406],[-89.700338,40.740982],[-89.8931,40.836495],[-89.927831,40.848651],[-90.002505,40.853861],[-90.075442,40.871226],[-90.124067,40.890329],[-90.269941,40.912905],[-90.316829,40.928534],[-90.328985,40.94069],[-90.332458,40.95111],[-90.332458,40.984105]]}},{"type":"Feature","properties":{"name":"25","length_km":64},"geometry":{"type":"LineString","coordinates":[[-104.991052,40.407556],[-105.001472,40.621157],[-104.999735,40.70625],[-104.994525,40.747928],[-104.977159,40.791343],[-104.96153,40.86428],[-104.952847,40.888592],[-104.935481,40.909432],[-104.907695,40.999734],[-104.89033,41.048359],[-104.860807,41.090037],[-104.852124,41.116086]]}},{"type":"Feature","properties":{"name":"79","length_km":44},"geometry":{"type":"LineString","coordinates":[[-80.268893,39.282242],[-80.225478,39.327394],[-80.211585,39.405541],[-80.197692,39.429853],[-80.138648,39.461112],[-80.050082,39.520156],[-80.011877,39.521893],[-79.997984,39.527102],[-79.987565,39.535785],[-79.973672,39.568781]]}},{"type":"Feature","properties":{"name":"77","length_km":73},"geometry":{"type":"LineString","coordinates":[[-81.500138,39.26835],[-81.467143,39.336077],[-81.448041,39.356916],[-81.444567,39.396858],[-81.437621,39.41075],[-81.425465,39.422907],[-81.435884,39.447219],[-81.435884,39.475004],[-81.45325,39.506263],[-81.460197,39.572254],[-81.454987,39.645191],[-81.46888,39.672976],[-81.500138,39.692079],[-81.555709,39.784118],[-81.547026,39.808431],[-81.541817,39.850109],[-81.526187,39.888314],[-81.522714,39.935202],[-81.527924,39.978617],[-81.543553,39.995983]]}},{"type":"Feature","properties":{"name":"74","length_km":55},"geometry":{"type":"LineString","coordinates":[[-89.485,40.61942],[-89.283555,40.622893],[-89.226247,40.609001],[-89.172413,40.603791],[-89.128998,40.569059],[-89.094266,40.54822],[-89.030012,40.5378],[-89.026539,40.536064],[-89.030012,40.506542]]}},{"type":"Feature","properties":{"name":"70","length_km":121},"geometry":{"type":"LineString","coordinates":[[-82.98319,39.952568],[-83.009239,39.952568],[-83.030078,39.947358],[-83.05439,39.964724],[-83.115171,39.98209],[-83.195055,39.98209],[-83.262782,39.978617],[-83.316616,39.961251],[-83.434705,39.940412],[-83.492012,39.942148],[-83.551056,39.935202],[-83.667408,39.935202],[-83.722979,39.89526],[-83.797653,39.888314],[-83.853224,39.893524],[-83.924424,39.891787],[-83.955683,39.883104],[-84.002571,39.864002],[-84.051196,39.862265]]}},{"type":"Feature","properties":{"name":"75","length_km":10},"geometry":{"type":"LineString","coordinates":[[-84.193596,39.865738],[-84.18665,39.778909],[-84.202279,39.75286]]}},{"type":"Feature","properties":{"name":"70","length_km":85},"geometry":{"type":"LineString","coordinates":[[-84.051196,39.862265],[-84.127606,39.869211],[-84.230065,39.860528],[-84.25785,39.864002],[-84.306475,39.853582],[-84.405461,39.850109],[-84.476661,39.836216],[-84.697209,39.837953],[-84.764936,39.82927],[-84.813561,39.837953]]}},{"type":"Feature","properties":{"name":"80","length_km":141},"geometry":{"type":"LineString","coordinates":[[-97.044396,40.822602],[-96.954093,40.827812],[-96.829058,40.845178],[-96.763067,40.829548],[-96.730072,40.843441],[-96.698813,40.879909],[-96.667555,40.893802],[-96.570305,40.895539],[-96.554676,40.888592],[-96.504315,40.899012],[-96.453954,40.926797],[-96.367124,40.984105],[-96.30808,41.008417],[-96.299397,41.024047],[-96.29245,41.02752],[-96.295923,41.057042],[-96.261192,41.088301],[-96.118791,41.171657],[-96.108371,41.192496],[-96.097952,41.244594],[-96.078849,41.258487],[-95.995493,41.25675],[-95.90519,41.239384]]}},{"type":"Feature","properties":{"name":"70","length_km":61},"geometry":{"type":"LineString","coordinates":[[-97.594896,40.820865],[-97.044396,40.822602]]}},{"type":"Feature","properties":{"name":"74","length_km":32},"geometry":{"type":"LineString","coordinates":[[-87.533068,40.115808],[-87.39414,40.124491],[-87.248266,40.126227]]}},{"type":"Feature","properties":{"name":"80","length_km":88},"geometry":{"type":"LineString","coordinates":[[-98.385047,40.806972],[-97.594896,40.820865]]}},{"type":"Feature","properties":{"name":"69","length_km":168},"geometry":{"type":"LineString","coordinates":[[-86.053489,39.891787],[-86.013547,39.952568],[-85.992708,39.964724],[-85.904142,39.99251],[-85.779107,39.999456],[-85.751322,40.028978],[-85.678385,40.049817],[-85.600238,40.060237],[-85.586345,40.072393],[-85.574189,40.105388],[-85.574189,40.162696],[-85.565506,40.178325],[-85.560296,40.37456],[-85.544667,40.430131],[-85.551613,40.457917],[-85.55335,40.584688],[-85.469993,40.692357],[-85.39532,40.761821],[-85.377954,40.801763],[-85.369271,40.813919],[-85.346695,40.829548],[-85.343222,40.850387],[-85.344959,40.886856],[-85.252919,41.008417],[-85.251182,41.057042],[-85.22687,41.074408],[-85.223397,41.093511],[-85.159143,41.126506]]}},{"type":"Feature","properties":{"name":"57","length_km":146},"geometry":{"type":"LineString","coordinates":[[-88.285013,40.147067],[-88.229442,40.200901],[-88.19992,40.240843],[-88.177344,40.331146],[-88.149559,40.367614],[-88.133929,40.400609],[-88.111354,40.47181],[-88.087041,40.515225],[-88.081831,40.532591],[-88.066202,40.556903],[-88.060992,40.600318],[-88.045363,40.617684],[-88.027997,40.725353],[-88.010631,40.739245],[-88.010631,40.78266],[-88.003685,40.78787],[-88.003685,40.831285],[-87.981109,40.8747],[-87.953323,40.916378],[-87.932484,40.923324],[-87.906435,41.003208],[-87.875177,41.076145],[-87.838708,41.086564],[-87.836972,41.154291],[-87.864757,41.178604],[-87.86823,41.215072],[-87.826552,41.310585],[-87.816133,41.355736],[-87.783137,41.381785],[-87.767508,41.400888],[-87.743196,41.50682],[-87.743196,41.567601]]}},{"type":"Feature","properties":{"name":"74","length_km":87},"geometry":{"type":"LineString","coordinates":[[-89.021329,40.442288],[-89.014383,40.433605],[-88.964021,40.430131],[-88.899767,40.3954],[-88.764313,40.338092],[-88.665327,40.265155],[-88.644488,40.261682],[-88.613229,40.246052],[-88.562868,40.230423],[-88.44999,40.211321],[-88.333638,40.180062],[-88.312799,40.169642],[-88.285013,40.147067]]}},{"type":"Feature","properties":{"name":"74","length_km":85},"geometry":{"type":"LineString","coordinates":[[-88.285013,40.147067],[-88.264174,40.136647],[-88.201656,40.13491],[-88.172134,40.122754],[-87.722356,40.129701],[-87.682415,40.108861],[-87.659839,40.103652],[-87.635527,40.105388],[-87.616424,40.114071],[-87.533068,40.115808]]}},{"type":"Feature","properties":{"name":"35","length_km":91},"geometry":{"type":"LineString","coordinates":[[-93.925472,40.576005],[-93.908106,40.598581],[-93.871638,40.62463],[-93.842115,40.657625],[-93.831696,40.749665],[-93.802174,40.836495],[-93.807384,40.994525],[-93.80391,41.02752],[-93.784808,41.055305],[-93.781335,41.081354],[-93.790018,41.135189],[-93.784808,41.581494]]}},{"type":"Feature","properties":{"name":"15","length_km":74},"geometry":{"type":"LineString","coordinates":[[-111.906171,40.760084],[-111.899225,40.685411],[-111.890542,40.515225],[-111.909644,40.4666],[-111.909644,40.444024],[-111.805449,40.376297],[-111.749878,40.353721],[-111.720356,40.312043],[-111.716882,40.282521],[-111.663048,40.237369],[-111.650892,40.21653],[-111.640472,40.178325],[-111.640472,40.164432],[-111.649155,40.129701],[-111.669994,40.112335]]}},{"type":"Feature","properties":{"name":"65","length_km":192},"geometry":{"type":"LineString","coordinates":[[-87.324676,41.468615],[-87.319466,41.402624],[-87.329886,41.383522],[-87.303837,41.322741],[-87.295154,41.201179],[-87.267369,41.150818],[-87.274315,41.006681],[-87.267369,41.001471],[-87.213534,40.919851],[-87.161436,40.820865],[-87.06766,40.70104],[-87.046821,40.673255],[-87.029455,40.661099],[-86.99125,40.610737],[-86.923523,40.544747],[-86.859269,40.494385],[-86.845376,40.435341],[-86.793278,40.391926],[-86.75681,40.332882],[-86.742917,40.320726],[-86.668244,40.279048],[-86.616146,40.23216],[-86.524106,40.131437],[-86.489374,40.046344],[-86.475482,40.037661],[-86.447696,40.028978],[-86.388652,39.978617],[-86.2723,39.862265]]}},{"type":"Feature","properties":{"name":"80","length_km":30},"geometry":{"type":"LineString","coordinates":[[-121.259469,38.754318],[-121.327196,38.686591],[-121.377558,38.646649],[-121.417499,38.622337],[-121.466124,38.573712],[-121.47307,38.556346]]}},{"type":"Feature","properties":{"name":"70","length_km":139},"geometry":{"type":"LineString","coordinates":[[-84.813561,39.837953],[-84.825717,39.837953],[-84.844819,39.855319],[-84.877815,39.874421],[-84.907337,39.874421],[-84.976801,39.858792],[-85.487359,39.853582],[-85.522091,39.850109],[-85.55335,39.82927],[-85.86941,39.822323],[-85.918035,39.81885],[-85.977079,39.803221],[-86.046543,39.799748]]}},{"type":"Feature","properties":{"name":"74","length_km":113},"geometry":{"type":"LineString","coordinates":[[-87.248266,40.126227],[-87.16491,40.121018],[-87.053768,40.108861],[-86.944362,40.089759],[-86.859269,40.070656],[-86.834957,40.060237],[-86.775912,40.020295],[-86.702975,39.99251],[-86.657824,39.969934],[-86.597043,39.931729],[-86.550155,39.89526],[-86.503267,39.881368],[-86.472008,39.886577],[-86.43554,39.884841],[-86.367813,39.844899],[-86.3435,39.83448],[-86.322661,39.83448],[-86.275773,39.808431]]}},{"type":"Feature","properties":{"name":"55","length_km":50},"geometry":{"type":"LineString","coordinates":[[-89.412063,40.180062],[-89.32176,40.181798],[-89.271399,40.225213],[-89.222774,40.252999],[-89.214091,40.261682],[-89.203672,40.282521],[-89.155047,40.317253],[-89.021329,40.442288]]}},{"type":"Feature","properties":{"name":"70","length_km":11},"geometry":{"type":"LineString","coordinates":[[-86.046543,39.799748],[-86.062172,39.804957],[-86.11948,39.799748],[-86.140319,39.784118]]}},{"type":"Feature","properties":{"name":"65","length_km":18},"geometry":{"type":"LineString","coordinates":[[-86.2723,39.862265],[-86.227149,39.825797],[-86.204573,39.82406],[-86.166368,39.806694],[-86.166368,39.785855],[-86.140319,39.784118]]}},{"type":"Feature","properties":{"name":"29","length_km":71},"geometry":{"type":"LineString","coordinates":[[-95.873931,41.242858],[-95.833989,41.225492],[-95.821833,41.206389],[-95.816623,41.154291],[-95.82357,41.126506],[-95.825306,41.058779],[-95.820097,41.030993],[-95.802731,40.996261],[-95.795784,40.966739],[-95.809677,40.872963],[-95.804467,40.780924],[-95.825306,40.740982],[-95.825306,40.725353],[-95.814887,40.709723],[-95.778418,40.685411],[-95.74716,40.650679],[-95.662066,40.584688]]}},{"type":"Feature","properties":{"name":"15","length_km":17},"geometry":{"type":"LineString","coordinates":[[-111.77419,39.978617],[-111.760297,39.990773],[-111.756824,40.030715],[-111.669994,40.112335]]}},{"type":"Feature","properties":{"name":"80","length_km":96},"geometry":{"type":"LineString","coordinates":[[-121.47307,38.556346],[-121.521695,38.578922],[-121.532115,38.573712],[-121.594632,38.570239],[-121.747452,38.537243],[-121.940214,38.38095],[-122.013151,38.341008],[-122.030517,38.316696],[-122.03399,38.30454],[-122.032254,38.292384],[-122.066986,38.248969],[-122.155552,38.203817],[-122.19723,38.172559],[-122.219806,38.137827]]}},{"type":"Feature","properties":{"name":"80","length_km":6},"geometry":{"type":"LineString","coordinates":[[-122.219806,38.137827],[-122.228489,38.120461],[-122.230226,38.099622],[-122.226752,38.068363]]}},{"type":"Feature","properties":{"name":"80","length_km":1},"geometry":{"type":"LineString","coordinates":[[-122.226752,38.068363],[-122.225016,38.05968]]}},{"type":"Feature","properties":{"name":"74","length_km":145},"geometry":{"type":"LineString","coordinates":[[-86.031268,39.746516],[-86.02744,39.733757],[-85.975342,39.678186],[-85.728746,39.523629],[-85.595028,39.433326],[-85.518618,39.367336],[-85.478676,39.365599],[-85.365798,39.322184],[-85.242499,39.313501],[-85.179982,39.294399],[-85.138304,39.287452],[-84.980274,39.290925],[-84.964644,39.282242],[-84.91081,39.275296],[-84.860449,39.277033],[-84.856976,39.283979],[-84.82398,39.26835]]}},{"type":"Feature","properties":{"name":"55","length_km":42},"geometry":{"type":"LineString","coordinates":[[-89.592669,39.801484],[-89.594405,39.912626],[-89.563147,39.950831],[-89.505839,40.004666],[-89.502366,40.020295],[-89.47979,40.035924],[-89.415536,40.110598],[-89.419009,40.159223],[-89.412063,40.180062]]}},{"type":"Feature","properties":{"name":"74","length_km":14},"geometry":{"type":"LineString","coordinates":[[-84.82398,39.26835],[-84.711102,39.209306]]}},{"type":"Feature","properties":{"name":"71","length_km":176},"geometry":{"type":"LineString","coordinates":[[-83.040498,39.891787],[-83.063073,39.864002],[-83.115171,39.82406],[-83.163796,39.820587],[-83.281884,39.768489],[-83.443388,39.702498],[-83.528481,39.657347],[-83.611837,39.620878],[-83.629203,39.606986],[-83.716033,39.558361],[-83.764658,39.537522],[-83.926161,39.490634],[-84.009517,39.450692],[-84.066825,39.436799],[-84.106767,39.414224],[-84.164074,39.409014],[-84.188387,39.389911],[-84.231801,39.379492],[-84.27348,39.346496],[-84.294319,39.315238],[-84.320368,39.290925],[-84.351627,39.270086],[-84.362046,39.25793],[-84.367256,39.224935],[-84.379412,39.197149],[-84.400251,39.17631],[-84.434983,39.162417],[-84.452349,39.145052],[-84.469715,39.139842]]}},{"type":"Feature","properties":{"name":"75","length_km":57},"geometry":{"type":"LineString","coordinates":[[-84.231597,39.61475],[-84.242221,39.594829],[-84.309948,39.532312],[-84.322104,39.509736],[-84.330787,39.448956],[-84.363783,39.417697],[-84.372466,39.34997],[-84.382885,39.337814],[-84.42109,39.318711],[-84.441929,39.277033],[-84.454086,39.233618],[-84.492291,39.174574],[-84.50271,39.162417],[-84.546125,39.150261]]}},{"type":"Feature","properties":{"name":"74","length_km":20},"geometry":{"type":"LineString","coordinates":[[-84.711102,39.209306],[-84.67637,39.214515],[-84.662477,39.198886],[-84.645111,39.190203],[-84.601696,39.18673],[-84.573911,39.162417],[-84.558281,39.160681],[-84.546125,39.150261]]}},{"type":"Feature","properties":{"name":"55","length_km":9},"geometry":{"type":"LineString","coordinates":[[-89.644767,39.738967],[-89.594405,39.766752],[-89.592669,39.801484]]}},{"type":"Feature","properties":{"name":"74","length_km":7},"geometry":{"type":"LineString","coordinates":[[-84.469715,39.139842],[-84.485344,39.139842],[-84.495764,39.129422],[-84.51834,39.089481]]}},{"type":"Feature","properties":{"name":"74","length_km":4},"geometry":{"type":"LineString","coordinates":[[-84.546125,39.150261],[-84.537442,39.136369],[-84.530496,39.103373]]}},{"type":"Feature","properties":{"name":"81","length_km":121},"geometry":{"type":"LineString","coordinates":[[-79.048067,38.116988],[-78.942135,38.252442],[-78.935188,38.283701],[-78.933452,38.346218],[-78.923032,38.37574],[-78.900456,38.400052],[-78.815363,38.464306],[-78.778895,38.509458],[-78.718114,38.613654],[-78.667753,38.665751],[-78.660806,38.730005],[-78.65386,38.743898],[-78.619128,38.780367],[-78.606972,38.804679],[-78.431576,38.973129],[-78.379478,39.009597],[-78.299595,39.011334]]}},{"type":"Feature","properties":{"name":"80","length_km":15},"geometry":{"type":"LineString","coordinates":[[-122.225016,38.05968],[-122.223279,38.05447],[-122.238909,38.018002],[-122.252801,37.995426],[-122.299689,37.955484],[-122.304899,37.941592],[-122.303469,37.931578]]}},{"type":"Feature","properties":{"name":"75","length_km":4},"geometry":{"type":"LineString","coordinates":[[-84.51834,39.089481],[-84.51834,39.065168],[-84.537442,39.061695]]}},{"type":"Feature","properties":{"name":"75","length_km":2},"geometry":{"type":"LineString","coordinates":[[-84.532232,39.10511],[-84.511393,39.096427]]}},{"type":"Feature","properties":{"name":"70","length_km":146},"geometry":{"type":"LineString","coordinates":[[-87.413243,39.43159],[-87.302101,39.43159],[-87.288208,39.442009],[-87.270842,39.445482],[-87.217007,39.445482],[-87.187485,39.455902],[-87.124968,39.454165],[-87.025982,39.466322],[-86.946099,39.508],[-86.855796,39.542732],[-86.767229,39.542732],[-86.649141,39.567044],[-86.529316,39.601776],[-86.439013,39.636508],[-86.383442,39.664293],[-86.329608,39.683396],[-86.246251,39.725074],[-86.228885,39.74765],[-86.188943,39.75286],[-86.143792,39.751123]]}},{"type":"Feature","properties":{"name":"70","length_km":14},"geometry":{"type":"LineString","coordinates":[[-87.413243,39.43159],[-87.427135,39.433326],[-87.442765,39.448956],[-87.531331,39.436799]]}},{"type":"Feature","properties":{"name":"64","length_km":54},"geometry":{"type":"LineString","coordinates":[[-78.575713,38.023211],[-78.646914,38.031894],[-78.699011,38.028421],[-78.770212,38.04926],[-78.834466,38.044051],[-78.891773,38.047524],[-78.947344,38.063153],[-79.048067,38.116988]]}},{"type":"Feature","properties":{"name":"29","length_km":107},"geometry":{"type":"LineString","coordinates":[[-95.662066,40.584688],[-95.6447,40.574269],[-95.599549,40.508278],[-95.597812,40.480493],[-95.571764,40.424922],[-95.50751,40.338092],[-95.488407,40.296414],[-95.451938,40.259945],[-95.363372,40.192218],[-95.267859,40.15054],[-95.24702,40.13491],[-95.205342,40.079339],[-95.189713,40.067183],[-95.061205,39.994246],[-95.023,39.97688],[-94.983058,39.969934],[-94.894492,39.91089]]}},{"type":"Feature","properties":{"name":"64","length_km":133},"geometry":{"type":"LineString","coordinates":[[-77.471239,37.590799],[-77.538966,37.601219],[-77.559805,37.611639],[-77.60843,37.655053],[-77.658791,37.675893],[-77.773407,37.705415],[-77.823768,37.726254],[-77.967905,37.832186],[-78.073837,37.931172],[-78.105096,37.948538],[-78.254443,37.997163],[-78.320434,37.997163],[-78.412473,38.030158],[-78.433312,38.028421],[-78.492357,38.002372],[-78.513196,38.000636],[-78.544455,38.014529],[-78.575713,38.023211]]}},{"type":"Feature","properties":{"name":"77","length_km":97},"geometry":{"type":"LineString","coordinates":[[-81.500138,39.26835],[-81.508821,39.233618],[-81.520977,39.224935],[-81.527924,39.214515],[-81.52966,39.188466],[-81.543553,39.164154],[-81.54008,39.0999],[-81.548763,39.077324],[-81.625173,39.020017],[-81.6929,38.957499],[-81.727632,38.914084],[-81.743262,38.877616],[-81.736315,38.808152],[-81.729369,38.787313],[-81.715476,38.766474],[-81.694637,38.750845],[-81.668588,38.742162],[-81.654695,38.723059],[-81.649485,38.646649],[-81.639066,38.617127],[-81.654695,38.554609],[-81.652959,38.519878],[-81.639066,38.434784],[-81.628646,38.400052],[-81.606071,38.37574]]}},{"type":"Feature","properties":{"name":"64","length_km":24},"geometry":{"type":"LineString","coordinates":[[-77.471239,37.590799],[-77.420878,37.549121],[-77.375726,37.526545],[-77.266321,37.521336]]}},{"type":"Feature","properties":{"name":"65","length_km":83},"geometry":{"type":"LineString","coordinates":[[-86.140319,39.782382],[-86.147265,39.763279],[-86.129899,39.721601],[-86.107324,39.704235],[-86.096904,39.672976],[-86.074328,39.652137],[-86.067382,39.601776],[-86.003128,39.471531],[-85.957976,39.409014],[-85.942347,39.379492],[-85.94061,39.34476],[-85.95624,39.294399],[-85.95103,39.250984],[-85.95624,39.202359],[-85.95624,39.158944],[-85.95103,39.136369],[-85.954503,39.10511],[-85.900669,39.037383],[-85.87983,39.01828],[-85.845098,38.993968]]}},{"type":"Feature","properties":{"name":"25","length_km":51},"geometry":{"type":"LineString","coordinates":[[-104.992789,39.81364],[-104.992789,39.890051],[-104.978896,40.039398],[-104.973686,40.29294],[-104.975423,40.338092],[-104.984106,40.353721],[-104.989315,40.371087],[-104.991052,40.407556]]}},{"type":"Feature","properties":{"name":"5","length_km":74},"geometry":{"type":"LineString","coordinates":[[-121.506066,38.568502],[-121.485227,38.406999],[-121.448758,38.252442],[-121.41229,38.200344],[-121.403607,38.181242],[-121.40187,38.129144],[-121.341089,37.990216],[-121.327196,37.958957],[-121.304621,37.929435],[-121.280308,37.886021],[-121.283782,37.853025],[-121.299411,37.797454]]}},{"type":"Feature","properties":{"name":"35","length_km":80},"geometry":{"type":"LineString","coordinates":[[-94.22243,39.75286],[-94.146019,39.919573],[-94.104341,39.969934],[-94.100868,39.989036],[-94.102605,40.070656],[-94.020985,40.173115],[-94.012302,40.30336],[-93.994936,40.388453],[-93.970623,40.47181],[-93.941101,40.55343],[-93.925472,40.576005]]}},{"type":"Feature","properties":{"name":"29","length_km":19},"geometry":{"type":"LineString","coordinates":[[-94.894492,39.91089],[-94.809399,39.846636],[-94.793769,39.749386]]}},{"type":"Feature","properties":{"name":"25","length_km":10},"geometry":{"type":"LineString","coordinates":[[-105.039677,39.719864],[-105.025784,39.768489],[-104.992789,39.81364]]}},{"type":"Feature","properties":{"name":"64","length_km":46},"geometry":{"type":"LineString","coordinates":[[-79.376283,37.818293],[-79.3676,37.837396],[-79.341551,37.859972],[-79.240829,37.925962],[-79.155736,38.026685],[-79.122741,38.038841],[-79.101901,38.052734],[-79.048067,38.116988]]}},{"type":"Feature","properties":{"name":"70","length_km":72},"geometry":{"type":"LineString","coordinates":[[-105.668324,39.756333],[-105.628382,39.766752],[-105.600597,39.768489],[-105.52766,39.74244],[-105.501611,39.738967],[-105.475562,39.74765],[-105.44083,39.74765],[-105.402625,39.726811],[-105.327951,39.702498],[-105.284537,39.711181],[-105.20118,39.693815],[-105.175131,39.705972],[-105.166448,39.719864],[-105.039677,39.719864]]}},{"type":"Feature","properties":{"name":"64","length_km":114},"geometry":{"type":"LineString","coordinates":[[-82.597666,38.38095],[-82.57509,38.39137],[-82.484787,38.400052],[-82.439636,38.387896],[-82.375382,38.400052],[-82.323284,38.422628],[-82.271186,38.420892],[-82.219088,38.436521],[-82.130522,38.438258],[-82.074951,38.427838],[-82.054112,38.431311],[-81.998541,38.453887],[-81.93255,38.45736],[-81.864823,38.453887],[-81.847457,38.446941],[-81.814462,38.413945],[-81.748471,38.372267],[-81.729369,38.365321],[-81.684217,38.361847],[-81.652959,38.354901],[-81.606071,38.37574]]}},{"type":"Feature","properties":{"name":"70","length_km":113},"geometry":{"type":"LineString","coordinates":[[-87.531331,39.436799],[-87.54696,39.43159],[-87.696308,39.42638],[-87.737986,39.405541],[-87.788347,39.398594],[-87.899489,39.362126],[-88.003685,39.316974],[-88.038417,39.296135],[-88.153032,39.256194],[-88.180817,39.254457],[-88.217286,39.233618],[-88.349267,39.18673],[-88.36837,39.17631],[-88.401365,39.167627],[-88.512507,39.150261]]}},{"type":"Feature","properties":{"name":"70","length_km":12},"geometry":{"type":"LineString","coordinates":[[-88.512507,39.150261],[-88.543766,39.155471],[-88.569815,39.150261],[-88.583707,39.132895],[-88.580234,39.096427]]}},{"type":"Feature","properties":{"name":"64","length_km":121},"geometry":{"type":"LineString","coordinates":[[-76.31814,37.012513],[-76.32335,37.035089],[-76.330297,37.040299],[-76.342453,37.040299],[-76.370238,37.029879],[-76.387604,37.038562],[-76.450122,37.08545],[-76.465751,37.10108],[-76.507429,37.118446],[-76.566473,37.203539],[-76.632464,37.243481],[-76.651567,37.274739],[-76.740133,37.363306],[-76.795704,37.410194],[-76.892953,37.472711],[-76.917265,37.483131],[-76.950261,37.491814],[-77.037091,37.497023],[-77.209013,37.517862],[-77.266321,37.521336]]}},{"type":"Feature","properties":{"name":"64","length_km":9},"geometry":{"type":"LineString","coordinates":[[-76.266043,36.951733],[-76.269516,36.958679],[-76.299038,36.967362],[-76.299038,36.970835],[-76.300774,36.981255],[-76.311194,37.000357],[-76.314667,37.007304],[-76.31814,37.012513]]}},{"type":"Feature","properties":{"name":"70","length_km":103},"geometry":{"type":"LineString","coordinates":[[-106.456738,39.606986],[-106.402903,39.639981],[-106.364698,39.646927],[-106.314337,39.645191],[-106.284815,39.627825],[-106.272659,39.598303],[-106.250083,39.594829],[-106.244873,39.58962],[-106.248346,39.580937],[-106.199722,39.511473],[-106.171936,39.501053],[-106.152834,39.506263],[-106.107682,39.58962],[-106.069477,39.629561],[-105.944442,39.678186],[-105.885398,39.683396],[-105.84372,39.699025],[-105.739524,39.692079],[-105.713475,39.697289],[-105.699583,39.707708],[-105.682217,39.74244],[-105.668324,39.756333]]}},{"type":"Feature","properties":{"name":"64","length_km":13},"geometry":{"type":"LineString","coordinates":[[-76.266043,36.951733],[-76.272989,36.92742],[-76.266043,36.913528],[-76.222628,36.887479],[-76.201789,36.847537]]}},{"type":"Feature","properties":{"name":"70","length_km":53},"geometry":{"type":"LineString","coordinates":[[-108.603169,39.120739],[-108.615325,39.122476],[-108.64311,39.11032],[-108.750779,39.165891],[-108.794194,39.1711],[-108.848028,39.200623],[-108.870604,39.219725],[-108.922702,39.233618],[-108.943541,39.228408],[-108.973063,39.211042],[-109.052947,39.190203]]}},{"type":"Feature","properties":{"name":"70","length_km":258},"geometry":{"type":"LineString","coordinates":[[-106.456738,39.606986],[-106.515782,39.634771],[-106.613031,39.65561],[-106.635607,39.664293],[-106.694651,39.705972],[-106.7207,39.712918],[-106.764115,39.692079],[-106.771061,39.683396],[-106.80232,39.674713],[-106.830106,39.659083],[-106.977716,39.652137],[-107.033287,39.657347],[-107.081912,39.650401],[-107.236469,39.567044],[-107.312879,39.565307],[-107.330245,39.554888],[-107.382343,39.567044],[-107.408392,39.565307],[-107.430967,39.572254],[-107.458753,39.57399],[-107.500431,39.568781],[-107.524743,39.572254],[-107.701876,39.532312],[-107.748764,39.532312],[-107.773076,39.525366],[-107.856433,39.521893],[-107.92937,39.50279],[-107.951946,39.488897],[-107.981468,39.480214],[-108.004043,39.480214],[-108.028356,39.468058],[-108.083927,39.417697],[-108.136025,39.388175],[-108.160337,39.379492],[-108.188122,39.358653],[-108.222854,39.299608],[-108.259323,39.254457],[-108.261059,39.219725],[-108.271479,39.188466],[-108.301001,39.162417],[-108.330523,39.122476],[-108.512866,39.112056],[-108.603169,39.120739]]}},{"type":"Feature","properties":{"name":"64","length_km":116},"geometry":{"type":"LineString","coordinates":[[-81.203181,37.7332],[-81.138927,37.764459],[-81.038204,37.760986],[-80.954848,37.783561],[-80.913169,37.780088],[-80.833286,37.793981],[-80.817657,37.806137],[-80.798554,37.830449],[-80.692622,37.870391],[-80.649207,37.899913],[-80.626631,37.910333],[-80.593636,37.899913],[-80.569324,37.858235],[-80.543275,37.847815],[-80.477284,37.837396],[-80.42345,37.802664],[-80.380035,37.792244],[-80.360932,37.766196],[-80.348776,37.766196],[-80.340093,37.759249],[-80.315781,37.762722],[-80.270629,37.790508],[-80.232424,37.785298]]}},{"type":"Feature","properties":{"name":"64","length_km":17},"geometry":{"type":"LineString","coordinates":[[-81.265768,37.878682],[-81.258752,37.859972],[-81.243122,37.846079],[-81.21881,37.837396],[-81.217073,37.807874],[-81.225756,37.778352],[-81.203181,37.7332]]}},{"type":"Feature","properties":{"name":"70","length_km":92},"geometry":{"type":"LineString","coordinates":[[-109.052947,39.190203],[-109.115464,39.184993],[-109.134566,39.169364],[-109.171035,39.119003],[-109.193611,39.098163],[-109.28565,39.033909],[-109.337748,38.981812],[-109.379426,38.959236],[-109.403739,38.93666],[-109.504461,38.934924],[-109.61213,38.940133],[-109.719799,38.962709],[-109.815312,38.940133]]}},{"type":"Feature","properties":{"name":"70","length_km":157},"geometry":{"type":"LineString","coordinates":[[-104.982369,39.820587],[-104.904222,39.782382],[-104.801763,39.766752],[-104.732299,39.738967],[-104.454444,39.740703],[-104.414503,39.73723],[-104.3954,39.730284],[-104.306834,39.728547],[-104.15054,39.697289],[-104.127965,39.688606],[-104.075867,39.650401],[-104.035925,39.603512],[-103.969934,39.504527],[-103.92652,39.461112],[-103.864002,39.353443],[-103.8449,39.343023],[-103.824061,39.311765],[-103.74765,39.280506],[-103.707709,39.27356]]}},{"type":"Feature","properties":{"name":"70","length_km":14},"geometry":{"type":"LineString","coordinates":[[-103.707709,39.27356],[-103.580937,39.266613]]}},{"type":"Feature","properties":{"name":"15","length_km":166},"geometry":{"type":"LineString","coordinates":[[-112.614702,38.577185],[-112.616438,38.639703],[-112.593863,38.660542],[-112.593863,38.674434],[-112.602546,38.686591],[-112.600809,38.705693],[-112.576497,38.740425],[-112.526136,38.790786],[-112.359422,38.934924],[-112.352476,38.943607],[-112.343793,38.969655],[-112.310798,39.01307],[-112.286485,39.073851],[-112.25349,39.106846],[-112.234388,39.150261],[-112.199656,39.18673],[-112.114563,39.250984],[-112.083304,39.287452],[-112.074621,39.318711],[-112.071148,39.388175],[-112.055518,39.419433],[-111.973898,39.481951],[-111.963479,39.501053],[-111.939167,39.565307],[-111.911381,39.596566],[-111.899225,39.645191],[-111.887069,39.659083],[-111.838444,39.686869],[-111.819342,39.709445],[-111.840181,39.806694],[-111.805449,39.942148],[-111.77419,39.978617]]}},{"type":"Feature","properties":{"name":"70","length_km":172},"geometry":{"type":"LineString","coordinates":[[-103.580937,39.266613],[-103.462849,39.27356],[-103.106847,39.287452],[-102.987022,39.275296],[-102.874143,39.292662],[-102.323643,39.289189],[-102.252443,39.292662],[-102.235077,39.310028],[-102.045788,39.330867]]}},{"type":"Feature","properties":{"name":"35","length_km":65},"geometry":{"type":"LineString","coordinates":[[-94.562802,39.17631],[-94.529807,39.179783],[-94.515914,39.184993],[-94.507231,39.204096],[-94.479446,39.228408],[-94.427348,39.294399],[-94.396089,39.348233],[-94.279737,39.553151],[-94.245005,39.659083],[-94.22243,39.75286]]}},{"type":"Feature","properties":{"name":"29","length_km":63},"geometry":{"type":"LineString","coordinates":[[-94.562802,39.17631],[-94.574958,39.188466],[-94.635739,39.223198],[-94.651368,39.25272],[-94.677417,39.290925],[-94.6861,39.310028],[-94.689574,39.332604],[-94.765984,39.370809],[-94.785086,39.412487],[-94.790296,39.469795],[-94.786823,39.57399],[-94.793769,39.749386]]}},{"type":"Feature","properties":{"name":"75","length_km":71},"geometry":{"type":"LineString","coordinates":[[-84.523549,38.113514],[-84.530496,38.151719],[-84.532232,38.172559],[-84.525286,38.186451],[-84.528759,38.209027],[-84.554808,38.269808],[-84.556545,38.321906],[-84.575647,38.400052],[-84.570437,38.441731],[-84.587803,38.523351],[-84.59996,38.554609],[-84.575647,38.636229],[-84.596486,38.683117],[-84.608642,38.759528],[-84.608642,38.785576],[-84.596486,38.828991],[-84.617325,38.848094],[-84.620799,38.877616]]}},{"type":"Feature","properties":{"name":"70","length_km":7},"geometry":{"type":"LineString","coordinates":[[-94.562802,39.17631],[-94.574958,39.096427]]}},{"type":"Feature","properties":{"name":"70","length_km":152},"geometry":{"type":"LineString","coordinates":[[-88.580234,39.096427],[-88.972704,38.974865],[-89.002227,38.973129],[-89.075164,38.983548],[-89.115105,38.981812],[-89.175886,38.957499],[-89.22972,38.929714],[-89.241877,38.917558],[-89.293974,38.905401],[-89.337389,38.879353],[-89.422482,38.85504],[-89.497156,38.842884],[-89.523205,38.830728],[-89.55099,38.827255],[-89.603088,38.799469],[-89.630874,38.78905],[-89.731596,38.782103],[-89.766328,38.764737],[-89.813216,38.764737],[-89.906992,38.752581]]}},{"type":"Feature","properties":{"name":"55","length_km":98},"geometry":{"type":"LineString","coordinates":[[-89.644767,39.738967],[-89.641293,39.690342],[-89.64824,39.681659],[-89.64303,39.480214],[-89.64303,39.238828],[-89.691655,39.160681],[-89.752435,39.087744],[-89.755909,39.044329],[-89.750699,39.025227],[-89.748962,38.973129],[-89.835792,38.893245],[-89.868787,38.853304],[-89.889626,38.811625],[-89.906992,38.752581]]}},{"type":"Feature","properties":{"name":"64","length_km":7},"geometry":{"type":"LineString","coordinates":[[-85.850308,38.314959],[-85.843361,38.301067],[-85.813839,38.278491],[-85.806893,38.281964],[-85.796473,38.280227]]}},{"type":"Feature","properties":{"name":"70","length_km":4},"geometry":{"type":"LineString","coordinates":[[-94.607954,39.092954],[-94.574958,39.096427]]}},{"type":"Feature","properties":{"name":"65","length_km":67},"geometry":{"type":"LineString","coordinates":[[-85.845098,38.993968],[-85.834678,38.967919],[-85.834678,38.924504],[-85.80342,38.896719],[-85.801683,38.884562],[-85.822522,38.787313],[-85.822522,38.763001],[-85.789527,38.69701],[-85.779107,38.653595],[-85.777371,38.526824],[-85.754795,38.398316],[-85.751322,38.268071]]}},{"type":"Feature","properties":{"name":"75","length_km":8},"geometry":{"type":"LineString","coordinates":[[-84.455822,38.078783],[-84.487081,38.101358],[-84.50792,38.111778],[-84.523549,38.113514]]}},{"type":"Feature","properties":{"name":"70","length_km":4},"geometry":{"type":"LineString","coordinates":[[-94.607954,39.070378],[-94.574958,39.096427]]}},{"type":"Feature","properties":{"name":"64","length_km":179},"geometry":{"type":"LineString","coordinates":[[-84.148445,38.018002],[-84.084191,38.033631],[-84.032093,38.061417],[-83.950473,38.082256],[-83.900112,38.083992],[-83.842804,38.104831],[-83.815019,38.104831],[-83.787233,38.123934],[-83.755975,38.125671],[-83.676091,38.151719],[-83.601418,38.162139],[-83.5389,38.181242],[-83.498959,38.181242],[-83.465963,38.198608],[-83.405183,38.275018],[-83.328772,38.285437],[-83.243679,38.318433],[-83.212421,38.323642],[-83.125591,38.327116],[-83.000556,38.325379],[-82.962351,38.341008],[-82.863365,38.367057],[-82.719228,38.367057],[-82.648027,38.379213],[-82.597666,38.38095]]}},{"type":"Feature","properties":{"name":"71","length_km":137},"geometry":{"type":"LineString","coordinates":[[-85.720063,38.259388],[-85.694014,38.269808],[-85.671438,38.28891],[-85.622814,38.290647],[-85.575926,38.308013],[-85.530774,38.334062],[-85.499515,38.337535],[-85.360588,38.389633],[-85.325856,38.419155],[-85.218187,38.535507],[-85.185192,38.575449],[-85.166089,38.617127],[-85.157406,38.62581],[-85.115728,38.648386],[-85.035845,38.662278],[-84.954225,38.686591],[-84.879551,38.716113],[-84.810087,38.750845],[-84.740624,38.792523],[-84.652057,38.861987],[-84.620799,38.877616]]}},{"type":"Feature","properties":{"name":"64","length_km":2},"geometry":{"type":"LineString","coordinates":[[-85.751322,38.268071],[-85.749585,38.243759]]}},{"type":"Feature","properties":{"name":"64","length_km":6},"geometry":{"type":"LineString","coordinates":[[-85.796473,38.280227],[-85.765214,38.257652],[-85.749585,38.259388]]}},{"type":"Feature","properties":{"name":"75","length_km":4},"geometry":{"type":"LineString","coordinates":[[-84.428037,38.052734],[-84.455822,38.078783]]}},{"type":"Feature","properties":{"name":"64","length_km":138},"geometry":{"type":"LineString","coordinates":[[-84.523549,38.113514],[-84.608642,38.158666],[-84.728468,38.162139],[-84.811824,38.174295],[-84.863922,38.160402],[-84.959435,38.148246],[-84.990693,38.14651],[-85.039318,38.149983],[-85.39532,38.2125],[-85.47173,38.219447],[-85.572452,38.22292],[-85.622814,38.235076],[-85.674912,38.233339],[-85.732219,38.259388],[-85.749585,38.261125]]}},{"type":"Feature","properties":{"name":"70","length_km":137},"geometry":{"type":"LineString","coordinates":[[-102.045788,39.330867],[-101.799191,39.329131],[-101.392828,39.330867],[-101.312945,39.365599],[-101.262584,39.369072],[-101.033353,39.365599],[-101.021197,39.356916],[-100.988202,39.318711],[-100.972572,39.311765],[-100.870113,39.19194]]}},{"type":"Feature","properties":{"name":"70","length_km":165},"geometry":{"type":"LineString","coordinates":[[-92.29481,38.960973],[-92.067316,38.94708],[-91.982223,38.94708],[-91.926652,38.938397],[-91.80509,38.934924],[-91.735626,38.910611],[-91.707841,38.907138],[-91.634904,38.900192],[-91.49424,38.900192],[-91.390044,38.868933],[-91.334473,38.867196],[-91.278902,38.851567],[-91.252853,38.851567],[-91.181653,38.827255],[-91.09656,38.822045],[-91.049671,38.837674],[-91.023623,38.837674],[-90.823914,38.799469]]}},{"type":"Feature","properties":{"name":"64","length_km":32},"geometry":{"type":"LineString","coordinates":[[-84.148445,38.018002],[-84.188387,38.009319],[-84.209226,38.011055],[-84.266533,38.035368],[-84.308212,38.040577],[-84.367256,38.057943],[-84.396778,38.061417],[-84.428037,38.052734]]}},{"type":"Feature","properties":{"name":"70","length_km":154},"geometry":{"type":"LineString","coordinates":[[-93.199575,38.964446],[-93.461801,38.974865],[-93.503479,38.983548],[-93.614622,38.995704],[-93.637197,38.987021],[-93.703188,38.992231],[-93.73792,39.000914],[-94.236322,39.02349],[-94.302313,39.039119],[-94.479446,39.049539],[-94.535017,39.066905],[-94.574958,39.096427]]}},{"type":"Feature","properties":{"name":"70","length_km":102},"geometry":{"type":"LineString","coordinates":[[-92.29481,38.960973],[-92.322595,38.966182],[-92.343434,38.960973],[-92.385113,38.959236],[-92.517094,38.969655],[-92.536196,38.964446],[-92.569192,38.940133],[-92.588294,38.933187],[-92.946033,38.927977],[-92.968608,38.929714],[-93.020706,38.945343],[-93.128375,38.950553],[-93.199575,38.964446]]}},{"type":"Feature","properties":{"name":"70","length_km":11},"geometry":{"type":"LineString","coordinates":[[-95.722847,39.026963],[-95.623861,39.026963]]}},{"type":"Feature","properties":{"name":"70","length_km":42},"geometry":{"type":"LineString","coordinates":[[-95.233128,38.993968],[-95.182766,38.995704],[-95.076834,39.049539],[-94.950063,39.084271],[-94.873653,39.0999],[-94.863576,39.100816]]}},{"type":"Feature","properties":{"name":"70","length_km":44},"geometry":{"type":"LineString","coordinates":[[-95.623861,39.026963],[-95.599549,39.032173],[-95.575237,39.030436],[-95.528349,39.01828],[-95.490144,39.01828],[-95.375528,38.997441],[-95.292172,38.995704],[-95.25744,38.988758],[-95.233128,38.993968]]}},{"type":"Feature","properties":{"name":"70","length_km":30},"geometry":{"type":"LineString","coordinates":[[-89.906992,38.752581],[-89.915675,38.719586],[-89.993822,38.69701],[-90.011188,38.679644],[-90.11712,38.650122],[-90.144906,38.627546]]}},{"type":"Feature","properties":{"name":"70","length_km":4},"geometry":{"type":"LineString","coordinates":[[-90.181374,38.62581],[-90.144906,38.627546]]}},{"type":"Feature","properties":{"name":"70","length_km":2},"geometry":{"type":"LineString","coordinates":[[-90.197004,38.62581],[-90.181374,38.62581]]}},{"type":"Feature","properties":{"name":"70","length_km":74},"geometry":{"type":"LineString","coordinates":[[-90.197004,38.62581],[-90.197004,38.637966],[-90.219579,38.674434],[-90.242155,38.688327],[-90.370663,38.730005],[-90.445337,38.742162],[-90.551269,38.787313],[-90.618996,38.795996],[-90.823914,38.799469]]}},{"type":"Feature","properties":{"name":"85","length_km":87},"geometry":{"type":"LineString","coordinates":[[-78.091203,36.757234],[-78.073837,36.76939],[-78.002637,36.790229],[-77.964432,36.819752],[-77.919281,36.842327],[-77.882812,36.842327],[-77.861973,36.849274],[-77.789036,36.904845],[-77.742148,36.925684],[-77.728255,36.934367],[-77.674421,36.996884],[-77.585854,37.062875],[-77.561542,37.088924],[-77.523337,37.141021],[-77.505971,37.17749],[-77.474712,37.200066],[-77.426088,37.203539]]}},{"type":"Feature","properties":{"name":"77","length_km":34},"geometry":{"type":"LineString","coordinates":[[-81.109405,37.278212],[-81.062517,37.314681],[-81.059043,37.34594],[-81.046887,37.373725],[-81.069463,37.42235],[-81.0712,37.469238],[-81.118088,37.510916],[-81.112878,37.549121],[-81.124055,37.586379]]}},{"type":"Feature","properties":{"name":"77","length_km":3},"geometry":{"type":"LineString","coordinates":[[-81.130244,37.255637],[-81.109405,37.278212]]}},{"type":"Feature","properties":{"name":"25","length_km":93},"geometry":{"type":"LineString","coordinates":[[-105.039677,39.719864],[-104.996262,39.714655],[-104.945901,39.688606],[-104.925061,39.67124],[-104.911169,39.650401],[-104.883383,39.591356],[-104.878173,39.567044],[-104.876437,39.504527],[-104.881647,39.438536],[-104.857334,39.374282],[-104.895539,39.278769],[-104.871227,39.217988],[-104.852124,39.18673],[-104.862544,39.115529],[-104.860807,39.089481],[-104.815656,39.000914],[-104.806973,38.971392],[-104.810446,38.940133],[-104.834759,38.884562],[-104.834759,38.827255]]}},{"type":"Feature","properties":{"name":"64","length_km":180},"geometry":{"type":"LineString","coordinates":[[-87.446238,38.176032],[-87.373301,38.188188],[-87.250003,38.200344],[-87.170119,38.195134],[-87.058977,38.200344],[-86.979094,38.195134],[-86.899211,38.202081],[-86.890528,38.209027],[-86.869689,38.2125],[-86.826274,38.198608],[-86.777649,38.207291],[-86.729024,38.224656],[-86.661297,38.236813],[-86.562311,38.236813],[-86.449433,38.247232],[-86.412964,38.247232],[-86.379969,38.233339],[-86.310505,38.252442],[-86.27751,38.250705],[-86.239305,38.240286],[-86.216729,38.247232],[-86.173314,38.242022],[-86.100377,38.245496],[-86.02744,38.254179],[-85.94582,38.276754],[-85.872883,38.297593],[-85.850308,38.314959]]}},{"type":"Feature","properties":{"name":"64","length_km":141},"geometry":{"type":"LineString","coordinates":[[-90.144906,38.627546],[-90.065022,38.618863],[-90.016398,38.599761],[-89.967773,38.596288],[-89.945197,38.591078],[-89.927831,38.577185],[-89.808006,38.551136],[-89.740279,38.542453],[-89.698601,38.518141],[-89.660396,38.514668],[-89.618718,38.493829],[-89.590932,38.488619],[-89.56662,38.459097],[-89.524941,38.436521],[-89.462424,38.427838],[-89.384277,38.398316],[-89.300921,38.389633],[-89.254033,38.394843],[-89.127261,38.389633],[-89.090793,38.368794],[-89.002227,38.358374],[-88.917133,38.334062]]}},{"type":"Feature","properties":{"name":"64","length_km":12},"geometry":{"type":"LineString","coordinates":[[-87.550434,38.170822],[-87.527858,38.167349],[-87.446238,38.176032]]}},{"type":"Feature","properties":{"name":"64","length_km":49},"geometry":{"type":"LineString","coordinates":[[-87.982846,38.22292],[-87.946377,38.198608],[-87.836972,38.191661],[-87.793557,38.176032],[-87.774454,38.177768],[-87.750142,38.165612],[-87.718883,38.162139],[-87.658102,38.169085],[-87.550434,38.170822]]}},{"type":"Feature","properties":{"name":"70","length_km":231},"geometry":{"type":"LineString","coordinates":[[-100.870113,39.19194],[-100.798913,39.112056],[-100.569682,39.112056],[-100.493272,39.108583],[-100.415126,39.096427],[-100.335242,39.096427],[-100.298774,39.086007],[-100.161583,39.02349],[-99.980977,39.025227],[-99.923669,39.020017],[-99.828157,38.997441],[-99.675336,38.974865],[-99.602399,38.94708],[-99.527726,38.94708],[-99.420057,38.919294],[-99.381852,38.919294],[-99.2655,38.875879],[-99.133519,38.877616],[-99.057109,38.861987],[-98.841771,38.861987]]}},{"type":"Feature","properties":{"name":"70","length_km":134},"geometry":{"type":"LineString","coordinates":[[-98.841771,38.861987],[-98.779254,38.856777],[-98.624697,38.858513],[-98.449301,38.844621],[-98.169709,38.846357],[-98.098508,38.86546],[-98.009942,38.877616],[-97.641784,38.877616]]}},{"type":"Feature","properties":{"name":"64","length_km":102},"geometry":{"type":"LineString","coordinates":[[-88.894558,38.266335],[-88.83725,38.275018],[-88.757367,38.278491],[-88.67922,38.273281],[-88.660117,38.266335],[-88.42915,38.269808],[-88.297169,38.266335],[-88.220759,38.245496],[-88.010631,38.235076],[-87.982846,38.22292]]}},{"type":"Feature","properties":{"name":"81","length_km":114},"geometry":{"type":"LineString","coordinates":[[-80.918379,36.948259],[-80.868018,36.953469],[-80.845442,36.969099],[-80.833286,36.984728],[-80.82113,36.993411],[-80.762086,37.005567],[-80.736037,37.026406],[-80.718671,37.052455],[-80.689149,37.081977],[-80.58669,37.097607],[-80.42345,37.111499],[-80.380035,37.125392],[-80.362669,37.147968],[-80.3262,37.16707],[-80.263683,37.207012],[-80.248054,37.231324],[-80.223741,37.245217],[-80.147331,37.273003],[-80.041399,37.328574],[-80.01014,37.358096],[-79.982355,37.359832]]}},{"type":"Feature","properties":{"name":"35","length_km":89},"geometry":{"type":"LineString","coordinates":[[-95.267859,38.575449],[-95.24702,38.584132],[-95.238337,38.599761],[-95.231391,38.637966],[-95.212288,38.641439],[-95.109829,38.6918],[-95.052522,38.712639],[-95.009107,38.742162],[-94.948326,38.766474],[-94.837184,38.837674],[-94.798979,38.868933],[-94.76772,38.914084],[-94.694783,38.993968],[-94.69131,39.021753],[-94.680891,39.033909],[-94.639212,39.047802],[-94.607954,39.070378]]}},{"type":"Feature","properties":{"name":"77","length_km":35},"geometry":{"type":"LineString","coordinates":[[-81.130244,37.255637],[-81.119824,37.245217],[-81.097248,37.234798],[-81.090302,37.217432],[-81.121561,37.189646],[-81.130244,37.17749],[-81.128507,37.135812],[-81.1424,37.097607],[-81.121561,37.059402],[-81.116351,37.028143],[-81.0712,36.977782],[-81.06078,36.953469]]}},{"type":"Feature","properties":{"name":"81","length_km":16},"geometry":{"type":"LineString","coordinates":[[-81.06078,36.953469],[-81.031258,36.939577],[-80.918379,36.948259]]}},{"type":"Feature","properties":{"name":"65","length_km":57},"geometry":{"type":"LineString","coordinates":[[-85.836415,37.700205],[-85.827732,37.712361],[-85.786054,37.741883],[-85.751322,37.785298],[-85.742639,37.790508],[-85.735692,37.811347],[-85.709643,37.844342],[-85.695751,37.879074],[-85.688804,37.912069],[-85.688804,37.957221],[-85.70096,37.997163],[-85.695751,38.06489],[-85.697487,38.103095],[-85.714853,38.160402],[-85.723536,38.177768],[-85.754795,38.214237],[-85.749585,38.243759]]}},{"type":"Feature","properties":{"name":"35","length_km":110},"geometry":{"type":"LineString","coordinates":[[-96.236879,38.413945],[-96.203884,38.431311],[-96.111844,38.431311],[-95.97118,38.422628],[-95.88956,38.433048],[-95.769735,38.426101],[-95.729794,38.427838],[-95.599549,38.455624],[-95.563081,38.455624],[-95.530085,38.466043],[-95.432836,38.509458],[-95.399841,38.518141],[-95.359899,38.547663],[-95.267859,38.575449]]}},{"type":"Feature","properties":{"name":"25","length_km":55},"geometry":{"type":"LineString","coordinates":[[-104.834759,38.827255],[-104.831285,38.818572],[-104.815656,38.815099],[-104.742719,38.735215],[-104.701041,38.674434],[-104.614211,38.478199],[-104.610738,38.445204],[-104.619421,38.360111],[-104.614211,38.308013]]}},{"type":"Feature","properties":{"name":"75","length_km":98},"geometry":{"type":"LineString","coordinates":[[-84.428037,38.052734],[-84.395041,37.98848],[-84.384622,37.932909],[-84.375939,37.915543],[-84.332524,37.863445],[-84.320368,37.840869],[-84.313421,37.807874],[-84.325578,37.736673],[-84.308212,37.649844],[-84.315158,37.583853],[-84.342944,37.455345],[-84.337734,37.384145],[-84.311685,37.371989],[-84.287373,37.307735],[-84.270007,37.283422],[-84.240484,37.262583],[-84.217909,37.227851],[-84.153655,37.201802],[-84.132816,37.168807],[-84.111976,37.149704]]}},{"type":"Feature","properties":{"name":"95","length_km":62},"geometry":{"type":"LineString","coordinates":[[-77.877602,35.97924],[-77.875866,36.007025],[-77.827241,36.064333],[-77.785563,36.161582],[-77.76646,36.187631],[-77.762987,36.20847],[-77.726519,36.255358],[-77.712626,36.307456],[-77.70047,36.333505],[-77.646635,36.402969],[-77.636216,36.430754],[-77.589328,36.517584],[-77.580645,36.54537]]}},{"type":"Feature","properties":{"name":"77","length_km":10},"geometry":{"type":"LineString","coordinates":[[-80.742983,36.559262],[-80.7343,36.628726],[-80.709988,36.656512]]}},{"type":"Feature","properties":{"name":"26","length_km":9},"geometry":{"type":"LineString","coordinates":[[-82.17741,36.628726],[-82.219088,36.614833],[-82.257294,36.595731]]}},{"type":"Feature","properties":{"name":"15","length_km":175},"geometry":{"type":"LineString","coordinates":[[-113.455214,37.165334],[-113.389223,37.220905],[-113.326706,37.283422],[-113.271135,37.351149],[-113.229456,37.418877],[-113.231193,37.434506],[-113.225983,37.484867],[-113.210354,37.533492],[-113.15131,37.622058],[-113.088792,37.642897],[-113.078373,37.675893],[-113.073163,37.717571],[-113.033221,37.760986],[-112.948128,37.802664],[-112.913396,37.828713],[-112.83004,37.863445],[-112.805727,37.884284],[-112.73279,37.97806],[-112.675483,38.078783],[-112.619912,38.148246],[-112.65117,38.202081],[-112.658117,38.302803],[-112.675483,38.377477],[-112.614702,38.478199],[-112.619912,38.493829],[-112.619912,38.521614],[-112.614702,38.577185]]}},{"type":"Feature","properties":{"name":"40","length_km":68},"geometry":{"type":"LineString","coordinates":[[-79.166155,36.059123],[-79.256458,36.074752],[-79.324185,36.064333],[-79.369337,36.069543],[-79.397122,36.06086],[-79.497845,36.067806],[-79.605514,36.05565],[-79.709709,36.053913],[-79.773963,36.04523]]}},{"type":"Feature","properties":{"name":"65","length_km":70},"geometry":{"type":"LineString","coordinates":[[-85.836415,37.700205],[-85.86941,37.604692],[-85.87983,37.552594],[-85.883303,37.505706],[-85.87983,37.420613],[-85.883303,37.378935],[-85.898932,37.33552],[-85.902405,37.295578],[-85.924981,37.2539],[-85.94582,37.191383],[-85.963186,37.165334],[-85.977079,37.135812],[-85.996181,37.121919],[-86.044806,37.10629],[-86.067382,37.083714],[-86.112533,37.061138]]}},{"type":"Feature","properties":{"name":"40","length_km":48},"geometry":{"type":"LineString","coordinates":[[-80.234161,36.097328],[-80.124756,36.111221],[-80.084814,36.109484],[-80.004931,36.092118],[-79.918101,36.06086],[-79.812169,36.031338]]}},{"type":"Feature","properties":{"name":"40","length_km":61},"geometry":{"type":"LineString","coordinates":[[-79.166155,36.059123],[-79.112321,36.027864],[-79.06196,35.986186],[-78.997706,35.96361],[-78.983813,35.925405],[-78.971657,35.908039],[-78.886564,35.920196],[-78.829256,35.89241],[-78.773685,35.842049],[-78.74069,35.822946],[-78.73548,35.80558],[-78.745899,35.776058],[-78.737217,35.767375]]}},{"type":"Feature","properties":{"name":"35","length_km":82},"geometry":{"type":"LineString","coordinates":[[-96.846424,37.903386],[-96.827321,37.920752],[-96.780433,37.941592],[-96.707496,37.991953],[-96.669291,38.023211],[-96.594618,38.075309],[-96.558149,38.120461],[-96.497368,38.151719],[-96.46611,38.176032],[-96.443534,38.196871],[-96.427905,38.219447],[-96.410539,38.229866],[-96.387963,38.254179],[-96.356704,38.292384],[-96.29245,38.342745],[-96.236879,38.413945]]}},{"type":"Feature","properties":{"name":"40","length_km":21},"geometry":{"type":"LineString","coordinates":[[-78.737217,35.767375],[-78.716377,35.755219],[-78.686855,35.751746],[-78.660806,35.755219],[-78.591343,35.753482],[-78.58266,35.703121]]}},{"type":"Feature","properties":{"name":"15","length_km":20},"geometry":{"type":"LineString","coordinates":[[-113.599351,37.047245],[-113.594141,37.064611],[-113.564619,37.097607],[-113.545516,37.10629],[-113.528151,37.125392],[-113.502102,37.144495],[-113.455214,37.165334]]}},{"type":"Feature","properties":{"name":"75","length_km":55},"geometry":{"type":"LineString","coordinates":[[-84.111976,37.149704],[-84.094611,37.092397],[-84.096347,37.045509],[-84.108503,36.989938],[-84.127606,36.934367],[-84.150182,36.889215],[-84.148445,36.86664],[-84.172757,36.821488],[-84.17623,36.805859],[-84.169284,36.758971],[-84.174494,36.752024],[-84.167547,36.725975],[-84.144972,36.677351],[-84.141499,36.651302],[-84.111976,36.62699],[-84.103294,36.593994]]}},{"type":"Feature","properties":{"name":"65","length_km":40},"geometry":{"type":"LineString","coordinates":[[-86.432067,36.913528],[-86.414701,36.936103],[-86.390388,36.982991],[-86.369549,37.005567],[-86.26709,37.015987],[-86.234095,37.040299],[-86.136846,37.052455],[-86.112533,37.061138]]}},{"type":"Feature","properties":{"name":"95","length_km":66},"geometry":{"type":"LineString","coordinates":[[-78.296122,35.517306],[-78.244024,35.534672],[-78.139828,35.578086],[-78.085994,35.661443],[-78.032159,35.710068],[-78.014793,35.741326],[-77.987008,35.828156],[-77.971378,35.854205],[-77.891495,35.947981],[-77.877602,35.97924]]}},{"type":"Feature","properties":{"name":"95","length_km":2},"geometry":{"type":"LineString","coordinates":[[-78.316961,35.506886],[-78.297858,35.515569]]}},{"type":"Feature","properties":{"name":"24","length_km":57},"geometry":{"type":"LineString","coordinates":[[-88.686166,37.128865],[-88.680957,37.179227],[-88.762577,37.321627],[-88.785152,37.354623],[-88.849406,37.399774],[-88.866772,37.41714],[-88.878928,37.439716],[-88.892821,37.497023],[-88.910187,37.523072],[-88.969231,37.583853],[-88.99528,37.604692]]}},{"type":"Feature","properties":{"name":"25","length_km":73},"geometry":{"type":"LineString","coordinates":[[-104.614211,38.308013],[-104.605528,38.276754],[-104.605528,38.259388],[-104.615948,38.247232],[-104.615948,38.224656],[-104.621157,38.21771],[-104.628104,38.21771],[-104.631577,38.177768],[-104.673255,38.108305],[-104.723616,38.05447],[-104.747929,38.011055],[-104.763558,37.98848],[-104.827812,37.917279],[-104.831285,37.879074],[-104.827812,37.799191],[-104.834759,37.759249],[-104.791344,37.658527],[-104.770505,37.641161],[-104.763558,37.625531]]}},{"type":"Feature","properties":{"name":"24","length_km":7},"geometry":{"type":"LineString","coordinates":[[-88.661854,37.059402],[-88.675747,37.069821],[-88.686166,37.092397],[-88.686166,37.128865]]}},{"type":"Feature","properties":{"name":"57","length_km":54},"geometry":{"type":"LineString","coordinates":[[-89.186306,37.097607],[-89.155047,37.175753],[-89.151574,37.436243],[-89.125525,37.479657],[-89.035222,37.549121],[-89.00049,37.582116],[-88.99528,37.604692]]}},{"type":"Feature","properties":{"name":"24","length_km":37},"geometry":{"type":"LineString","coordinates":[[-88.661854,37.059402],[-88.588917,37.01946],[-88.509034,37.002094],[-88.337111,36.991674]]}},{"type":"Feature","properties":{"name":"95","length_km":25},"geometry":{"type":"LineString","coordinates":[[-78.315224,35.510359],[-78.334327,35.496467],[-78.369058,35.477364],[-78.391634,35.444369],[-78.481937,35.411373],[-78.509723,35.394007]]}},{"type":"Feature","properties":{"name":"40","length_km":35},"geometry":{"type":"LineString","coordinates":[[-78.481937,35.364485],[-78.511459,35.395744],[-78.530562,35.463471],[-78.544455,35.473891],[-78.554874,35.492993],[-78.558347,35.515569],[-78.568767,35.539881],[-78.573977,35.562457],[-78.56703,35.598926],[-78.570503,35.631921],[-78.563557,35.666653],[-78.580923,35.703121]]}},{"type":"Feature","properties":{"name":"40","length_km":73},"geometry":{"type":"LineString","coordinates":[[-80.843706,35.81079],[-80.795081,35.828156],[-80.736037,35.862888],[-80.645734,35.89241],[-80.617948,35.906303],[-80.524172,35.965347],[-80.479021,36.000079],[-80.395664,36.029601],[-80.350513,36.053913],[-80.312308,36.083435],[-80.289732,36.092118],[-80.234161,36.097328]]}},{"type":"Feature","properties":{"name":"77","length_km":70},"geometry":{"type":"LineString","coordinates":[[-80.843706,35.81079],[-80.843706,35.935825],[-80.819393,36.078226],[-80.814184,36.13206],[-80.814184,36.194577],[-80.808974,36.20847],[-80.822867,36.260568],[-80.822867,36.279671],[-80.793344,36.335242],[-80.795081,36.37692],[-80.748193,36.496745],[-80.742983,36.559262]]}},{"type":"Feature","properties":{"name":"65","length_km":30},"geometry":{"type":"LineString","coordinates":[[-86.432067,36.913528],[-86.463325,36.852747],[-86.472008,36.795439],[-86.485901,36.765917],[-86.51195,36.724239],[-86.541472,36.682561],[-86.567521,36.659985],[-86.574467,36.642619]]}},{"type":"Feature","properties":{"name":"5","length_km":174},"geometry":{"type":"LineString","coordinates":[[-121.349848,37.602177],[-121.219528,37.505706],[-121.181322,37.469238],[-121.136171,37.391091],[-121.08581,37.231324],[-121.054551,37.163597],[-121.018083,37.113236],[-120.934726,37.01946],[-120.804481,36.892688],[-120.653398,36.673878],[-120.603037,36.614833],[-120.500577,36.54016],[-120.446743,36.495008],[-120.267874,36.291827],[-120.248771,36.260568]]}},{"type":"Feature","properties":{"name":"5","length_km":89},"geometry":{"type":"LineString","coordinates":[[-120.248771,36.260568],[-120.181044,36.159846],[-120.11679,36.088645],[-120.069902,36.052177],[-119.983072,35.996606],[-119.939657,35.96361],[-119.816359,35.840312],[-119.772944,35.786478],[-119.651383,35.616292]]}},{"type":"Feature","properties":{"name":"26","length_km":52},"geometry":{"type":"LineString","coordinates":[[-82.370172,36.354344],[-82.35107,36.317876],[-82.319811,36.279671],[-82.319811,36.260568],[-82.330231,36.236256],[-82.352806,36.192841],[-82.41185,36.151163],[-82.415324,36.135533],[-82.446582,36.119904],[-82.500417,36.073016],[-82.519519,36.071279],[-82.550778,36.040021],[-82.550778,36.026128],[-82.559461,36.017445],[-82.554251,35.986186],[-82.557724,35.956664]]}},{"type":"Feature","properties":{"name":"24","length_km":15},"geometry":{"type":"LineString","coordinates":[[-87.336832,36.642619],[-87.392403,36.680824],[-87.458394,36.706873]]}},{"type":"Feature","properties":{"name":"57","length_km":41},"geometry":{"type":"LineString","coordinates":[[-89.208881,37.01946],[-89.32176,36.906581],[-89.472844,36.894425],[-89.540571,36.871849]]}},{"type":"Feature","properties":{"name":"40","length_km":65},"geometry":{"type":"LineString","coordinates":[[-83.384343,36.069543],[-83.455544,36.029601],[-83.479856,36.019181],[-83.535427,36.010498],[-83.578842,35.991396],[-83.599681,35.986186],[-83.63094,35.98445],[-83.684774,36.001815],[-83.769867,36.001815],[-83.858434,36.012235],[-83.915741,35.98445],[-83.922688,35.96882],[-83.945263,35.967084]]}},{"type":"Feature","properties":{"name":"75","length_km":88},"geometry":{"type":"LineString","coordinates":[[-84.103294,36.593994],[-84.120659,36.571418],[-84.209226,36.488062],[-84.25785,36.451593],[-84.294319,36.430754],[-84.283899,36.416862],[-84.242221,36.380393],[-84.233538,36.363027],[-84.230065,36.312666],[-84.219645,36.30051],[-84.217909,36.279671],[-84.19186,36.265778],[-84.092874,36.175475],[-84.03383,36.135533],[-84.03383,36.123377],[-84.011254,36.093855],[-84.016464,36.081699],[-84.007781,36.048704],[-84.009517,36.012235],[-84.006044,36.005289],[-83.945263,35.967084]]}},{"type":"Feature","properties":{"name":"44","length_km":141},"geometry":{"type":"LineString","coordinates":[[-93.241254,37.245217],[-93.336766,37.243481],[-93.355869,37.238271],[-93.368025,37.227851],[-93.404494,37.208749],[-93.505216,37.184436],[-93.64067,37.17749],[-93.684085,37.163597],[-93.81954,37.088924],[-93.866428,37.081977],[-93.88553,37.073294],[-94.352674,37.081977],[-94.382196,37.076767],[-94.448187,37.047245],[-94.481182,37.036826]]}},{"type":"Feature","properties":{"name":"40","length_km":82},"geometry":{"type":"MultiLineString","coordinates":[[[-83.033551,35.704858],[-83.035288,35.692702],[-83.024868,35.682282],[-82.997083,35.666653],[-82.998819,35.644077],[-83.009239,35.614555],[-83.007502,35.602399],[-82.99361,35.586769],[-82.936302,35.553774],[-82.922409,35.539881]],[[-83.037024,35.755219],[-83.028342,35.7448],[-83.028342,35.713541],[-83.037024,35.703121]],[[-83.384343,36.069543],[-83.316616,36.031338],[-83.307933,36.015708],[-83.300987,35.980976],[-83.29404,35.967084],[-83.21763,35.947981],[-83.195055,35.930615],[-83.184635,35.89241],[-83.182898,35.838576],[-83.174215,35.822946],[-83.155113,35.822946],[-83.129064,35.807317],[-83.06481,35.758692],[-83.038761,35.756956]]]}},{"type":"Feature","properties":{"name":"44","length_km":16},"geometry":{"type":"LineString","coordinates":[[-94.481182,37.036826],[-94.508968,37.035089],[-94.52807,37.028143],[-94.555856,37.007304],[-94.574958,37.000357],[-94.618373,36.996884]]}},{"type":"Feature","properties":{"name":"25","length_km":85},"geometry":{"type":"LineString","coordinates":[[-104.763558,37.625531],[-104.707987,37.538702],[-104.655889,37.477921],[-104.622894,37.432769],[-104.549957,37.305998],[-104.508279,37.273003],[-104.501332,37.260847],[-104.497859,37.241744],[-104.503069,37.17749],[-104.501332,37.168807],[-104.522172,37.135812],[-104.520435,37.083714],[-104.515225,37.057665],[-104.503069,37.036826],[-104.47702,37.021196],[-104.47181,37.01425],[-104.475283,36.993411],[-104.47181,36.963889],[-104.457918,36.939577],[-104.435342,36.922211],[-104.411029,36.913528],[-104.407556,36.901371],[-104.417976,36.882269]]}},{"type":"Feature","properties":{"name":"24","length_km":72},"geometry":{"type":"LineString","coordinates":[[-86.788069,36.248412],[-86.817591,36.30572],[-86.900947,36.333505],[-86.99646,36.385603],[-87.131914,36.472433],[-87.213534,36.515847],[-87.243056,36.543633],[-87.256949,36.573155],[-87.281261,36.602677],[-87.303837,36.623516],[-87.336832,36.642619]]}},{"type":"Feature","properties":{"name":"40","length_km":36},"geometry":{"type":"LineString","coordinates":[[-83.945263,35.967084],[-84.127606,35.923669],[-84.254377,35.871571]]}},{"type":"Feature","properties":{"name":"26","length_km":26},"geometry":{"type":"LineString","coordinates":[[-82.531675,35.798634],[-82.542095,35.783005],[-82.542095,35.756956],[-82.58551,35.673599],[-82.568144,35.595452],[-82.583773,35.586769],[-82.595929,35.56072],[-82.608086,35.557247]]}},{"type":"Feature","properties":{"name":"24","length_km":8},"geometry":{"type":"LineString","coordinates":[[-86.786332,36.163319],[-86.788069,36.248412]]}},{"type":"Feature","properties":{"name":"65","length_km":7},"geometry":{"type":"LineString","coordinates":[[-86.727288,36.147689],[-86.755073,36.151163],[-86.786332,36.163319]]}},{"type":"Feature","properties":{"name":"40","length_km":35},"geometry":{"type":"LineString","coordinates":[[-82.608086,35.557247],[-82.660183,35.558984],[-82.807794,35.543355],[-82.828633,35.553774],[-82.920673,35.539881]]}},{"type":"Feature","properties":{"name":"85","length_km":67},"geometry":{"type":"LineString","coordinates":[[-80.854125,35.272446],[-80.911433,35.25508],[-80.935745,35.25508],[-81.059043,35.275919],[-81.114614,35.270709],[-81.189288,35.281129],[-81.225756,35.279392],[-81.262225,35.272446],[-81.29001,35.258553],[-81.324742,35.225558],[-81.434148,35.16825]]}},{"type":"Feature","properties":{"name":"26","length_km":35},"geometry":{"type":"LineString","coordinates":[[-82.399694,35.286339],[-82.481314,35.388798],[-82.524729,35.414847],[-82.554251,35.477364],[-82.606349,35.543355],[-82.608086,35.557247]]}},{"type":"Feature","properties":{"name":"5","length_km":94},"geometry":{"type":"LineString","coordinates":[[-119.651383,35.616292],[-119.621861,35.578086],[-119.541977,35.503413],[-119.453411,35.435686],[-119.295381,35.328017],[-118.956745,35.022376]]}},{"type":"Feature","properties":{"name":"15","length_km":60},"geometry":{"type":"LineString","coordinates":[[-115.393253,35.611082],[-115.368941,35.689228],[-115.355048,35.755219],[-115.31337,35.81079],[-115.212647,35.901093],[-115.181389,35.949718],[-115.177915,36.123377],[-115.164023,36.173738]]}},{"type":"Feature","properties":{"name":"26","length_km":28},"geometry":{"type":"LineString","coordinates":[[-82.170464,35.194299],[-82.206932,35.24466],[-82.232981,35.253343],[-82.309391,35.248133],[-82.342387,35.251607],[-82.399694,35.286339]]}},{"type":"Feature","properties":{"name":"95","length_km":104},"geometry":{"type":"MultiLineString","coordinates":[[[-78.645177,35.225558],[-78.662543,35.201245],[-78.771948,35.103996],[-78.8171,35.001537],[-78.841412,34.975488],[-78.916086,34.944229],[-78.945608,34.921654],[-78.956027,34.902551],[-78.98555,34.819195],[-79.008125,34.664638],[-79.023755,34.640325],[-79.04633,34.624696],[-79.103638,34.60212]],[[-78.509723,35.394007],[-78.534035,35.381851],[-78.556611,35.345383],[-78.608709,35.295022],[-78.620865,35.275919],[-78.64344,35.227294]]]}},{"type":"Feature","properties":{"name":"55","length_km":68},"geometry":{"type":"LineString","coordinates":[[-89.540571,36.871849],[-89.538834,36.689507],[-89.542307,36.653038],[-89.610035,36.510638],[-89.681235,36.434228],[-89.698601,36.404705],[-89.705547,36.378657],[-89.707284,36.30051],[-89.731596,36.222363],[-89.750699,36.201524]]}},{"type":"Feature","properties":{"name":"44","length_km":81},"geometry":{"type":"LineString","coordinates":[[-94.618373,36.996884],[-94.682627,36.944786],[-94.816345,36.901371],[-94.845867,36.880532],[-94.906648,36.748551],[-94.922277,36.729449],[-95.082044,36.666931],[-95.151508,36.625253],[-95.174083,36.61657],[-95.200132,36.592258],[-95.219235,36.560999]]}},{"type":"Feature","properties":{"name":"85","length_km":66},"geometry":{"type":"LineString","coordinates":[[-81.434148,35.16825],[-81.456723,35.157831],[-81.46888,35.159567],[-81.590441,35.107469],[-81.642539,35.10226],[-81.689427,35.090103],[-81.724159,35.074474],[-81.764101,35.069264],[-81.821408,35.044952],[-81.909975,35.01543],[-82.005487,34.970278]]}},{"type":"Feature","properties":{"name":"26","length_km":28},"geometry":{"type":"LineString","coordinates":[[-82.005487,34.970278],[-82.036746,35.02064],[-82.057585,35.076211],[-82.073215,35.090103],[-82.120103,35.157831],[-82.170464,35.194299]]}},{"type":"Feature","properties":{"name":"55","length_km":25},"geometry":{"type":"LineString","coordinates":[[-89.750699,36.201524],[-89.754172,36.194577],[-89.750699,36.128587],[-89.823636,36.069543],[-89.860104,36.031338],[-89.873997,36.001815]]}},{"type":"Feature","properties":{"name":"35","length_km":55},"geometry":{"type":"LineString","coordinates":[[-97.34309,37.000357],[-97.350036,36.925684],[-97.339617,36.870113],[-97.351773,36.585311],[-97.344826,36.54537],[-97.317041,36.460276],[-97.317041,36.394286]]}},{"type":"Feature","properties":{"name":"15","length_km":3},"geometry":{"type":"LineString","coordinates":[[-117.008286,34.886922],[-116.98571,34.912971]]}},{"type":"Feature","properties":{"name":"40","length_km":240},"geometry":{"type":"LineString","coordinates":[[-88.856353,35.661443],[-88.745211,35.678809],[-88.569815,35.7448],[-88.472565,35.763902],[-88.262437,35.819473],[-88.206866,35.816],[-88.156505,35.819473],[-88.109617,35.833366],[-88.040153,35.866361],[-87.989792,35.871571],[-87.896016,35.866361],[-87.843918,35.88199],[-87.703254,35.871571],[-87.691098,35.88199],[-87.63379,35.899356],[-87.618161,35.909776],[-87.55738,35.949718],[-87.540014,35.96882],[-87.512228,35.975767],[-87.461867,35.998342],[-87.439292,35.996606],[-87.409769,36.008762],[-87.321203,36.024391],[-87.282998,36.026128],[-87.244793,36.019181],[-87.204851,36.027864],[-87.189222,36.022655],[-87.156227,36.040021],[-87.111075,36.078226],[-87.069397,36.088645],[-87.017299,36.076489],[-86.970411,36.071279],[-86.933943,36.088645],[-86.869689,36.13727],[-86.819327,36.149426],[-86.786332,36.163319]]}},{"type":"Feature","properties":{"name":"75","length_km":2},"geometry":{"type":"LineString","coordinates":[[-95.98681,36.145953],[-95.974653,36.161582]]}},{"type":"Feature","properties":{"name":"75","length_km":4},"geometry":{"type":"LineString","coordinates":[[-96.007649,36.112958],[-95.98681,36.145953]]}},{"type":"Feature","properties":{"name":"95","length_km":92},"geometry":{"type":"LineString","coordinates":[[-79.103638,34.60212],[-79.121004,34.588228],[-79.169629,34.572598],[-79.223463,34.54134],[-79.277297,34.527447],[-79.312029,34.506608],[-79.336342,34.492715],[-79.369337,34.451037],[-79.424908,34.411095],[-79.483952,34.374626],[-79.537787,34.343368],[-79.62288,34.312109],[-79.673241,34.282587],[-79.782646,34.244382],[-79.848637,34.195757]]}},{"type":"Feature","properties":{"name":"26","length_km":46},"geometry":{"type":"LineString","coordinates":[[-81.87177,34.513554],[-81.889136,34.53613],[-81.894345,34.600384],[-81.929077,34.666374],[-81.941233,34.702843],[-81.958599,34.805302],[-81.993331,34.873029],[-81.996804,34.895605],[-81.993331,34.9286],[-82.005487,34.949439],[-82.005487,34.970278]]}},{"type":"Feature","properties":{"name":"75","length_km":41},"geometry":{"type":"LineString","coordinates":[[-84.886498,35.194299],[-84.902127,35.189089],[-84.947278,35.150884],[-85.044528,35.121362],[-85.06363,35.09184],[-85.108782,35.077947],[-85.126148,35.067528],[-85.183455,35.018903],[-85.207768,35.00501]]}},{"type":"Feature","properties":{"name":"24","length_km":2},"geometry":{"type":"LineString","coordinates":[[-85.197348,34.985908],[-85.207768,35.00501]]}},{"type":"Feature","properties":{"name":"24","length_km":157},"geometry":{"type":"LineString","coordinates":[[-86.727288,36.147689],[-86.729024,36.116431],[-86.6804,36.057387],[-86.630038,36.022655],[-86.610936,36.001815],[-86.577941,35.987923],[-86.386915,35.81079],[-86.280983,35.668389],[-86.244515,35.626711],[-86.234095,35.585033],[-86.197626,35.557247],[-86.107324,35.517306],[-86.077801,35.498203],[-86.034387,35.440895],[-85.904142,35.300231],[-85.878093,35.26029],[-85.872883,35.237714],[-85.858991,35.242924],[-85.824259,35.230768],[-85.815576,35.197772],[-85.806893,35.182143],[-85.791263,35.171723],[-85.742639,35.107469],[-85.739166,35.090103],[-85.740902,35.079684],[-85.735692,35.069264],[-85.707907,35.050162]]}},{"type":"Feature","properties":{"name":"24","length_km":25},"geometry":{"type":"LineString","coordinates":[[-85.207768,35.00501],[-85.218187,34.9998],[-85.233817,34.9998],[-85.310227,35.02064],[-85.369271,35.02064],[-85.397056,35.011957],[-85.417896,34.984171]]}},{"type":"Feature","properties":{"name":"5","length_km":90},"geometry":{"type":"LineString","coordinates":[[-118.956745,35.022376],[-118.942852,34.996327],[-118.928959,34.921654],[-118.91854,34.893868],[-118.897701,34.881712],[-118.861232,34.840034],[-118.883808,34.815721],[-118.883808,34.810512],[-118.875125,34.801829],[-118.838656,34.793146],[-118.800451,34.768833],[-118.793505,34.708053],[-118.7553,34.662901],[-118.75009,34.649008],[-118.715358,34.624696],[-118.704939,34.584754],[-118.67889,34.567388],[-118.626792,34.510081],[-118.612899,34.485769],[-118.609426,34.451037],[-118.604216,34.44409],[-118.59206,34.442354],[-118.581641,34.426724],[-118.546909,34.350314],[-118.508704,34.332948]]}},{"type":"Feature","properties":{"name":"24","length_km":3},"geometry":{"type":"LineString","coordinates":[[-85.417896,34.984171],[-85.442208,34.970278]]}},{"type":"Feature","properties":{"name":"24","length_km":3},"geometry":{"type":"LineString","coordinates":[[-85.469993,34.984171],[-85.442208,34.970278]]}},{"type":"Feature","properties":{"name":"85","length_km":86},"geometry":{"type":"LineString","coordinates":[[-82.307655,34.829614],[-82.389275,34.794882],[-82.439636,34.791409],[-82.460475,34.782726],[-82.476104,34.763624],[-82.510836,34.68895],[-82.557724,34.664638],[-82.637608,34.609067],[-82.677549,34.589964],[-82.811267,34.550023],[-82.845999,34.527447],[-82.872048,34.518764],[-83.000556,34.499661]]}},{"type":"Feature","properties":{"name":"77","length_km":102},"geometry":{"type":"LineString","coordinates":[[-80.927062,35.100523],[-80.993053,34.994591],[-80.986106,34.970278],[-80.98958,34.951176],[-80.980897,34.916444],[-80.98958,34.897341],[-81.027785,34.836561],[-81.041677,34.779253],[-81.041677,34.721945],[-81.034731,34.666374],[-80.998263,34.53092],[-81.013892,34.242645],[-81.001736,34.207913],[-80.97916,34.178391],[-80.965267,34.124557],[-80.942692,34.072459]]}},{"type":"Feature","properties":{"name":"55","length_km":73},"geometry":{"type":"LineString","coordinates":[[-89.873997,36.001815],[-89.87226,35.928879],[-89.87747,35.914986],[-89.931305,35.873308],[-90.125803,35.588506],[-90.238682,35.411373],[-90.273414,35.392271]]}},{"type":"Feature","properties":{"name":"65","length_km":111},"geometry":{"type":"LineString","coordinates":[[-86.786332,36.163319],[-86.767229,36.090382],[-86.782859,36.046967],[-86.789805,36.010498],[-86.819327,35.937562],[-86.836693,35.819473],[-86.861006,35.789951],[-86.876635,35.73959],[-86.888791,35.689228],[-86.892264,35.631921],[-86.906157,35.574613],[-86.907894,35.555511],[-86.878371,35.409637],[-86.883581,35.367959],[-86.890528,35.220348],[-86.873162,35.201245],[-86.873162,35.17867],[-86.883581,35.103996],[-86.880108,35.027586],[-86.885318,34.992854]]}},{"type":"Feature","properties":{"name":"40","length_km":20},"geometry":{"type":"LineString","coordinates":[[-114.75245,34.879975],[-114.702088,34.890395],[-114.672566,34.885185],[-114.610049,34.840034],[-114.59442,34.813985]]}},{"type":"Feature","properties":{"name":"5","length_km":23},"geometry":{"type":"LineString","coordinates":[[-118.508704,34.332948],[-118.482655,34.310372],[-118.432293,34.251328],[-118.407981,34.232226],[-118.374986,34.154079]]}},{"type":"Feature","properties":{"name":"20","length_km":19},"geometry":{"type":"LineString","coordinates":[[-81.109405,34.035991],[-81.069463,34.05683],[-81.029521,34.068986],[-80.991316,34.072459],[-80.942692,34.072459]]}},{"type":"Feature","properties":{"name":"26","length_km":96},"geometry":{"type":"LineString","coordinates":[[-81.109405,34.035991],[-81.182342,34.108928],[-81.210127,34.129767],[-81.236176,34.143659],[-81.321269,34.174918],[-81.390733,34.211387],[-81.451514,34.233962],[-81.489719,34.254801],[-81.659905,34.357261],[-81.699847,34.405885],[-81.717213,34.419778],[-81.762364,34.440617],[-81.87177,34.513554]]}},{"type":"Feature","properties":{"name":"59","length_km":28},"geometry":{"type":"LineString","coordinates":[[-85.55335,34.714999],[-85.539457,34.756677],[-85.54814,34.805302],[-85.534247,34.848717],[-85.508198,34.892132],[-85.442208,34.970278]]}},{"type":"Feature","properties":{"name":"25","length_km":9},"geometry":{"type":"LineString","coordinates":[[-105.923603,35.630184],[-105.876715,35.555511]]}},{"type":"Feature","properties":{"name":"40","length_km":143},"geometry":{"type":"LineString","coordinates":[[-88.856353,35.661443],[-89.028275,35.611082],[-89.198462,35.552038],[-89.257506,35.536408],[-89.280082,35.475627],[-89.354755,35.427003],[-89.431165,35.383588],[-89.47979,35.367959],[-89.542307,35.338436],[-89.662132,35.262026],[-89.835792,35.176933],[-89.891363,35.154357],[-89.912202,35.17346],[-89.929568,35.196036],[-90.018134,35.196036],[-90.028554,35.199509]]}},{"type":"Feature","properties":{"name":"55","length_km":22},"geometry":{"type":"LineString","coordinates":[[-90.273414,35.392271],[-90.278624,35.385324],[-90.271677,35.350593],[-90.221316,35.251607],[-90.191794,35.17346]]}},{"type":"Feature","properties":{"name":"44","length_km":168},"geometry":{"type":"LineString","coordinates":[[-96.007649,36.112958],[-96.06843,36.069543],[-96.101425,36.017445],[-96.189991,35.989659],[-96.304606,35.911513],[-96.356704,35.866361],[-96.412275,35.842049],[-96.648452,35.767375],[-96.709233,35.751746],[-96.938463,35.711804],[-97.056552,35.680546],[-97.089547,35.670126],[-97.131225,35.64234],[-97.153801,35.637131],[-97.367402,35.616292],[-97.426446,35.598926]]}},{"type":"Feature","properties":{"name":"35","length_km":74},"geometry":{"type":"LineString","coordinates":[[-97.317041,36.394286],[-97.322251,36.345661],[-97.322251,36.191104],[-97.33788,36.128587],[-97.346563,35.97924],[-97.372612,35.944508],[-97.383032,35.913249],[-97.393451,35.833366],[-97.416027,35.807317],[-97.41429,35.708331],[-97.426446,35.598926]]}},{"type":"Feature","properties":{"name":"44","length_km":13},"geometry":{"type":"LineString","coordinates":[[-94.324889,35.472154],[-94.291893,35.473891],[-94.239796,35.519042],[-94.22243,35.524252]]}},{"type":"Feature","properties":{"name":"65","length_km":20},"geometry":{"type":"LineString","coordinates":[[-86.885318,34.992854],[-86.907894,34.902551],[-86.921786,34.874766],[-86.92526,34.84698],[-86.92005,34.787936]]}},{"type":"Feature","properties":{"name":"55","length_km":14},"geometry":{"type":"LineString","coordinates":[[-90.191794,35.17346],[-90.151852,35.156094],[-90.071969,35.136991]]}},{"type":"Feature","properties":{"name":"40","length_km":6},"geometry":{"type":"LineString","coordinates":[[-90.028554,35.199509],[-90.03029,35.131782]]}},{"type":"Feature","properties":{"name":"40","length_km":5},"geometry":{"type":"LineString","coordinates":[[-90.071969,35.136991],[-90.03029,35.131782]]}},{"type":"Feature","properties":{"name":"35","length_km":6},"geometry":{"type":"LineString","coordinates":[[-97.464652,35.545091],[-97.426446,35.598926]]}},{"type":"Feature","properties":{"name":"40","length_km":40},"geometry":{"type":"LineString","coordinates":[[-95.17582,35.486047],[-95.26265,35.479101],[-95.391158,35.456525],[-95.531822,35.454788]]}},{"type":"Feature","properties":{"name":"5","length_km":38},"geometry":{"type":"LineString","coordinates":[[-118.374986,34.154079],[-118.338517,34.12282],[-118.331571,34.110664],[-118.284683,34.081142],[-118.223902,34.053356],[-118.220429,34.034254],[-118.187434,34.025571],[-118.159648,34.008205],[-118.11797,33.961317],[-118.093657,33.942214]]}},{"type":"Feature","properties":{"name":"15","length_km":92},"geometry":{"type":"LineString","coordinates":[[-117.008286,34.886922],[-117.06733,34.879975],[-117.07775,34.867819],[-117.091642,34.817458],[-117.171526,34.746258],[-117.197575,34.711526],[-117.209731,34.662901],[-117.223624,34.635116],[-117.272248,34.574335],[-117.31219,34.534393],[-117.320873,34.506608],[-117.374707,34.426724],[-117.411176,34.379836],[-117.440698,34.357261],[-117.477166,34.346841],[-117.482376,34.338158],[-117.478903,34.315582],[-117.46501,34.308636],[-117.454591,34.29127],[-117.447644,34.272167],[-117.449381,34.258275],[-117.399956,34.22004]]}},{"type":"Feature","properties":{"name":"40","length_km":45},"geometry":{"type":"LineString","coordinates":[[-97.938742,35.49994],[-97.957844,35.501676],[-98.002996,35.531198],[-98.199231,35.532935],[-98.284324,35.548564],[-98.331212,35.534672]]}},{"type":"Feature","properties":{"name":"40","length_km":49},"geometry":{"type":"LineString","coordinates":[[-95.531822,35.454788],[-95.632544,35.454788],[-95.74195,35.447842],[-95.804467,35.430476],[-95.839199,35.432213],[-95.901716,35.427003],[-95.967707,35.430476]]}},{"type":"Feature","properties":{"name":"35","length_km":7},"geometry":{"type":"LineString","coordinates":[[-97.464652,35.545091],[-97.464652,35.508623],[-97.475071,35.473891]]}},{"type":"Feature","properties":{"name":"40","length_km":40},"geometry":{"type":"LineString","coordinates":[[-97.581003,35.461735],[-97.688672,35.459998],[-97.808497,35.49994],[-97.938742,35.49994]]}},{"type":"Feature","properties":{"name":"55","length_km":13},"geometry":{"type":"LineString","coordinates":[[-90.03029,35.131782],[-90.028554,35.112679],[-90.004242,35.038006],[-90.005978,34.996327]]}},{"type":"Feature","properties":{"name":"5","length_km":16},"geometry":{"type":"LineString","coordinates":[[-118.093657,33.942214],[-118.076292,33.917902],[-118.043296,33.89359],[-117.973832,33.857121]]}},{"type":"Feature","properties":{"name":"40","length_km":172},"geometry":{"type":"LineString","coordinates":[[-110.16263,34.906024],[-110.221675,34.914707],[-110.303295,34.954649],[-110.428329,34.973752],[-110.459588,34.973752],[-110.525579,34.982435],[-110.586359,35.006747],[-110.610672,35.011957],[-110.633248,35.02064],[-110.666243,35.02064],[-110.697502,35.050162],[-110.768702,35.057108],[-110.824273,35.072737],[-111.081289,35.116152],[-111.159436,35.123099],[-111.279261,35.16304],[-111.3001,35.161304],[-111.390403,35.196036],[-111.421661,35.202982],[-111.477232,35.204719],[-111.53975,35.215138],[-111.577955,35.215138],[-111.663048,35.17346]]}},{"type":"Feature","properties":{"name":"40","length_km":170},"geometry":{"type":"LineString","coordinates":[[-97.475071,35.473891],[-97.454232,35.466944],[-97.400398,35.433949],[-97.322251,35.416583],[-97.235421,35.387061],[-96.924571,35.385324],[-96.836004,35.394007],[-96.731809,35.381851],[-96.485212,35.381851],[-96.427905,35.385324],[-96.30287,35.416583],[-96.249035,35.425266],[-95.967707,35.430476]]}},{"type":"Feature","properties":{"name":"35","length_km":9},"geometry":{"type":"LineString","coordinates":[[-97.475071,35.473891],[-97.485491,35.472154],[-97.4907,35.454788],[-97.49591,35.392271]]}},{"type":"Feature","properties":{"name":"25","length_km":95},"geometry":{"type":"LineString","coordinates":[[-105.923603,35.630184],[-105.947916,35.637131],[-105.989594,35.621501],[-106.062531,35.586769],[-106.15457,35.529462],[-106.234454,35.510359],[-106.267449,35.486047],[-106.378591,35.427003],[-106.484523,35.362749],[-106.55746,35.270709],[-106.613031,35.117889]]}},{"type":"Feature","properties":{"name":"85","length_km":123},"geometry":{"type":"LineString","coordinates":[[-83.000556,34.499661],[-83.104752,34.456246],[-83.255835,34.3781],[-83.339192,34.343368],[-83.492012,34.235699],[-83.594471,34.187074],[-83.670881,34.13845],[-83.750765,34.121084],[-83.816755,34.100245],[-83.901849,34.081142],[-83.990415,34.05162],[-84.032093,34.034254]]}},{"type":"Feature","properties":{"name":"40","length_km":194},"geometry":{"type":"LineString","coordinates":[[-98.331212,35.534672],[-98.428461,35.529462],[-98.645536,35.539881],[-98.680268,35.536408],[-98.692424,35.519042],[-98.772307,35.524252],[-98.906025,35.515569],[-98.940757,35.49994],[-98.982435,35.496467],[-99.029323,35.482574],[-99.103997,35.477364],[-99.128309,35.473891],[-99.18909,35.437422],[-99.222085,35.425266],[-99.258554,35.42353],[-99.27592,35.432213],[-99.34712,35.421793],[-99.366222,35.414847],[-99.404428,35.390534],[-99.43395,35.383588],[-99.517306,35.380115],[-99.543355,35.367959],[-99.59719,35.333227],[-99.611082,35.314124],[-99.626712,35.274182],[-99.647551,35.258553],[-99.708332,35.253343],[-99.777795,35.232504],[-99.816,35.229031],[-100.000079,35.229031]]}},{"type":"Feature","properties":{"name":"40","length_km":28},"geometry":{"type":"LineString","coordinates":[[-100.000079,35.229031],[-100.248412,35.230768]]}},{"type":"Feature","properties":{"name":"40","length_km":136},"geometry":{"type":"LineString","coordinates":[[-103.042593,35.182143],[-102.974866,35.189089],[-102.735216,35.268973],[-102.63623,35.275919],[-102.532034,35.263763],[-102.460834,35.24987],[-102.422629,35.234241],[-102.39658,35.237714],[-102.290648,35.215138],[-102.144774,35.202982],[-102.101359,35.192562],[-101.938119,35.185616],[-101.839133,35.190826]]}},{"type":"Feature","properties":{"name":"40","length_km":16},"geometry":{"type":"LineString","coordinates":[[-101.839133,35.190826],[-101.736674,35.187353],[-101.698469,35.190826]]}},{"type":"Feature","properties":{"name":"5","length_km":34},"geometry":{"type":"LineString","coordinates":[[-117.973832,33.857121],[-117.928681,33.829336],[-117.893949,33.792867],[-117.87832,33.787658],[-117.855744,33.756399],[-117.838378,33.744243],[-117.78107,33.709511],[-117.734182,33.64352]]}},{"type":"Feature","properties":{"name":"40","length_km":163},"geometry":{"type":"LineString","coordinates":[[-100.248412,35.230768],[-100.347398,35.223821],[-100.517585,35.229031],[-100.633936,35.225558],[-100.724239,35.211665],[-100.769391,35.213402],[-100.831908,35.183879],[-100.993412,35.189089],[-101.156651,35.209928],[-101.208749,35.211665],[-101.312945,35.206455],[-101.363306,35.208192],[-101.394565,35.218611],[-101.464029,35.216875],[-101.545649,35.223821],[-101.592537,35.218611],[-101.616849,35.204719],[-101.684576,35.199509],[-101.698469,35.190826]]}},{"type":"Feature","properties":{"name":"95","length_km":114},"geometry":{"type":"LineString","coordinates":[[-80.548485,33.318777],[-80.465128,33.492436],[-80.402611,33.548007],[-80.33141,33.596632],[-80.305361,33.619208],[-80.282786,33.641784],[-80.277576,33.655676],[-80.239371,33.709511],[-80.213322,33.733823],[-80.187273,33.749452],[-80.157751,33.80155],[-80.013613,34.002995],[-79.893788,34.129767],[-79.848637,34.195757]]}},{"type":"Feature","properties":{"name":"26","length_km":94},"geometry":{"type":"LineString","coordinates":[[-80.548485,33.318777],[-80.590163,33.356982],[-80.756876,33.482017],[-80.840232,33.574056],[-80.885384,33.65915],[-80.934009,33.733823],[-80.947901,33.751189],[-80.986106,33.775501],[-81.005209,33.805023],[-81.043414,33.891853],[-81.097248,33.95958],[-81.104195,33.97521],[-81.104195,34.020361],[-81.109405,34.035991]]}},{"type":"Feature","properties":{"name":"40","length_km":106},"geometry":{"type":"LineString","coordinates":[[-106.586982,35.107469],[-106.503626,35.072737],[-106.460211,35.064054],[-106.41506,35.071001],[-106.406377,35.079684],[-106.382064,35.079684],[-106.324757,35.116152],[-106.314337,35.114416],[-106.156307,35.048425],[-106.036482,35.00501],[-105.713475,35.003274],[-105.703056,35.01022],[-105.661378,35.008483]]}},{"type":"Feature","properties":{"name":"40","length_km":76},"geometry":{"type":"LineString","coordinates":[[-103.700762,35.157831],[-103.674713,35.171723],[-103.495844,35.182143],[-103.475005,35.161304],[-103.457639,35.152621],[-103.339551,35.107469],[-103.327395,35.105733],[-103.226672,35.128308],[-103.091218,35.176933],[-103.042593,35.182143]]}},{"type":"Feature","properties":{"name":"20","length_km":112},"geometry":{"type":"LineString","coordinates":[[-81.109405,34.035991],[-81.177132,33.999522],[-81.239649,33.954371],[-81.331689,33.910956],[-81.380313,33.876224],[-81.470616,33.794604],[-81.519241,33.758135],[-81.637329,33.679989],[-81.729369,33.640047],[-81.807516,33.626154],[-81.936024,33.565373],[-81.949916,33.549744],[-82.012434,33.528905]]}},{"type":"Feature","properties":{"name":"44","length_km":36},"geometry":{"type":"LineString","coordinates":[[-97.673159,35.245195],[-97.719931,35.220348],[-97.775502,35.180406],[-97.834546,35.133518],[-97.884907,35.083157],[-97.917903,35.031059],[-97.937005,35.024113]]}},{"type":"Feature","properties":{"name":"40","length_km":111},"geometry":{"type":"LineString","coordinates":[[-104.664572,34.935546],[-104.638523,34.940756],[-104.615948,34.954649],[-104.490913,35.011957],[-104.447498,35.01022],[-104.345039,35.050162],[-104.289468,35.064054],[-104.233897,35.069264],[-104.178326,35.062318],[-104.157487,35.064054],[-103.99772,35.112679],[-103.945622,35.123099],[-103.860529,35.112679],[-103.818851,35.138728],[-103.796275,35.145674],[-103.719865,35.147411],[-103.700762,35.157831]]}},{"type":"Feature","properties":{"name":"40","length_km":112},"geometry":{"type":"LineString","coordinates":[[-105.661378,35.008483],[-105.550235,34.9998],[-105.541552,35.008483],[-105.51203,35.01022],[-105.354,34.996327],[-104.775714,34.973752],[-104.747929,34.970278],[-104.690621,34.940756],[-104.664572,34.935546]]}},{"type":"Feature","properties":{"name":"20","length_km":55},"geometry":{"type":"LineString","coordinates":[[-82.012434,33.528905],[-82.064532,33.501119],[-82.11142,33.487227],[-82.168727,33.48549],[-82.314601,33.49591],[-82.35107,33.504593],[-82.502153,33.513276]]}},{"type":"Feature","properties":{"name":"85","length_km":44},"geometry":{"type":"LineString","coordinates":[[-84.377675,33.80676],[-84.329051,33.824126],[-84.313421,33.839755],[-84.27869,33.857121],[-84.19707,33.914429],[-84.084191,33.976946],[-84.065088,34.009942],[-84.032093,34.034254]]}},{"type":"Feature","properties":{"name":"75","length_km":163},"geometry":{"type":"LineString","coordinates":[[-84.377675,33.80676],[-84.445403,33.890117],[-84.495764,33.938741],[-84.50792,33.966527],[-84.573911,34.030781],[-84.606906,34.077669],[-84.626008,34.089825],[-84.650321,34.095035],[-84.718048,34.086352],[-84.759726,34.12282],[-84.771882,34.147133],[-84.766673,34.190547],[-84.761463,34.206177],[-84.73715,34.21486],[-84.735414,34.221806],[-84.744097,34.235699],[-84.785775,34.244382],[-84.806614,34.254801],[-84.820507,34.270431],[-84.846556,34.320792],[-84.903864,34.37289],[-84.91602,34.388519],[-84.917756,34.419778],[-84.912547,34.515291],[-84.917756,34.543076],[-84.942069,34.569125],[-84.995903,34.669848],[-85.001113,34.801829],[-85.013269,34.810512],[-85.018479,34.853927],[-85.042791,34.878239],[-85.143514,34.918181],[-85.153933,34.937283],[-85.173036,34.949439],[-85.197348,34.985908]]}},{"type":"Feature","properties":{"name":"40","length_km":8},"geometry":{"type":"LineString","coordinates":[[-92.232292,34.78099],[-92.270497,34.709789]]}},{"type":"Feature","properties":{"name":"59","length_km":89},"geometry":{"type":"LineString","coordinates":[[-86.074328,34.020361],[-86.077801,34.027308],[-85.992708,34.089825],[-85.984025,34.105454],[-85.990972,34.13845],[-85.977079,34.162762],[-85.87983,34.275641],[-85.848571,34.320792],[-85.806893,34.364207],[-85.784317,34.404149],[-85.70096,34.490978],[-85.685331,34.546549],[-85.647126,34.588228],[-85.608921,34.654218],[-85.55335,34.714999]]}},{"type":"Feature","properties":{"name":"85","length_km":3},"geometry":{"type":"LineString","coordinates":[[-84.377675,33.80676],[-84.388095,33.772028]]}},{"type":"Feature","properties":{"name":"85","length_km":3},"geometry":{"type":"LineString","coordinates":[[-84.388095,33.772028],[-84.388095,33.739033]]}},{"type":"Feature","properties":{"name":"85","length_km":12},"geometry":{"type":"LineString","coordinates":[[-84.490554,33.763345],[-84.414144,33.740769],[-84.388095,33.739033]]}},{"type":"Feature","properties":{"name":"15","length_km":56},"geometry":{"type":"LineString","coordinates":[[-117.563996,33.87796],[-117.565733,33.855385],[-117.525791,33.836282],[-117.508425,33.81718],[-117.499742,33.79634],[-117.484113,33.778975],[-117.484113,33.761609],[-117.458064,33.763345],[-117.440698,33.749452],[-117.372971,33.72514],[-117.333029,33.697355],[-117.24099,33.589686],[-117.183682,33.548007]]}},{"type":"Feature","properties":{"name":"20","length_km":197},"geometry":{"type":"LineString","coordinates":[[-84.242002,33.71617],[-84.238748,33.716457],[-84.169284,33.702564],[-84.11545,33.706038],[-84.077245,33.693881],[-84.058142,33.673042],[-84.019937,33.660886],[-83.978259,33.634837],[-83.889692,33.608788],[-83.78897,33.615735],[-83.698667,33.612261],[-83.45728,33.551481],[-83.360031,33.549744],[-83.290567,33.530642],[-83.165532,33.544534],[-83.037024,33.549744],[-82.97798,33.532378],[-82.958878,33.530642],[-82.929356,33.534115],[-82.816477,33.506329],[-82.759169,33.499383],[-82.693179,33.48549],[-82.658447,33.487227],[-82.502153,33.513276]]}},{"type":"Feature","properties":{"name":"26","length_km":85},"geometry":{"type":"LineString","coordinates":[[-79.942413,32.794325],[-79.966725,32.836004],[-79.973672,32.844687],[-79.987565,32.846423],[-79.994511,32.856843],[-80.013613,32.874209],[-80.036189,32.91936],[-80.067448,32.961039],[-80.079604,32.987087],[-80.16817,33.060024],[-80.213322,33.08781],[-80.350513,33.15901],[-80.40782,33.211108],[-80.426923,33.225001],[-80.456445,33.238894],[-80.485967,33.270152],[-80.548485,33.318777]]}},{"type":"Feature","properties":{"name":"44","length_km":50},"geometry":{"type":"LineString","coordinates":[[-97.937005,35.024113],[-98.049884,34.919917],[-98.227016,34.817458],[-98.280851,34.801829],[-98.331212,34.77057]]}},{"type":"Feature","properties":{"name":"10","length_km":95},"geometry":{"type":"LineString","coordinates":[[-117.00134,33.945688],[-116.975291,33.930058],[-116.879778,33.928322],[-116.818997,33.935268],[-116.801631,33.923112],[-116.692226,33.928322],[-116.539405,33.905746],[-116.522039,33.8988],[-116.497727,33.87796],[-116.388322,33.810233],[-116.322331,33.775501],[-116.226818,33.740769],[-116.192086,33.716457]]}},{"type":"Feature","properties":{"name":"10","length_km":180},"geometry":{"type":"LineString","coordinates":[[-116.192086,33.716457],[-116.101784,33.695618],[-116.073998,33.700828],[-115.964593,33.676515],[-115.820455,33.660886],[-115.698894,33.660886],[-115.575595,33.676515],[-115.427985,33.704301],[-115.335945,33.702564],[-115.22133,33.676515],[-115.023358,33.615735],[-114.960841,33.605315],[-114.58921,33.607052]]}},{"type":"Feature","properties":{"name":"10","length_km":42},"geometry":{"type":"LineString","coordinates":[[-114.58921,33.607052],[-114.537112,33.605315],[-114.518009,33.601842],[-114.49717,33.607052],[-114.366926,33.645257],[-114.318301,33.646993],[-114.215842,33.662623]]}},{"type":"Feature","properties":{"name":"10","length_km":22},"geometry":{"type":"LineString","coordinates":[[-114.215842,33.662623],[-114.090807,33.681725],[-114.059548,33.678252],[-114.019607,33.662623]]}},{"type":"Feature","properties":{"name":"15","length_km":39},"geometry":{"type":"LineString","coordinates":[[-117.136794,33.482017],[-117.133321,33.457705],[-117.173262,33.381294],[-117.157633,33.351772],[-117.155896,33.31704],[-117.147213,33.299674],[-117.145477,33.278835],[-117.155896,33.263206],[-117.128111,33.205898],[-117.091642,33.148591],[-117.095116,33.138171],[-117.084696,33.120805]]}},{"type":"Feature","properties":{"name":"95","length_km":76},"geometry":{"type":"LineString","coordinates":[[-80.883647,32.631086],[-80.876701,32.67971],[-80.868018,32.705759],[-80.850652,32.728335],[-80.819393,32.75612],[-80.782925,32.783906],[-80.765559,32.790852],[-80.72909,32.877682],[-80.685676,32.943673],[-80.671783,32.987087],[-80.642261,33.119069],[-80.548485,33.318777]]}},{"type":"Feature","properties":{"name":"59","length_km":89},"geometry":{"type":"LineString","coordinates":[[-86.074328,34.020361],[-86.081275,34.002995],[-86.124689,33.966527],[-86.206309,33.926585],[-86.376496,33.798077],[-86.402545,33.782448],[-86.465062,33.768555],[-86.524106,33.707774],[-86.551892,33.673042],[-86.597043,33.657413],[-86.612673,33.645257],[-86.666507,33.589686],[-86.706449,33.579266],[-86.749864,33.548007]]}},{"type":"Feature","properties":{"name":"20","length_km":104},"geometry":{"type":"LineString","coordinates":[[-86.749864,33.548007],[-86.713395,33.532378],[-86.676927,33.525432],[-86.652614,33.528905],[-86.586624,33.548007],[-86.553628,33.563637],[-86.409491,33.605315],[-86.256671,33.610525],[-86.234095,33.608788],[-86.176787,33.593159],[-86.004864,33.579266],[-85.87983,33.584476],[-85.829468,33.605315]]}},{"type":"Feature","properties":{"name":"20","length_km":9},"geometry":{"type":"LineString","coordinates":[[-86.826274,33.521959],[-86.749864,33.548007]]}},{"type":"Feature","properties":{"name":"65","length_km":108},"geometry":{"type":"LineString","coordinates":[[-86.826274,33.521959],[-86.824537,33.537588],[-86.831483,33.553217],[-86.824537,33.582739],[-86.826274,33.622681],[-86.834957,33.699091],[-86.824537,33.733823],[-86.831483,33.765082],[-86.824537,33.841492],[-86.83322,33.862331],[-86.866215,33.910956],[-86.869689,33.938741],[-86.861006,33.989102],[-86.871425,34.029044],[-86.867952,34.107191],[-86.878371,34.194021],[-86.876635,34.225279],[-86.913103,34.294743],[-86.894001,34.334685],[-86.885318,34.365943],[-86.890528,34.447563],[-86.888791,34.504871],[-86.900947,34.565652],[-86.897474,34.609067],[-86.902684,34.628169],[-86.890528,34.629906]]}},{"type":"Feature","properties":{"name":"65","length_km":3},"geometry":{"type":"LineString","coordinates":[[-86.848849,33.521959],[-86.826274,33.521959]]}},{"type":"Feature","properties":{"name":"25","length_km":107},"geometry":{"type":"LineString","coordinates":[[-106.619978,35.123099],[-106.63387,35.105733],[-106.65471,35.041479],[-106.743276,34.874766],[-106.781481,34.774043],[-106.800583,34.697633],[-106.793637,34.595174],[-106.798847,34.560442],[-106.823159,34.487505],[-106.89436,34.334685],[-106.920409,34.258275],[-106.929091,34.183601],[-106.901306,34.049883]]}},{"type":"Feature","properties":{"name":"17","length_km":118},"geometry":{"type":"LineString","coordinates":[[-111.663048,35.17346],[-111.683887,35.138728],[-111.682151,35.126572],[-111.68736,35.08142],[-111.689097,35.039742],[-111.683887,34.966805],[-111.656102,34.944229],[-111.645682,34.92339],[-111.633526,34.873029],[-111.602267,34.850453],[-111.602267,34.84177],[-111.609214,34.817458],[-111.588375,34.798356],[-111.590111,34.789673],[-111.609214,34.786199],[-111.666521,34.756677],[-111.713409,34.723682],[-111.749878,34.692423],[-111.777663,34.680267],[-111.791556,34.664638],[-111.815868,34.652482],[-111.907908,34.562179],[-111.909644,34.54134],[-111.979108,34.532657],[-112.020787,34.484032],[-112.046835,34.431934],[-112.062465,34.424988],[-112.074621,34.405885],[-112.112826,34.37289],[-112.119929,34.324183]]}},{"type":"Feature","properties":{"name":"8","length_km":14},"geometry":{"type":"LineString","coordinates":[[-117.237516,32.754384],[-117.157633,32.764803],[-117.109008,32.77696]]}},{"type":"Feature","properties":{"name":"10","length_km":57},"geometry":{"type":"LineString","coordinates":[[-112.104143,33.466388],[-112.185763,33.471597],[-112.274329,33.457705],[-112.376788,33.461178],[-112.463618,33.475071],[-112.553921,33.462914],[-112.607755,33.428182]]}},{"type":"Feature","properties":{"name":"10","length_km":159},"geometry":{"type":"LineString","coordinates":[[-114.019607,33.662623],[-113.979665,33.65394],[-113.797323,33.640047],[-113.559409,33.607052],[-113.029748,33.515012],[-112.607755,33.428182]]}},{"type":"Feature","properties":{"name":"85","length_km":76},"geometry":{"type":"LineString","coordinates":[[-84.485344,33.619208],[-84.488817,33.603579],[-84.520076,33.579266],[-84.554808,33.558427],[-84.613852,33.528905],[-84.632955,33.511539],[-84.681579,33.450758],[-84.731941,33.412553],[-84.745833,33.396924],[-84.766673,33.336143],[-84.790985,33.299674],[-84.801404,33.278835],[-84.808351,33.233684],[-84.815297,33.218055],[-84.867395,33.171166],[-84.912547,33.09302],[-84.943805,33.061761]]}},{"type":"Feature","properties":{"name":"44","length_km":69},"geometry":{"type":"LineString","coordinates":[[-98.331212,34.77057],[-98.397203,34.725419],[-98.398939,34.713262],[-98.38331,34.676794],[-98.390256,34.61775],[-98.3781,34.61254],[-98.3781,34.596911],[-98.412832,34.543076],[-98.404149,34.466666],[-98.405886,34.379836],[-98.414569,34.315582],[-98.424988,34.28085],[-98.437144,34.254801],[-98.496189,34.181864],[-98.510081,34.154079],[-98.512428,34.139998]]}},{"type":"Feature","properties":{"name":"10","length_km":20},"geometry":{"type":"LineString","coordinates":[[-112.100052,33.463834],[-112.10067,33.440339],[-112.058992,33.438602],[-112.017313,33.433392],[-111.986055,33.422973],[-111.972162,33.410817],[-111.966952,33.379558]]}},{"type":"Feature","properties":{"name":"55","length_km":144},"geometry":{"type":"LineString","coordinates":[[-90.005978,34.996327],[-89.990349,34.916444],[-89.986876,34.860873],[-89.962563,34.805302],[-89.960827,34.680267],[-89.936514,34.567388],[-89.900046,34.456246],[-89.898309,34.414568],[-89.924358,34.265221],[-89.920885,34.178391],[-89.891363,34.079405],[-89.87747,33.987366],[-89.865314,33.956107],[-89.863577,33.919639],[-89.837529,33.846702],[-89.835792,33.737296],[-89.821899,33.690408],[-89.781957,33.596632],[-89.762855,33.487227]]}},{"type":"Feature","properties":{"name":"8","length_km":8},"geometry":{"type":"LineString","coordinates":[[-115.568649,32.773486],[-115.499032,32.773486]]}},{"type":"Feature","properties":{"name":"20","length_km":87},"geometry":{"type":"LineString","coordinates":[[-86.848849,33.521959],[-86.883581,33.509802],[-86.916577,33.494173],[-86.921786,33.48028],[-86.958255,33.447285],[-86.954782,33.428182],[-87.012089,33.355245],[-87.123231,33.257996],[-87.166646,33.230211],[-87.260422,33.190269],[-87.32294,33.188532],[-87.40456,33.176376],[-87.411506,33.171166],[-87.47055,33.17464],[-87.522648,33.171166]]}},{"type":"Feature","properties":{"name":"8","length_km":189},"geometry":{"type":"LineString","coordinates":[[-117.110745,32.77696],[-117.088169,32.778696],[-117.022179,32.770013],[-117.00134,32.77696],[-116.982237,32.797799],[-116.923193,32.803008],[-116.881515,32.84295],[-116.872832,32.844687],[-116.864149,32.85337],[-116.818997,32.855106],[-116.808578,32.85337],[-116.796421,32.841214],[-116.74085,32.830794],[-116.66444,32.83774],[-116.636655,32.834267],[-116.612342,32.822111],[-116.522039,32.813428],[-116.50641,32.808218],[-116.492517,32.790852],[-116.478625,32.745701],[-116.478625,32.728335],[-116.469942,32.717915],[-116.449102,32.716179],[-116.431737,32.723125],[-116.409161,32.721389],[-116.388322,32.714442],[-116.374429,32.704023],[-116.318858,32.697076],[-116.26676,32.671027],[-116.207716,32.658871],[-116.138252,32.634559],[-116.110467,32.638032],[-116.094837,32.660608],[-116.10352,32.676237],[-116.072261,32.700549],[-116.067052,32.723125],[-116.056632,32.726598],[-116.020164,32.724862],[-115.902075,32.752647],[-115.778777,32.773486],[-115.568649,32.773486]]}},{"type":"Feature","properties":{"name":"16","length_km":213},"geometry":{"type":"LineString","coordinates":[[-83.677828,32.849896],[-83.650042,32.855106],[-83.622257,32.849896],[-83.559739,32.792589],[-83.523271,32.709232],[-83.518061,32.700549],[-83.492012,32.68492],[-83.321826,32.6033],[-83.172479,32.554675],[-83.104752,32.52168],[-82.934565,32.490421],[-82.816477,32.473055],[-82.701862,32.436587],[-82.654974,32.447007],[-82.559461,32.431377],[-82.457002,32.429641],[-82.34065,32.412275],[-82.316338,32.405328],[-82.300708,32.393172],[-82.262503,32.386226],[-82.166991,32.37407],[-82.033273,32.367123],[-81.988121,32.35323],[-81.873506,32.306342]]}},{"type":"Feature","properties":{"name":"16","length_km":74},"geometry":{"type":"LineString","coordinates":[[-81.248332,32.075375],[-81.30564,32.091005],[-81.356001,32.11358],[-81.402889,32.141366],[-81.487982,32.202147],[-81.580022,32.229932],[-81.62691,32.228196],[-81.651222,32.233405],[-81.821408,32.295923],[-81.873506,32.306342]]}},{"type":"Feature","properties":{"name":"16","length_km":16},"geometry":{"type":"LineString","coordinates":[[-81.248332,32.075375],[-81.182342,32.059746],[-81.145873,32.059746],[-81.105931,32.066692]]}},{"type":"Feature","properties":{"name":"8","length_km":104},"geometry":{"type":"LineString","coordinates":[[-115.499032,32.773486],[-115.464453,32.773486],[-115.330736,32.77696],[-115.285584,32.775223],[-115.254325,32.759594],[-115.148393,32.730071],[-115.089349,32.707496],[-115.032041,32.716179],[-114.955631,32.717915],[-114.913953,32.724862],[-114.863592,32.750911],[-114.835806,32.759594],[-114.726401,32.742228],[-114.691669,32.747437],[-114.677776,32.740491],[-114.620468,32.733545],[-114.611786,32.724862],[-114.604839,32.698813]]}},{"type":"Feature","properties":{"name":"35","length_km":10},"geometry":{"type":"LineString","coordinates":[[-97.152065,33.73556],[-97.16943,33.71993],[-97.16943,33.690408],[-97.159011,33.660886],[-97.162484,33.640047]]}},{"type":"Feature","properties":{"name":"27","length_km":145},"geometry":{"type":"LineString","coordinates":[[-101.939856,35.053635],[-101.936382,34.9998],[-101.91728,34.878239],[-101.894704,34.819195],[-101.844343,34.718472],[-101.816557,34.636852],[-101.776616,34.548286],[-101.769669,34.54134],[-101.781825,34.529183],[-101.767933,34.433671],[-101.745357,34.338158],[-101.710625,34.256538],[-101.715835,34.227016],[-101.747094,34.19923],[-101.74883,34.13324],[-101.787035,34.103718],[-101.83045,34.079405],[-101.844343,34.058566],[-101.853026,33.978683],[-101.83566,33.629627]]}},{"type":"Feature","properties":{"name":"10","length_km":64},"geometry":{"type":"LineString","coordinates":[[-111.966952,33.379558],[-111.973898,33.320514],[-111.972162,33.304884],[-111.913118,33.212845],[-111.69257,32.931516],[-111.685624,32.820374]]}},{"type":"Feature","properties":{"name":"8","length_km":120},"geometry":{"type":"LineString","coordinates":[[-112.744946,32.945409],[-112.602546,32.912414],[-112.538292,32.908941],[-112.406311,32.863789],[-112.359422,32.85337],[-112.210075,32.839477],[-112.058992,32.832531],[-111.741195,32.829057],[-111.709936,32.83774],[-111.685624,32.820374]]}},{"type":"Feature","properties":{"name":"95","length_km":35},"geometry":{"type":"LineString","coordinates":[[-81.38205,31.762788],[-81.375104,31.804467],[-81.366421,31.828779],[-81.326479,31.901716],[-81.333425,31.953814],[-81.321269,31.969443],[-81.274381,32.009385],[-81.248332,32.075375]]}},{"type":"Feature","properties":{"name":"85","length_km":10},"geometry":{"type":"LineString","coordinates":[[-86.241041,32.328918],[-86.334817,32.328918]]}},{"type":"Feature","properties":{"name":"65","length_km":134},"geometry":{"type":"LineString","coordinates":[[-86.826274,33.521959],[-86.814117,33.499383],[-86.82801,33.478544],[-86.821064,33.449022],[-86.824537,33.433392],[-86.786332,33.400397],[-86.781122,33.363928],[-86.781122,33.329197],[-86.801961,33.287518],[-86.798488,33.259733],[-86.808908,33.231947],[-86.768966,33.157274],[-86.7516,33.143381],[-86.741181,33.119069],[-86.722078,33.032239],[-86.697766,32.988824],[-86.612673,32.874209],[-86.567521,32.77175],[-86.513687,32.68492],[-86.458116,32.561622],[-86.442486,32.545992],[-86.433803,32.52689],[-86.390388,32.490421],[-86.341764,32.417484],[-86.319188,32.365387],[-86.334817,32.328918]]}},{"type":"Feature","properties":{"name":"20","length_km":120},"geometry":{"type":"LineString","coordinates":[[-88.403101,32.45048],[-88.361423,32.476529],[-88.232915,32.585934],[-88.201656,32.639769],[-88.154768,32.691866],[-88.045363,32.787379],[-87.972426,32.836004],[-87.882123,32.905468],[-87.838708,32.954092],[-87.776191,32.994034],[-87.62858,33.136435],[-87.592112,33.155537],[-87.56259,33.165957],[-87.522648,33.171166]]}},{"type":"Feature","properties":{"name":"20","length_km":5},"geometry":{"type":"LineString","coordinates":[[-88.446516,32.426167],[-88.403101,32.45048]]}},{"type":"Feature","properties":{"name":"20","length_km":21},"geometry":{"type":"LineString","coordinates":[[-88.634069,32.384489],[-88.540292,32.407065],[-88.472565,32.410538],[-88.446516,32.426167]]}},{"type":"Feature","properties":{"name":"20","length_km":10},"geometry":{"type":"LineString","coordinates":[[-88.634069,32.384489],[-88.644488,32.381016],[-88.693113,32.351494],[-88.717425,32.348021]]}},{"type":"Feature","properties":{"name":"20","length_km":5},"geometry":{"type":"LineString","coordinates":[[-88.717425,32.348021],[-88.76605,32.341074]]}},{"type":"Feature","properties":{"name":"95","length_km":64},"geometry":{"type":"LineString","coordinates":[[-81.38205,31.762788],[-81.406362,31.630807],[-81.444567,31.531821],[-81.449777,31.507509],[-81.442831,31.434572],[-81.449777,31.392894],[-81.493192,31.267859],[-81.505348,31.24181],[-81.538343,31.200132],[-81.5505,31.179293],[-81.573075,31.137614]]}},{"type":"Feature","properties":{"name":"30","length_km":122},"geometry":{"type":"LineString","coordinates":[[-94.998687,33.171166],[-95.052522,33.155537],[-95.297382,33.16422],[-95.372055,33.162484],[-95.467568,33.146854],[-95.542241,33.148591],[-95.564817,33.145118],[-95.596076,33.117332],[-95.80794,33.129488],[-95.974653,33.127752],[-96.070166,33.132961],[-96.080953,33.12622]]}},{"type":"Feature","properties":{"name":"45","length_km":1},"geometry":{"type":"LineString","coordinates":[[-96.790853,32.794325],[-96.796063,32.782169]]}},{"type":"Feature","properties":{"name":"30","length_km":12},"geometry":{"type":"LineString","coordinates":[[-96.671028,32.799535],[-96.733545,32.790852],[-96.754384,32.792589],[-96.773487,32.780433]]}},{"type":"Feature","properties":{"name":"45","length_km":2},"geometry":{"type":"LineString","coordinates":[[-96.773487,32.780433],[-96.783906,32.783906],[-96.790853,32.794325]]}},{"type":"Feature","properties":{"name":"75","length_km":141},"geometry":{"type":"LineString","coordinates":[[-83.530217,31.451938],[-83.511115,31.502299],[-83.518061,31.528348],[-83.573632,31.609968],[-83.582315,31.632544],[-83.660462,31.740213],[-83.710823,31.825306],[-83.735135,31.886087],[-83.755975,31.957287],[-83.759448,32.108371],[-83.740345,32.243825],[-83.761184,32.28724],[-83.766394,32.341074],[-83.761184,32.396645],[-83.742082,32.507787],[-83.743818,32.641505],[-83.733399,32.700549],[-83.726452,32.717915],[-83.698667,32.77175],[-83.669145,32.792589],[-83.656989,32.811691]]}},{"type":"Feature","properties":{"name":"20","length_km":95},"geometry":{"type":"LineString","coordinates":[[-92.048213,32.495631],[-91.867607,32.480002],[-91.759939,32.460899],[-91.612328,32.45569],[-91.528972,32.448743],[-91.261536,32.414011],[-91.219858,32.403592],[-91.200755,32.393172]]}},{"type":"Feature","properties":{"name":"30","length_km":60},"geometry":{"type":"LineString","coordinates":[[-96.796063,32.782169],[-96.895049,32.737018],[-96.908941,32.735281],[-96.994034,32.733545],[-97.023557,32.738754],[-97.075654,32.759594],[-97.152065,32.768277],[-97.247577,32.750911],[-97.318778,32.726598]]}},{"type":"Feature","properties":{"name":"55","length_km":128},"geometry":{"type":"LineString","coordinates":[[-89.762855,33.487227],[-89.761118,33.450758],[-89.766328,33.40908],[-89.781957,33.303148],[-89.799323,33.242367],[-89.814953,33.216318],[-89.847948,33.176376],[-89.865314,33.129488],[-89.88789,33.113859],[-89.898309,33.075654],[-89.941724,33.030502],[-89.952144,32.990561],[-89.974719,32.945409],[-90.052866,32.846423],[-90.056339,32.783906],[-90.065022,32.75612],[-90.056339,32.723125],[-90.073705,32.594617],[-90.085862,32.561622],[-90.101491,32.544256],[-90.106701,32.519944],[-90.141433,32.471319],[-90.148379,32.453953],[-90.150116,32.422694],[-90.155325,32.405328],[-90.150116,32.381016],[-90.153589,32.360177],[-90.177901,32.27682]]}},{"type":"Feature","properties":{"name":"20","length_km":159},"geometry":{"type":"LineString","coordinates":[[-88.76605,32.341074],[-88.788625,32.341074],[-88.825094,32.35323],[-88.934499,32.344548],[-89.043905,32.344548],[-89.068217,32.349757],[-89.127261,32.337601],[-89.278345,32.341074],[-89.300921,32.325445],[-89.32697,32.323708],[-89.379068,32.327182],[-89.429429,32.321972],[-89.519732,32.341074],[-89.636084,32.311552],[-89.745489,32.294186],[-89.81148,32.294186],[-89.868787,32.27682],[-89.945197,32.273347],[-89.983402,32.278557],[-90.002505,32.275084],[-90.023344,32.280294],[-90.073705,32.268137],[-90.106701,32.268137],[-90.177901,32.27682]]}},{"type":"Feature","properties":{"name":"20","length_km":174},"geometry":{"type":"LineString","coordinates":[[-93.601462,32.541371],[-93.548631,32.542519],[-93.517372,32.551202],[-93.480904,32.578988],[-93.333293,32.594617],[-93.291615,32.592881],[-93.190892,32.568568],[-93.16137,32.565095],[-93.022443,32.561622],[-92.951242,32.570305],[-92.833154,32.551202],[-92.689017,32.542519],[-92.508411,32.540783],[-92.345171,32.52168],[-92.301756,32.512997],[-92.201034,32.512997],[-92.168038,32.511261],[-92.145463,32.502578],[-92.114204,32.506051],[-92.04995,32.495631]]}},{"type":"Feature","properties":{"name":"10","length_km":30},"geometry":{"type":"LineString","coordinates":[[-108.947014,32.235142],[-108.837609,32.301133],[-108.804614,32.325445],[-108.750779,32.35323],[-108.700418,32.349757]]}},{"type":"Feature","properties":{"name":"20","length_km":42},"geometry":{"type":"LineString","coordinates":[[-94.357884,32.490421],[-94.218956,32.492158],[-94.144283,32.485212],[-94.081765,32.474792],[-94.04356,32.45569],[-94.031404,32.45048],[-93.981043,32.448743]]}},{"type":"Feature","properties":{"name":"20","length_km":73},"geometry":{"type":"LineString","coordinates":[[-98.110665,32.611983],[-98.020362,32.6745],[-97.992576,32.688393],[-97.881434,32.726598],[-97.858858,32.731808],[-97.772029,32.735281],[-97.697355,32.75612],[-97.617472,32.730071],[-97.523696,32.719652],[-97.483859,32.728947]]}},{"type":"Feature","properties":{"name":"20","length_km":27},"geometry":{"type":"LineString","coordinates":[[-93.746603,32.497368],[-93.760495,32.499104],[-93.779598,32.476529],[-93.840379,32.453953],[-93.88032,32.443533],[-93.981043,32.448743]]}},{"type":"Feature","properties":{"name":"10","length_km":11},"geometry":{"type":"LineString","coordinates":[[-109.047737,32.221249],[-108.995639,32.221249],[-108.947014,32.235142]]}},{"type":"Feature","properties":{"name":"20","length_km":140},"geometry":{"type":"LineString","coordinates":[[-96.619916,32.701787],[-96.550457,32.70236],[-96.477486,32.697888],[-96.383579,32.695258],[-96.32981,32.714692],[-96.29766,32.709232],[-96.195201,32.677974],[-95.988546,32.625876],[-95.646437,32.502578],[-95.524875,32.488685],[-95.443256,32.471319],[-95.387684,32.469582]]}},{"type":"Feature","properties":{"name":"20","length_km":53},"geometry":{"type":"LineString","coordinates":[[-94.357884,32.490421],[-94.52807,32.480002],[-94.69652,32.453953],[-94.76251,32.433114],[-94.828501,32.433114]]}},{"type":"Feature","properties":{"name":"20","length_km":62},"geometry":{"type":"LineString","coordinates":[[-94.828501,32.433114],[-94.903175,32.433114],[-95.016053,32.441797],[-95.106356,32.438324],[-95.168874,32.448743],[-95.240074,32.452216],[-95.387684,32.469582]]}},{"type":"Feature","properties":{"name":"10","length_km":110},"geometry":{"type":"LineString","coordinates":[[-108.700418,32.349757],[-108.679579,32.348021],[-108.415616,32.193464],[-108.370465,32.174361],[-107.750501,32.266401]]}},{"type":"Feature","properties":{"name":"10","length_km":77},"geometry":{"type":"LineString","coordinates":[[-110.957991,32.196937],[-110.893737,32.148312],[-110.878107,32.124],[-110.831219,32.103161],[-110.709658,32.021541],[-110.65756,31.997229],[-110.612408,31.995492],[-110.442222,31.964233],[-110.348446,31.964233],[-110.313714,31.97118]]}},{"type":"Feature","properties":{"name":"10","length_km":154},"geometry":{"type":"LineString","coordinates":[[-110.313714,31.97118],[-110.278982,31.978126],[-110.266826,31.967706],[-110.190416,31.988546],[-110.117479,32.016331],[-110.067118,32.071902],[-110.049752,32.084058],[-109.995917,32.153522],[-109.9334,32.186517],[-109.884775,32.219513],[-109.796209,32.308079],[-109.759741,32.339338],[-109.721535,32.354967],[-109.624286,32.36365],[-109.596501,32.348021],[-109.29086,32.283767],[-109.124147,32.245562],[-109.047737,32.221249]]}},{"type":"Feature","properties":{"name":"25","length_km":11},"geometry":{"type":"LineString","coordinates":[[-106.769325,32.349757],[-106.729383,32.306342],[-106.710281,32.254245]]}},{"type":"Feature","properties":{"name":"10","length_km":116},"geometry":{"type":"LineString","coordinates":[[-107.750501,32.266401],[-107.592471,32.285503],[-107.382343,32.235142],[-107.36845,32.242088],[-107.338928,32.245562],[-107.21042,32.242088],[-107.130536,32.245562],[-107.002028,32.266401],[-106.866574,32.28203],[-106.824896,32.278557],[-106.743276,32.257718],[-106.717227,32.257718]]}},{"type":"Feature","properties":{"name":"20","length_km":83},"geometry":{"type":"LineString","coordinates":[[-100.501955,32.447007],[-100.46375,32.452216],[-100.404706,32.448743],[-100.38213,32.457426],[-100.359555,32.483475],[-100.279671,32.493895],[-100.189368,32.490421],[-100.125114,32.493895],[-99.859415,32.459163],[-99.83684,32.462636],[-99.770849,32.483475]]}},{"type":"Feature","properties":{"name":"95","length_km":71},"geometry":{"type":"LineString","coordinates":[[-81.573075,31.137614],[-81.647749,31.055994],[-81.668588,30.998687],[-81.684217,30.93096],[-81.682481,30.873652],[-81.652959,30.750354],[-81.663378,30.729515],[-81.673798,30.708675],[-81.675534,30.693046],[-81.646012,30.60448],[-81.633856,30.515914],[-81.647739,30.454431]]}},{"type":"Feature","properties":{"name":"20","length_km":190},"geometry":{"type":"LineString","coordinates":[[-99.770849,32.483475],[-99.723961,32.490421],[-99.678809,32.457426],[-99.628448,32.436587],[-99.223822,32.375806],[-99.161304,32.372333],[-98.86261,32.370596],[-98.829615,32.37407],[-98.79141,32.400119],[-98.727156,32.420958],[-98.640326,32.467846],[-98.619487,32.476529],[-98.492715,32.502578],[-98.398939,32.507787],[-98.364207,32.51647],[-98.287797,32.540783],[-98.216597,32.568568],[-98.164499,32.575515],[-98.110665,32.611983]]}},{"type":"Feature","properties":{"name":"20","length_km":114},"geometry":{"type":"LineString","coordinates":[[-100.501955,32.447007],[-100.543634,32.431377],[-100.686034,32.407065],[-100.731186,32.414011],[-100.823225,32.398382],[-100.847538,32.410538],[-100.868377,32.408801],[-100.910055,32.391436],[-100.93784,32.394909],[-101.02467,32.354967],[-101.139285,32.342811],[-101.212222,32.323708],[-101.212222,32.309816],[-101.450136,32.259454],[-101.465765,32.266401],[-101.490078,32.262928]]}},{"type":"Feature","properties":{"name":"10","length_km":51},"geometry":{"type":"LineString","coordinates":[[-106.717227,32.257718],[-106.694651,32.233405],[-106.666866,32.193464],[-106.602612,32.058009],[-106.574826,32.014595],[-106.571353,32.000702],[-106.559197,31.89477],[-106.534885,31.856564],[-106.48626,31.804467]]}},{"type":"Feature","properties":{"name":"10","length_km":8},"geometry":{"type":"LineString","coordinates":[[-106.48626,31.804467],[-106.479314,31.790574],[-106.468894,31.781891],[-106.455001,31.776681],[-106.423742,31.778418]]}},{"type":"Feature","properties":{"name":"95","length_km":12},"geometry":{"type":"LineString","coordinates":[[-81.581758,30.250215],[-81.625173,30.291893],[-81.649485,30.310995],[-81.673798,30.317942]]}},{"type":"Feature","properties":{"name":"19","length_km":89},"geometry":{"type":"LineString","coordinates":[[-110.957991,32.196937],[-110.985776,32.151786],[-110.994459,32.085795],[-110.994459,31.992019],[-110.970147,31.898243],[-110.994459,31.839199],[-111.025718,31.787101],[-111.037874,31.755842],[-111.056977,31.73153],[-111.062186,31.674222],[-111.051767,31.611705],[-111.053503,31.56829],[-111.041347,31.537031],[-111.001406,31.472777],[-110.980566,31.458884],[-110.970147,31.438045],[-110.942361,31.339059]]}},{"type":"Feature","properties":{"name":"59","length_km":120},"geometry":{"type":"LineString","coordinates":[[-88.76605,32.341074],[-88.772996,32.323708],[-88.795572,32.308079],[-88.802518,32.278557],[-88.821621,32.245562],[-88.83204,32.21604],[-88.861562,32.181308],[-88.892821,32.071902],[-88.91366,32.04759],[-88.920607,32.012858],[-88.967495,31.967706],[-89.043905,31.87393],[-89.052588,31.794047],[-89.057798,31.769735],[-89.064744,31.759315],[-89.094266,31.733266],[-89.125525,31.688115],[-89.160257,31.674222],[-89.165466,31.653383],[-89.179359,31.636017],[-89.23493,31.585656],[-89.292238,31.514455],[-89.320023,31.493616],[-89.318287,31.39463],[-89.32176,31.384211],[-89.349545,31.359898]]}},{"type":"Feature","properties":{"name":"20","length_km":106},"geometry":{"type":"LineString","coordinates":[[-101.490078,32.262928],[-101.500497,32.261191],[-101.540439,32.233405],[-101.712362,32.162205],[-101.75925,32.144839],[-101.804401,32.137893],[-101.832187,32.11879],[-101.938119,32.073639],[-101.974587,32.054536],[-101.981534,32.033697],[-101.997163,32.014595],[-102.037105,31.983336],[-102.056207,31.974653],[-102.123935,31.959024],[-102.15693,31.943394],[-102.301067,31.865247],[-102.354902,31.828779]]}},{"type":"Feature","properties":{"name":"10","length_km":129},"geometry":{"type":"LineString","coordinates":[[-83.889692,30.475972],[-83.846278,30.474235],[-83.743818,30.448186],[-83.674355,30.444713],[-83.613574,30.432557],[-83.483329,30.437767],[-83.417339,30.409981],[-83.127327,30.342254],[-83.099542,30.340517],[-83.031815,30.352674],[-82.9884,30.347464],[-82.91199,30.302312],[-82.83558,30.281473],[-82.75396,30.265844]]}},{"type":"Feature","properties":{"name":"10","length_km":131},"geometry":{"type":"LineString","coordinates":[[-85.381427,30.753827],[-85.30328,30.759037],[-85.270285,30.753827],[-85.207768,30.729515],[-85.167826,30.720832],[-85.039318,30.656578],[-84.994166,30.640948],[-84.914283,30.639212],[-84.843083,30.621846],[-84.780565,30.623582],[-84.759726,30.616636],[-84.705892,30.583641],[-84.652057,30.566275],[-84.596486,30.540226],[-84.516603,30.524596],[-84.443666,30.495074],[-84.342944,30.477708],[-84.320368,30.481182],[-84.247431,30.503757]]}},{"type":"Feature","properties":{"name":"35","length_km":45},"geometry":{"type":"LineString","coordinates":[[-97.10865,31.603022],[-97.10344,31.608231],[-97.10865,31.771471],[-97.086074,31.853091],[-97.086074,31.88956],[-97.117333,31.964233],[-97.099967,32.007648],[-97.094757,32.056273]]}},{"type":"Feature","properties":{"name":"45","length_km":158},"geometry":{"type":"LineString","coordinates":[[-96.773487,32.780433],[-96.750911,32.716179],[-96.697077,32.641505],[-96.667555,32.572041],[-96.657135,32.535573],[-96.657135,32.407065],[-96.650189,32.394909],[-96.615457,32.334128],[-96.599827,32.316762],[-96.5321,32.283767],[-96.502578,32.259454],[-96.483476,32.226459],[-96.467846,32.155259],[-96.438324,32.099688],[-96.441797,32.082322],[-96.452217,32.063219],[-96.414012,31.969443],[-96.420958,31.929501],[-96.321972,31.863511],[-96.269875,31.81315],[-96.191728,31.750632],[-96.170889,31.703744],[-96.150049,31.597812],[-96.13963,31.56829],[-96.092742,31.477987],[-96.073639,31.450201]]}},{"type":"Feature","properties":{"name":"20","length_km":133},"geometry":{"type":"LineString","coordinates":[[-103.481951,31.401577],[-103.435063,31.41026],[-103.405541,31.422416],[-103.35518,31.457148],[-103.327395,31.47104],[-103.020017,31.549187],[-102.888036,31.576973],[-102.842885,31.603022],[-102.78384,31.625597],[-102.573713,31.747159],[-102.433048,31.816623],[-102.413946,31.81315],[-102.39137,31.816623],[-102.354902,31.828779]]}},{"type":"Feature","properties":{"name":"55","length_km":53},"geometry":{"type":"LineString","coordinates":[[-90.478332,31.542241],[-90.481805,31.514455],[-90.478332,31.392894],[-90.487015,31.215761],[-90.478332,31.148034],[-90.493961,31.069887],[-90.497434,31.010843],[-90.507854,30.986531]]}},{"type":"Feature","properties":{"name":"10","length_km":94},"geometry":{"type":"LineString","coordinates":[[-87.222217,30.505494],[-87.296891,30.514177],[-87.342042,30.538489],[-87.378511,30.566275],[-87.413243,30.574958],[-87.526121,30.583641],[-87.56259,30.607953],[-87.602531,30.627056],[-87.680678,30.637475],[-87.732776,30.653104],[-87.788347,30.653104],[-87.849128,30.665261],[-87.941167,30.668734],[-87.996738,30.679153],[-88.024524,30.694783],[-88.03668,30.69131]]}},{"type":"Feature","properties":{"name":"10","length_km":199},"geometry":{"type":"LineString","coordinates":[[-87.112812,30.533279],[-87.085026,30.538489],[-87.055504,30.554119],[-86.972148,30.616636],[-86.815854,30.682627],[-86.704712,30.713885],[-86.617882,30.717358],[-86.590097,30.726041],[-86.544945,30.729515],[-86.50153,30.727778],[-86.458116,30.719095],[-86.43033,30.720832],[-86.26709,30.748617],[-86.227149,30.741671],[-86.209783,30.729515],[-86.136846,30.696519],[-86.02744,30.694783],[-85.971869,30.701729],[-85.923245,30.719095],[-85.8642,30.750354],[-85.824259,30.759037],[-85.643653,30.76251],[-85.551613,30.748617],[-85.502989,30.746881],[-85.435261,30.746881],[-85.381427,30.753827]]}},{"type":"Feature","properties":{"name":"10","length_km":11},"geometry":{"type":"LineString","coordinates":[[-88.03668,30.69131],[-88.045363,30.687836],[-88.057519,30.67047],[-88.078358,30.661787],[-88.12351,30.654841]]}},{"type":"Feature","properties":{"name":"65","length_km":153},"geometry":{"type":"LineString","coordinates":[[-88.12351,30.654841],[-88.12351,30.726041],[-88.097461,30.7573],[-88.106144,30.802452],[-88.071412,30.858023],[-88.012368,30.897964],[-87.939431,30.92575],[-87.836972,30.953535],[-87.737986,30.970901],[-87.713673,30.981321],[-87.649419,31.028209],[-87.505282,31.111565],[-87.447974,31.132405],[-87.381984,31.17061],[-87.060714,31.377264],[-87.008616,31.418943]]}},{"type":"Feature","properties":{"name":"65","length_km":116},"geometry":{"type":"LineString","coordinates":[[-87.008616,31.418943],[-86.970411,31.453675],[-86.900947,31.530085],[-86.774176,31.64991],[-86.7516,31.679432],[-86.702975,31.762788],[-86.6804,31.785364],[-86.663034,31.830516],[-86.624829,31.866984],[-86.537999,31.96597],[-86.515423,32.030224],[-86.451169,32.125737],[-86.423384,32.186517],[-86.345237,32.285503],[-86.334817,32.328918]]}},{"type":"Feature","properties":{"name":"10","length_km":7},"geometry":{"type":"LineString","coordinates":[[-87.222217,30.505494],[-87.16491,30.505494],[-87.1597,30.508967]]}},{"type":"Feature","properties":{"name":"20","length_km":72},"geometry":{"type":"LineString","coordinates":[[-104.051554,31.090726],[-104.039398,31.116775],[-104.025505,31.127195],[-103.999457,31.141088],[-103.877895,31.243547],[-103.813641,31.293908],[-103.74765,31.332113],[-103.544469,31.406786],[-103.502791,31.398104],[-103.481951,31.401577]]}},{"type":"Feature","properties":{"name":"10","length_km":87},"geometry":{"type":"LineString","coordinates":[[-104.051554,31.090726],[-104.065447,31.08378],[-104.114072,31.07857],[-104.162696,31.057731],[-104.440552,31.071624],[-104.48744,31.062941],[-104.826076,31.036892]]}},{"type":"Feature","properties":{"name":"35","length_km":71},"geometry":{"type":"LineString","coordinates":[[-97.469861,31.029945],[-97.42992,31.038628],[-97.393451,31.061204],[-97.330934,31.127195],[-97.318778,31.17061],[-97.278836,31.253966],[-97.257997,31.293908],[-97.221528,31.339059],[-97.192006,31.411996],[-97.134699,31.521402],[-97.122542,31.56308],[-97.10865,31.580446],[-97.10865,31.603022]]}},{"type":"Feature","properties":{"name":"10","length_km":115},"geometry":{"type":"LineString","coordinates":[[-88.12351,30.654841],[-88.132193,30.654841],[-88.149559,30.625319],[-88.170398,30.601007],[-88.213813,30.569748],[-88.319745,30.508967],[-88.403101,30.475972],[-88.432624,30.465552],[-88.488195,30.458606],[-88.533346,30.439503],[-88.618439,30.434294],[-88.703532,30.432557],[-88.783416,30.458606],[-88.92408,30.448186],[-88.965758,30.462079],[-89.096003,30.43603]]}},{"type":"Feature","properties":{"name":"59","length_km":98},"geometry":{"type":"LineString","coordinates":[[-89.349545,31.359898],[-89.354755,31.344269],[-89.354755,31.283488],[-89.33218,31.25223],[-89.323497,31.227917],[-89.365175,31.121985],[-89.384277,31.08899],[-89.39296,31.050785],[-89.410326,31.00737],[-89.485,30.871915],[-89.491946,30.830237],[-89.517995,30.793769],[-89.524941,30.750354],[-89.55099,30.724305],[-89.589195,30.637475],[-89.651713,30.545436],[-89.665606,30.51765],[-89.674289,30.489865],[-89.684708,30.469025]]}},{"type":"Feature","properties":{"name":"95","length_km":127},"geometry":{"type":"LineString","coordinates":[[-81.581758,30.250215],[-81.53487,30.2068],[-81.54008,30.180751],[-81.533134,30.165121],[-81.479299,30.102604],[-81.477563,30.086975],[-81.489719,30.045296],[-81.489719,30.02793],[-81.465406,29.986252],[-81.409835,29.916788],[-81.394206,29.857744],[-81.317796,29.680612],[-81.274381,29.652826],[-81.191025,29.503479],[-81.130244,29.348922],[-81.128507,29.291614],[-81.098985,29.206521],[-81.074673,29.15616],[-81.093775,29.147477]]}},{"type":"Feature","properties":{"name":"10","length_km":130},"geometry":{"type":"LineString","coordinates":[[-102.908875,30.901437],[-102.985285,30.896228],[-103.129423,30.911857],[-103.363863,30.946589],[-103.464585,30.969165],[-103.68166,30.995214],[-103.744177,31.009106],[-103.785855,31.01258],[-103.848373,31.00737],[-103.935203,31.045575],[-103.973408,31.050785],[-103.999457,31.07336],[-104.051554,31.090726]]}},{"type":"Feature","properties":{"name":"55","length_km":50},"geometry":{"type":"LineString","coordinates":[[-90.507854,30.986531],[-90.523483,30.955272],[-90.53043,30.901437],[-90.533903,30.687836],[-90.53043,30.660051],[-90.506117,30.590587],[-90.502644,30.562802],[-90.504381,30.505494],[-90.490488,30.481182]]}},{"type":"Feature","properties":{"name":"12","length_km":46},"geometry":{"type":"LineString","coordinates":[[-90.490488,30.481182],[-90.261258,30.481182],[-90.200477,30.467289],[-90.084125,30.429084]]}},{"type":"Feature","properties":{"name":"10","length_km":30},"geometry":{"type":"LineString","coordinates":[[-102.644913,30.877125],[-102.742162,30.891018],[-102.818572,30.889281],[-102.889773,30.904911],[-102.908875,30.901437]]}},{"type":"Feature","properties":{"name":"10","length_km":60},"geometry":{"type":"LineString","coordinates":[[-89.623927,30.307522],[-89.557937,30.330098],[-89.516259,30.333571],[-89.460688,30.350937],[-89.292238,30.404771],[-89.248823,30.408245],[-89.194989,30.422137],[-89.137681,30.423874],[-89.096003,30.43603]]}},{"type":"Feature","properties":{"name":"59","length_km":17},"geometry":{"type":"LineString","coordinates":[[-89.684708,30.469025],[-89.740279,30.376986],[-89.738543,30.330098],[-89.742016,30.307522]]}},{"type":"Feature","properties":{"name":"12","length_km":40},"geometry":{"type":"LineString","coordinates":[[-90.084125,30.429084],[-90.049393,30.420401],[-89.974719,30.378723],[-89.861841,30.326625],[-89.818426,30.312732],[-89.742016,30.307522]]}},{"type":"Feature","properties":{"name":"10","length_km":13},"geometry":{"type":"LineString","coordinates":[[-89.742016,30.307522],[-89.676025,30.297103],[-89.655186,30.298839],[-89.623927,30.307522]]}},{"type":"Feature","properties":{"name":"12","length_km":72},"geometry":{"type":"LineString","coordinates":[[-91.122608,30.390879],[-91.093086,30.416928],[-91.058354,30.432557],[-90.997574,30.448186],[-90.895115,30.467289],[-90.815231,30.474235],[-90.490488,30.481182]]}},{"type":"Feature","properties":{"name":"10","length_km":4},"geometry":{"type":"LineString","coordinates":[[-91.152131,30.404771],[-91.122608,30.390879]]}},{"type":"Feature","properties":{"name":"10","length_km":99},"geometry":{"type":"LineString","coordinates":[[-91.152131,30.404771],[-91.284112,30.453396],[-91.337946,30.448186],[-91.756465,30.333571],[-91.879764,30.307522],[-92.015218,30.260634]]}},{"type":"Feature","properties":{"name":"49","length_km":121},"geometry":{"type":"LineString","coordinates":[[-92.015218,30.260634],[-92.053423,30.387406],[-92.051686,30.420401],[-92.067316,30.44645],[-92.074262,30.467289],[-92.069052,30.52807],[-92.056896,30.547172],[-92.046477,30.60448],[-92.04995,30.635739],[-92.072526,30.668734],[-92.089892,30.703466],[-92.20798,30.798978],[-92.227083,30.828501],[-92.230556,30.894491],[-92.265288,30.936169],[-92.291337,30.967428],[-92.326068,30.99174],[-92.378166,31.010843],[-92.432001,31.07336],[-92.426791,31.177556],[-92.426791,31.2366],[-92.433737,31.290435]]}},{"type":"Feature","properties":{"name":"55","length_km":44},"geometry":{"type":"LineString","coordinates":[[-90.43839,30.088711],[-90.45402,30.118233],[-90.45402,30.156438],[-90.436654,30.205063],[-90.405395,30.248478],[-90.391502,30.274527],[-90.389766,30.302312],[-90.410605,30.36483],[-90.490488,30.481182]]}},{"type":"Feature","properties":{"name":"35","length_km":57},"geometry":{"type":"LineString","coordinates":[[-97.686936,30.519387],[-97.692145,30.540226],[-97.683462,30.606216],[-97.690409,30.640948],[-97.679989,30.649631],[-97.676516,30.663524],[-97.650467,30.701729],[-97.615735,30.800715],[-97.59316,30.851076],[-97.544535,30.92054],[-97.525432,30.965691],[-97.469861,31.029945]]}},{"type":"Feature","properties":{"name":"75","length_km":159},"geometry":{"type":"LineString","coordinates":[[-82.75396,30.265844],[-82.745277,30.248478],[-82.707072,30.218956],[-82.654974,30.11997],[-82.606349,30.014038],[-82.582037,29.989725],[-82.557724,29.923735],[-82.536885,29.856008],[-82.512573,29.810856],[-82.5091,29.777861],[-82.479578,29.741392],[-82.455265,29.697977],[-82.418797,29.659772],[-82.312865,29.529528],[-82.279869,29.479167],[-82.262503,29.430542],[-82.226035,29.369761],[-82.18783,29.234307],[-82.18262,29.076277],[-82.165254,29.045018],[-82.153098,29.010286],[-82.118366,28.946032],[-82.088844,28.857466]]}},{"type":"Feature","properties":{"name":"10","length_km":49},"geometry":{"type":"LineString","coordinates":[[-89.742016,30.307522],[-89.769801,30.238058],[-89.860104,30.151229],[-89.917412,30.081765],[-89.938251,30.060926],[-90.038973,29.994935],[-90.065011,29.970525]]}},{"type":"Feature","properties":{"name":"95","length_km":4},"geometry":{"type":"LineString","coordinates":[[-80.819393,28.412898],[-80.833286,28.447629]]}},{"type":"Feature","properties":{"name":"35","length_km":32},"geometry":{"type":"LineString","coordinates":[[-97.752926,30.213746],[-97.711248,30.323152],[-97.673043,30.392615],[-97.671306,30.469025],[-97.686936,30.519387]]}},{"type":"Feature","properties":{"name":"4","length_km":17},"geometry":{"type":"LineString","coordinates":[[-81.472353,28.421581],[-81.474089,28.458049],[-81.418518,28.510147],[-81.38726,28.517093],[-81.383787,28.527513],[-81.390733,28.536196]]}},{"type":"Feature","properties":{"name":"45","length_km":187},"geometry":{"type":"LineString","coordinates":[[-95.377265,29.812593],[-95.411997,29.876847],[-95.417207,29.928945],[-95.431099,29.987989],[-95.465831,30.295366],[-95.500563,30.423874],[-95.50751,30.628792],[-95.530085,30.677417],[-95.590866,30.736461],[-95.669013,30.802452],[-95.735003,30.851076],[-95.795784,30.92054],[-95.882614,30.967428],[-95.938185,31.031682],[-95.953814,31.061204],[-95.967707,31.113302],[-96.000702,31.184502],[-95.993756,31.278278],[-96.005912,31.31822],[-96.012859,31.359898],[-96.023278,31.384211],[-96.073639,31.450201]]}},{"type":"Feature","properties":{"name":"45","length_km":3},"geometry":{"type":"LineString","coordinates":[[-95.377265,29.812593],[-95.368582,29.779597]]}},{"type":"Feature","properties":{"name":"10","length_km":143},"geometry":{"type":"LineString","coordinates":[[-95.347743,29.769178],[-95.281752,29.777861],[-95.233128,29.770914],[-95.154981,29.770914],[-95.135878,29.772651],[-95.073361,29.795227],[-95.052522,29.790017],[-95.01779,29.802173],[-94.944853,29.80912],[-94.852813,29.826485],[-94.675681,29.831695],[-94.394352,29.826485],[-94.330098,29.871637],[-94.264108,29.930681],[-94.139073,30.059189]]}},{"type":"Feature","properties":{"name":"45","length_km":3},"geometry":{"type":"LineString","coordinates":[[-95.368582,29.779597],[-95.347743,29.769178]]}},{"type":"Feature","properties":{"name":"45","length_km":3},"geometry":{"type":"LineString","coordinates":[[-95.365109,29.743129],[-95.347743,29.769178]]}},{"type":"Feature","properties":{"name":"10","length_km":107},"geometry":{"type":"LineString","coordinates":[[-95.568487,29.780506],[-95.750633,29.781334],[-95.821833,29.774388],[-95.920819,29.777861],[-96.042381,29.763968],[-96.150049,29.772651],[-96.464373,29.715343],[-96.519944,29.694504]]}},{"type":"Feature","properties":{"name":"4","length_km":55},"geometry":{"type":"LineString","coordinates":[[-81.969019,28.084681],[-81.909975,28.136779],[-81.826618,28.157618],[-81.781467,28.161091],[-81.644276,28.234028],[-81.61128,28.26355],[-81.542232,28.338197]]}},{"type":"Feature","properties":{"name":"4","length_km":42},"geometry":{"type":"LineString","coordinates":[[-81.969019,28.084681],[-82.040219,28.041266],[-82.118366,28.043003],[-82.149625,28.032583],[-82.246874,28.0239],[-82.328494,28.001325]]}},{"type":"Feature","properties":{"name":"75","length_km":98},"geometry":{"type":"LineString","coordinates":[[-82.088844,28.857466],[-82.087107,28.836627],[-82.097527,28.777582],[-82.118366,28.742851],[-82.144415,28.664704],[-82.160044,28.642128],[-82.199986,28.607396],[-82.215615,28.58482],[-82.236454,28.563981],[-82.250347,28.482361],[-82.276396,28.463259],[-82.281606,28.425054],[-82.318074,28.397268],[-82.325021,28.275707],[-82.401431,28.161091],[-82.35107,28.081208],[-82.337177,28.048213],[-82.328494,28.001325]]}},{"type":"Feature","properties":{"name":"35","length_km":93},"geometry":{"type":"LineString","coordinates":[[-97.752926,30.213746],[-97.784185,30.166858],[-97.82239,30.076555],[-97.860595,30.012301],[-97.872751,29.982779],[-97.872751,29.954993],[-97.895327,29.915052],[-98.058567,29.746602],[-98.089826,29.701451],[-98.145397,29.680612],[-98.180128,29.661509],[-98.286061,29.602465],[-98.335344,29.570522]]}},{"type":"Feature","properties":{"name":"45","length_km":66},"geometry":{"type":"LineString","coordinates":[[-94.913594,29.30898],[-94.932697,29.328083],[-95.023,29.394073],[-95.049049,29.420122],[-95.172347,29.574679],[-95.231391,29.626777],[-95.299118,29.699714],[-95.365109,29.743129]]}},{"type":"Feature","properties":{"name":"35","length_km":3},"geometry":{"type":"LineString","coordinates":[[-98.477086,29.439225],[-98.497925,29.425332]]}},{"type":"Feature","properties":{"name":"10","length_km":169},"geometry":{"type":"LineString","coordinates":[[-96.901995,29.696241],[-97.020083,29.696241],[-97.10865,29.704924],[-97.216318,29.699714],[-97.289255,29.677138],[-97.351773,29.663246],[-97.416027,29.658036],[-97.613999,29.654563],[-97.65915,29.651089],[-97.864068,29.604201],[-97.971737,29.598992],[-98.006469,29.581626],[-98.05683,29.545157],[-98.279114,29.468747],[-98.385674,29.439072]]}},{"type":"Feature","properties":{"name":"10","length_km":4},"geometry":{"type":"LineString","coordinates":[[-98.497925,29.425332],[-98.47535,29.397547]]}},{"type":"Feature","properties":{"name":"75","length_km":49},"geometry":{"type":"LineString","coordinates":[[-82.328494,28.001325],[-82.328494,27.9527],[-82.333704,27.928388],[-82.349333,27.893656],[-82.347596,27.831138],[-82.352806,27.79988],[-82.361489,27.770358],[-82.384065,27.737362],[-82.384065,27.716523],[-82.41706,27.695684],[-82.441373,27.657479],[-82.460475,27.647059],[-82.489997,27.62101],[-82.51431,27.589752]]}},{"type":"Feature","properties":{"name":"75","length_km":97},"geometry":{"type":"LineString","coordinates":[[-82.036746,26.974997],[-82.041956,27.006256],[-82.048902,27.020149],[-82.092317,27.07051],[-82.121839,27.091349],[-82.153098,27.100032],[-82.285079,27.101769],[-82.321548,27.113925],[-82.363226,27.110452],[-82.382328,27.112188],[-82.397958,27.124344],[-82.425743,27.159076],[-82.437899,27.183389],[-82.446582,27.216384],[-82.455265,27.22854],[-82.446582,27.271955],[-82.444846,27.370941],[-82.458739,27.424775],[-82.460475,27.469927],[-82.472631,27.492502],[-82.502153,27.522025],[-82.510836,27.539391],[-82.51431,27.589752]]}},{"type":"Feature","properties":{"name":"75","length_km":3},"geometry":{"type":"LineString","coordinates":[[-82.026326,26.945475],[-82.036746,26.974997]]}},{"type":"Feature","properties":{"name":"37","length_km":127},"geometry":{"type":"LineString","coordinates":[[-98.47535,29.397547],[-98.466667,29.381917],[-98.430198,29.357605],[-98.409359,29.315927],[-98.400676,29.305507],[-98.423252,29.16658],[-98.438881,29.137057],[-98.435408,29.027652],[-98.438881,28.90609],[-98.409359,28.886988],[-98.350315,28.803631],[-98.299953,28.767163],[-98.29127,28.74806],[-98.270431,28.678597],[-98.246119,28.650811],[-98.235699,28.624762],[-98.195758,28.574401],[-98.183602,28.520566],[-98.117611,28.458049],[-98.093299,28.44242],[-98.035991,28.364273],[-98.020362,28.334751]]}},{"type":"Feature","properties":{"name":"95","length_km":62},"geometry":{"type":"LineString","coordinates":[[-80.098707,26.67804],[-80.100443,26.603366],[-80.105653,26.587737],[-80.119546,26.587737],[-80.124756,26.547795],[-80.121282,26.374136],[-80.116073,26.316828],[-80.121282,26.285569],[-80.135175,26.256047],[-80.135175,26.210896],[-80.152541,26.186583],[-80.164697,26.151852],[-80.16817,26.085861]]}},{"type":"Feature","properties":{"name":"95","length_km":19},"geometry":{"type":"LineString","coordinates":[[-80.16817,26.085861],[-80.171644,25.955616],[-80.192483,25.936514],[-80.215058,25.922621]]}},{"type":"Feature","properties":{"name":"37","length_km":61},"geometry":{"type":"LineString","coordinates":[[-97.631365,27.902339],[-97.678253,27.980486],[-97.761609,28.046476],[-97.785921,28.070788],[-97.815444,28.114203],[-97.855385,28.150672],[-97.916166,28.246185],[-97.938742,28.270497],[-97.997786,28.310438],[-98.020362,28.334751]]}},{"type":"Feature","properties":{"name":"75","length_km":63},"geometry":{"type":"LineString","coordinates":[[-81.173049,26.168454],[-80.868018,26.172691],[-80.696095,26.146642],[-80.611964,26.146642]]}},{"type":"Feature","properties":{"name":"75","length_km":97},"geometry":{"type":"LineString","coordinates":[[-81.672061,26.155325],[-81.732842,26.170954],[-81.743262,26.25952],[-81.744998,26.311618],[-81.753681,26.348087],[-81.772784,26.375872],[-81.776257,26.410604],[-81.791886,26.471385],[-81.795359,26.518273],[-81.793623,26.563424],[-81.805779,26.627678],[-81.798833,26.693669],[-81.807516,26.712772],[-81.842247,26.733611],[-81.904765,26.794392],[-81.962072,26.837806],[-81.969019,26.844753],[-81.975965,26.869065],[-82.010697,26.90727],[-82.026326,26.945475]]}},{"type":"Feature","properties":{"name":"37","length_km":4},"geometry":{"type":"LineString","coordinates":[[-97.622682,27.86587],[-97.631365,27.902339]]}},{"type":"Feature","properties":{"name":"95","length_km":14},"geometry":{"type":"LineString","coordinates":[[-80.215058,25.922621],[-80.215058,25.821899],[-80.209849,25.783694]]}},{"type":"Feature","properties":{"name":"39","length_km":73},"geometry":{"type":"LineString","coordinates":[[-89.003963,40.536064],[-89.007436,40.610737],[-89.014383,40.647206],[-89.035222,40.680201],[-89.040432,40.86949],[-89.052588,40.876436],[-89.059534,41.029257],[-89.068217,41.034466],[-89.085583,41.244594],[-89.085583,41.312321],[-89.080373,41.324478],[-89.066481,41.340107],[-89.057798,41.366156]]}},{"type":"Feature","properties":{"name":"55","length_km":134},"geometry":{"type":"LineString","coordinates":[[-88.196447,41.487717],[-88.187764,41.357473],[-88.192974,41.315795],[-88.222496,41.298429],[-88.253754,41.246331],[-88.318008,41.19597],[-88.351004,41.159501],[-88.416994,41.110876],[-88.437833,41.105667],[-88.44478,41.086564],[-88.535083,41.010154],[-88.542029,40.994525],[-88.58718,40.95111],[-88.670537,40.900749],[-88.680957,40.843441],[-88.713952,40.77745],[-88.738264,40.744455],[-88.743474,40.71667],[-88.781679,40.659362],[-88.811201,40.652416],[-88.826831,40.61942],[-88.838987,40.609001],[-88.894558,40.577742],[-88.917133,40.556903],[-88.944919,40.539537],[-89.026539,40.536064]]}},{"type":"Feature","properties":{"name":"95","length_km":82},"geometry":{"type":"LineString","coordinates":[[-70.858287,42.958613],[-70.851341,42.993345],[-70.827029,43.029813],[-70.776667,43.081911],[-70.762775,43.094067],[-70.677681,43.151375],[-70.629057,43.241678],[-70.620374,43.264254],[-70.620374,43.304195],[-70.604745,43.323298],[-70.570013,43.394498],[-70.460607,43.526479],[-70.389407,43.585524],[-70.345992,43.632412]]}},{"type":"Feature","properties":{"name":"95","length_km":26},"geometry":{"type":"LineString","coordinates":[[-73.721932,41.024047],[-73.723668,40.997998],[-73.734088,40.975422],[-73.751454,40.95632],[-73.794869,40.914641],[-73.812235,40.902485],[-73.824391,40.900749],[-73.838283,40.881646],[-73.894657,40.83714]]}},{"type":"Feature","properties":{"name":"80","length_km":14},"geometry":{"type":"LineString","coordinates":[[-122.407358,37.767932],[-122.388256,37.785298],[-122.36047,37.807874],[-122.332685,37.82003],[-122.29448,37.832186]]}},{"type":"Feature","properties":{"name":"10","length_km":6},"geometry":{"type":"LineString","coordinates":[[-87.1597,30.508967],[-87.126705,30.529806],[-87.112812,30.533279]]}},{"type":"Feature","properties":{"name":"37","length_km":29},"geometry":{"type":"LineString","coordinates":[[-97.391715,27.818982],[-97.407344,27.791197],[-97.445549,27.78946],[-97.478544,27.792933],[-97.554954,27.824192],[-97.622682,27.86587]]}},{"type":"Feature","properties":{"name":"75","length_km":0},"geometry":{"type":"LineString","coordinates":[[-84.34468,46.506476],[-84.342944,46.504739]]}},{"type":"Feature","properties":{"name":"85","length_km":36},"geometry":{"type":"LineString","coordinates":[[-82.005487,34.970278],[-82.055849,34.961595],[-82.114893,34.912971],[-82.165254,34.892132],[-82.215615,34.879975],[-82.279869,34.85219],[-82.292025,34.834824],[-82.305918,34.831351]]}},{"type":"Feature","properties":{"name":"84","length_km":64},"geometry":{"type":"LineString","coordinates":[[-72.141631,42.031272],[-72.193728,41.961808],[-72.290978,41.897554],[-72.383017,41.854139],[-72.435115,41.850666],[-72.547994,41.802041],[-72.570569,41.779465],[-72.587935,41.774256],[-72.662609,41.762099]]}},{"type":"Feature","properties":{"name":"95","length_km":31},"geometry":{"type":"LineString","coordinates":[[-77.396566,37.217432],[-77.396566,37.2539],[-77.389619,37.299052],[-77.400039,37.323364],[-77.403512,37.358096],[-77.424351,37.401511],[-77.431297,37.436243],[-77.427824,37.545648],[-77.431297,37.556068]]}},{"type":"Feature","properties":{"name":"83","length_km":19},"geometry":{"type":"LineString","coordinates":[[-76.665459,39.409014],[-76.646357,39.33955],[-76.616835,39.310028],[-76.613361,39.294399],[-76.623781,39.270086],[-76.646357,39.245774],[-76.642884,39.228408]]}},{"type":"Feature","properties":{"name":"26","length_km":6},"geometry":{"type":"LineString","coordinates":[[-82.531675,35.798634],[-82.536885,35.80558],[-82.531675,35.822946],[-82.521256,35.835102],[-82.524729,35.852468]]}},{"type":"Feature","properties":{"name":"26","length_km":11},"geometry":{"type":"LineString","coordinates":[[-82.524729,35.848995],[-82.549041,35.885464],[-82.557724,35.956664]]}},{"type":"Feature","properties":{"name":"10","length_km":27},"geometry":{"type":"LineString","coordinates":[[-90.299481,29.999315],[-90.276887,30.008828],[-90.223052,30.008828],[-90.176164,30.001882],[-90.136223,29.981042],[-90.061549,29.975833]]}},{"type":"Feature","properties":{"name":"55","length_km":13},"geometry":{"type":"LineString","coordinates":[[-87.696308,41.626645],[-87.671995,41.677006],[-87.612951,41.736051]]}},{"type":"Feature","properties":{"name":"94","length_km":36},"geometry":{"type":"LineString","coordinates":[[-87.906435,42.321283],[-87.864757,42.253556],[-87.830025,42.178882],[-87.781401,42.119838],[-87.764035,42.053847],[-87.746669,41.953125]]}},{"type":"Feature","properties":{"name":"76","length_km":43},"geometry":{"type":"LineString","coordinates":[[-81.890872,41.03273],[-81.816199,41.041413],[-81.666851,41.041413],[-81.507085,41.058779]]}},{"type":"Feature","properties":{"name":"90","length_km":84},"geometry":{"type":"LineString","coordinates":[[-82.170464,41.390468],[-82.026326,41.459932],[-81.908238,41.468615],[-81.800569,41.468615],[-81.70853,41.484244],[-81.599124,41.525923],[-81.515768,41.584967],[-81.441094,41.576284]]}},{"type":"Feature","properties":{"name":"96","length_km":19},"geometry":{"type":"LineString","coordinates":[[-84.658696,42.705272],[-84.643374,42.680758],[-84.586067,42.663392],[-84.494027,42.663392]]}},{"type":"Feature","properties":{"name":"95","length_km":94},"geometry":{"type":"LineString","coordinates":[[-75.597454,39.702498],[-75.548829,39.730284],[-75.510624,39.763279],[-75.482838,39.796274],[-75.37517,39.855319],[-75.213666,39.89526],[-75.180671,39.91089],[-75.11989,39.971671],[-75.031324,40.022032],[-74.904552,40.108861],[-74.899343,40.154013],[-74.871557,40.187008],[-74.86455,40.189042]]}},{"type":"Feature","properties":{"name":"93","length_km":33},"geometry":{"type":"LineString","coordinates":[[-71.695326,44.195068],[-71.731794,44.202015],[-71.773473,44.24022],[-71.750897,44.278425],[-71.752633,44.290581],[-71.796048,44.302737],[-71.804731,44.323576],[-71.816887,44.327049],[-71.832517,44.323576],[-71.844673,44.313157],[-71.865512,44.31142],[-71.898507,44.332259],[-71.898507,44.335732]]}},{"type":"Feature","properties":{"name":"93","length_km":25},"geometry":{"type":"LineString","coordinates":[[-71.551189,43.173951],[-71.532086,43.201736],[-71.52514,43.229522],[-71.540769,43.257307],[-71.60155,43.337191],[-71.60676,43.373659],[-71.592867,43.42402]]}},{"type":"Feature","properties":{"name":"90","length_km":23},"geometry":{"type":"LineString","coordinates":[[-75.040007,43.014184],[-75.067792,43.040233],[-75.105997,43.066282],[-75.180671,43.092331],[-75.234505,43.104487]]}},{"type":"Feature","properties":{"name":"90","length_km":10},"geometry":{"type":"LineString","coordinates":[[-73.780976,42.63387],[-73.831337,42.663392],[-73.848703,42.677285],[-73.841757,42.696387]]}},{"type":"Feature","properties":{"name":"15","length_km":38},"geometry":{"type":"LineString","coordinates":[[-117.400756,34.22007],[-117.473693,34.159289],[-117.537947,34.075932],[-117.56226,34.002995],[-117.56226,33.88838]]}},{"type":"Feature","properties":{"name":"10","length_km":51},"geometry":{"type":"LineString","coordinates":[[-118.012892,34.039501],[-117.939101,34.011678],[-117.864427,34.011678],[-117.774124,34.027308],[-117.676875,34.027308],[-117.555769,34.022414]]}},{"type":"Feature","properties":{"name":"5","length_km":16},"geometry":{"type":"LineString","coordinates":[[-122.317055,41.310585],[-122.332685,41.334897],[-122.379573,41.376575],[-122.377836,41.386995],[-122.386519,41.397415],[-122.388256,41.416517],[-122.419514,41.426937]]}},{"type":"Feature","properties":{"name":"5","length_km":78},"geometry":{"type":"LineString","coordinates":[[-122.362207,40.609001],[-122.36568,40.636786],[-122.341368,40.690621],[-122.341368,40.704513],[-122.317055,40.735772],[-122.317055,40.78787],[-122.324002,40.808709],[-122.324002,40.833021],[-122.343104,40.855597],[-122.379573,40.879909],[-122.383046,40.909432],[-122.433407,40.942427],[-122.440353,40.961529],[-122.431671,40.987578],[-122.36047,41.069198],[-122.306636,41.156028],[-122.275377,41.223755],[-122.270167,41.248067],[-122.280587,41.265433],[-122.318792,41.310585]]}},{"type":"Feature","properties":{"name":"5","length_km":145},"geometry":{"type":"LineString","coordinates":[[-123.365958,43.160058],[-123.365958,43.127063],[-123.355539,43.10796],[-123.362485,43.090594],[-123.360749,43.078438],[-123.3347,43.055862],[-123.332963,43.043706],[-123.322543,43.033287],[-123.301704,43.028077],[-123.296495,43.017657],[-123.305178,43.007238],[-123.322543,42.995082],[-123.336436,42.974242],[-123.336436,42.958613],[-123.326017,42.948193],[-123.293021,42.946457],[-123.279129,42.937774],[-123.272182,42.913462],[-123.263499,42.901305],[-123.24266,42.896096],[-123.23745,42.882203],[-123.261763,42.823159],[-123.251343,42.809266],[-123.256553,42.78669],[-123.272182,42.774534],[-123.336436,42.765851],[-123.357275,42.758905],[-123.371168,42.746748],[-123.369432,42.718963],[-123.372905,42.70507],[-123.388534,42.692914],[-123.390271,42.680758],[-123.379851,42.663392],[-123.386797,42.649499],[-123.388534,42.637343],[-123.379851,42.626923],[-123.388534,42.607821],[-123.388534,42.592192],[-123.372905,42.574826],[-123.364222,42.555723],[-123.369432,42.510572],[-123.364222,42.491469],[-123.339909,42.472367],[-123.317334,42.46021],[-123.306914,42.439371],[-123.273919,42.435898],[-123.244397,42.425479],[-123.207928,42.423742],[-123.187089,42.430688],[-123.173196,42.430688],[-123.15583,42.411586],[-123.138464,42.406376],[-123.091576,42.427215],[-123.069001,42.430688],[-123.037742,42.425479],[-123.00301,42.411586],[-122.937019,42.39943],[-122.883185,42.362961],[-122.865819,42.324756]]}},{"type":"Feature","properties":{"name":"5","length_km":37},"geometry":{"type":"LineString","coordinates":[[-122.221543,45.547875],[-122.311845,45.533983],[-122.379573,45.542666],[-122.429934,45.533983],[-122.539339,45.540929],[-122.556705,45.535719]]}},{"type":"Feature","properties":{"name":"5","length_km":16},"geometry":{"type":"LineString","coordinates":[[-122.176391,47.579691],[-122.214596,47.579691],[-122.235435,47.588374],[-122.322265,47.593584]]}},{"type":"Feature","properties":{"name":"82","length_km":45},"geometry":{"type":"LineString","coordinates":[[-120.507524,46.970146],[-120.498841,46.940624],[-120.490158,46.928468],[-120.441533,46.904156],[-120.384226,46.859004],[-120.365123,46.834692],[-120.358177,46.81038],[-120.359913,46.784331],[-120.385962,46.751335],[-120.394645,46.730496],[-120.429377,46.704447],[-120.474529,46.685345],[-120.495368,46.657559],[-120.51447,46.640193],[-120.50926,46.629774]]}},{"type":"Feature","properties":{"name":"5","length_km":34},"geometry":{"type":"LineString","coordinates":[[-122.462929,48.699794],[-122.476822,48.71716],[-122.464666,48.776205],[-122.515027,48.795307],[-122.546286,48.81441],[-122.582754,48.856088],[-122.593174,48.894293],[-122.608803,48.902976],[-122.627906,48.923815],[-122.652218,48.930761],[-122.67653,48.949864]]}},{"type":"Feature","properties":{"name":"5","length_km":72},"geometry":{"type":"LineString","coordinates":[[-122.190284,47.975635],[-122.171181,48.00863],[-122.183337,48.135401],[-122.188547,48.142348],[-122.205913,48.204865],[-122.254538,48.258699],[-122.308372,48.303851],[-122.330948,48.3299],[-122.336158,48.361158],[-122.336158,48.494876],[-122.350051,48.526135],[-122.344841,48.597335],[-122.379573,48.673745],[-122.410831,48.691111],[-122.435144,48.692848],[-122.462929,48.706741]]}},{"type":"Feature","properties":{"name":"15","length_km":8},"geometry":{"type":"LineString","coordinates":[[-117.183682,33.548007],[-117.169789,33.532378],[-117.136794,33.482017]]}},{"type":"Feature","properties":{"name":"90","length_km":10},"geometry":{"type":"LineString","coordinates":[[-73.841757,42.696387],[-73.92685,42.750222]]}},{"type":"Feature","properties":{"name":"15","length_km":34},"geometry":{"type":"LineString","coordinates":[[-117.084696,33.120805],[-117.069067,33.094756],[-117.069067,33.072181],[-117.082959,32.981878],[-117.117691,32.910677],[-117.115955,32.858579],[-117.121165,32.844687],[-117.110745,32.77696]]}},{"type":"Feature","properties":{"name":"55","length_km":6},"geometry":{"type":"LineString","coordinates":[[-89.030012,40.506542],[-89.030012,40.463127],[-89.021329,40.442288]]}},{"type":"Feature","properties":{"name":"10","length_km":34},"geometry":{"type":"LineString","coordinates":[[-117.295794,33.943866],[-117.145477,33.938741],[-116.989183,33.938741]]}},{"type":"Feature","properties":{"name":"10","length_km":24},"geometry":{"type":"LineString","coordinates":[[-118.437503,34.027308],[-118.225114,34.044798]]}},{"type":"Feature","properties":{"name":"10","length_km":24},"geometry":{"type":"LineString","coordinates":[[-118.225114,34.044798],[-118.142282,34.05162],[-118.045033,34.05162],[-118.012892,34.039501]]}},{"type":"Feature","properties":{"name":"10","length_km":30},"geometry":{"type":"LineString","coordinates":[[-117.555769,34.022414],[-117.504952,34.020361],[-117.440698,34.002995],[-117.359078,33.990839],[-117.298297,33.943951],[-117.295794,33.943866]]}},{"type":"Feature","properties":{"name":"80","length_km":11},"geometry":{"type":"LineString","coordinates":[[-122.303469,37.931578],[-122.303163,37.929435],[-122.282323,37.90165],[-122.277114,37.879074],[-122.277114,37.854762],[-122.28406,37.835659],[-122.29448,37.832186]]}},{"type":"Feature","properties":{"name":"5","length_km":39},"geometry":{"type":"LineString","coordinates":[[-121.926353,38.832786],[-121.929795,38.835938],[-121.97321,38.882826],[-122.007941,38.927977],[-122.105191,39.073851],[-122.132976,39.122476],[-122.134713,39.148525],[-122.146869,39.1711]]}},{"type":"Feature","properties":{"name":"5","length_km":21},"geometry":{"type":"MultiLineString","coordinates":[[[-121.347377,37.765606],[-121.348862,37.603509]],[[-121.299411,37.797454],[-121.32546,37.774878],[-121.354133,37.767399]]]}},{"type":"Feature","properties":{"name":"5","length_km":13},"geometry":{"type":"LineString","coordinates":[[-122.271904,47.461603],[-122.27364,47.484178],[-122.268431,47.496334],[-122.287533,47.517174],[-122.29448,47.539749],[-122.320528,47.557115],[-122.321828,47.591552]]}},{"type":"Feature","properties":{"name":"17","length_km":4},"geometry":{"type":"LineString","coordinates":[[-112.099005,33.50362],[-112.100052,33.463834]]}},{"type":"Feature","properties":{"name":"17","length_km":16},"geometry":{"type":"LineString","coordinates":[[-112.113059,33.672636],[-112.114563,33.591422],[-112.097197,33.568847],[-112.098933,33.506329],[-112.099005,33.50362]]}},{"type":"Feature","properties":{"name":"17","length_km":64},"geometry":{"type":"LineString","coordinates":[[-112.119929,34.324183],[-112.124982,34.289533],[-112.111089,34.270431],[-112.104143,34.251328],[-112.10588,34.230489],[-112.114563,34.207913],[-112.126719,34.202704],[-112.152768,34.131503],[-112.138875,34.070722],[-112.147558,34.044674],[-112.149295,34.016888],[-112.140612,34.002995],[-112.133665,33.95958],[-112.142348,33.930058],[-112.147558,33.886643],[-112.144085,33.824126],[-112.137138,33.810233],[-112.112826,33.685198],[-112.113059,33.672636]]}},{"type":"Feature","properties":{"name":"10","length_km":19},"geometry":{"type":"LineString","coordinates":[[-106.275013,31.692206],[-106.298708,31.7159],[-106.373381,31.771471],[-106.392484,31.776681],[-106.423742,31.778418]]}},{"type":"Feature","properties":{"name":"40","length_km":91},"geometry":{"type":"LineString","coordinates":[[-112.456701,35.22277],[-112.385471,35.215138],[-112.316008,35.222085],[-112.283012,35.220348],[-112.241334,35.225558],[-112.215285,35.241187],[-112.17187,35.258553],[-112.079831,35.26029],[-112.055518,35.267236],[-111.972162,35.24987],[-111.951323,35.25508],[-111.949586,35.26029],[-111.864493,35.251607],[-111.819342,35.239451],[-111.746405,35.197772],[-111.663048,35.17346]]}},{"type":"Feature","properties":{"name":"15","length_km":19},"geometry":{"type":"LineString","coordinates":[[-115.026333,36.283408],[-115.071983,36.264041],[-115.143183,36.204997],[-115.164023,36.173738]]}},{"type":"Feature","properties":{"name":"90","length_km":35},"geometry":{"type":"LineString","coordinates":[[-122.178128,47.579691],[-122.13124,47.576218],[-122.004468,47.525857],[-121.955844,47.522383],[-121.914165,47.510227],[-121.864786,47.508993]]}},{"type":"Feature","properties":{"name":"44","length_km":17},"geometry":{"type":"LineString","coordinates":[[-97.464652,35.545091],[-97.525432,35.529462],[-97.560164,35.517306],[-97.57753,35.505149],[-97.581003,35.461735]]}},{"type":"Feature","properties":{"name":"10","length_km":22},"geometry":{"type":"LineString","coordinates":[[-95.368582,29.779597],[-95.568487,29.780506]]}},{"type":"Feature","properties":{"name":"35","length_km":21},"geometry":{"type":"LineString","coordinates":[[-98.335344,29.570522],[-98.379837,29.541684],[-98.391993,29.529528],[-98.398939,29.491323],[-98.424988,29.468747],[-98.477086,29.439225]]}},{"type":"Feature","properties":{"name":"10","length_km":11},"geometry":{"type":"LineString","coordinates":[[-98.385674,29.439072],[-98.416305,29.430542],[-98.45451,29.40102],[-98.47535,29.397547]]}},{"type":"Feature","properties":{"name":"10","length_km":21},"geometry":{"type":"LineString","coordinates":[[-98.602093,29.593227],[-98.583018,29.543421],[-98.562179,29.524318],[-98.539603,29.491323],[-98.522238,29.48264],[-98.511818,29.444435],[-98.497925,29.425332]]}},{"type":"Feature","properties":{"name":"35","length_km":17},"geometry":{"type":"LineString","coordinates":[[-98.594284,29.307285],[-98.556969,29.32461],[-98.537867,29.340239],[-98.522238,29.362815],[-98.511818,29.39581],[-98.497925,29.425332]]}},{"type":"Feature","properties":{"name":"10","length_km":18},"geometry":{"type":"LineString","coordinates":[[-90.297462,30.002227],[-90.302936,30.005355],[-90.368926,30.062662],[-90.403658,30.080028],[-90.440257,30.086499]]}},{"type":"Feature","properties":{"name":"95","length_km":12},"geometry":{"type":"LineString","coordinates":[[-81.647739,30.454431],[-81.658168,30.408245],[-81.670325,30.383932],[-81.668588,30.338781]]}},{"type":"Feature","properties":{"name":"70","length_km":11},"geometry":{"type":"LineString","coordinates":[[-80.442552,26.146642],[-80.347065,26.121291]]}},{"type":"Feature","properties":{"name":"4","length_km":11},"geometry":{"type":"LineString","coordinates":[[-81.542232,28.338197],[-81.482772,28.402478],[-81.472353,28.421581]]}},{"type":"Feature","properties":{"name":"4","length_km":28},"geometry":{"type":"LineString","coordinates":[[-81.338862,28.809127],[-81.361211,28.768899],[-81.380313,28.718538],[-81.390733,28.664704],[-81.388996,28.640391],[-81.37684,28.574401],[-81.390733,28.536196]]}},{"type":"Feature","properties":{"name":"96","length_km":8},"geometry":{"type":"LineString","coordinates":[[-83.742082,42.305653],[-83.749028,42.300444],[-83.785497,42.30739],[-83.806336,42.288288]]}},{"type":"Feature","properties":{"name":"75","length_km":11},"geometry":{"type":"LineString","coordinates":[[-83.112546,42.480894],[-83.0596,42.368171]]}},{"type":"Feature","properties":{"name":"70","length_km":15},"geometry":{"type":"LineString","coordinates":[[-76.605862,39.285446],[-76.717557,39.303082],[-76.742907,39.303987]]}},{"type":"Feature","properties":{"name":"80","length_km":7},"geometry":{"type":"LineString","coordinates":[[-74.420043,40.86428],[-74.357568,40.8471]]}},{"type":"Feature","properties":{"name":"95","length_km":11},"geometry":{"type":"LineString","coordinates":[[-74.697527,40.192218],[-74.696161,40.192218],[-74.657956,40.202638],[-74.597175,40.192218]]}},{"type":"Feature","properties":{"name":"86","length_km":36},"geometry":{"type":"LineString","coordinates":[[-75.774586,42.102472],[-75.581824,42.071213],[-75.541883,42.039955],[-75.52799,42.039955],[-75.488048,42.055584],[-75.470682,42.053847],[-75.459421,42.048728]]}},{"type":"Feature","properties":{"name":"94","length_km":28},"geometry":{"type":"LineString","coordinates":[[-93.423429,45.087595],[-93.383654,45.078995],[-93.32461,45.075522],[-93.307244,45.068575],[-93.293352,45.052946],[-93.284669,45.023424],[-93.286405,44.931384],[-93.298561,44.891443]]}},{"type":"Feature","properties":{"name":"70","length_km":29},"geometry":{"type":"LineString","coordinates":[[-94.863576,39.100816],[-94.816345,39.10511],[-94.710413,39.106846],[-94.677417,39.10511],[-94.642685,39.09469],[-94.607954,39.092954]]}},{"type":"Feature","properties":{"name":"44","length_km":28},"geometry":{"type":"LineString","coordinates":[[-97.49591,35.392271],[-97.57232,35.397481],[-97.608789,35.279392],[-97.673159,35.245195]]}},{"type":"Feature","properties":{"name":"44","length_km":21},"geometry":{"type":"LineString","coordinates":[[-98.512428,34.139998],[-98.515291,34.12282],[-98.537867,34.105454],[-98.550023,34.096771],[-98.556969,34.060303],[-98.548286,34.020361],[-98.520501,33.942214]]}},{"type":"Feature","properties":{"name":"30","length_km":18},"geometry":{"type":"LineString","coordinates":[[-97.483859,32.728947],[-97.471598,32.731808],[-97.367402,32.731808],[-97.327461,32.747437]]}},{"type":"Feature","properties":{"name":"30","length_km":73},"geometry":{"type":"LineString","coordinates":[[-96.080953,33.12622],[-96.097952,33.115595],[-96.099688,33.105176],[-96.108371,33.094756],[-96.235143,32.999244],[-96.334128,32.964512],[-96.393173,32.922833],[-96.448744,32.907204],[-96.504315,32.881155],[-96.671028,32.799535]]}},{"type":"Feature","properties":{"name":"20","length_km":17},"geometry":{"type":"LineString","coordinates":[[-93.746603,32.497368],[-93.703188,32.52689],[-93.628514,32.540783],[-93.601462,32.541371]]}},{"type":"Feature","properties":{"name":"88","length_km":77},"geometry":{"type":"LineString","coordinates":[[-89.69117,41.754225],[-89.641293,41.758626],[-89.585722,41.770782],[-89.472844,41.819407],[-89.412063,41.826353],[-89.351282,41.824617],[-89.278345,41.831563],[-89.167203,41.874978],[-89.061271,41.89929],[-89.016119,41.9045]]}},{"type":"Feature","properties":{"name":"44","length_km":25},"geometry":{"type":"LineString","coordinates":[[-90.40548,38.536749],[-90.391502,38.535507],[-90.35677,38.5494],[-90.294253,38.591078],[-90.197004,38.62581]]}},{"type":"Feature","properties":{"name":"20","length_km":17},"geometry":{"type":"LineString","coordinates":[[-84.388095,33.739033],[-84.297792,33.711247],[-84.242002,33.71617]]}},{"type":"Feature","properties":{"name":"75","length_km":15},"geometry":{"type":"LineString","coordinates":[[-84.187607,39.759327],[-84.19707,39.754596],[-84.217909,39.716391],[-84.228328,39.704235],[-84.235275,39.672976],[-84.228328,39.620878],[-84.231597,39.61475]]}},{"type":"Feature","properties":{"name":"74","length_km":5},"geometry":{"type":"LineString","coordinates":[[-86.034387,39.799748],[-86.030913,39.773699],[-86.03265,39.751123],[-86.031268,39.746516]]}},{"type":"Feature","properties":{"name":"96","length_km":22},"geometry":{"type":"LineString","coordinates":[[-83.433115,42.380327],[-83.231523,42.380327]]}},{"type":"Feature","properties":{"name":"96","length_km":36},"geometry":{"type":"LineString","coordinates":[[-83.755975,42.524464],[-83.700404,42.522728],[-83.660462,42.515781],[-83.63094,42.520991],[-83.492012,42.489733],[-83.452071,42.482786],[-83.437735,42.485295]]}},{"type":"Feature","properties":{"name":"96","length_km":8},"geometry":{"type":"LineString","coordinates":[[-83.438178,42.482786],[-83.439411,42.380408]]}},{"type":"Feature","properties":{"name":"96","length_km":8},"geometry":{"type":"LineString","coordinates":[[-84.678106,42.798846],[-84.669423,42.722436],[-84.658696,42.705272]]}},{"type":"Feature","properties":{"name":"96","length_km":65},"geometry":{"type":"LineString","coordinates":[[-86.198282,43.232105],[-86.192417,43.18958],[-86.171578,43.151375],[-86.11427,43.090594],[-86.088221,43.073228],[-85.997918,43.066282],[-85.954503,43.052389],[-85.848571,43.038496],[-85.765214,43.017657],[-85.678385,43.014184]]}},{"type":"Feature","properties":{"name":"90","length_km":5},"geometry":{"type":"LineString","coordinates":[[-79.724199,42.247983],[-79.763544,42.224034]]}},{"type":"Feature","properties":{"name":"90","length_km":9},"geometry":{"type":"LineString","coordinates":[[-78.781233,42.9761],[-78.784105,42.975979],[-78.813627,42.965559],[-78.839676,42.930828],[-78.851832,42.923881]]}},{"type":"Feature","properties":{"name":"79","length_km":23},"geometry":{"type":"LineString","coordinates":[[-80.09176,40.662835],[-80.090024,40.628103],[-80.098707,40.588162],[-80.116073,40.579479],[-80.124756,40.5378],[-80.138648,40.506542],[-80.116073,40.470073],[-80.105976,40.426802]]}},{"type":"Feature","properties":{"name":"64","length_km":25},"geometry":{"type":"LineString","coordinates":[[-81.633856,38.360111],[-81.602597,38.335798],[-81.576549,38.327116],[-81.562656,38.314959],[-81.560919,38.301067],[-81.574812,38.275018],[-81.574812,38.257652],[-81.566129,38.238549],[-81.541817,38.226393],[-81.501327,38.195621]]}},{"type":"Feature","properties":{"name":"64","length_km":23},"geometry":{"type":"LineString","coordinates":[[-81.448909,38.15692],[-81.449777,38.143037],[-81.444567,38.134354],[-81.404626,38.134354],[-81.390733,38.129144],[-81.390733,38.083992],[-81.359474,38.033631],[-81.349055,38.000636],[-81.32683,37.991993]]}},{"type":"Feature","properties":{"name":"77","length_km":19},"geometry":{"type":"LineString","coordinates":[[-81.124055,37.586379],[-81.128507,37.601219],[-81.114614,37.642897],[-81.119824,37.663736],[-81.154556,37.705415],[-81.175395,37.719307],[-81.189288,37.722781],[-81.203181,37.7332]]}},{"type":"Feature","properties":{"name":"64","length_km":15},"geometry":{"type":"LineString","coordinates":[[-81.32683,37.991993],[-81.286537,37.976323],[-81.262225,37.953748],[-81.272644,37.919016],[-81.269171,37.887757],[-81.265768,37.878682]]}},{"type":"Feature","properties":{"name":"64","length_km":8},"geometry":{"type":"LineString","coordinates":[[-81.501327,38.195621],[-81.498402,38.193398],[-81.474089,38.189925],[-81.448041,38.170822],[-81.448909,38.15692]]}},{"type":"Feature","properties":{"name":"74","length_km":22},"geometry":{"type":"LineString","coordinates":[[-80.56247,36.457565],[-80.617463,36.441067],[-80.672456,36.441067],[-80.705452,36.463064],[-80.749447,36.485061]]}},{"type":"Feature","properties":{"name":"75","length_km":56},"geometry":{"type":"LineString","coordinates":[[-81.672061,26.155325],[-81.262225,26.155325],[-81.243122,26.167481],[-81.173049,26.168454]]}},{"type":"Feature","properties":{"name":"75","length_km":19},"geometry":{"type":"LineString","coordinates":[[-80.611964,26.146642],[-80.442552,26.146642]]}},{"type":"Feature","properties":{"name":"95","length_km":29},"geometry":{"type":"LineString","coordinates":[[-75.786742,39.639981],[-75.84405,39.645191],[-75.908304,39.641718],[-75.927407,39.646927],[-76.042998,39.606314]]}},{"type":"Feature","properties":{"name":"95","length_km":13},"geometry":{"type":"LineString","coordinates":[[-76.042998,39.606314],[-76.120169,39.5792],[-76.149691,39.563571],[-76.150946,39.56241]]}},{"type":"Feature","properties":{"name":"70","length_km":6},"geometry":{"type":"LineString","coordinates":[[-76.552581,39.277033],[-76.605862,39.285446]]}},{"type":"Feature","properties":{"name":"81","length_km":7},"geometry":{"type":"LineString","coordinates":[[-75.709231,41.342755],[-75.760694,41.300165]]}},{"type":"Feature","properties":{"name":"81","length_km":46},"geometry":{"type":"LineString","coordinates":[[-76.167957,42.612959],[-76.17574,42.621714],[-76.17574,42.649499],[-76.134061,42.760641],[-76.125378,42.798846],[-76.121905,42.845734],[-76.109749,42.882203],[-76.109749,42.890886],[-76.132325,42.922145],[-76.139271,42.937774],[-76.132325,42.977716],[-76.141008,43.052389],[-76.151427,43.057599],[-76.17574,43.080175],[-76.163583,43.095804]]}},{"type":"Feature","properties":{"name":"90","length_km":14},"geometry":{"type":"LineString","coordinates":[[-73.291256,42.3126],[-73.352037,42.316073],[-73.412294,42.336687]]}},{"type":"Feature","properties":{"name":"90","length_km":23},"geometry":{"type":"LineString","coordinates":[[-71.065145,42.366584],[-71.18063,42.361085],[-71.272285,42.335965]]}},{"type":"Feature","properties":{"name":"93","length_km":12},"geometry":{"type":"LineString","coordinates":[[-71.063016,42.3539],[-71.052786,42.333439],[-71.037157,42.260502],[-71.019791,42.227507]]}},{"type":"Feature","properties":{"name":"93","length_km":8},"geometry":{"type":"LineString","coordinates":[[-71.424417,42.984662],[-71.446993,43.019394],[-71.478252,43.048916]]}},{"type":"Feature","properties":{"name":"8","length_km":11},"geometry":{"type":"LineString","coordinates":[[-116.104579,32.677062],[-116.074678,32.674072],[-116.065708,32.683043],[-116.046272,32.720419],[-116.029826,32.724904]]}},{"type":"Feature","properties":{"name":"74","length_km":4},"geometry":{"type":"LineString","coordinates":[[-90.51377,41.518801],[-90.506295,41.49488],[-90.494335,41.47395]]}},{"type":"Feature","properties":{"name":"94","length_km":17},"geometry":{"type":"LineString","coordinates":[[-93.252706,44.966392],[-93.21832,44.966392],[-93.179448,44.951441],[-93.098715,44.949946]]}},{"type":"Feature","properties":{"name":"78","length_km":18},"geometry":{"type":"LineString","coordinates":[[-74.160889,40.709978],[-74.108562,40.692037],[-74.095107,40.686057],[-74.05474,40.711473],[-74.050255,40.730909],[-74.020354,40.727919]]}},{"type":"Feature","properties":{"name":"95","length_km":14},"geometry":{"type":"LineString","coordinates":[[-74.120523,40.747354],[-74.110057,40.753334],[-74.084641,40.75782],[-74.062216,40.76978],[-74.03381,40.804166],[-74.020354,40.835562]]}},{"type":"Feature","properties":{"name":"76","length_km":32},"geometry":{"type":"LineString","coordinates":[[-75.409258,40.091026],[-75.394307,40.082056],[-75.350951,40.074581],[-75.32703,40.064115],[-75.285168,40.071591],[-75.259752,40.046175],[-75.207426,40.010294],[-75.195465,40.004313],[-75.207426,39.981888],[-75.195465,39.975907],[-75.18201,39.954977]]}},{"type":"Feature","properties":{"name":"74","length_km":57},"geometry":{"type":"LineString","coordinates":[[-79.507196,34.789571],[-79.483275,34.75967],[-79.474305,34.755185],[-79.439918,34.755185],[-79.413008,34.761165],[-79.387592,34.76266],[-79.33676,34.746215],[-79.320314,34.729769],[-79.303869,34.696878],[-79.285928,34.678937],[-79.19772,34.622125],[-79.169314,34.60867],[-79.115492,34.590729],[-79.096056,34.581759],[-79.054195,34.578769]]}},{"type":"Feature","properties":{"name":"74","length_km":21},"geometry":{"type":"LineString","coordinates":[[-80.742109,36.496921],[-80.688287,36.47599],[-80.656891,36.471505],[-80.624,36.458049],[-80.601574,36.455059],[-80.555227,36.455059]]}},{"type":"Feature","properties":{"name":"77","length_km":47},"geometry":{"type":"LineString","coordinates":[[-81.565883,41.05982],[-81.574853,41.077761],[-81.591299,41.103177],[-81.61821,41.118127],[-81.646616,41.119622],[-81.654091,41.124107],[-81.648111,41.140553],[-81.62718,41.154008],[-81.625685,41.212315],[-81.63017,41.249692],[-81.63615,41.266137],[-81.637645,41.291553],[-81.648111,41.309494],[-81.649606,41.358831],[-81.652596,41.394712],[-81.643625,41.414148],[-81.664556,41.48591],[-81.678012,41.496375]]}},{"type":"Feature","properties":{"name":"90","length_km":32},"geometry":{"type":"LineString","coordinates":[[-73.845433,42.699892],[-73.812542,42.687932],[-73.77068,42.680457],[-73.75274,42.669991],[-73.737789,42.669991],[-73.722839,42.661021],[-73.704898,42.629625],[-73.691443,42.620655],[-73.680977,42.596734],[-73.676492,42.569823],[-73.683967,42.551882],[-73.688453,42.511516],[-73.680977,42.49208],[-73.670512,42.48311]]}},{"type":"Feature","properties":{"name":"95","length_km":24},"geometry":{"type":"LineString","coordinates":[[-73.942611,40.849018],[-73.927661,40.844533],[-73.893275,40.843038],[-73.881314,40.837057],[-73.845433,40.828087],[-73.825997,40.834067],[-73.825997,40.853503],[-73.833473,40.871444],[-73.828988,40.881909],[-73.802077,40.887889],[-73.784136,40.913305]]}},{"type":"Feature","properties":{"name":"26","length_km":12},"geometry":{"type":"LineString","coordinates":[[-82.522716,36.453564],[-82.539162,36.459545],[-82.545142,36.483465],[-82.573548,36.510376],[-82.581023,36.525327],[-82.582518,36.556723]]}},{"type":"Feature","properties":{"name":"90","length_km":28},"geometry":{"type":"LineString","coordinates":[[-71.258993,42.34108],[-71.176765,42.357525],[-71.122943,42.357525],[-71.100517,42.348555],[-71.034735,42.34706],[-71.02726,42.35304],[-71.03025,42.373971]]}},{"type":"Feature","properties":{"name":"93","length_km":17},"geometry":{"type":"LineString","coordinates":[[-71.060151,42.34706],[-71.052676,42.360516],[-71.073606,42.375466],[-71.076596,42.385931],[-71.102012,42.408357],[-71.105002,42.445734],[-71.103507,42.463674],[-71.116963,42.48311],[-71.118458,42.50105]]}}]}