{"type":"FeatureCollection","features":[{"type":"Feature","properties":{"featurecla":"sea","name":"Sargasso Sea","namealt":null,"changed":"Version 1.3","note":null,"name_fr":"mer des Sargasses","min_label":4,"max_label":8.5,"scalerank":2,"label":"Sargasso Sea","wikidataid":"Q169274","name_ar":"بحر سرقوسة","name_bn":"শৈবাল সাগর","name_de":"Sargassosee","name_en":"Sargasso Sea","name_es":"mar de los Sargazos","name_el":"Θάλασσα των Σαργασσών","name_hi":"सारगैसो सागर","name_hu":"Sargasso-tenger","name_id":"Laut Sargasso","name_it":"Mar dei Sargassi","name_ja":"サルガッソ海","name_ko":"사르가소해","name_nl":"Sargassozee","name_pl":"Morze Sargassowe","name_pt":"Mar dos Sargaços","name_ru":"Саргассово море","name_sv":"Sargassohavet","name_tr":"Sargasso Denizi","name_vi":"Biển Sargasso","name_zh":"马尾藻海","ne_id":1159120667,"name_fa":"دریای سارگاسو","name_he":"ים סרגסו","name_uk":"Саргасове море","name_ur":"بحیرہ سارگاسو","name_zht":"馬尾藻海"},"bbox":[-70.05753,20.035556,-50.026235,35.028828],"geometry":{"type":"Polygon","coordinates":[[[-67.593145,35.026729],[-53.864353,35.028828],[-51.487483,34.615459],[-50.416702,33.791781],[-50.026235,32.341476],[-50.026235,23.499918],[-50.169598,22.836863],[-50.663805,21.271874],[-51.816955,20.365828],[-53.892953,20.035556],[-57.657859,20.035556],[-61.575339,20.470832],[-66.445591,21.892582],[-67.878677,22.589759],[-69.773137,24.154748],[-70.05753,25.137196],[-70.05753,31.481977],[-69.608401,33.791781],[-68.784723,34.780195],[-67.593145,35.026729]]]}},{"type":"Feature","properties":{"featurecla":"sea","name":"North Sea","namealt":null,"changed":"Version 1.4","note":null,"name_fr":"mer du Nord","min_label":4,"max_label":8.5,"scalerank":2,"label":"North Sea","wikidataid":"Q1693","name_ar":"بحر الشمال","name_bn":"উত্তর সাগর","name_de":"Nordsee","name_en":"North Sea","name_es":"mar del Norte","name_el":"Βόρεια Θάλασσα","name_hi":"उत्तरी सागर","name_hu":"Északi-tenger","name_id":"Laut Utara","name_it":"mare del Nord","name_ja":"北海","name_ko":"북해","name_nl":"Noordzee","name_pl":"Morze Północne","name_pt":"Mar do Norte","name_ru":"Северное море","name_sv":"Nordsjön","name_tr":"Kuzey Denizi","name_vi":"Biển Bắc","name_zh":"北海","ne_id":1159115879,"name_fa":"دریای شمال","name_he":"הים הצפוני","name_uk":"Північне море","name_ur":"بحیرہ شمال","name_zht":"北海"},"bbox":[-4.134781,50.906402,9.783879,60.694409],"geometry":{"type":"Polygon","coordinates":[[[-3.051565,58.630659],[-2.940461,58.739671],[-2.938859,58.738611],[-2.929325,58.741789],[-2.926147,58.753417],[-2.888578,58.789952],[-2.6912,58.946041],[-2.451499,59.258244],[-1.64979,59.497428],[-1.400038,59.747206],[-1.306891,59.88265],[-1.299502,59.878438],[-1.283611,59.886913],[-1.245526,59.971043],[-1.199482,60.006493],[-1.17938,60.113902],[-1.165634,60.124496],[-1.152922,60.177412],[-1.133853,60.207049],[-1.065614,60.381664],[-1.060834,60.403368],[-1.056597,60.413419],[-1.004739,60.548888],[-0.775632,60.590695],[4.970581,60.590695],[5.203435,60.590695],[5.244156,60.569533],[5.447399,60.617153],[5.589199,60.694409],[5.648472,60.688053],[5.546359,60.624569],[5.167985,60.484861],[5.137289,60.445691],[5.183333,60.308645],[5.285962,60.205989],[5.41722,60.154132],[5.573851,60.158344],[5.657464,60.154132],[5.688676,60.123436],[5.494476,60.07052],[5.376447,60.067342],[5.265343,60.08641],[5.205553,60.087986],[5.174341,60.045663],[5.219299,59.978975],[5.187053,59.90699],[5.119305,59.833454],[5.104991,59.731858],[5.110831,59.667831],[5.145764,59.638711],[5.185968,59.642406],[5.234647,59.691628],[5.263741,59.709637],[5.353193,59.759893],[5.494476,59.825522],[5.556901,59.907532],[5.698753,60.010187],[5.800866,60.026052],[5.87652,60.070003],[5.904581,60.150437],[5.967574,60.205473],[6.101984,60.290119],[6.153299,60.346213],[6.346982,60.419232],[6.806283,60.500726],[6.995728,60.511836],[6.949685,60.477963],[6.787214,60.454166],[6.720035,60.418173],[6.660762,60.367375],[6.526868,60.153073],[6.526351,60.213379],[6.573429,60.360502],[6.517876,60.407605],[6.348533,60.353086],[6.140587,60.233507],[6.105137,60.165243],[6.11201,60.131885],[6.070203,60.083749],[5.996668,60.031375],[5.783399,59.912829],[5.730483,59.863091],[5.763297,59.808055],[5.834197,59.794826],[5.966489,59.813352],[6.059093,59.815471],[6.212004,59.831878],[6.21681,59.818106],[5.990828,59.744545],[5.867012,59.733977],[5.772289,59.660958],[5.579691,59.686874],[5.529926,59.713332],[5.472255,59.713332],[5.403474,59.655635],[5.305031,59.642406],[5.242089,59.564117],[5.184935,59.453503],[5.131449,59.226514],[5.173256,59.162461],[5.349472,59.166156],[5.562224,58.979914],[5.555351,58.97516],[5.522537,58.822741],[5.517214,58.726442],[5.586047,58.620608],[5.70666,58.523767],[5.976566,58.432222],[6.054856,58.375068],[6.389305,58.268175],[6.491418,58.259183],[6.617354,58.266573],[6.659677,58.262878],[6.676626,58.233784],[6.692491,58.22425],[6.605726,58.176088],[6.554928,58.123171],[6.590378,58.097255],[6.731662,58.068135],[6.766595,58.081365],[6.770833,58.132188],[6.802562,58.154409],[6.877183,58.150714],[6.912116,58.142756],[6.895166,58.120535],[6.890412,58.102552],[6.903124,58.070254],[7.00472,58.024236],[7.125385,58.039042],[8.278958,56.841027],[8.266245,56.815085],[8.268364,56.754236],[8.346705,56.711913],[8.468403,56.66481],[8.603331,56.710311],[8.772157,56.725143],[8.875872,56.887045],[8.992816,57.016184],[9.110276,57.043702],[9.254712,57.011921],[9.209753,56.808212],[9.196524,56.701836],[9.140455,56.750541],[9.066868,56.793924],[8.994366,56.774881],[8.888016,56.735194],[8.736139,56.627242],[8.718156,56.544146],[8.671595,56.495467],[8.607568,56.514535],[8.553049,56.560553],[8.473158,56.565333],[8.281593,56.616648],[8.23188,56.61825],[8.164133,56.607139],[8.129716,56.321369],[8.121241,56.139881],[8.202218,55.98219],[8.181599,55.901213],[8.132352,55.599604],[8.345103,55.510152],[8.616043,55.418091],[8.650976,55.328664],[8.669993,55.155626],[8.573151,55.134464],[8.638264,55.045555],[8.661518,54.98574],[8.682189,54.792082],[8.789572,54.695783],[8.881143,54.594187],[8.957366,54.538067],[8.952043,54.467709],[8.830862,54.427479],[8.648289,54.397869],[8.625551,54.353944],[8.645137,54.295187],[8.736139,54.295187],[8.780581,54.313171],[8.851532,54.299425],[8.906568,54.260797],[8.903364,54.000451],[8.920314,53.965518],[8.977985,53.926373],[9.069504,53.900948],[9.216626,53.89144],[9.311866,53.859168],[9.631485,53.600398],[9.783879,53.554897],[9.673291,53.565465],[9.585441,53.600398],[9.321943,53.813666],[9.205516,53.855989],[8.897524,53.835887],[8.618678,53.875032],[8.575839,53.838523],[8.528193,53.780852],[8.506489,53.670781],[8.538787,53.55699],[8.495378,53.394028],[8.492743,53.51415],[8.451453,53.551719],[8.333993,53.606211],[8.301695,53.583991],[8.278958,53.510972],[8.245109,53.445369],[8.200616,53.432656],[8.10858,53.467589],[8.167285,53.543244],[8.009052,53.690883],[7.629126,53.697239],[7.285168,53.681375],[7.20631,53.654374],[7.106833,53.55699],[7.074587,53.477615],[7.053399,53.376045],[7.151843,53.326823],[7.197318,53.282381],[7.058154,53.300364],[6.968185,53.32734],[6.912116,53.375502],[6.816359,53.441131],[6.563403,53.434232],[6.353339,53.41519],[6.085035,53.407774],[5.926285,53.459114],[5.732085,53.442707],[5.67493,53.453275],[5.567495,53.441648],[5.582843,53.437927],[5.325649,53.385553],[5.232529,53.377621],[5.083339,53.308839],[5.108712,53.307754],[4.923503,53.234735],[4.88118,53.180243],[4.886451,53.183421],[4.885935,53.070714],[4.786974,52.999789],[4.763151,53.007747],[4.712922,52.872277],[4.678505,52.809826],[4.562078,52.442587],[4.482703,52.309236],[4.376353,52.197047],[4.208612,52.058942],[4.131872,52.011838],[4.084795,51.993855],[4.026039,51.927709],[3.978962,51.847792],[3.946664,51.81074],[4.134508,51.673177],[4.157814,51.633489],[4.18267,51.610209],[4.004852,51.595921],[4.080557,51.550936],[4.17528,51.519181],[4.239307,51.503833],[4.274241,51.471561],[4.205976,51.456756],[4.141381,51.455671],[3.885789,51.574217],[3.743989,51.595921],[3.548755,51.589048],[3.499508,51.576878],[3.44871,51.540885],[3.520695,51.486393],[3.586841,51.454095],[3.693708,51.449857],[3.821762,51.409653],[4.006453,51.442984],[4.138745,51.401721],[4.226078,51.386373],[4.11177,51.360431],[4.011208,51.395881],[3.883154,51.354618],[3.716497,51.368906],[3.589476,51.399602],[3.425972,51.393246],[3.350318,51.377898],[3.225416,51.35144],[2.960316,51.265192],[2.524787,51.096907],[2.445412,51.066754],[1.912524,50.990531],[1.767572,50.935522],[1.711968,50.906402],[1.684476,50.958802],[1.375968,51.164629],[1.397672,51.182122],[1.415656,51.310693],[1.415139,51.363067],[1.373333,51.37472],[1.256906,51.375262],[1.01506,51.359914],[0.889124,51.359372],[0.686449,51.386373],[0.645728,51.404899],[0.600201,51.467867],[0.528268,51.484274],[0.424527,51.465748],[0.507081,51.501198],[0.593328,51.519698],[0.69756,51.522902],[0.799156,51.537707],[0.890726,51.571581],[0.927262,51.646719],[0.898116,51.689584],[0.752078,51.729789],[0.95527,51.807587],[1.101359,51.785367],[1.188641,51.80335],[1.274372,51.845156],[1.273855,51.90231],[1.227812,51.948871],[1.232566,51.971092],[1.275974,51.973753],[1.316695,51.956803],[1.413537,51.994914],[1.559058,52.086976],[1.591355,52.119791],[1.61461,52.161597],[1.647424,52.278541],[1.700341,52.369026],[1.746385,52.469046],[1.743232,52.578574],[1.716206,52.677018],[1.656984,52.753731],[1.382324,52.893438],[1.27122,52.924651],[1.055833,52.959042],[0.948397,52.953228],[0.826699,52.971211],[0.704484,52.977025],[0.558964,52.967],[0.515555,52.938423],[0.4314,52.857963],[0.381662,52.825174],[0.330347,52.811402],[0.279549,52.808767],[0.045636,52.905608],[0.124494,52.971754],[0.208081,53.029942],[0.298049,53.081282],[0.35572,53.160115],[0.271074,53.335298],[0.128189,53.468106],[-0.293542,53.692485],[-0.485107,53.694604],[-0.659722,53.724215],[-0.56766,53.725274],[-0.461284,53.716282],[-0.270262,53.736927],[-0.173963,53.685586],[-0.073943,53.643806],[-0.019451,53.63745],[0.036102,53.640628],[0.076874,53.629518],[0.115477,53.60939],[0.010728,53.742741],[-0.108334,53.864981],[-0.168666,53.941721],[-0.205718,54.021612],[-0.156497,54.080885],[-0.084537,54.117937],[-0.232693,54.189897],[-0.370282,54.279323],[-0.517922,54.395207],[-0.671375,54.503702],[-0.759225,54.541271],[-1.154523,54.654494],[-1.232297,54.703716],[-1.291569,54.774073],[-1.422802,55.026512],[-1.522821,55.259341],[-1.610103,55.497982],[-1.65563,55.570484],[-1.728649,55.618647],[-1.830245,55.671563],[-2.017055,55.808067],[-2.147228,55.902815],[-2.599138,56.027149],[-2.836721,56.02609],[-3.015056,55.958368],[-3.04893,55.952011],[-3.607707,56.016039],[-3.704032,56.043039],[-3.789221,56.095414],[-3.69504,56.063142],[-3.480195,56.032963],[-3.362192,56.027692],[-3.267986,56.045158],[-3.178043,56.080066],[-2.979606,56.193857],[-2.767397,56.202306],[-2.674276,56.253647],[-2.652572,56.318191],[-2.884883,56.397566],[-3.087015,56.389117],[-3.198146,56.365836],[-3.309792,56.363692],[-3.214553,56.38382],[-3.123551,56.425083],[-3.047328,56.449423],[-2.775329,56.482754],[-2.681149,56.514535],[-2.592782,56.561612],[-2.501237,56.63675],[-2.426616,56.730956],[-2.260451,56.863248],[-2.089531,57.102406],[-2.062556,57.15323],[-2.045632,57.208782],[-2.020207,57.259063],[-1.934502,57.352184],[-1.834482,57.419906],[-1.780506,57.473908],[-1.77787,57.49401],[-1.867297,57.612556],[-1.961503,57.676583],[-2.074183,57.702499],[-2.244069,57.680795],[-2.856306,57.692448],[-2.946791,57.68927],[-3.036217,57.672346],[-3.083863,57.673379],[-3.294445,57.709914],[-3.402939,57.708312],[-3.628378,57.662295],[-3.868079,57.60036],[-3.988717,57.581318],[-4.134781,57.577623],[-4.078169,57.6771],[-3.888181,57.787171],[-3.856968,57.818383],[-3.906707,57.839545],[-4.03582,57.852257],[-4.019413,57.914166],[-3.989777,57.95915],[-3.774932,58.052271],[-3.410872,58.239598],[-3.212434,58.321092],[-3.13678,58.378246],[-3.112957,58.408942],[-3.101304,58.433798],[-3.109779,58.515292],[-3.056862,58.588853],[-3.046294,58.615311],[-3.051565,58.630659]]]}},{"type":"Feature","properties":{"featurecla":"sea","name":"Baltic Sea","namealt":null,"changed":"Version 1.4","note":null,"name_fr":"mer Baltique","min_label":4,"max_label":8.5,"scalerank":2,"label":"Baltic Sea","wikidataid":"Q545","name_ar":"بحر البلطيق","name_bn":"বাল্টিক সাগর","name_de":"Ostsee","name_en":"Baltic Sea","name_es":"Mar Báltico","name_el":"Βαλτική Θάλασσα","name_hi":"बाल्टिक सागर","name_hu":"Balti-tenger","name_id":"Laut Baltik","name_it":"mar Baltico","name_ja":"バルト海","name_ko":"발트해","name_nl":"Oostzee","name_pl":"Morze Bałtyckie","name_pt":"Mar Báltico","name_ru":"Балтийское море","name_sv":"Östersjön","name_tr":"Baltık Denizi","name_vi":"biển Baltic","name_zh":"波罗的海","ne_id":1159115831,"name_fa":"دریای بالتیک","name_he":"הים הבלטי","name_uk":"Балтійське море","name_ur":"بحیرہ بالٹک","name_zht":"波羅的海"},"bbox":[12.056399,53.924771,23.481389,59.822344],"geometry":{"type":"Polygon","coordinates":[[[22.940026,59.809114],[23.481389,59.070917],[23.480304,59.069857],[23.467643,59.032289],[23.477151,59.025958],[22.919924,58.980948],[22.909899,58.991025],[22.725208,59.015364],[22.712495,59.031772],[22.70247,59.074637],[22.649553,59.087324],[22.587076,59.080994],[22.504549,59.026475],[22.462743,58.974101],[22.056359,58.943379],[22.161624,58.898421],[22.307145,58.895243],[22.41086,58.863487],[22.478608,58.753959],[22.472768,58.712153],[22.521447,58.696805],[22.507185,58.684635],[22.462743,58.602625],[22.328333,58.580921],[22.266424,58.507902],[22.205549,58.521648],[22.168497,58.515834],[22.081216,58.47824],[22.001841,58.510537],[21.924585,58.514232],[21.862108,58.497308],[21.984374,58.386721],[21.964789,58.348609],[21.924585,58.315795],[21.891253,58.304684],[21.854718,58.301506],[21.882262,58.262361],[22.034655,58.21314],[22.10447,58.171876],[22.180693,58.155985],[22.151031,58.114205],[21.985408,57.995143],[21.978018,57.963387],[21.997087,57.93109],[22.021943,57.932692],[21.739893,57.573385],[21.739893,57.572869],[21.728783,57.571267],[21.459445,57.322548],[21.421359,57.235783],[21.404926,57.130983],[21.350976,57.01776],[21.257287,56.932546],[21.071562,56.82356],[21.031357,56.63675],[21.014924,56.258944],[21.046137,56.070015],[21.054095,56.022937],[21.062053,55.813389],[21.158326,55.640868],[21.11497,55.616528],[21.087943,55.583171],[21.057816,55.476821],[21.013891,55.401683],[20.899583,55.286858],[20.845581,55.231823],[20.678924,55.102709],[20.520174,54.994757],[20.396874,54.951375],[20.107435,54.956646],[19.974574,54.921196],[19.953439,54.83071],[19.943879,54.750276],[19.858716,54.633875],[19.75867,54.544966],[19.604158,54.459234],[19.560233,54.434895],[19.407322,54.386216],[18.976031,54.349164],[18.836349,54.369808],[18.669693,54.430657],[18.587114,54.512694],[18.436322,54.744979],[18.501383,54.741284],[18.678116,54.665087],[18.799866,54.633332],[18.759093,54.684673],[18.535282,54.769319],[18.323616,54.838126],[18.085491,54.836007],[17.843128,54.816964],[17.262078,54.729631],[17.007004,54.651858],[16.885306,54.596306],[16.559899,54.553957],[16.375724,54.437013],[16.292112,54.361876],[16.239195,54.333299],[16.186279,54.290433],[16.042876,54.266094],[15.899991,54.253924],[15.288297,54.140158],[14.715722,54.018434],[14.38396,53.924771],[14.249549,53.932186],[14.211464,53.95017],[14.038916,54.034325],[13.827818,54.127446],[13.820376,54.093055],[13.827249,54.059698],[13.804512,54.043317],[13.724052,54.153387],[13.447841,54.140675],[13.147291,54.282501],[13.028745,54.411098],[12.898055,54.422725],[12.778993,54.445463],[12.575233,54.467167],[12.463696,54.3991],[12.056399,54.846134],[12.068855,54.909026],[12.073093,54.976774],[12.065651,55.069895],[12.089991,55.187898],[12.322328,55.237094],[12.413331,55.286316],[12.409093,55.301664],[12.885343,55.403802],[12.88586,55.411192],[13.321389,55.346648],[13.806114,55.428684],[14.080206,55.392149],[14.173843,55.396386],[14.341637,55.527619],[14.276524,55.63663],[14.202989,55.729234],[14.215133,55.832406],[14.261693,55.887442],[14.401943,55.976894],[14.47336,56.014462],[14.558574,56.048853],[14.655416,56.019733],[14.754893,56.032963],[14.714172,56.134042],[14.781868,56.162102],[15.051206,56.172153],[15.326383,56.150992],[15.509472,56.183263],[15.626416,56.185382],[15.722224,56.164221],[15.826456,56.12505],[15.920093,56.167399],[15.996833,56.222434],[16.150828,56.500763],[16.216458,56.59019],[16.348749,56.709252],[16.408022,56.808729],[16.457735,56.926732],[16.528118,57.068041],[16.507499,57.141577],[16.479439,57.187621],[16.476287,57.264877],[16.630799,57.429983],[16.652503,57.500883],[16.604341,57.568088],[16.58367,57.64165],[16.586357,57.760712],[16.555662,57.812027],[16.596899,57.913106],[16.694826,57.917344],[16.700097,58.16074],[16.769964,58.214199],[16.71653,58.303108],[16.651935,58.434341],[16.824482,58.459739],[16.92396,58.492554],[16.788464,58.585158],[16.683199,58.599421],[16.477837,58.61265],[16.391072,58.602082],[16.318053,58.628541],[16.214339,58.636473],[16.315935,58.663448],[16.639274,58.651304],[16.97791,58.65394],[17.102812,58.711094],[17.34781,58.780418],[17.456795,58.858191],[17.669547,58.916404],[17.765304,58.965083],[17.828814,58.95449],[17.974852,59.002652],[18.098151,59.062442],[18.285479,59.109545],[18.322014,59.132308],[18.373328,59.179928],[18.414101,59.290541],[18.498747,59.292118],[18.61781,59.327025],[18.560139,59.394256],[18.508824,59.408002],[18.45906,59.396892],[18.395549,59.368857],[18.336276,59.375187],[18.270699,59.367255],[18.210341,59.331288],[18.132568,59.316457],[17.979657,59.32917],[17.968547,59.360899],[18.163781,59.430223],[18.216697,59.420714],[18.276487,59.437638],[18.337878,59.476809],[18.402422,59.490555],[18.578122,59.565693],[18.640031,59.601143],[18.718889,59.657237],[18.895622,59.732918],[18.97076,59.757257],[19.067601,59.742969],[19.88781,59.795885],[20.20531,59.822344],[20.787393,59.663594],[21.554685,59.742969],[22.374893,59.822344],[22.930518,59.822344],[22.940026,59.809114]],[[18.956497,57.899877],[18.900376,57.915225],[18.841104,57.90042],[18.805137,57.833214],[18.722041,57.86391],[18.537401,57.830553],[18.405109,57.757018],[18.28336,57.654879],[18.20507,57.610954],[18.136289,57.556461],[18.128847,57.449026],[18.152153,57.338955],[18.105024,57.27175],[18.163781,57.21196],[18.209824,57.133128],[18.285479,57.083389],[18.206672,57.010345],[18.146314,56.920402],[18.248995,56.931512],[18.339997,56.978073],[18.387074,57.087601],[18.47756,57.163281],[18.538435,57.197129],[18.69982,57.242656],[18.742712,57.323607],[18.785035,57.361202],[18.843739,57.386601],[18.907818,57.398228],[18.790822,57.4829],[18.814128,57.706194],[18.878156,57.7295],[18.945387,57.74167],[18.993497,57.812027],[19.076593,57.83585],[18.956497,57.899877]],[[17.089066,57.332082],[17.025555,57.345311],[16.995893,57.317794],[16.961012,57.250046],[16.901739,57.174392],[16.864687,57.090779],[16.727641,56.901876],[16.630282,56.876994],[16.41226,56.569028],[16.394276,56.483839],[16.401149,56.310775],[16.431845,56.243596],[16.47732,56.240418],[16.528635,56.290673],[16.777922,56.805034],[16.838228,56.840484],[16.883755,56.984946],[17.053616,57.20824],[17.05837,57.229427],[17.050412,57.280225],[17.117643,57.319912],[17.089066,57.332082]],[[14.683993,55.102167],[14.885583,55.032869],[15.050689,55.004808],[15.087741,55.021732],[15.136937,55.087361],[15.132699,55.14449],[14.765487,55.296909],[14.713604,55.238179],[14.683993,55.102167]],[[13.181139,54.508973],[13.156283,54.396809],[13.162122,54.364511],[13.190131,54.325367],[13.364229,54.245992],[13.41451,54.249686],[13.482258,54.33751],[13.594964,54.338053],[13.707153,54.280899],[13.734128,54.315315],[13.709272,54.382521],[13.601837,54.42536],[13.580649,54.464014],[13.603439,54.488354],[13.670618,54.535431],[13.657389,54.559771],[13.636253,54.577237],[13.491249,54.615323],[13.44996,54.649739],[13.422985,54.699478],[13.336737,54.697359],[13.239895,54.638629],[13.23142,54.582534],[13.176901,54.544423],[13.181139,54.508973]],[[12.310133,55.040775],[12.274166,55.064081],[12.258818,55.021216],[12.220164,54.993698],[12.161976,54.974629],[12.143476,54.958765],[12.119137,54.914323],[12.184714,54.892619],[12.357778,54.961943],[12.511206,54.950832],[12.549343,54.965663],[12.513324,54.997393],[12.469399,55.017521],[12.417051,55.031267],[12.310133,55.040775]]]}},{"type":"Feature","properties":{"featurecla":"sea","name":"Norwegian Sea","namealt":null,"changed":"Version 1.4","note":null,"name_fr":"mer de Norvège","min_label":4,"max_label":8.5,"scalerank":2,"label":"Norwegian Sea","wikidataid":"Q47545","name_ar":"بحر النرويج","name_bn":"নরওয়েজীয় সাগর","name_de":"Europäisches Nordmeer","name_en":"Norwegian Sea","name_es":"mar de Noruega","name_el":"Νορβηγική Θάλασσα","name_hi":"नॉर्वेजियन सागर","name_hu":"Norvég-tenger","name_id":"Laut Norwegia","name_it":"mare di Norvegia","name_ja":"ノルウェー海","name_ko":"노르웨이해","name_nl":"Noorse Zee","name_pl":"Morze Norweskie","name_pt":"Mar da Noruega","name_ru":"Норвежское море","name_sv":"Norska havet","name_tr":"Norveç Denizi","name_vi":"Biển Na Uy","name_zh":"挪威海","ne_id":1159115675,"name_fa":"دریای نروژ","name_he":"הים הנורווגי","name_uk":"Норвезьке море","name_ur":"بحیرہ ناروے","name_zht":"挪威海"},"bbox":[-13.853981,60.403368,27.59938,76.646149],"geometry":{"type":"Polygon","coordinates":[[[-1.563542,60.504963],[-6.644628,61.692927],[-7.298128,62.055954],[-7.254745,62.045903],[-7.179582,62.040089],[-7.116614,62.046962],[-7.0653,62.073421],[-7.097055,62.100396],[-7.187023,62.139567],[-7.23516,62.151194],[-7.336756,62.138507],[-7.422487,62.140083],[-7.400783,62.107811],[-13.853438,64.861597],[-13.852922,64.862139],[-13.829641,64.913997],[-13.828065,64.957896],[-13.853981,64.992829],[-13.777241,65.013448],[-13.651823,65.016652],[-13.599449,65.035695],[-13.569812,65.067967],[-13.55604,65.097603],[-13.558702,65.124604],[-13.580923,65.143104],[-13.755021,65.192326],[-13.707401,65.215089],[-13.671408,65.223022],[-13.649187,65.236768],[-13.639653,65.257412],[-13.641255,65.274879],[-13.653425,65.289684],[-13.722749,65.290744],[-13.771428,65.322499],[-13.804759,65.354771],[-13.783055,65.369059],[-13.707917,65.381772],[-13.667713,65.398696],[-13.654484,65.441561],[-13.615856,65.487062],[-13.617975,65.51936],[-13.669315,65.548997],[-9.105253,70.820535],[-9.098871,70.854952],[-9.045954,70.832705],[-8.95335,70.839061],[-8.635333,70.940657],[-8.302485,70.981404],[-8.001909,71.041194],[-7.978655,71.116874],[-8.001392,71.177723],[-7.994003,71.21741],[16.373089,76.61491],[16.378928,76.634496],[16.461972,76.609097],[16.700614,76.57946],[16.93507,76.605919],[17.031912,76.646149],[17.044572,76.61597],[27.59938,71.091475],[27.597262,71.091475],[27.331593,70.996752],[27.235268,70.947013],[27.269168,70.909961],[27.555455,70.827434],[27.546464,70.804128],[27.309372,70.803611],[27.183953,70.743796],[27.14747,70.681371],[27.071247,70.608352],[26.989237,70.51151],[26.665897,70.421542],[26.58492,70.409914],[26.583887,70.453839],[26.601353,70.503552],[26.628328,70.550681],[26.644762,70.636386],[26.557945,70.669201],[26.675406,70.74116],[26.734162,70.85335],[26.661143,70.939598],[26.507147,70.912623],[26.230937,70.78245],[25.988057,70.625276],[25.470518,70.340591],[25.418635,70.235274],[25.211774,70.136339],[25.044032,70.108796],[24.982641,70.143729],[24.994268,70.21835],[25.146662,70.324183],[25.209087,70.489289],[25.273682,70.552257],[25.468399,70.671836],[25.665803,70.777153],[25.781662,70.816841],[25.767916,70.85335],[25.711795,70.869757],[25.649887,70.873452],[25.569995,70.900427],[25.436102,70.91208],[25.375795,70.891978],[25.325514,70.849629],[25.264691,70.843299],[25.171001,70.87185],[25.04243,70.928487],[24.831797,70.978226],[24.764618,71.008379],[24.658268,71.000989],[24.441795,70.891461],[24.263512,70.826375],[24.268266,70.772916],[24.40371,70.745398],[24.420143,70.70199],[24.355547,70.6946],[24.285732,70.662302],[24.038616,70.485569],[23.897281,70.478696],[23.661274,70.399838],[23.379276,70.247444],[23.328995,70.207239],[23.286104,70.104558],[23.310443,70.063837],[23.400412,70.019912],[23.353851,69.983403],[23.258095,69.993454],[23.177118,70.028904],[23.046428,70.101923],[22.982918,70.23685],[22.941112,70.305115],[22.85166,70.340591],[22.684435,70.374981],[22.421453,70.337412],[22.38497,70.277623],[22.321976,70.264394],[22.219295,70.309378],[22.054241,70.276021],[21.995485,70.293487],[21.780097,70.230003],[21.53882,70.257521],[21.35573,70.233181],[21.34617,70.208299],[21.400172,70.174425],[21.607601,70.098228],[21.802887,70.065956],[21.892287,70.004048],[21.974866,69.834704],[21.931458,69.814602],[21.779581,69.887621],[21.590135,69.937902],[21.432987,70.013039],[21.253566,70.002963],[21.163081,69.889739],[21.031874,69.887621],[20.970999,69.916198],[20.84031,69.907206],[20.622287,69.914079],[20.546116,69.851111],[20.532887,69.692361],[20.562497,69.632546],[20.661458,69.584952],[20.742435,69.534671],[20.739231,69.520382],[20.486843,69.542086],[20.19792,69.371166],[20.107435,69.340987],[20.054518,69.332538],[20.043924,69.355819],[20.277295,69.535704],[20.338118,69.616681],[20.332847,69.677013],[20.387366,69.867519],[20.355068,69.922011],[20.324372,69.945292],[20.223293,69.927308],[20.146554,69.896612],[20.068781,69.883383],[19.960828,69.824653],[19.864504,69.721998],[19.737018,69.503975],[19.641727,69.424083],[19.639608,69.503975],[19.696245,69.612986],[19.722703,69.781787],[19.687253,69.804525],[19.197258,69.747914],[19.038508,69.660606],[19.011532,69.62358],[19.006727,69.587587],[18.990862,69.561129],[18.88291,69.52356],[18.766483,69.517204],[18.673879,69.520382],[18.614657,69.490746],[18.624166,69.434108],[18.750101,69.378556],[18.915724,69.335691],[18.859087,69.314529],[18.645302,69.321945],[18.482883,69.36481],[18.378651,69.439948],[18.293437,69.474881],[18.259589,69.470644],[18.187603,69.433075],[18.078566,69.325123],[18.075414,69.232519],[18.11722,69.181178],[18.101355,69.156296],[17.70448,69.100227],[17.546247,69.001267],[17.490178,68.878483],[17.390649,68.799108],[17.131389,68.693275],[16.884789,68.685369],[16.651935,68.625553],[16.631316,68.616045],[16.525483,68.651469],[16.547187,68.716581],[16.479439,68.802829],[16.42492,68.841457],[16.328647,68.876365],[16.27573,68.868458],[16.227568,68.853627],[16.150828,68.842517],[16.120649,68.799108],[16.127574,68.746192],[16.068818,68.71392],[16.05931,68.680588],[15.908466,68.650435],[15.772505,68.55411],[15.76031,68.560983],[15.790489,68.617104],[15.928051,68.732963],[15.923297,68.819236],[15.905831,68.908662],[15.833845,68.96052],[15.811624,69.024004],[15.992595,69.112371],[16.114862,69.216628],[16.129693,69.273782],[16.048199,69.301817],[15.96562,69.301817],[15.892601,69.27802],[15.74181,69.17061],[15.649722,69.132499],[15.483014,69.04359],[15.438572,68.978503],[15.443843,68.919256],[15.529058,68.912357],[15.563991,68.873729],[15.48937,68.805465],[15.412631,68.616045],[15.095131,68.441404],[14.585549,68.400115],[14.43791,68.34141],[14.257456,68.256713],[14.257456,68.190567],[14.283914,68.186872],[13.881251,68.163592],[13.887607,68.168372],[14.029408,68.187414],[14.096587,68.218627],[14.118859,68.246687],[14.087595,68.253018],[13.932566,68.248263],[13.872776,68.265187],[13.783893,68.276298],[13.687568,68.273662],[13.53781,68.248806],[13.428824,68.163075],[13.367949,68.16677],[13.300201,68.160414],[13.25576,68.120726],[13.199691,68.087395],[13.229301,67.995333],[13.352085,68.009622],[12.983218,67.881025],[12.971591,67.874152],[12.831393,67.823871],[13.234572,66.65495],[13.211318,66.640635],[13.191733,66.536921],[13.104399,66.539582],[13.067916,66.430571],[13.118714,66.230531],[13.352085,66.236913],[13.416628,66.252778],[13.499156,66.251719],[13.681212,66.273423],[13.973339,66.319983],[14.034162,66.297762],[13.915616,66.247481],[13.759553,66.221023],[13.674339,66.179733],[13.387018,66.182937],[12.783747,66.100358],[12.794858,66.069146],[12.975828,66.019407],[13.032983,65.95644],[12.983218,65.941608],[12.817078,65.952719],[12.689024,65.901921],[12.627633,65.806164],[12.345066,65.629948],[12.273081,65.568039],[12.206418,65.486003],[12.122289,65.362186],[12.133916,65.279117],[12.199545,65.245243],[12.263572,65.256353],[12.333956,65.240463],[12.363566,65.193385],[12.417568,65.183851],[12.511774,65.195504],[12.715483,65.266404],[12.819714,65.317202],[12.915522,65.339423],[12.73822,65.214547],[12.50857,65.099205],[12.306464,65.085976],[12.22652,65.145223],[12.159858,65.179097],[11.489408,64.975879],[11.349726,64.906039],[11.303682,64.829325],[11.29681,64.754704],[11.392566,64.77323],[11.56191,64.818214],[11.63281,64.813977],[11.523824,64.744653],[11.331174,64.685923],[11.225341,64.679567],[11.090414,64.61448],[10.932181,64.577971],[10.833789,64.494358],[10.565485,64.418135],[10.236357,64.179494],[10.00986,64.083195],[9.939476,63.981573],[9.864339,63.917546],[9.707708,63.864629],[9.650553,63.821789],[8.810243,63.762],[8.809158,63.771508],[8.764716,63.80484],[8.733503,63.801145],[8.708647,63.77417],[8.451453,63.731821],[8.286864,63.687379],[8.356214,63.664616],[8.471039,63.667277],[8.763682,63.700608],[8.780581,63.637615],[8.673714,63.622809],[8.576355,63.601131],[8.39802,63.534985],[8.360968,63.498993],[8.386393,63.445017],[8.480031,63.424372],[8.593822,63.425948],[8.640899,63.3921],[8.635628,63.342361],[8.580024,63.313268],[8.271568,63.286809],[8.184235,63.236528],[8.157776,63.161365],[8.235033,63.08199],[8.338747,63.042302],[8.60917,62.8804],[8.622916,62.845983],[8.310687,62.965588],[8.21121,62.995225],[8.100622,63.091007],[7.860378,63.112711],[7.736045,63.103694],[7.654551,63.108991],[7.571972,63.099482],[7.388883,63.023285],[7.008441,62.957656],[6.940176,62.930681],[6.927981,62.902621],[6.781426,62.789914],[6.734866,62.720591],[6.779824,62.700463],[7.024822,62.729065],[7.110553,62.751803],[7.242328,62.752346],[7.408468,62.711573],[8.045587,62.771388],[8.095351,62.731701],[7.804826,62.721107],[7.538124,62.671885],[7.518022,62.645427],[7.527531,62.61052],[7.690518,62.585663],[7.652949,62.563959],[7.569854,62.548069],[7.491564,62.542798],[7.283566,62.602045],[6.961312,62.626927],[6.744374,62.638037],[6.618439,62.621088],[6.439587,62.60946],[6.35277,62.611062],[6.272878,62.584061],[6.237428,62.520034],[6.164926,62.482466],[6.118366,62.44699],[6.135833,62.407302],[6.261768,62.41632],[6.457053,62.448075],[6.692491,62.468177],[6.619989,62.423193],[6.580302,62.407302],[6.208851,62.352809],[6.083433,62.349631],[6.025762,62.375573],[5.979718,62.407302],[5.908301,62.415777],[5.796112,62.384565],[5.718339,62.378751],[5.53313,62.311003],[5.484399,62.239044],[5.422491,62.207289],[5.357947,62.151736],[5.29392,62.153855],[5.241003,62.188788],[5.143128,62.159669],[5.096568,62.02686],[5.15951,61.956994],[5.266945,61.935832],[5.473289,61.945367],[5.664337,61.923146],[6.131078,61.85222],[6.396178,61.85116],[6.682466,61.887153],[6.730628,61.869686],[6.466562,61.807235],[6.015685,61.78765],[5.793476,61.826821],[5.465383,61.897204],[5.117187,61.885577],[4.984895,61.900382],[4.92986,61.878135],[4.910274,61.809354],[4.927741,61.710936],[4.996522,61.645333],[5.09972,61.619934],[5.167468,61.543195],[5.267462,61.505083],[5.338879,61.485524],[5.25847,61.455345],[5.172222,61.456921],[5.002878,61.433666],[4.989649,61.377546],[5.021379,61.250577],[5.032489,61.242102],[4.956835,61.162727],[4.973268,61.148438],[4.958953,61.084385],[4.87007,61.071699],[5.024583,60.936229],[5.010837,60.858456],[5.048922,60.707638],[5.115585,60.636196],[5.203435,60.590695],[4.970581,60.590695],[-0.775632,60.590695],[-1.004739,60.548888],[-1.056597,60.413419],[-1.060834,60.403368],[-1.052385,60.444631],[-1.117988,60.417656],[-1.157676,60.417656],[-1.235991,60.485378],[-1.287332,60.466878],[-1.307951,60.537235],[-1.30162,60.607619],[-1.364071,60.609737],[-1.414327,60.598627],[-1.497939,60.529846],[-1.552432,60.51765],[-1.563542,60.504963]],[[25.482145,71.01949],[25.582191,70.960785],[25.759958,70.953886],[25.79117,70.962361],[25.999685,70.975048],[26.134095,70.995693],[26.146807,71.039618],[26.077458,71.033261],[25.945166,71.104704],[25.853647,71.103645],[25.586428,71.142273],[25.423441,71.097289],[25.315489,71.052847],[25.31492,71.034321],[25.482145,71.01949]],[[23.663393,70.675015],[23.670318,70.597242],[23.716878,70.561791],[23.826949,70.527375],[24.017428,70.567579],[24.078303,70.650675],[23.956554,70.699354],[23.851805,70.714185],[23.836458,70.729533],[23.778218,70.747517],[23.689335,70.72266],[23.663393,70.675015]],[[23.578747,70.593521],[23.546449,70.617344],[23.248018,70.505154],[23.158566,70.516265],[23.022605,70.487171],[22.941112,70.444848],[22.917806,70.416787],[22.917806,70.38449],[23.006172,70.35276],[23.09087,70.377643],[23.108337,70.359117],[23.100378,70.296149],[23.159135,70.282377],[23.270756,70.296666],[23.345376,70.315192],[23.332664,70.334777],[23.547535,70.408312],[23.641172,70.463865],[23.633783,70.502519],[23.615282,70.549079],[23.578747,70.593521]],[[23.395658,70.842756],[23.280316,70.812603],[23.20461,70.815264],[22.963333,70.711007],[22.858016,70.728448],[22.570695,70.697235],[22.420937,70.702532],[22.350553,70.657548],[22.232524,70.667082],[22.170099,70.656514],[21.994399,70.657031],[22.055791,70.613106],[22.168497,70.562308],[22.358512,70.514663],[22.432047,70.509392],[22.557466,70.515748],[22.605628,70.533214],[22.655858,70.55913],[22.828922,70.541664],[22.884474,70.553317],[22.928916,70.573419],[23.068081,70.594038],[23.305172,70.721601],[23.387183,70.753873],[23.421031,70.784569],[23.440616,70.815781],[23.395658,70.842756]],[[20.655101,70.231062],[20.492631,70.203545],[20.411705,70.15484],[20.405349,70.118873],[20.464054,70.076524],[20.534437,70.080761],[20.597947,70.071253],[20.642389,70.056964],[20.725485,70.066473],[20.779435,70.089753],[20.819691,70.205663],[20.785791,70.219409],[20.655101,70.231062]],[[19.598887,70.26597],[19.613718,70.218893],[19.711076,70.165433],[19.746526,70.110398],[19.780943,70.077583],[19.897318,70.068592],[20.005839,70.076007],[20.088366,70.101923],[20.084128,70.128381],[19.99416,70.149026],[19.910547,70.201943],[19.868741,70.211994],[19.818512,70.205121],[19.767714,70.216774],[19.683533,70.273385],[19.598887,70.26597]],[[19.254928,70.066473],[19.249657,70.178662],[19.212605,70.247444],[19.132714,70.244291],[19.060212,70.166493],[19.05122,70.134737],[19.074991,70.085541],[19.05122,70.037896],[18.968641,70.043193],[18.883427,70.010378],[18.823637,69.960123],[18.686591,69.890799],[18.673879,69.864341],[18.697701,69.824653],[18.673879,69.781787],[18.624166,69.813],[18.583962,69.80667],[18.512493,69.768558],[18.406143,69.781787],[18.349506,69.768041],[18.315141,69.715642],[18.26858,69.701896],[18.232045,69.677013],[18.227291,69.63575],[18.083372,69.626216],[18.061668,69.60185],[18.129932,69.557951],[18.274368,69.535704],[18.41038,69.552654],[18.784518,69.579112],[18.800899,69.605571],[18.806739,69.639961],[18.909368,69.70665],[19.007812,69.759567],[19.131112,69.810364],[19.197258,69.799771],[19.33482,69.820416],[19.442255,69.90824],[19.592531,69.970174],[19.607878,70.019396],[19.49941,70.047973],[19.445976,70.037896],[19.422153,70.017277],[19.343812,70.011954],[19.254928,70.066473]],[[18.917326,74.41042],[19.098297,74.352206],[19.219478,74.390808],[19.274514,74.456954],[19.261285,74.479201],[19.182943,74.517829],[18.861206,74.514108],[18.797179,74.485531],[18.917326,74.41042]],[[17.862714,69.543146],[17.783855,69.563248],[17.677505,69.556375],[17.623503,69.538908],[17.502839,69.596062],[17.48806,69.587045],[17.483254,69.569604],[17.453643,69.530433],[17.355768,69.527255],[17.252053,69.503975],[17.229781,69.477517],[17.373234,69.438888],[17.39437,69.416642],[17.361039,69.381734],[17.083226,69.398684],[17.001733,69.362149],[16.996978,69.33042],[16.974241,69.284893],[16.997495,69.190712],[16.971554,69.137796],[16.842466,69.112371],[16.815491,69.09493],[16.810685,69.070591],[16.959926,69.069531],[17.07687,69.046768],[17.08271,69.013436],[17.160999,69.026149],[17.32347,69.129838],[17.48806,69.197069],[17.567951,69.160559],[17.773262,69.172186],[17.950512,69.198128],[17.920901,69.274325],[17.942089,69.328818],[18.020895,69.349462],[18.077016,69.396023],[18.052108,69.457414],[18.003997,69.505034],[17.927258,69.50661],[17.862714,69.543146]],[[15.037977,69.00075],[15.03746,68.894374],[14.872354,68.913933],[14.837989,68.886442],[14.849099,68.847788],[14.80197,68.791202],[14.724714,68.800194],[14.690349,68.814482],[14.55382,68.818694],[14.496666,68.771617],[14.373366,68.711284],[14.404578,68.663122],[14.521005,68.632969],[14.612008,68.63824],[14.743266,68.67741],[14.792979,68.668419],[14.804089,68.637723],[14.890337,68.610748],[15.026866,68.60651],[15.222151,68.616561],[15.348604,68.672656],[15.396766,68.78376],[15.336976,68.842517],[15.20732,68.943053],[15.175591,68.981681],[15.127945,69.003902],[15.102004,69.00814],[15.037977,69.00075]],[[10.739583,64.870046],[10.832703,64.843071],[11.062354,64.860537],[11.178781,64.838317],[11.231697,64.865834],[11.246012,64.908157],[11.132737,64.976422],[11.021116,64.978541],[10.813635,64.922963],[10.739583,64.870046]],[[7.888439,63.352412],[8.004866,63.337065],[8.102741,63.337607],[8.140826,63.366184],[8.136072,63.431271],[8.073647,63.470958],[7.938151,63.449771],[7.803741,63.413804],[7.81542,63.385227],[7.888439,63.352412]],[[-6.803894,62.266045],[-6.958407,62.3163],[-7.172192,62.285604],[-7.013442,62.094065],[-6.809708,61.977638],[-6.725036,61.951723],[-6.714468,61.964409],[-6.722401,61.990351],[-6.809708,62.080294],[-6.837742,62.095642],[-6.840404,62.119464],[-6.823454,62.139024],[-6.768961,62.131608],[-6.696459,62.094582],[-6.655738,62.093523],[-6.630856,62.227933],[-6.803894,62.266045]]]}},{"type":"Feature","properties":{"featurecla":"sea","name":"White Sea","namealt":null,"changed":"Version 1.4","note":null,"name_fr":"mer Blanche","min_label":5,"max_label":9.5,"scalerank":3,"label":"White Sea","wikidataid":"Q44133","name_ar":"البحر الأبيض","name_bn":"শ্বেত সাগর","name_de":"Weißes Meer","name_en":"White Sea","name_es":"mar Blanco","name_el":"Λευκή Θάλασσα","name_hi":"श्वेत सागर","name_hu":"Fehér-tenger","name_id":"Laut Putih","name_it":"Mar Bianco","name_ja":"白海","name_ko":"백해","name_nl":"Witte Zee","name_pl":"Morze Białe","name_pt":"Mar Branco","name_ru":"Белое море","name_sv":"Vita havet","name_tr":"Beyazdeniz","name_vi":"Biển Trắng","name_zh":"白海","ne_id":1159116395,"name_fa":"دریای سفید","name_he":"הים הלבן","name_uk":"Біле море","name_ur":"بحیرہ ابیض","name_zht":"白海"},"bbox":[31.895139,63.813315,44.488789,68.673173],"geometry":{"type":"Polygon","coordinates":[[[38.97698,68.275264],[38.990726,68.315469],[43.276976,68.632969],[43.333045,68.673173],[43.357953,68.635604],[43.403997,68.608629],[44.16917,68.327122],[44.20462,68.25356],[44.226324,68.1546],[44.214128,68.112794],[44.231595,68.070987],[44.225239,67.99585],[44.03631,67.670392],[43.856424,67.439166],[43.795549,67.329637],[43.78232,67.2545],[43.855339,67.188871],[44.074447,67.167167],[44.291901,67.099445],[44.404091,67.004205],[44.429516,66.937517],[44.436906,66.794631],[44.488789,66.671874],[44.316241,66.481885],[44.220485,66.407291],[44.097185,66.235311],[44.145347,66.112554],[44.132635,66.064392],[44.104574,66.008839],[44.016776,66.049586],[43.944274,66.098782],[43.843712,66.14219],[43.736845,66.158598],[43.624087,66.146945],[43.542076,66.123664],[43.550551,66.173403],[43.653232,66.251202],[43.603468,66.291406],[43.551068,66.321043],[43.233051,66.41574],[43.006037,66.421062],[42.806566,66.411528],[42.602289,66.422638],[42.450929,66.482428],[42.313883,66.514726],[42.210685,66.51948],[42.083716,66.466021],[41.781047,66.259108],[41.475691,66.123664],[41.07618,66.020983],[40.774545,65.987652],[40.691449,65.963312],[40.512597,65.843733],[40.327906,65.751646],[39.816774,65.598193],[39.781324,65.534708],[39.749026,65.447918],[39.798222,65.350017],[39.896666,65.254777],[40.142697,65.063212],[40.281345,64.998126],[40.375551,64.896504],[40.444901,64.778527],[40.407849,64.754704],[40.203572,64.783798],[40.058051,64.770569],[39.848503,64.690677],[39.833156,64.65626],[39.758018,64.576885],[39.567539,64.570555],[39.05372,64.713957],[38.61292,64.786459],[38.540935,64.791213],[38.441974,64.827206],[38.411795,64.856817],[38.228189,64.851003],[38.115483,64.854698],[38.009649,64.878521],[37.528128,65.108171],[37.140762,65.194445],[37.050276,65.196021],[36.883051,65.172198],[36.785693,64.98699],[36.652885,64.935675],[36.534339,64.938853],[36.527983,64.847308],[36.578781,64.791213],[36.624307,64.750467],[36.76926,64.68538],[37.040199,64.489061],[37.183602,64.408627],[37.289435,64.377931],[37.429685,64.373694],[37.740828,64.397],[37.84351,64.366304],[37.95358,64.32026],[37.977352,64.207011],[38.062049,64.091127],[38.071041,64.026041],[37.967843,63.949327],[37.635512,63.893232],[37.442397,63.813315],[37.372531,63.816493],[36.975139,63.909639],[36.713708,63.945089],[36.364995,64.00276],[36.302053,64.03449],[36.146456,64.189028],[35.80198,64.335608],[35.646899,64.378448],[35.432081,64.346719],[35.283924,64.362583],[35.035206,64.440382],[34.869583,64.559961],[34.858472,64.706542],[34.905549,64.738839],[34.95211,64.755763],[34.832531,64.800205],[34.82726,64.912937],[34.803437,64.985956],[34.671145,65.167986],[34.535649,65.278031],[34.406562,65.395518],[34.544124,65.456909],[34.615593,65.509826],[34.715587,65.664338],[34.734655,65.716196],[34.776978,65.768053],[34.79336,65.816216],[34.786487,65.864378],[34.691764,65.951685],[34.399689,66.128419],[34.112885,66.22526],[33.566768,66.321043],[33.415976,66.315746],[33.360372,66.329518],[33.476799,66.346958],[33.593226,66.384527],[33.65622,66.442741],[33.517572,66.471318],[33.405383,66.484547],[33.217539,66.53165],[33.183122,66.573973],[33.224412,66.603609],[33.180487,66.679806],[32.928616,66.704146],[32.86247,66.721612],[32.857147,66.747011],[32.686253,66.829565],[32.463476,66.916355],[32.501045,67.003662],[32.340693,67.06769],[32.201528,67.113191],[31.982989,67.129598],[31.895139,67.161353],[32.399966,67.152878],[32.930166,67.086732],[32.885208,67.061333],[32.847639,67.021646],[33.002151,66.908423],[33.150308,66.843853],[33.482122,66.764478],[33.522843,66.764478],[33.595345,66.78458],[33.759366,66.750732],[33.893776,66.706781],[34.146216,66.703086],[34.45152,66.651229],[34.430901,66.629525],[34.395968,66.613144],[34.482733,66.55015],[34.61027,66.559684],[34.824572,66.611025],[35.363816,66.428452],[35.513574,66.395663],[36.37347,66.302517],[36.769828,66.293525],[36.983614,66.272338],[37.294758,66.22526],[37.628122,66.129478],[37.900664,66.095604],[38.397533,66.064392],[38.653641,66.069146],[39.289158,66.132139],[40.103578,66.299881],[40.521589,66.446461],[41.188887,66.826386],[41.275651,66.914236],[41.35451,67.121666],[41.358747,67.20949],[41.261906,67.218507],[41.133851,67.267186],[41.133851,67.386249],[41.060833,67.444462],[40.966626,67.713283],[40.76607,67.74292],[40.656568,67.774132],[40.525826,67.789454],[40.380822,67.831803],[40.206776,67.941874],[40.035831,68.015435],[39.895581,68.114396],[39.809333,68.150879],[39.746391,68.16199],[39.789747,68.112277],[39.82313,68.058818],[39.569089,68.071504],[38.97698,68.275264]],[[35.728962,65.197623],[35.608814,65.156876],[35.58556,65.166927],[35.528922,65.151062],[35.558533,65.093366],[35.621526,65.058975],[35.680282,65.057399],[35.778674,64.976422],[35.842185,65.001304],[35.827354,65.036754],[35.858566,65.078018],[35.848541,65.142587],[35.816243,65.182275],[35.728962,65.197623]]]}},{"type":"Feature","properties":{"featurecla":"sea","name":"Barents Sea","namealt":null,"changed":"Version 1.4","note":null,"name_fr":"mer de Barents","min_label":4,"max_label":8.5,"scalerank":2,"label":"Barents Sea","wikidataid":"Q45823","name_ar":"بحر بارنتس","name_bn":"বারেন্টস সাগর","name_de":"Barentssee","name_en":"Barents Sea","name_es":"Mar de Barents","name_el":"Θάλασσα Μπάρεντς","name_hi":"बेरिंट सागर","name_hu":"Barents-tenger","name_id":"Laut Barents","name_it":"mare di Barents","name_ja":"バレンツ海","name_ko":"바렌츠해","name_nl":"Barentszzee","name_pl":"Morze Barentsa","name_pt":"Mar de Barents","name_ru":"Баренцево море","name_sv":"Barents hav","name_tr":"Barents Denizi","name_vi":"Biển Barents","name_zh":"巴倫支海","ne_id":1159115861,"name_fa":"دریای بارنتز","name_he":"ים ברנץ","name_uk":"Баренцове море","name_ur":"بحیرۂ بیرنٹس","name_zht":"巴倫支海"},"bbox":[17.044572,66.799928,68.919856,81.862135],"geometry":{"type":"Polygon","coordinates":[[[63.676351,81.617137],[63.808643,81.597552],[64.919893,81.280052],[65.135797,81.150396],[65.027845,81.169464],[64.801864,81.197499],[64.575418,81.198558],[64.310318,81.175278],[64.255799,81.144582],[64.210272,81.106497],[64.165831,81.035571],[64.095447,80.998545],[63.85572,80.981052],[63.61496,80.981052],[63.115972,80.966789],[62.819091,80.893771],[62.592593,80.853024],[62.520143,80.821785],[62.760387,80.762538],[63.002181,80.712774],[63.187389,80.697452],[63.373682,80.700087],[64.548443,80.75564],[64.997666,80.81915],[65.437432,80.930797],[65.371803,80.967823],[65.360176,81.008053],[65.362812,81.014409],[65.44906,80.962552],[68.919856,76.766787],[68.911949,76.760431],[68.873295,76.789525],[68.699197,76.870502],[68.485929,76.93347],[68.01712,76.990624],[67.651974,77.011785],[67.535031,77.007548],[67.263574,76.963649],[66.828614,76.923961],[66.345491,76.821306],[66.062872,76.746143],[65.958641,76.687955],[65.862885,76.613308],[65.755449,76.57946],[65.636904,76.578401],[65.528435,76.567833],[65.309895,76.518069],[65.197189,76.499569],[65.072804,76.496907],[64.950072,76.484221],[64.70771,76.426007],[64.463745,76.378387],[63.526076,76.30958],[62.971485,76.236561],[62.782039,76.24501],[62.470895,76.230748],[62.237008,76.241858],[61.787216,76.29108],[61.569193,76.29847],[61.201464,76.282062],[61.15697,76.273588],[61.034239,76.232867],[61.036874,76.168839],[61.053824,76.119618],[60.997703,76.089464],[60.942151,76.071455],[60.801385,76.06882],[60.730485,76.10427],[60.606151,76.108507],[60.279091,76.096337],[60.118222,76.066701],[60.036212,75.983631],[59.781705,75.946062],[59.346693,75.906892],[59.11017,75.87356],[58.994828,75.871958],[58.881037,75.855034],[58.652989,75.776719],[58.418533,75.719565],[58.058193,75.662927],[58.072456,75.619028],[58.093643,75.59257],[57.783533,75.506838],[57.708395,75.454464],[57.631656,75.356538],[57.606799,75.341216],[57.302012,75.373487],[57.08771,75.384081],[56.989266,75.375089],[56.844262,75.351267],[56.80938,75.328503],[56.829482,75.277705],[56.876043,75.244374],[56.57017,75.097794],[56.485524,75.096192],[56.389199,75.138024],[56.288637,75.164482],[56.162185,75.186677],[56.035732,75.194119],[55.920907,75.168177],[55.810268,75.124795],[55.821379,75.090378],[55.863185,75.058649],[55.998164,75.003588],[56.340003,75.013664],[56.42837,74.972892],[56.498753,74.957027],[56.217737,74.897237],[55.913466,74.796184],[55.659476,74.656477],[55.58222,74.6279],[55.61028,74.590331],[55.661595,74.55594],[55.751564,74.541109],[55.947366,74.542169],[56.137328,74.496125],[56.078572,74.48132],[55.416597,74.436335],[55.340943,74.419385],[55.022874,74.186583],[54.920245,74.128886],[54.83131,74.095555],[54.733435,74.034164],[54.642949,73.959569],[54.605897,73.951094],[54.386324,73.935746],[54.174089,73.886007],[53.963508,73.822497],[53.851318,73.800819],[53.762951,73.765885],[53.838606,73.697104],[54.204785,73.542049],[54.131249,73.4812],[54.214862,73.41663],[54.14608,73.278525],[54.091045,73.276406],[53.865581,73.29917],[53.753443,73.29333],[53.633812,73.259999],[53.512114,73.238295],[53.357601,73.224549],[53.251251,73.182743],[53.197818,73.147809],[53.188774,73.10391],[53.236937,73.011306],[53.247531,72.973195],[53.369797,72.916583],[53.25337,72.903871],[53.134824,72.913379],[53.024237,72.913379],[52.913081,72.90015],[52.812053,72.875294],[52.579199,72.791164],[52.550622,72.768401],[52.528401,72.737163],[52.605141,72.703857],[52.682914,72.682153],[52.916801,72.668924],[52.839028,72.619185],[52.823164,72.591125],[52.863885,72.549861],[52.748543,72.483173],[52.71361,72.437129],[52.705651,72.391111],[52.661727,72.337135],[52.622039,72.301143],[52.586072,72.284219],[52.461739,72.252463],[52.406703,72.196885],[52.332083,72.154046],[52.252191,72.129706],[52.068533,72.131282],[51.885443,72.152986],[51.805551,72.142393],[51.653158,72.099527],[51.582774,72.070976],[51.482212,71.979948],[51.44361,71.934421],[51.428779,71.825435],[51.438855,71.776756],[51.511357,71.648159],[51.590164,71.570903],[51.69176,71.525402],[51.812424,71.491528],[51.937843,71.474604],[52.180206,71.490469],[52.418847,71.537029],[52.678676,71.505817],[52.908843,71.495223],[53.363958,71.541809],[53.411552,71.530156],[53.332745,71.477239],[53.318947,71.398924],[53.410001,71.340194],[53.515318,71.342312],[53.622185,71.332778],[53.590972,71.296785],[53.886251,71.196249],[54.155589,71.125323],[54.094197,71.105247],[53.922218,71.137519],[53.834368,71.126925],[53.857157,71.070288],[53.670347,71.086721],[53.587768,71.05233],[53.592574,71.000473],[53.615828,70.950708],[53.61371,70.914742],[53.467672,70.900427],[53.383543,70.873452],[53.722179,70.814722],[54.199514,70.764983],[54.332839,70.744881],[54.517531,70.693541],[54.601143,70.680311],[54.608016,70.7131],[54.645068,70.741677],[54.867328,70.678193],[55.051451,70.666565],[55.237177,70.666023],[55.687537,70.691964],[55.706554,70.675015],[55.706554,70.641683],[55.797039,70.615768],[55.90711,70.626335],[55.941526,70.649073],[56.087047,70.618403],[56.114539,70.645921],[56.142599,70.658091],[56.434726,70.562851],[56.499787,70.566546],[56.561178,70.593521],[56.41726,70.664963],[56.334681,70.676617],[56.26006,70.714702],[56.385479,70.734287],[56.509864,70.728991],[56.568568,70.697235],[56.621485,70.655455],[56.649028,70.646437],[57.145897,70.589309],[57.246976,70.605174],[57.263358,70.635844],[57.356315,70.648712],[57.447016,70.661269],[57.619512,70.726872],[57.620029,70.724753],[58.476772,70.27075],[58.473051,70.267029],[58.476301,70.263216],[58.567774,70.155899],[58.605343,70.129441],[58.63392,70.088177],[58.679964,70.051125],[58.952505,69.892892],[59.00382,69.883383],[59.082678,69.910901],[59.144018,69.922011],[59.268403,69.898214],[59.381626,69.890256],[59.502808,69.866433],[59.581149,69.790779],[59.577945,69.738379],[59.637218,69.720913],[59.724551,69.706107],[59.812918,69.695539],[59.919785,69.697116],[60.026135,69.717244],[60.216149,69.687607],[60.264828,69.699777],[60.276456,69.652674],[60.170622,69.59074],[60.33733,69.456872],[60.664339,69.110278],[60.858539,69.145728],[60.933676,68.986978],[60.815131,68.895433],[60.63788,68.786964],[60.489156,68.728725],[60.160029,68.699631],[59.895962,68.706504],[59.865318,68.604934],[59.941489,68.510728],[59.922989,68.471583],[59.897564,68.421819],[59.858962,68.395903],[59.827697,68.380555],[59.725585,68.351461],[59.604404,68.350919],[59.310726,68.400115],[59.09906,68.444582],[59.112289,68.616561],[59.22236,68.691156],[59.298531,68.708649],[59.370516,68.738285],[59.220241,68.84939],[59.11017,68.896493],[59.059889,68.97269],[59.057253,69.006021],[58.919122,69.003902],[58.353989,68.916052],[58.237045,68.834042],[58.173018,68.889594],[57.44438,68.641444],[57.12688,68.55411],[56.909374,68.566823],[56.620451,68.619223],[56.275408,68.623977],[56.043639,68.648833],[55.924576,68.637206],[55.675341,68.575815],[55.418199,68.567882],[55.150929,68.480032],[54.92288,68.373656],[54.861489,68.201677],[54.718087,68.184236],[54.561456,68.273146],[54.476241,68.294281],[54.393714,68.275264],[54.232845,68.266247],[54.098951,68.258857],[53.967745,68.227102],[53.913743,68.231339],[53.515318,68.259916],[53.403128,68.256713],[53.26076,68.267306],[53.293574,68.311774],[53.34277,68.342986],[53.566633,68.367326],[53.689932,68.402776],[53.829614,68.382674],[53.930693,68.435591],[53.917464,68.537186],[53.758714,68.634028],[53.833851,68.709166],[53.891005,68.80177],[53.929091,68.811821],[53.97038,68.844119],[53.919583,68.871094],[53.798401,68.88484],[53.797885,68.907603],[53.874572,68.926646],[54.376247,68.964757],[54.491072,68.992275],[54.185768,69.003385],[53.802122,68.99597],[53.412637,68.912357],[52.683431,68.731386],[52.344227,68.608086],[52.43528,68.610205],[52.550105,68.592222],[52.647464,68.505948],[52.722601,68.48427],[52.669685,68.426573],[52.474968,68.382131],[52.396626,68.351978],[52.322006,68.339808],[52.259064,68.350919],[52.183358,68.374199],[52.227283,68.418666],[52.285522,68.459413],[52.128891,68.53189],[52.055872,68.541424],[51.99448,68.538788],[51.616622,68.476337],[51.336174,68.402233],[51.078464,68.363088],[50.838789,68.349859],[50.699572,68.317587],[50.413853,68.218627],[50.233399,68.175219],[49.931247,68.065174],[49.155481,67.870431],[48.953891,67.854024],[48.840616,67.869914],[48.754368,67.89583],[48.695664,67.874152],[48.762843,67.827049],[48.877668,67.731267],[48.833226,67.681528],[48.653857,67.695274],[48.278635,67.650315],[47.874887,67.58417],[47.882845,67.515362],[47.908218,67.454513],[47.839437,67.355553],[47.76802,67.275635],[47.709264,67.044952],[47.655831,66.976145],[47.496564,66.929584],[46.690618,66.825327],[46.552539,66.818997],[46.492181,66.799928],[46.448824,66.818997],[46.297981,66.842794],[46.083678,66.843336],[45.98632,66.853387],[45.885241,66.890956],[45.752432,66.989374],[45.56247,67.185693],[45.139137,67.284653],[44.939614,67.350799],[44.902045,67.41325],[44.939614,67.477277],[45.374058,67.688944],[45.52857,67.757725],[46.174164,67.818031],[46.42867,67.823871],[46.690618,67.848753],[46.683745,67.970451],[46.429755,68.118607],[46.158299,68.291129],[45.892114,68.47949],[45.519578,68.546721],[45.078262,68.577933],[44.175526,68.541941],[44.047989,68.548839],[43.472262,68.680046],[43.413505,68.681648],[43.333045,68.673173],[43.276976,68.632969],[38.990726,68.315469],[38.97698,68.275264],[38.83146,68.325003],[38.705524,68.344562],[38.656845,68.321825],[38.430347,68.355673],[38.357845,68.414946],[37.730803,68.692242],[36.618468,69.003385],[35.858049,69.191746],[35.289712,69.275358],[35.233126,69.26585],[35.175972,69.230917],[35.009781,69.221408],[34.863743,69.228281],[34.35256,69.302902],[34.22926,69.312927],[33.684229,69.310292],[33.627074,69.28913],[33.43551,69.13038],[33.333397,69.098108],[33.141316,69.068472],[33.196351,69.116608],[33.327609,69.152058],[33.412772,69.267452],[33.418095,69.315046],[33.46357,69.378039],[33.454578,69.428295],[33.384712,69.444185],[33.255624,69.427778],[32.978845,69.367446],[32.941845,69.383336],[33.02122,69.445761],[33.000033,69.470101],[32.883606,69.461109],[32.637006,69.489686],[32.377745,69.479119],[32.330616,69.554256],[32.161324,69.596579],[32.091458,69.632546],[32.176672,69.673835],[32.754518,69.605571],[32.914818,69.60185],[32.994762,69.626216],[33.012745,69.670657],[33.007991,69.721998],[32.941845,69.751608],[32.565589,69.80667],[32.391491,69.868552],[31.984539,69.953767],[31.969191,69.914079],[32.030583,69.835247],[31.997768,69.809848],[31.879274,69.832069],[31.788789,69.815635],[31.666005,69.720913],[31.546943,69.697116],[31.452737,69.689726],[31.049506,69.769101],[30.86962,69.783389],[30.714539,69.795559],[30.594443,69.78972],[30.484372,69.795017],[30.428303,69.722515],[30.397039,69.732566],[30.348928,69.834704],[30.237772,69.862222],[30.180101,69.84106],[30.155245,69.745795],[30.088014,69.71776],[29.990139,69.736803],[29.792218,69.727811],[29.69486,69.744735],[29.636104,69.780211],[29.620756,69.818297],[29.621324,69.873875],[29.646697,69.943716],[29.60117,69.976504],[28.804268,70.092414],[28.780962,70.145331],[29.926112,70.096652],[30.263197,70.124686],[30.469024,70.197705],[30.944241,70.274445],[30.960622,70.343769],[30.926206,70.400923],[30.596045,70.52368],[30.421947,70.54696],[30.212916,70.54324],[30.202839,70.562308],[30.237772,70.622098],[30.065276,70.703075],[29.959443,70.6946],[29.796456,70.642743],[29.737183,70.646954],[29.721835,70.668684],[29.639307,70.705194],[29.397462,70.734287],[29.321239,70.761288],[29.21861,70.83007],[29.102183,70.86074],[28.83176,70.863944],[28.749749,70.841723],[28.609551,70.759686],[28.484649,70.61892],[28.437572,70.501433],[28.310035,70.443246],[28.279856,70.403558],[28.193091,70.248503],[28.166116,70.287674],[28.166116,70.36015],[28.190972,70.440068],[28.202599,70.577139],[28.271949,70.668142],[28.215828,70.704108],[27.998891,70.664421],[27.898328,70.67765],[27.951245,70.717338],[28.271949,70.797798],[28.326984,70.825315],[28.382537,70.869215],[28.392045,70.975048],[28.141776,71.042796],[27.815233,71.059177],[27.733739,71.080881],[27.59938,71.091475],[17.044572,76.61597],[20.981076,77.424008],[20.985314,77.450983],[21.049858,77.440958],[21.85632,77.494392],[22.056876,77.501265],[22.254797,77.528782],[22.397114,77.570046],[22.448429,77.571131],[22.620408,77.549427],[22.68552,77.553664],[22.732597,77.53935],[22.679164,77.500205],[22.442641,77.429305],[22.486566,77.359981],[22.469099,77.330887],[22.426776,77.316056],[22.553745,77.26686],[22.801947,77.275852],[22.899305,77.311302],[22.996664,77.361041],[23.101464,77.384838],[23.380826,77.380083],[23.505212,77.401271],[23.735895,77.462094],[23.841212,77.49757],[23.955003,77.557902],[24.06187,77.630378],[24.129618,77.658413],[24.901664,77.756856],[24.571451,77.834629],[24.238087,77.898656],[23.883018,77.864808],[23.684064,77.875402],[23.330545,77.957955],[23.11676,77.99126],[23.151693,78.088128],[23.364445,78.1204],[23.451727,78.149494],[23.351733,78.186546],[23.119447,78.238403],[22.988706,78.252149],[22.734716,78.239979],[22.449514,78.215123],[22.299755,78.228352],[22.207151,78.407747],[22.04313,78.577065],[21.745732,78.571768],[21.608118,78.595591],[21.454691,78.597683],[21.046705,78.556962],[20.362458,78.514639],[20.242362,78.481825],[20.185208,78.624684],[20.184691,78.636337],[20.386797,78.64321],[20.724968,78.67233],[21.096418,78.676025],[21.244058,78.699305],[21.389062,78.740569],[21.352526,78.771781],[21.312322,78.795604],[21.089545,78.852758],[20.720214,78.906734],[20.500589,78.981329],[20.767291,79.059128],[20.611176,79.106774],[20.458266,79.128969],[20.162987,79.145919],[20.114307,79.124757],[20.113739,79.076595],[19.893649,79.055976],[19.750764,79.146978],[19.490418,79.175555],[19.089305,79.157029],[18.979235,79.17925],[18.880274,79.234285],[18.772322,79.260227],[18.677599,79.261803],[18.719922,79.281388],[18.807255,79.303067],[18.82312,79.336424],[18.832112,79.384586],[18.815214,79.426909],[18.785035,79.460783],[18.748499,79.488275],[18.581274,79.571371],[18.397151,79.605219],[18.333124,79.610541],[18.272249,79.600465],[17.861112,79.43696],[17.668462,79.386162],[17.715074,79.430604],[17.734091,79.481402],[17.687531,79.533285],[17.732489,79.569252],[17.85951,79.634881],[17.956351,79.704205],[17.834653,79.799961],[17.684895,79.857116],[17.619266,79.874065],[17.621901,79.884117],[17.96431,80.13175],[18.129364,80.093664],[18.343718,80.059791],[18.855935,80.03651],[18.726279,79.996306],[18.594504,79.96667],[18.255351,79.929101],[18.284962,79.887295],[18.324649,79.859777],[18.427847,79.824327],[18.725245,79.760817],[18.942183,79.736477],[19.399932,79.7264],[19.638057,79.728545],[19.89892,79.744409],[20.123299,79.778283],[20.460901,79.774562],[20.784241,79.748621],[20.686831,79.707357],[20.564616,79.690433],[20.493716,79.632762],[20.187326,79.63222],[20.01483,79.640152],[19.821147,79.633796],[19.746526,79.617931],[19.674541,79.590956],[19.900005,79.533802],[20.128053,79.489877],[20.39951,79.463419],[20.760935,79.441715],[20.805376,79.409443],[20.860929,79.397815],[21.911355,79.380866],[22.865406,79.412104],[22.695545,79.329008],[22.789235,79.264464],[22.903543,79.230591],[23.758685,79.205708],[23.947562,79.194081],[24.13277,79.215243],[24.256587,79.263379],[24.383608,79.301491],[24.750304,79.364458],[24.842908,79.367094],[25.14506,79.339059],[25.239266,79.344899],[25.640895,79.403086],[25.726626,79.439622],[25.90181,79.56132],[26.006041,79.616872],[26.22086,79.677204],[27.079722,79.865591],[27.198785,79.906337],[27.148503,80.059274],[27.035797,80.115885],[44.97031,80.645052],[44.97403,80.624407],[44.905197,80.611178],[45.149162,80.598492],[45.389406,80.56038],[45.64076,80.5371],[45.968853,80.569372],[46.023372,80.540795],[46.059856,80.483666],[46.141349,80.446614],[46.378441,80.456666],[46.513885,80.475708],[46.623956,80.540795],[46.677389,80.56144],[47.010754,80.561982],[47.145164,80.609059],[47.198081,80.614899],[47.303914,80.606424],[47.413985,80.674663],[47.512428,80.687892],[47.600278,80.741894],[47.705026,80.765174],[47.777529,80.756156],[48.044231,80.668332],[48.407774,80.643993],[48.402503,80.568829],[48.306178,80.56144],[48.208303,80.543973],[47.896074,80.529142],[47.655831,80.500591],[47.402874,80.444496],[46.644574,80.300577],[46.738264,80.257711],[46.845699,80.237067],[46.99122,80.182548],[47.248362,80.180455],[47.343085,80.188387],[47.444164,80.230194],[47.642601,80.245541],[47.892922,80.239185],[47.977568,80.212727],[47.72301,80.151335],[47.632524,80.11219],[47.737324,80.081469],[47.939999,80.088368],[48.02573,80.099478],[48.096114,80.122242],[48.167014,80.132809],[48.38607,80.095783],[48.46653,80.110046],[48.532676,80.158208],[48.55438,80.183091],[48.581872,80.19526],[48.79726,80.161386],[48.891982,80.155573],[48.977714,80.162446],[49.010477,80.20743],[48.990943,80.242338],[48.959679,80.265644],[48.92211,80.276754],[48.688739,80.2905],[48.677112,80.300034],[48.811005,80.353494],[48.89622,80.369358],[49.585687,80.376774],[49.794201,80.425427],[49.74976,80.472013],[49.846033,80.497412],[50.279443,80.527566],[50.961003,80.540278],[51.146212,80.603788],[51.703439,80.687892],[51.591249,80.740808],[51.45472,80.744529],[50.917595,80.890567],[50.80122,80.91439],[50.43132,80.910695],[50.277841,80.927102],[50.124414,80.923924],[49.826447,80.895347],[50.383158,81.427692],[55.818226,81.862135],[57.98781,81.862135],[58.000522,81.800227],[57.985174,81.797049],[57.94497,81.747827],[57.909468,81.721885],[57.92063,81.710258],[57.965072,81.695427],[58.295233,81.715038],[59.356253,81.758937],[59.35677,81.781184],[59.408602,81.8256],[59.358372,81.83516],[59.358372,81.835677],[59.363643,81.862135],[62.379893,81.809219],[63.04931,81.710258],[62.794751,81.718733],[62.284137,81.706538],[62.106318,81.679562],[62.515337,81.658944],[62.531253,81.646774],[62.57306,81.633002],[62.88472,81.608662],[63.528712,81.596493],[63.650927,81.609205],[63.676351,81.617137]],[[61.313085,80.862532],[60.820453,80.826565],[60.481249,80.804319],[60.278057,80.801683],[60.234649,80.83765],[60.094399,80.84876],[59.716076,80.836617],[59.59226,80.816514],[59.549368,80.7837],[59.494901,80.766233],[59.386381,80.712774],[59.306489,80.617534],[59.287989,80.57255],[59.30437,80.521752],[59.346176,80.504802],[59.64993,80.431267],[59.900199,80.446098],[60.278574,80.494234],[60.722526,80.434445],[61.051137,80.41858],[61.285024,80.504802],[61.597253,80.534981],[61.681383,80.586296],[61.769233,80.601127],[62.075622,80.617018],[62.114793,80.68368],[62.192049,80.730241],[62.227499,80.794268],[62.16771,80.834498],[62.103114,80.86677],[61.850726,80.885812],[61.597253,80.892711],[61.313085,80.862532]],[[60.320897,80.955679],[60.82681,80.929737],[61.140589,80.950382],[61.471835,81.011231],[61.567643,81.050402],[61.457572,81.103835],[60.586566,81.087428],[60.147316,81.016528],[60.078535,80.999061],[60.057916,80.984773],[60.320897,80.955679]],[[59.544614,80.119038],[59.001701,80.053977],[58.946149,80.042324],[58.919122,79.984653],[59.100662,79.964008],[59.169443,79.948144],[59.202774,79.932796],[59.330828,79.923261],[59.689101,79.956076],[59.910793,79.994187],[59.801807,80.082554],[59.544614,80.119038]],[[58.719135,81.313383],[59.096941,81.292222],[59.312845,81.305451],[59.374753,81.32501],[59.281116,81.3663],[59.07472,81.397538],[58.88052,81.391699],[58.634437,81.360486],[58.610097,81.337206],[58.719135,81.313383]],[[58.971522,80.415919],[58.480441,80.464598],[57.522153,80.475192],[57.074997,80.493692],[57.01097,80.468319],[57.083472,80.445038],[57.186102,80.396333],[57.211526,80.368299],[57.214162,80.328069],[57.281393,80.193684],[57.332191,80.158208],[57.392497,80.139166],[57.799966,80.104232],[57.95608,80.123275],[58.162941,80.19632],[58.255545,80.201617],[58.285724,80.248177],[58.284122,80.297916],[58.397914,80.31856],[59.255691,80.343417],[59.11601,80.388401],[58.971522,80.415919]],[[58.049718,81.118666],[57.656047,81.031333],[57.410481,81.046681],[57.21101,81.017045],[57.40521,80.914906],[57.749685,80.888991],[57.938045,80.793208],[58.285724,80.765174],[58.641878,80.767809],[58.859901,80.779462],[58.930801,80.831836],[58.902741,80.897466],[58.815408,80.933458],[58.761458,80.991129],[58.622293,81.04141],[58.507468,81.062029],[58.189968,81.094844],[58.102118,81.114429],[58.049718,81.118666]],[[57.456524,81.543059],[57.365005,81.535101],[57.091379,81.541457],[56.972885,81.510761],[56.718843,81.423454],[56.404547,81.386945],[56.156914,81.303332],[55.781691,81.329274],[55.465793,81.311265],[55.572712,81.228195],[55.71663,81.188507],[56.191795,81.223957],[56.363774,81.178456],[56.512499,81.175278],[56.66913,81.198041],[56.822041,81.237729],[57.159643,81.178456],[57.451253,81.135591],[57.769787,81.169981],[57.912672,81.197499],[58.015302,81.254653],[57.912155,81.303332],[57.85867,81.367902],[58.371972,81.386945],[58.564054,81.418157],[58.435999,81.464201],[58.016387,81.48376],[57.862391,81.506524],[57.809991,81.546211],[57.71687,81.564737],[57.456524,81.543059]],[[57.580341,80.75564],[57.694133,80.792149],[57.567629,80.819667],[56.909374,80.912788],[56.472295,80.998002],[56.170143,81.029215],[55.470547,81.019706],[54.719172,81.116005],[54.633958,81.113344],[54.416968,80.986375],[54.367255,80.903796],[54.240803,80.901677],[54.045518,80.872067],[54.066705,80.813853],[54.376247,80.786878],[54.532878,80.783157],[54.623364,80.765174],[54.668322,80.738716],[55.117081,80.751945],[55.540414,80.70324],[55.712393,80.637094],[55.883339,80.628645],[56.315664,80.632882],[56.814651,80.663552],[57.580341,80.75564]],[[56.707216,80.363002],[56.654816,80.330187],[56.024622,80.341298],[55.989689,80.320136],[56.012426,80.203735],[55.942043,80.163505],[55.72402,80.104775],[55.81187,80.087308],[56.200839,80.076715],[56.987147,80.071444],[57.080268,80.094698],[57.072878,80.139166],[57.118922,80.194201],[57.122643,80.316958],[57.078718,80.350832],[56.944824,80.36618],[56.707216,80.363002]],[[54.415418,80.473073],[54.437122,80.498472],[54.406943,80.540278],[54.205302,80.561982],[54.176776,80.574152],[53.87726,80.605364],[53.858708,80.563041],[53.901599,80.542371],[53.899997,80.515396],[53.849716,80.503769],[53.812147,80.476225],[54.275685,80.421216],[54.415418,80.473073]],[[52.635837,80.178853],[52.856495,80.173039],[53.521622,80.185183],[53.65288,80.222778],[53.777782,80.228075],[53.851835,80.268279],[53.486172,80.323315],[53.345974,80.36618],[53.329024,80.402173],[53.185622,80.412741],[52.853859,80.402173],[52.716245,80.347654],[52.680795,80.31856],[52.576564,80.296856],[52.270174,80.276211],[52.213537,80.263525],[52.34371,80.213244],[52.550622,80.201617],[52.60726,80.191023],[52.635837,80.178853]],[[53.14118,71.24175],[53.073949,71.238055],[52.994058,71.291514],[52.903572,71.36505],[52.776552,71.399983],[52.73211,71.403678],[52.720483,71.389906],[52.729474,71.354999],[52.617285,71.383576],[52.512537,71.385152],[52.296633,71.357118],[52.239995,71.324846],[52.249504,71.285158],[52.289191,71.270327],[52.425203,71.239114],[52.546385,71.250225],[52.738466,71.180901],[52.788747,71.114755],[52.835308,71.085635],[52.949616,71.053389],[53.004651,71.011583],[53.022635,70.968692],[53.121078,70.981921],[53.10573,70.999413],[53.04806,71.031143],[53.071314,71.065017],[53.205208,71.159739],[53.192495,71.215292],[53.14118,71.24175]],[[51.254164,80.04868],[50.936147,80.094181],[50.675801,80.04868],[50.472609,80.035451],[50.091599,79.980416],[50.454058,79.924321],[51.076345,79.931736],[51.431414,79.9206],[51.435135,79.931736],[51.409193,79.944423],[51.326666,79.972483],[51.243053,79.990983],[51.237782,80.010569],[51.254164,80.04868]],[[50.878476,81.150913],[50.716005,81.170524],[50.591672,81.169464],[50.521805,81.158354],[50.505941,81.144065],[50.465168,81.126056],[50.368326,81.122361],[50.377318,81.102776],[50.411735,81.08425],[50.518085,81.045622],[50.616012,81.04141],[50.753574,81.047198],[50.789024,81.07208],[50.946172,81.108073],[50.878476,81.150913]],[[50.051912,80.074079],[50.072014,80.109529],[50.31913,80.172497],[50.310139,80.185726],[50.250866,80.2196],[49.883602,80.230194],[49.556076,80.158725],[49.588322,80.135987],[49.970935,80.06085],[50.051912,80.074079]],[[48.844854,69.494983],[48.631637,69.436253],[48.413614,69.345768],[48.319924,69.269028],[48.296102,69.183839],[48.280237,69.096506],[48.278635,69.040437],[48.294551,68.984317],[48.315687,68.94251],[48.438987,68.804948],[48.667087,68.732963],[48.910483,68.743039],[49.180337,68.778489],[49.62646,68.859983],[49.839677,68.973749],[49.920654,69.053124],[50.093718,69.1256],[50.140795,69.098108],[50.164618,69.037776],[50.220687,69.048886],[50.283164,69.089117],[50.265129,69.185416],[50.167253,69.256858],[49.996359,69.309232],[49.225347,69.511365],[48.953322,69.509246],[48.844854,69.494983]],[[31.577639,80.081469],[32.525901,80.119038],[33.556691,80.197896],[33.629193,80.217481],[33.384195,80.242338],[33.098476,80.228592],[33.019101,80.218024],[31.481831,80.107927],[31.577639,80.081469]],[[27.889337,78.852242],[28.03801,78.828961],[28.494726,78.887149],[28.881008,78.880276],[29.310697,78.852242],[29.696978,78.904616],[29.645095,78.921565],[29.34563,78.905675],[29.047147,78.912031],[28.844989,78.970761],[28.511108,78.967067],[28.414783,78.961253],[28.374062,78.926836],[28.121106,78.908336],[27.889337,78.852242]],[[26.459553,78.720467],[26.729408,78.646388],[26.875962,78.649024],[27.007737,78.697729],[26.78868,78.724187],[26.586005,78.811469],[26.455833,78.810435],[26.40767,78.784494],[26.459553,78.720467]]]}},{"type":"Feature","properties":{"featurecla":"gulf","name":"Gulf of Bothnia","namealt":null,"changed":"Version 1.4","note":null,"name_fr":"golfe de Botnie","min_label":5,"max_label":9.5,"scalerank":3,"label":"Gulf of Bothnia","wikidataid":"Q122574","name_ar":"خليج بوثنيه","name_bn":"বথনিয়া উপসাগর","name_de":"Bottnischer Meerbusen","name_en":"Gulf of Bothnia","name_es":"Golfo de Botnia","name_el":"Βοθνιακός κόλπος","name_hi":"बोथनिया की खाड़ी","name_hu":"Botteni-öböl","name_id":"Teluk Bothnia","name_it":"Golfo di Botnia","name_ja":"ボスニア湾","name_ko":"보트니아만","name_nl":"Botnische Golf","name_pl":"Zatoka Botnicka","name_pt":"Golfo de Bótnia","name_ru":"Ботнический залив","name_sv":"Bottniska viken","name_tr":"Botni Körfezi","name_vi":"Vịnh Bothnia","name_zh":"波的尼亞灣","ne_id":1159116589,"name_fa":"خلیج بوتنی","name_he":"המפרץ הבוטני","name_uk":"Ботнічна затока","name_ur":"خلیج بوثنیہ","name_zht":"波的尼亞灣"},"bbox":[17.130872,59.663594,25.372643,65.870708],"geometry":{"type":"Polygon","coordinates":[[[22.940026,59.809114],[22.930518,59.822344],[22.374893,59.822344],[21.554685,59.742969],[20.787393,59.663594],[20.20531,59.822344],[19.88781,59.795885],[19.067601,59.742969],[18.97076,59.757257],[18.990345,59.827615],[18.933191,59.942466],[18.884512,59.980034],[18.852782,60.026052],[18.787153,60.079511],[18.601428,60.119199],[18.535282,60.153073],[18.557503,60.253609],[18.399787,60.337222],[18.250545,60.361561],[18.162747,60.408122],[18.011387,60.51132],[17.955835,60.589635],[17.871705,60.580101],[17.742049,60.539354],[17.661072,60.535143],[17.630893,60.585398],[17.592808,60.627747],[17.555239,60.642552],[17.456795,60.642035],[17.360005,60.640976],[17.250968,60.70074],[17.261045,60.763191],[17.279028,60.812412],[17.202806,60.951577],[17.212883,60.985994],[17.185907,61.14632],[17.179551,61.249518],[17.163635,61.278069],[17.199653,61.311943],[17.177949,61.357444],[17.138262,61.381809],[17.164203,61.458523],[17.146737,61.504567],[17.130872,61.575467],[17.215518,61.656444],[17.196449,61.724708],[17.334581,61.691894],[17.46527,61.684478],[17.417108,61.740573],[17.398091,61.781836],[17.374268,61.866508],[17.411837,61.965985],[17.44677,62.022623],[17.51028,62.166025],[17.562629,62.212585],[17.63358,62.23323],[17.535137,62.2639],[17.429303,62.334826],[17.373234,62.426371],[17.378505,62.46288],[17.410235,62.508381],[17.508678,62.482466],[17.570587,62.451253],[17.646241,62.45071],[17.71771,62.500992],[17.834653,62.502568],[17.946843,62.578248],[18.037328,62.600469],[18.006633,62.62641],[17.93041,62.640673],[17.902918,62.659742],[17.941003,62.679844],[17.974335,62.721107],[17.933045,62.786194],[17.895477,62.830635],[17.879612,62.872984],[17.906587,62.886756],[17.95108,62.833839],[18.093397,62.835958],[18.078049,62.812135],[18.07438,62.790431],[18.170137,62.789372],[18.215095,62.812135],[18.24791,62.849187],[18.463297,62.895748],[18.482883,62.928562],[18.48712,62.958716],[18.501899,62.988869],[18.313022,62.996284],[18.344235,63.032277],[18.407745,63.037548],[18.530477,63.063489],[18.577605,63.126457],[18.606699,63.178315],[18.667006,63.176713],[18.75961,63.198417],[18.819399,63.197357],[18.859087,63.206375],[18.850095,63.224358],[18.792424,63.238104],[18.816764,63.25769],[19.03427,63.237587],[19.236428,63.347116],[19.28826,63.428609],[19.354406,63.477289],[19.494655,63.424372],[19.490935,63.460364],[19.502045,63.509044],[19.589895,63.48734],[19.656041,63.458246],[19.722187,63.463543],[19.78146,63.538163],[19.913751,63.61064],[20.204793,63.662497],[20.371449,63.722829],[20.453512,63.773627],[20.677839,63.826544],[20.762537,63.867833],[21.018645,64.177918],[21.255685,64.299073],[21.465233,64.379533],[21.494378,64.416043],[21.519751,64.463146],[21.393816,64.544097],[21.331391,64.629285],[21.278991,64.724525],[21.204887,64.774289],[21.138224,64.80868],[21.195895,64.876945],[21.293822,64.941514],[21.425029,65.012414],[21.573753,65.125663],[21.580626,65.160571],[21.54621,65.207131],[21.506522,65.245243],[21.437741,65.282811],[21.410197,65.317202],[21.446733,65.320923],[21.56688,65.254777],[21.609203,65.26165],[21.612872,65.299219],[21.595974,65.316685],[21.545176,65.330948],[21.523472,65.358492],[21.532464,65.386526],[21.565795,65.40823],[21.68062,65.403476],[21.879574,65.424095],[21.913474,65.437324],[21.949958,65.470138],[21.90288,65.50825],[21.920347,65.532589],[22.086487,65.530471],[22.147362,65.552692],[22.133047,65.570158],[22.096047,65.583904],[22.08597,65.610879],[22.253712,65.59765],[22.266424,65.621473],[22.274899,65.725187],[22.28756,65.750586],[22.335722,65.791333],[22.366418,65.842674],[22.400835,65.862233],[22.465378,65.852725],[22.538397,65.794511],[22.620408,65.806681],[22.746343,65.870708],[22.919408,65.786579],[23.102497,65.735264],[23.15438,65.75007],[23.221043,65.786062],[23.418395,65.804562],[23.591976,65.805105],[23.691453,65.828385],[23.890408,65.782342],[24.15556,65.805105],[24.23757,65.812521],[24.404227,65.780223],[24.532849,65.822029],[24.591554,65.858539],[24.628089,65.859081],[24.623335,65.831563],[24.581528,65.756943],[24.674649,65.670695],[24.764101,65.656406],[24.839239,65.660101],[25.241901,65.546335],[25.347735,65.47913],[25.308047,65.352652],[25.298022,65.243124],[25.255699,65.143104],[25.340345,65.098662],[25.362566,65.065331],[25.372643,65.009236],[25.271047,64.984354],[25.228156,64.951023],[25.280555,64.916632],[25.287945,64.860537],[25.21441,64.853664],[25.134518,64.875369],[24.942385,64.883818],[24.747668,64.852062],[24.657699,64.806561],[24.557706,64.800748],[24.530214,64.738839],[24.440762,64.680083],[24.278291,64.51552],[24.022183,64.385889],[23.924824,64.274217],[23.861314,64.258352],[23.652851,64.133993],[23.598849,64.040872],[23.494101,64.03449],[23.248535,63.89641],[23.13371,63.865172],[23.014647,63.821789],[22.75642,63.683142],[22.532041,63.647692],[22.527804,63.579944],[22.398199,63.49106],[22.318824,63.504289],[22.312468,63.472534],[22.345799,63.442381],[22.273297,63.454525],[22.243118,63.438144],[22.285441,63.377295],[22.316137,63.345539],[22.319858,63.310606],[22.120387,63.243944],[21.896008,63.21007],[21.800199,63.237587],[21.545176,63.204256],[21.549414,63.155577],[21.568431,63.113771],[21.65101,63.03915],[21.473708,63.033336],[21.457326,62.950241],[21.195895,62.790431],[21.144064,62.74015],[21.118122,62.689378],[21.103859,62.62269],[21.142462,62.514737],[21.165768,62.414201],[21.323433,62.342758],[21.343535,62.277672],[21.353612,62.223696],[21.301729,62.112566],[21.256253,61.989808],[21.384824,61.914671],[21.470555,61.811473],[21.545693,61.703004],[21.552049,61.667011],[21.605999,61.591357],[21.598093,61.578128],[21.592253,61.568077],[21.522387,61.567018],[21.498047,61.552186],[21.526624,61.523067],[21.552566,61.509321],[21.565278,61.484464],[21.506522,61.484464],[21.501768,61.454802],[21.521353,61.410903],[21.513395,61.281247],[21.47903,61.170659],[21.45097,61.127277],[21.377951,61.059012],[21.360485,60.967442],[21.378985,60.849981],[21.403893,60.767428],[21.411799,60.697045],[21.410766,60.636713],[21.436139,60.596508],[21.52771,60.570567],[21.613441,60.530879],[21.727181,60.582762],[21.805522,60.593873],[21.854201,60.505506],[21.934093,60.500209],[22.257949,60.400732],[22.520414,60.376393],[22.560101,60.384842],[22.584958,60.380604],[22.575966,60.3589],[22.512456,60.281127],[22.516693,60.262601],[22.588162,60.255728],[22.589712,60.22821],[22.564339,60.205473],[22.513024,60.199117],[22.469616,60.201235],[22.442641,60.156768],[22.471218,60.146717],[22.438403,60.090105],[22.438403,60.072122],[22.462743,60.029256],[22.646349,60.028171],[22.697147,60.037705],[22.750064,60.057291],[22.793472,60.076876],[22.818845,60.101216],[22.84427,60.186404],[22.867008,60.216041],[22.911449,60.209684],[22.994028,60.09858],[23.080276,60.047239],[23.148541,60.0414],[23.198254,60.021841],[23.188745,59.972102],[23.115726,59.912829],[23.009893,59.868904],[22.963849,59.826581],[22.940026,59.809114]],[[24.970445,65.055254],[24.785754,65.086493],[24.651343,65.073806],[24.576774,65.04311],[24.578324,64.978541],[24.698989,64.957896],[24.84823,64.991253],[24.891587,65.02616],[24.99742,65.038873],[24.970445,65.055254]],[[22.125658,60.355748],[22.108191,60.315001],[22.076978,60.286424],[22.140489,60.26472],[22.188083,60.236685],[22.20927,60.196998],[22.258466,60.165785],[22.36063,60.165785],[22.346316,60.202811],[22.305595,60.228753],[22.312985,60.270017],[22.415614,60.303348],[22.354791,60.355748],[22.301874,60.347815],[22.174854,60.370553],[22.125658,60.355748]],[[20.033847,60.093283],[20.032297,60.152556],[20.042322,60.180591],[20.073018,60.193277],[20.125418,60.200693],[20.155029,60.192244],[20.194716,60.19382],[20.258743,60.261025],[20.239726,60.283246],[20.184122,60.293839],[20.167741,60.314458],[20.087281,60.353629],[20.033847,60.359443],[20.020101,60.350994],[19.989406,60.350994],[19.944447,60.357324],[19.888326,60.406003],[19.823266,60.390138],[19.787816,60.354146],[19.812155,60.331408],[19.854478,60.318696],[19.871428,60.301772],[19.867191,60.267898],[19.847605,60.220795],[19.785129,60.213379],[19.778824,60.285364],[19.736449,60.282186],[19.686737,60.267898],[19.672422,60.232965],[19.74601,60.099097],[19.79996,60.08163],[20.033847,60.093283]]]}},{"type":"Feature","properties":{"featurecla":"gulf","name":"Gulf of Finland","namealt":null,"changed":"Version 1.4","note":null,"name_fr":"golfe de Finlande","min_label":5.7,"max_label":10,"scalerank":4,"label":"Gulf of Finland","wikidataid":"Q14686","name_ar":"خليج فنلندا","name_bn":"গালফ অফ ফিনল্যান্ড","name_de":"Finnischer Meerbusen","name_en":"Gulf of Finland","name_es":"Golfo de Finlandia","name_el":"Φινλανδικός κόλπος","name_hi":"फ़िनलैंड की खाड़ी","name_hu":"Finn-öböl","name_id":"Teluk Finlandia","name_it":"Golfo di Finlandia","name_ja":"フィンランド湾","name_ko":"핀란드만","name_nl":"Finse Golf","name_pl":"Zatoka Fińska","name_pt":"Golfo da Finlândia","name_ru":"Финский залив","name_sv":"Finska viken","name_tr":"Finlandiya Körfezi","name_vi":"Vịnh Phần Lan","name_zh":"芬蘭灣","ne_id":1159116517,"name_fa":"خلیج فنلاند","name_he":"המפרץ הפיני","name_uk":"Фінська затока","name_ur":"خلیج فن لینڈ","name_zht":"芬蘭灣"},"bbox":[22.940026,59.070917,30.172712,60.677485],"geometry":{"type":"Polygon","coordinates":[[[23.481389,59.070917],[22.940026,59.809114],[22.963849,59.826581],[23.021003,59.815987],[23.181355,59.845107],[23.326876,59.925541],[23.463405,59.986365],[23.592493,59.968381],[23.721633,59.965746],[24.025387,60.009128],[24.342887,60.042485],[24.445516,60.021298],[24.518018,60.04618],[24.600545,60.114445],[24.848747,60.158344],[24.957733,60.15731],[25.155654,60.194336],[25.267843,60.248312],[25.455687,60.261025],[25.548291,60.302289],[25.656243,60.332984],[25.715516,60.267381],[25.757839,60.267381],[25.845689,60.314458],[25.945734,60.346756],[26.035651,60.341459],[26.040406,60.371612],[26.006041,60.425046],[25.95576,60.474268],[26.03622,60.47481],[26.204478,60.406546],[26.377491,60.424012],[26.456349,60.466878],[26.496037,60.552067],[26.569572,60.624569],[26.606624,60.627747],[26.60187,60.595449],[26.551072,60.546253],[26.51986,60.471632],[26.534691,60.412902],[26.607193,60.437758],[26.721449,60.455225],[26.951151,60.471632],[27.075485,60.525066],[27.205141,60.543592],[27.241624,60.538837],[27.462283,60.464733],[27.525276,60.490675],[27.669195,60.49915],[27.761799,60.533024],[27.797818,60.536202],[28.179345,60.571109],[28.51271,60.677485],[28.57777,60.652603],[28.650789,60.610797],[28.640247,60.543075],[28.622212,60.491734],[28.491522,60.539897],[28.522218,60.482743],[28.643399,60.375333],[28.812743,60.331408],[29.069368,60.191701],[29.370487,60.175836],[29.569441,60.201752],[29.721318,60.195396],[29.87211,60.120775],[29.97691,60.026595],[30.060005,60.002798],[30.172712,59.957271],[30.156795,59.904354],[30.12243,59.873684],[29.670003,59.955695],[29.147193,59.999594],[29.078928,59.960992],[29.013299,59.901719],[28.981518,59.854616],[28.947153,59.8287],[28.866693,59.81175],[28.747631,59.806479],[28.603712,59.818106],[28.517981,59.849319],[28.453953,59.814385],[28.423774,59.733977],[28.334374,59.692687],[28.212676,59.724443],[28.131182,59.786351],[28.058164,59.781597],[28.01367,59.724985],[28.046485,59.647186],[28.063951,59.554065],[28.012637,59.484199],[28.002043,59.46991],[27.892489,59.414358],[27.335831,59.450351],[26.974922,59.450868],[26.852191,59.472029],[26.625176,59.554065],[26.460587,59.554065],[25.793857,59.6345],[25.615522,59.627601],[25.509172,59.639254],[25.50757,59.597965],[25.520799,59.559336],[25.443543,59.521251],[24.877324,59.52231],[24.583647,59.455622],[24.380455,59.472546],[24.175662,59.37573],[24.053395,59.372552],[24.083574,59.292118],[23.782456,59.275194],[23.640656,59.242379],[23.494618,59.195819],[23.516839,59.107452],[23.481389,59.070917]]]}},{"type":"Feature","properties":{"featurecla":"bay","name":"Bay of Biscay","namealt":null,"changed":"Version 1.4","note":null,"name_fr":"golfe de Gascogne","min_label":4,"max_label":8.5,"scalerank":2,"label":"Bay of Biscay","wikidataid":"Q41573","name_ar":"خليج غاسكونيا","name_bn":"বিস্কায়া উপসাগর","name_de":"Biskaya","name_en":"Bay of Biscay","name_es":"Golfo de Vizcaya","name_el":"Βισκαϊκός κόλπος","name_hi":"बिस्के की खाड़ी","name_hu":"Vizcayai-öböl","name_id":"Teluk Biscay","name_it":"Golfo di Biscaglia","name_ja":"ビスケー湾","name_ko":"비스케이만","name_nl":"Golf van Biskaje","name_pl":"Zatoka Biskajska","name_pt":"Golfo da Biscaia","name_ru":"Бискайский залив","name_sv":"Biscayabukten","name_tr":"Biskay Körfezi","name_vi":"vịnh Biscay","name_zh":"比斯開灣","ne_id":1159115749,"name_fa":"خلیج بیسکای","name_he":"מפרץ ביסקאיה","name_uk":"Біскайська затока","name_ur":"خلیج بسکے","name_zht":"比斯開灣"},"bbox":[-7.999274,43.321878,-0.548617,48.471719],"geometry":{"type":"Polygon","coordinates":[[[-7.998214,43.69493],[-7.999274,43.709219],[-5.882607,48.471719],[-4.824274,48.418802],[-4.759187,48.441023],[-4.748594,48.40981],[-4.7195,48.36325],[-4.584573,48.35741],[-4.524757,48.372242],[-4.393008,48.367461],[-4.364431,48.356894],[-4.30198,48.346817],[-4.241131,48.303434],[-4.403576,48.292867],[-4.497782,48.299223],[-4.530596,48.309791],[-4.577157,48.290205],[-4.544342,48.246823],[-4.51207,48.229899],[-4.434814,48.217729],[-4.329523,48.170083],[-4.37766,48.12882],[-4.512613,48.096548],[-4.629014,48.085954],[-4.678753,48.039394],[-4.427915,47.96901],[-4.374999,47.877466],[-4.312031,47.822973],[-4.226326,47.809744],[-4.070728,47.847829],[-3.900867,47.837778],[-3.507713,47.753106],[-3.443686,47.710783],[-3.39604,47.720292],[-3.328861,47.713419],[-3.264808,47.684842],[-3.221426,47.694376],[-3.158975,47.694893],[-3.064278,47.621357],[-2.964258,47.601229],[-2.859484,47.614458],[-2.786982,47.625569],[-2.733006,47.601772],[-2.797033,47.537202],[-2.770575,47.513922],[-2.665801,47.526092],[-2.554154,47.527151],[-2.482711,47.511803],[-2.427676,47.471056],[-2.476355,47.412869],[-2.529814,47.38163],[-2.503356,47.311789],[-2.434549,47.291145],[-2.353055,47.278975],[-1.975249,47.31073],[-1.742395,47.216007],[-1.821253,47.225541],[-1.921815,47.260449],[-2.027648,47.273678],[-2.108057,47.26311],[-2.148804,47.22394],[-2.196966,47.163091],[-2.143507,47.126581],[-2.082141,47.11175],[-2.018631,47.037672],[-2.090074,46.920728],[-2.092709,46.86515],[-2.059378,46.810115],[-1.921273,46.684722],[-1.78632,46.514861],[-1.392648,46.350298],[-1.312731,46.327018],[-1.238653,46.324356],[-1.146049,46.311127],[-1.132277,46.252914],[-1.136514,46.204777],[-1.104242,45.925362],[-1.066131,45.805783],[-1.041249,45.772452],[-1.03174,45.741213],[-1.114293,45.768731],[-1.210076,45.77085],[-1.195787,45.714213],[-1.169846,45.685635],[-0.880923,45.538022],[-0.790954,45.468181],[-0.733283,45.384569],[-0.641221,45.090323],[-0.582465,45.051178],[-0.548617,45.00038],[-0.633806,45.046941],[-0.69096,45.093527],[-0.766614,45.314185],[-0.82643,45.380848],[-0.941772,45.457045],[-1.080936,45.532208],[-1.149201,45.342762],[-1.188888,45.161249],[-1.245009,44.666473],[-1.220127,44.686601],[-1.200541,44.726288],[-1.152922,44.763857],[-1.076725,44.689753],[-1.170905,44.661719],[-1.245526,44.560123],[-1.346062,44.020362],[-1.48471,43.563698],[-1.63129,43.438279],[-1.794278,43.407067],[-1.828668,43.40071],[-1.991113,43.345158],[-2.196424,43.321878],[-2.33719,43.328208],[-2.60707,43.41288],[-2.874832,43.454686],[-2.947851,43.439881],[-3.045752,43.371617],[-3.417745,43.451508],[-3.523578,43.510781],[-3.604555,43.519256],[-3.773898,43.477967],[-3.88924,43.499671],[-4.015176,43.463135],[-4.312574,43.414999],[-4.523181,43.415541],[-5.105264,43.501789],[-5.315872,43.553104],[-5.665669,43.582198],[-5.846614,43.645192],[-6.079985,43.59491],[-6.22393,43.603902],[-6.475801,43.579046],[-6.617084,43.592275],[-6.900736,43.585919],[-7.061062,43.554164],[-7.262135,43.594394],[-7.399207,43.695989],[-7.503438,43.739914],[-7.594466,43.727202],[-7.698181,43.764771],[-7.852693,43.7071],[-7.998214,43.69493]]]}},{"type":"Feature","properties":{"featurecla":"sea","name":"Adriatic Sea","namealt":null,"changed":"Version 1.4","note":null,"name_fr":"mer Adriatique","min_label":5,"max_label":9.5,"scalerank":3,"label":"Adriatic Sea","wikidataid":"Q13924","name_ar":"البحر الأدرياتيكي","name_bn":"অ্যাড্রিয়াটিক সাগর","name_de":"Adriatisches Meer","name_en":"Adriatic Sea","name_es":"mar Adriático","name_el":"Αδριατική θάλασσα","name_hi":"एड्रियाटिक सागर","name_hu":"Adriai-tenger","name_id":"Laut Adriatik","name_it":"mare Adriatico","name_ja":"アドリア海","name_ko":"아드리아해","name_nl":"Adriatische Zee","name_pl":"Morze Adriatyckie","name_pt":"Mar Adriático","name_ru":"Адриатическое море","name_sv":"Adriatiska havet","name_tr":"Adriyatik Denizi","name_vi":"biển Adriatic","name_zh":"亚得里亚海","ne_id":1159116607,"name_fa":"دریای آدریاتیک","name_he":"הים האדריאטי","name_uk":"Адріатичне море","name_ur":"بحیرہ ایڈریاٹک","name_zht":"亚得里亚海"},"bbox":[12.225487,39.743104,19.998397,45.771393],"geometry":{"type":"Polygon","coordinates":[[[19.998397,39.756876],[19.991008,39.756333],[19.941243,39.765351],[19.931218,39.761088],[19.925895,39.7738],[19.89153,39.79708],[19.838614,39.82036],[19.707356,39.79814],[19.646532,39.766927],[19.648083,39.744706],[19.626947,39.743104],[18.369091,39.801318],[18.343718,39.82142],[18.393431,39.903456],[18.422524,39.987069],[18.486035,40.105046],[18.460662,40.220956],[18.32837,40.370714],[18.036243,40.564914],[17.954749,40.6554],[17.474262,40.840608],[17.275308,40.975535],[17.103328,41.062326],[16.551941,41.232186],[16.012697,41.435378],[15.90056,41.512118],[15.913789,41.621129],[16.033885,41.700504],[16.151345,41.758692],[16.188914,41.81427],[16.164574,41.896306],[16.061428,41.928035],[15.964018,41.939688],[15.405241,41.91323],[15.168718,41.933875],[14.865997,42.052395],[14.540591,42.244476],[14.182887,42.506424],[14.010339,42.689513],[13.924608,42.851442],[13.804512,43.180569],[13.693407,43.390143],[13.564268,43.571088],[13.508199,43.61186],[13.295447,43.685938],[12.907047,43.921402],[12.691143,43.994963],[12.486866,44.134128],[12.396381,44.224097],[12.304862,44.429407],[12.248224,44.722568],[12.27892,44.832122],[12.319124,44.833181],[12.384753,44.798248],[12.463612,44.845351],[12.497977,44.899327],[12.523401,44.968108],[12.392712,45.040068],[12.28631,45.207809],[12.225487,45.241683],[12.248741,45.368678],[12.274166,45.445934],[12.353541,45.491978],[12.491672,45.546497],[12.536114,45.544895],[12.432399,45.468181],[12.49746,45.461825],[12.611768,45.497275],[12.76101,45.544378],[12.90281,45.611041],[13.030347,45.637499],[13.120316,45.697831],[13.156799,45.74651],[13.206564,45.771393],[13.465308,45.710001],[13.557912,45.77085],[13.628295,45.77085],[13.783324,45.627448],[13.719866,45.58776],[13.637287,45.535903],[13.578014,45.51686],[13.517191,45.481927],[13.603439,45.231632],[13.613464,45.163368],[13.62938,45.108332],[13.742603,44.991388],[13.860581,44.837393],[13.899751,44.82946],[13.965897,44.835817],[14.04212,44.927361],[14.090799,44.997719],[14.23632,45.159673],[14.268566,45.28243],[14.312491,45.337982],[14.386078,45.34222],[14.550616,45.297778],[14.63211,45.222615],[14.85437,45.080815],[14.90677,44.97126],[14.885066,44.81835],[14.895143,44.706677],[14.981391,44.602963],[15.269797,44.383389],[15.381418,44.328354],[15.47087,44.271717],[15.369791,44.289183],[15.28406,44.288666],[15.231143,44.2712],[15.184583,44.272776],[15.123191,44.256885],[15.185616,44.172239],[15.499447,43.908716],[15.65551,43.811357],[15.820616,43.735677],[15.941281,43.656819],[15.949239,43.60708],[15.942883,43.568969],[15.985722,43.519773],[16.04608,43.505484],[16.131243,43.506544],[16.268857,43.5314],[16.393708,43.543596],[16.600103,43.464221],[16.903289,43.392235],[17.12927,43.211265],[17.329826,43.114966],[17.537255,42.962029],[17.584901,42.938232],[17.667428,42.896943],[17.723497,42.850899],[17.219755,43.026056],[17.126635,43.025539],[17.045658,43.014946],[17.258358,42.968385],[17.584901,42.837153],[17.82406,42.797466],[18.160628,42.633961],[18.333124,42.528128],[18.517247,42.432862],[18.553783,42.428625],[18.591351,42.443973],[18.64587,42.442914],[18.633158,42.423354],[18.618843,42.398472],[18.633158,42.377827],[18.89402,42.249256],[19.12212,42.060327],[19.186664,41.94868],[19.342262,41.869305],[19.468197,41.856076],[19.577699,41.787295],[19.575581,41.640172],[19.54597,41.596789],[19.497291,41.562916],[19.440654,41.42481],[19.453366,41.321096],[19.479824,41.236424],[19.456001,41.106251],[19.461324,40.933212],[19.384068,40.79087],[19.337456,40.663875],[19.34438,40.622069],[19.439052,40.470192],[19.459205,40.405622],[19.440654,40.375469],[19.39461,40.393452],[19.358643,40.4088],[19.322108,40.407224],[19.360245,40.347951],[19.398331,40.284983],[19.484578,40.209846],[19.851843,40.04368],[19.965066,39.872244],[19.995762,39.800775],[19.998397,39.756876]],[[16.656172,43.2139],[16.521245,43.229274],[16.376241,43.2139],[16.405903,43.197519],[16.549822,43.144059],[16.679478,43.122898],[17.123947,43.115482],[17.193814,43.125559],[17.061005,43.144059],[16.697462,43.174755],[16.656172,43.2139]],[[16.601705,43.381668],[16.448743,43.386964],[16.428124,43.343556],[16.42337,43.317098],[16.490033,43.286402],[16.627595,43.267902],[16.785312,43.270537],[16.873678,43.298055],[16.891145,43.314462],[16.834508,43.350972],[16.601705,43.381668]],[[14.803572,44.648489],[14.741664,44.697169],[14.760732,44.664897],[14.884549,44.544775],[14.912609,44.486045],[14.99617,44.434187],[15.038545,44.392898],[15.097818,44.357965],[15.162878,44.309285],[15.188303,44.335744],[15.213676,44.347397],[15.240135,44.350032],[15.113114,44.435763],[15.006247,44.534181],[14.898295,44.610921],[14.855455,44.618336],[14.803572,44.648489]],[[14.628441,44.994024],[14.687145,44.955396],[14.810445,44.9771],[14.739028,45.065467],[14.700943,45.089806],[14.629991,45.178173],[14.571287,45.224733],[14.524726,45.14696],[14.43791,45.098798],[14.450622,45.079213],[14.511497,45.035313],[14.613093,45.025262],[14.628441,44.994024]],[[14.482352,44.693448],[14.467572,44.725229],[14.452741,44.869148],[14.467572,44.970227],[14.393985,45.031076],[14.369128,45.080815],[14.358018,45.167605],[14.331043,45.164944],[14.286033,45.144842],[14.340035,45.019966],[14.342153,44.979735],[14.302466,44.940591],[14.312491,44.90036],[14.388714,44.75856],[14.41941,44.670194],[14.480233,44.621514],[14.488191,44.660143],[14.482352,44.693448]]]}},{"type":"Feature","properties":{"featurecla":"sea","name":"Aegean Sea","namealt":null,"changed":"Version 1.4","note":null,"name_fr":"mer Égée","min_label":5.7,"max_label":10,"scalerank":4,"label":"Aegean Sea","wikidataid":"Q34575","name_ar":"بحر إيجة","name_bn":"এজিয়ান সাগর","name_de":"Ägäisches Meer","name_en":"Aegean Sea","name_es":"mar Egeo","name_el":"Αιγαίο Πέλαγος","name_hi":"ईजियन सागर","name_hu":"Égei-tenger","name_id":"Laut Aegea","name_it":"mar Egeo","name_ja":"エーゲ海","name_ko":"에게해","name_nl":"Egeïsche zee","name_pl":"Morze Egejskie","name_pt":"Mar Egeu","name_ru":"Эгейское море","name_sv":"Egeiska havet","name_tr":"Ege Denizi","name_vi":"Biển Aegea","name_zh":"爱琴海","ne_id":1159117123,"name_fa":"دریای اژه","name_he":"הים האגאי","name_uk":"Егейське море","name_ur":"بحیرہ ایجیئن","name_zht":"愛琴海"},"bbox":[22.569093,36.511493,28.242287,40.994604],"geometry":{"type":"Polygon","coordinates":[[[26.217708,40.08019],[26.184893,39.991823],[26.184893,39.991306],[26.181172,39.990247],[26.14996,39.87276],[26.154714,39.656856],[26.101281,39.569006],[26.09601,39.52087],[26.112908,39.46741],[26.350516,39.48436],[26.483893,39.52087],[26.826766,39.56265],[26.899268,39.549421],[26.910895,39.517149],[26.813537,39.419274],[26.710907,39.339899],[26.681762,39.292253],[26.719331,39.260524],[26.853741,39.11552],[26.849504,39.056789],[26.808266,39.013924],[26.815139,38.961007],[26.866453,38.922896],[26.920455,38.934006],[26.970168,38.919201],[27.013576,38.886929],[26.909345,38.775799],[26.790282,38.736111],[26.763824,38.709653],[26.787595,38.660431],[26.795553,38.626583],[26.837876,38.557776],[26.906658,38.481579],[26.970168,38.447705],[27.144266,38.451943],[27.098739,38.415976],[26.861699,38.37311],[26.769612,38.388458],[26.727289,38.418611],[26.696593,38.405382],[26.674372,38.335541],[26.641041,38.352466],[26.594997,38.418611],[26.610345,38.486876],[26.586522,38.557233],[26.513503,38.629219],[26.441518,38.641388],[26.37806,38.623922],[26.37222,38.562013],[26.429374,38.440832],[26.416662,38.367813],[26.343643,38.369932],[26.290726,38.277328],[26.333049,38.242395],[26.427772,38.21436],[26.524614,38.162503],[26.582285,38.149274],[26.620939,38.176249],[26.682847,38.19847],[26.807181,38.138163],[26.878649,38.055068],[26.94371,38.063],[27.15858,37.986803],[27.232116,37.978871],[27.254854,37.882546],[27.224158,37.725398],[27.07812,37.687829],[27.068095,37.65765],[27.147987,37.6037],[27.204056,37.49151],[27.219404,37.389372],[27.289787,37.348625],[27.376035,37.340693],[27.400374,37.306819],[27.520005,37.249148],[27.535302,37.163959],[27.368128,37.122153],[27.30038,37.126907],[27.249583,37.079287],[27.262812,36.976632],[27.310974,36.981929],[27.34906,37.019498],[27.668678,37.007328],[28.133818,37.029549],[28.242287,37.029006],[28.224303,36.996192],[28.08302,36.920537],[28.005247,36.832171],[27.934295,36.809407],[27.630593,36.78667],[27.55437,36.759152],[27.467089,36.74644],[27.46652,36.744838],[27.304101,36.850671],[27.192945,36.80889],[27.151139,36.777652],[27.033678,36.770779],[26.949549,36.726854],[26.918337,36.725795],[26.946345,36.76233],[26.454231,36.591927],[26.460587,36.585571],[26.381729,36.561774],[26.331447,36.511493],[26.270107,36.546943],[26.270107,36.590351],[25.400135,36.705693],[25.381635,36.673937],[25.364168,36.65859],[25.288462,36.721583],[25.275233,36.739024],[24.740278,36.934309],[24.720693,36.921597],[24.70271,36.916817],[24.676251,36.959166],[24.673616,36.977149],[24.506908,37.118458],[24.486289,37.109983],[24.424897,37.132204],[24.441279,37.186723],[24.443914,37.188299],[24.401074,37.315836],[24.398439,37.324828],[24.378853,37.314234],[24.389447,37.353379],[24.330691,37.547062],[24.322216,37.552359],[24.288885,37.52802],[24.280927,37.576699],[24.056031,37.712169],[24.062387,37.77462],[24.061353,37.818002],[24.032776,37.955048],[24.024301,38.139739],[24.005233,38.227047],[23.967147,38.275209],[23.835941,38.325465],[23.684064,38.352466],[23.569755,38.489511],[23.369199,38.525504],[23.252772,38.660974],[23.137947,38.667847],[23.020487,38.741925],[22.773887,38.800138],[22.687639,38.84936],[22.634205,38.850936],[22.569093,38.867344],[22.596637,38.890624],[22.677045,38.899099],[22.802464,38.901734],[22.930518,38.947778],[23.06653,39.037747],[22.965451,39.030848],[22.938993,39.111282],[22.886076,39.170038],[22.838947,39.258379],[22.921526,39.306542],[22.992943,39.330881],[23.16177,39.257862],[23.168643,39.210243],[23.119447,39.132986],[23.154897,39.101231],[23.218407,39.104409],[23.32791,39.174793],[23.288222,39.288558],[23.233187,39.358399],[23.103531,39.492293],[22.97868,39.563735],[22.918891,39.628796],[22.835795,39.800775],[22.592399,40.036807],[22.569093,40.11936],[22.605628,40.276508],[22.642629,40.366477],[22.624645,40.428385],[22.629399,40.495591],[22.742157,40.536337],[22.811456,40.57866],[22.922043,40.59083],[22.892949,40.524168],[22.851143,40.490836],[22.89667,40.399808],[23.09826,40.304569],[23.312045,40.216202],[23.328427,40.089724],[23.395658,39.989704],[23.627426,39.924101],[23.657605,39.934669],[23.673987,39.959008],[23.467074,40.073833],[23.433226,40.11564],[23.386666,40.222015],[23.426353,40.263796],[23.664478,40.223592],[23.835372,40.022519],[23.947045,39.965364],[23.981978,39.993942],[24.000479,40.024637],[23.967664,40.11458],[23.917435,40.155327],[23.823745,40.205066],[23.720547,40.286043],[23.727989,40.329942],[23.823228,40.368053],[23.913197,40.358545],[24.056031,40.303483],[24.158712,40.280229],[24.232247,40.215143],[24.343403,40.147937],[24.292605,40.241601],[24.212714,40.327849],[24.030658,40.409317],[23.932214,40.405622],[23.866637,40.418334],[23.83222,40.481302],[23.878781,40.54427],[23.778787,40.627882],[23.743337,40.677104],[23.762922,40.748004],[23.946012,40.748521],[24.082489,40.724181],[24.234366,40.78609],[24.383608,40.912568],[24.477297,40.947501],[24.556672,40.935331],[24.678887,40.869702],[24.793195,40.857532],[25.004862,40.967603],[25.104339,40.994604],[25.24986,40.93267],[25.325514,40.943263],[25.496976,40.887711],[25.855766,40.844303],[26.010795,40.769166],[26.038855,40.726817],[26.067949,40.683434],[26.105518,40.611475],[26.224064,40.617831],[26.36111,40.606178],[26.578047,40.624704],[26.791833,40.626823],[26.720416,40.54427],[26.447358,40.444793],[26.35527,40.390274],[26.253674,40.31462],[26.252641,40.247931],[26.260031,40.20243],[26.226182,40.141581],[26.202876,40.075435],[26.217708,40.08019]],[[26.720416,37.705296],[26.788164,37.657133],[26.844749,37.644963],[26.978126,37.700541],[27.055383,37.709533],[27.039518,37.76984],[26.981279,37.782035],[26.94743,37.778315],[26.824647,37.811646],[26.743154,37.809527],[26.638405,37.780976],[26.581251,37.723796],[26.612981,37.710567],[26.720416,37.705296]],[[26.088568,39.304423],[26.02666,39.284838],[25.909716,39.287499],[25.844087,39.200192],[25.855766,39.178487],[25.906047,39.1388],[26.072187,39.095418],[26.175901,39.194378],[26.27326,39.197556],[26.245199,39.164199],[26.107637,39.081129],[26.160553,39.026094],[26.390203,38.973694],[26.468545,38.97266],[26.547352,38.994338],[26.50291,39.03139],[26.488647,39.074773],[26.531487,39.064205],[26.583887,39.03139],[26.595514,39.048857],[26.578047,39.109706],[26.53097,39.171614],[26.392839,39.270032],[26.410306,39.329305],[26.34788,39.383281],[26.165308,39.373747],[26.164791,39.331941],[26.088568,39.304423]],[[25.891733,38.243454],[25.998651,38.161444],[26.093891,38.218055],[26.103399,38.23392],[26.110789,38.279421],[26.156833,38.302727],[26.149443,38.46835],[26.140968,38.486333],[26.160553,38.540852],[26.110272,38.544547],[26.012397,38.601701],[25.846206,38.574183],[25.851528,38.50858],[25.959997,38.415976],[25.99121,38.353525],[25.952607,38.302727],[25.874266,38.269396],[25.891733,38.243454]],[[25.525553,37.196231],[25.362049,37.070296],[25.395897,36.984565],[25.456772,36.929529],[25.545656,36.96764],[25.58431,37.039083],[25.587979,37.152306],[25.564156,37.185121],[25.525553,37.196231]],[[25.373676,40.015646],[25.348303,39.98495],[25.285826,39.956373],[25.233995,40.005569],[25.058295,39.999755],[25.052456,39.976475],[25.065168,39.909812],[25.062016,39.852116],[25.12656,39.825657],[25.185316,39.829895],[25.203299,39.84948],[25.223918,39.892346],[25.249343,39.893922],[25.251978,39.854234],[25.263606,39.823022],[25.298539,39.806098],[25.357295,39.808191],[25.372074,39.891286],[25.400135,39.9495],[25.437703,39.983348],[25.449331,40.034688],[25.373676,40.015646]],[[24.763533,37.987346],[24.700074,37.961404],[24.714337,37.898979],[24.766737,37.870919],[24.798466,37.823816],[24.884197,37.770382],[24.96197,37.692583],[24.991633,37.759789],[24.980522,37.796841],[24.948224,37.85769],[24.956182,37.904793],[24.855103,37.913784],[24.79056,37.989981],[24.763533,37.987346]],[[24.646072,40.579203],[24.774126,40.61517],[24.768855,40.659095],[24.786322,40.704079],[24.77361,40.730021],[24.719091,40.78609],[24.623335,40.792963],[24.585766,40.768649],[24.516416,40.687129],[24.515383,40.646925],[24.646072,40.579203]],[[23.415243,38.958888],[23.312562,39.035085],[23.258095,39.03139],[23.145905,39.002813],[22.98607,38.916023],[22.870212,38.870522],[22.881322,38.847758],[22.935789,38.839826],[23.028962,38.873157],[23.143787,38.84458],[23.252255,38.801198],[23.363928,38.735052],[23.465524,38.655677],[23.505212,38.612811],[23.553322,38.582116],[23.617401,38.552479],[23.650732,38.442951],[23.758685,38.401145],[23.88617,38.400628],[24.040166,38.390034],[24.041768,38.37417],[24.063472,38.337118],[24.102643,38.317015],[24.143881,38.242937],[24.188891,38.204309],[24.19256,38.151909],[24.212145,38.117519],[24.317979,38.060364],[24.359268,38.018558],[24.416422,38.01644],[24.445516,38.004812],[24.472491,37.980473],[24.502153,37.969879],[24.536518,37.97993],[24.578324,38.02016],[24.588401,38.123875],[24.563545,38.147672],[24.464068,38.145036],[24.359785,38.162503],[24.275656,38.220174],[24.220103,38.338694],[24.187289,38.463596],[24.211112,38.504317],[24.199484,38.540852],[24.154474,38.588472],[24.127499,38.648261],[24.098922,38.671025],[23.878264,38.686373],[23.688301,38.764688],[23.636418,38.769985],[23.524797,38.813368],[23.47188,38.849877],[23.415243,38.958888]]]}},{"type":"Feature","properties":{"featurecla":"sea","name":"Alboran Sea","namealt":null,"changed":"Version 1.4","note":null,"name_fr":"mer d'Alboran","min_label":7.6,"max_label":10,"scalerank":7,"label":"Alboran Sea","wikidataid":"Q199408","name_ar":"بحر البوران","name_bn":"আলবোরান সী","name_de":"Alborán-Meer","name_en":"Alboran Sea","name_es":"mar de Alborán","name_el":"Θάλασσα του Αλμποράν","name_hi":"अल्बोरन सागर","name_hu":"Alborán-tenger","name_id":"Laut Albora","name_it":"mare di Alborán","name_ja":"アルボラン海","name_ko":"알보란해","name_nl":"Alboránzee","name_pl":"Morze Alborańskie","name_pt":"Mar de Alborão","name_ru":"Море Альборан","name_sv":"Alboránsjön","name_tr":"Alboran Denizi","name_vi":"Biển Alboran","name_zh":"阿尔沃兰海","ne_id":1159118457,"name_fa":"دریای آلبوران","name_he":"ים אלבוראן","name_uk":"Море Альборан","name_ur":"بحیرہ البوران","name_zht":"阿爾沃蘭海"},"bbox":[-5.617507,35.084861,-1.249763,36.831111],"geometry":{"type":"Polygon","coordinates":[[[-5.584176,35.841559],[-5.584675,35.844316],[-5.616582,36.0206],[-5.617507,36.025708],[-5.617507,36.02731],[-5.551361,36.038937],[-5.462452,36.073871],[-5.451123,36.119522],[-5.443409,36.15061],[-5.407416,36.159059],[-5.381475,36.134203],[-5.367685,36.134549],[-5.360856,36.13472],[-5.329617,36.235799],[-5.230683,36.373904],[-5.17141,36.423643],[-4.935404,36.501958],[-4.673999,36.506196],[-4.502019,36.628979],[-4.434814,36.700396],[-4.367092,36.717862],[-3.827849,36.755974],[-3.578613,36.739567],[-3.430974,36.707811],[-3.258995,36.755974],[-3.148924,36.758609],[-2.901807,36.743261],[-2.787499,36.714684],[-2.670555,36.747499],[-2.59596,36.806772],[-2.453075,36.831111],[-2.305461,36.820001],[-2.187432,36.74538],[-2.111235,36.776619],[-2.091133,36.796178],[-2.072607,36.777135],[-1.252399,35.454219],[-1.249763,35.451583],[-1.336011,35.36425],[-1.483651,35.302858],[-1.673613,35.183279],[-1.91334,35.094396],[-2.017572,35.084861],[-2.219704,35.104421],[-2.423981,35.123489],[-2.636707,35.112896],[-2.73143,35.135143],[-2.839899,35.127727],[-2.869535,35.172711],[-2.926147,35.286994],[-2.95369,35.315054],[-2.957902,35.363191],[-2.97219,35.407116],[-3.063218,35.317173],[-3.206078,35.239374],[-3.394464,35.211856],[-3.590783,35.228263],[-3.693438,35.280121],[-3.788161,35.244671],[-3.982361,35.243611],[-4.33004,35.161601],[-4.628472,35.206559],[-4.836986,35.28118],[-5.105264,35.467965],[-5.252904,35.614545],[-5.337576,35.74526],[-5.337576,35.85639],[-5.27776,35.902951],[-5.285642,35.90473],[-5.397365,35.929952],[-5.414136,35.920853],[-5.522241,35.862204],[-5.584176,35.841559]]]}},{"type":"Feature","properties":{"featurecla":"sea","name":"Andaman Sea","namealt":null,"changed":"Version 1.4","note":null,"name_fr":"mer d'Andaman","min_label":4,"max_label":8.5,"scalerank":2,"label":"Andaman Sea","wikidataid":"Q47632","name_ar":"بحر أندامان","name_bn":"আন্দামান সাগর","name_de":"Andamanensee","name_en":"Andaman Sea","name_es":"mar de Andamán","name_el":"Θάλασσα Ανταμάν","name_hi":"अंडमान सागर","name_hu":"Andamán-tenger","name_id":"Laut Andaman","name_it":"Mare delle Andamane","name_ja":"アンダマン海","name_ko":"안다만해","name_nl":"Andamanse Zee","name_pl":"Morze Andamańskie","name_pt":"Mar de Andamão","name_ru":"Андаманское море","name_sv":"Andamansjön","name_tr":"Andaman Denizi","name_vi":"Biển Andaman","name_zh":"安达曼海","ne_id":1159115987,"name_fa":"دریای آندامان","name_he":"ים אנדמן","name_uk":"Андаманське море","name_ur":"بحیرہ انڈمان","name_zht":"安达曼海"},"bbox":[92.200037,5.569014,98.876012,16.512171],"geometry":{"type":"Polygon","coordinates":[[[95.235304,5.569014],[95.227914,5.58276],[95.003018,5.767969],[94.076976,6.261685],[93.530343,6.843769],[93.045101,7.686198],[92.428085,9.176339],[92.200037,10.354252],[92.27781,11.659185],[92.55986,13.246685],[92.930276,14.393385],[93.74201,15.822135],[94.230972,16.243893],[94.214022,16.126406],[94.224099,16.016335],[94.299185,16.007344],[94.441554,16.094134],[94.495555,16.186196],[94.587643,16.288851],[94.637872,16.308979],[94.665416,16.335954],[94.679162,16.42538],[94.703501,16.512171],[94.716731,16.452381],[94.719935,16.398922],[94.676526,16.242291],[94.680764,16.133279],[94.65167,16.065015],[94.656424,15.988818],[94.661644,15.904146],[94.798224,15.970834],[94.847989,16.032743],[94.860133,16.102583],[94.892947,16.183018],[94.897701,16.140695],[94.882354,16.087778],[94.89243,16.038039],[94.891345,15.979309],[94.942712,15.81844],[95.078156,15.839059],[95.177116,15.82583],[95.225795,15.876628],[95.33323,16.033285],[95.346976,16.097829],[95.36496,15.98564],[95.307806,15.880349],[95.301449,15.755989],[95.348578,15.729531],[95.389299,15.722658],[95.50831,15.805211],[97.809203,14.944773],[97.812356,14.859042],[97.868993,14.73892],[97.936741,14.763802],[98.018751,14.652672],[97.929299,14.695537],[97.909714,14.652672],[97.976428,14.46165],[97.998649,14.335172],[98.100245,14.161617],[98.072701,13.986459],[98.098126,13.898093],[98.110839,13.712884],[98.149441,13.647798],[98.200239,13.980103],[98.238893,13.934602],[98.248401,13.840396],[98.245197,13.733503],[98.421414,13.483751],[98.487043,13.293246],[98.575927,13.162013],[98.594995,12.985797],[98.637318,12.848208],[98.635768,12.770435],[98.66326,12.662483],[98.66481,12.539726],[98.624657,12.440765],[98.678608,12.348678],[98.619335,12.299999],[98.600318,12.245506],[98.630394,12.225378],[98.696074,12.225378],[98.663776,12.12696],[98.686566,12.047069],[98.689718,11.956583],[98.64476,11.910539],[98.63892,11.86925],[98.625174,11.801528],[98.636285,11.73856],[98.693439,11.718458],[98.804543,11.779307],[98.839993,11.739077],[98.876012,11.719518],[98.790797,11.664999],[98.741601,11.591437],[98.746355,11.52108],[98.733126,11.435349],[98.729922,11.330032],[98.744753,11.240606],[98.682845,11.133197],[98.675455,10.987133],[98.598716,10.864376],[98.535722,10.740559],[98.500789,10.718855],[98.464822,10.675989],[98.52301,10.353193],[98.49712,10.182273],[98.52146,10.107135],[98.562697,10.035176],[98.657989,10.179095],[98.70243,10.190205],[98.561664,9.837255],[98.492883,9.561561],[98.443118,9.49278],[98.371185,9.290622],[98.326174,8.96891],[98.242045,8.767811],[98.227214,8.543458],[98.238324,8.423336],[98.305555,8.226475],[98.313462,8.220661],[98.323022,8.164567],[98.321937,8.166143],[98.301318,8.135989],[98.262147,7.925899],[98.296047,7.776166],[98.300801,7.777743],[98.301318,7.775624],[95.450691,5.626685],[95.396172,5.628804],[95.279797,5.592811],[95.235304,5.569014]],[[98.376456,11.791477],[98.399762,11.714737],[98.396558,11.683525],[98.434643,11.567098],[98.464822,11.567098],[98.528333,11.538521],[98.553706,11.744916],[98.523578,11.804706],[98.376456,11.791477]],[[98.331497,12.511666],[98.31403,12.335992],[98.334649,12.335992],[98.380693,12.353458],[98.459551,12.47358],[98.468026,12.571455],[98.436245,12.570396],[98.414024,12.597914],[98.396558,12.647135],[98.312428,12.678348],[98.302352,12.611685],[98.331497,12.511666]],[[93.709144,7.000917],[93.828774,6.748503],[93.890166,6.831056],[93.929337,6.973399],[93.858953,7.20677],[93.82247,7.236406],[93.684339,7.183489],[93.656227,7.136386],[93.65788,7.016265],[93.709144,7.000917]],[[92.830799,13.002747],[92.806976,12.878904],[92.753026,12.820691],[92.739797,12.779427],[92.759331,12.669356],[92.731839,12.61538],[92.720728,12.541302],[92.719126,12.357153],[92.733958,12.335992],[92.777883,12.30266],[92.788476,12.225921],[92.769408,12.215327],[92.694787,12.21481],[92.676287,12.192589],[92.640837,12.112155],[92.631845,12.013711],[92.607505,11.949684],[92.566733,11.930642],[92.533918,11.873487],[92.55986,11.833283],[92.575724,11.718458],[92.668328,11.538521],[92.700626,11.512605],[92.722847,11.535885],[92.764602,11.639083],[92.766772,11.764476],[92.797468,11.874547],[92.796899,11.917412],[92.764137,11.940176],[92.747703,11.99255],[92.786357,12.034899],[92.799018,12.079341],[92.867283,12.181479],[92.879478,12.228039],[92.863614,12.435985],[92.932912,12.452935],[92.990066,12.538666],[92.96521,12.850327],[92.886351,12.942414],[92.910174,12.975229],[92.951464,13.062536],[93.004897,13.089511],[93.042983,13.154598],[93.066289,13.221803],[93.073678,13.251982],[93.016008,13.336111],[93.076831,13.400681],[93.066805,13.436648],[93.062051,13.545659],[93.029185,13.544083],[92.924437,13.48587],[92.857258,13.358332],[92.859893,13.230795],[92.809095,13.039773],[92.830799,13.002747]],[[92.55402,10.799806],[92.510095,10.897707],[92.44767,10.865435],[92.370931,10.793476],[92.352947,10.751127],[92.377287,10.650591],[92.36938,10.547393],[92.472526,10.520934],[92.502706,10.554808],[92.574122,10.704024],[92.55402,10.799806]]]}},{"type":"Feature","properties":{"featurecla":"sea","name":"Balearic Sea","namealt":null,"changed":"Version 1.4","note":null,"name_fr":"mer des Baléares","min_label":5.7,"max_label":10,"scalerank":4,"label":"Balearic Sea","wikidataid":"Q200712","name_ar":"البحر البلياري","name_bn":"বালেয়ারীয় সাগর","name_de":"Balearen-Meer","name_en":"Balearic Sea","name_es":"mar Balear","name_el":"Ιβηρική θάλασσα","name_hi":"बैलिएरिक सागर","name_hu":"Baleár-tenger","name_id":"Laut Balearik","name_it":"mare delle Baleari","name_ja":"バレアレス海","name_ko":"발레아레스해","name_nl":"Balearische Zee","name_pl":"Morze Balearskie","name_pt":"Mar das Baleares","name_ru":"Балеарское море","name_sv":"Baleariska sjön","name_tr":"Balear Denizi","name_vi":"biển Balear","name_zh":"巴利阿里海","ne_id":1159117105,"name_fa":"دریای بالئار","name_he":"הים הבלארי","name_uk":"Балеарське море","name_ur":"بحیرہ بلیبار","name_zht":"巴利阿里海"},"bbox":[-0.328992,38.659372,4.28163,41.962969],"geometry":{"type":"Polygon","coordinates":[[[4.275274,39.830437],[4.28163,39.816149],[3.18361,39.317135],[1.579677,38.659372],[1.572804,38.659914],[1.593991,38.672084],[1.592906,38.701721],[1.497149,38.711772],[1.436274,38.768383],[1.417258,38.739806],[1.40191,38.711229],[1.40563,38.671025],[1.505107,38.671025],[1.562778,38.660431],[0.228209,38.740349],[0.20175,38.759392],[0.155164,38.824478],[-0.034256,38.891166],[-0.133759,38.969482],[-0.205176,39.062603],[-0.328992,39.417129],[-0.326874,39.51981],[-0.075003,39.875938],[0.043,40.014044],[0.158368,40.106648],[0.363678,40.318857],[0.595964,40.614653],[0.627177,40.622069],[0.659991,40.613594],[0.720866,40.630518],[0.858997,40.686096],[0.891243,40.722605],[0.796003,40.803556],[0.71451,40.822625],[0.817191,40.891406],[1.033095,41.062326],[1.206108,41.097776],[1.566447,41.195677],[2.082385,41.287222],[2.145378,41.320553],[2.311001,41.466617],[3.004758,41.767709],[3.147074,41.86083],[3.248154,41.944443],[3.24712,41.961393],[3.263329,41.96242],[3.263295,41.9624],[3.271976,41.962969],[4.128151,40.057452],[4.05937,40.074893],[3.853543,40.063265],[3.845585,40.036265],[3.842949,39.976475],[3.867289,39.958492],[3.967851,39.945779],[4.275274,39.830437]],[[2.458641,39.530378],[2.499414,39.478004],[2.576102,39.530921],[2.634341,39.55632],[2.700487,39.542031],[2.745962,39.510276],[2.769785,39.410256],[2.799964,39.384857],[2.899958,39.368476],[3.073022,39.301271],[3.154516,39.333],[3.244484,39.386459],[3.293164,39.476945],[3.348716,39.555777],[3.414862,39.62722],[3.461939,39.697603],[3.44871,39.761088],[3.395793,39.777521],[3.34236,39.786512],[3.241281,39.756876],[3.145524,39.790207],[3.158753,39.836768],[3.190999,39.86165],[3.198441,39.889684],[3.167177,39.907694],[3.164541,39.924101],[3.197356,39.961127],[3.158753,39.970661],[2.904712,39.90821],[2.785133,39.854777],[2.371359,39.612931],[2.370274,39.572184],[2.394097,39.540455],[2.458641,39.530378]],[[1.256906,38.878997],[1.408783,38.857293],[1.445318,38.918684],[1.494514,38.93243],[1.623602,39.038806],[1.61306,39.087485],[1.56438,39.120817],[1.348476,39.080586],[1.302432,39.03139],[1.299797,38.981652],[1.256389,38.973177],[1.223574,38.903853],[1.256906,38.878997]]]}},{"type":"Feature","properties":{"featurecla":"sea","name":"Banda Sea","namealt":null,"changed":"Version 1.4","note":null,"name_fr":"mer de Banda","min_label":4,"max_label":8.5,"scalerank":2,"label":"Banda Sea","wikidataid":"Q171510","name_ar":"بحر باندا","name_bn":"বাণ্ডা সাগর","name_de":"Bandasee","name_en":"Banda Sea","name_es":"mar de Banda","name_el":"Θάλασσα Μπάντα","name_hi":"बांदा सागर","name_hu":"Banda-tenger","name_id":"Laut Banda","name_it":"Mar di Banda","name_ja":"バンダ海","name_ko":"반다해","name_nl":"Bandazee","name_pl":"Morze Banda","name_pt":"Mar de Banda","name_ru":"Море Банда","name_sv":"Bandasjön","name_tr":"Banda Denizi","name_vi":"Biển Banda","name_zh":"班达海","ne_id":1159115717,"name_fa":"دریای باندا","name_he":"ים בנדה","name_uk":"Банда","name_ur":"بحیرہ باندا","name_zht":"班達海"},"bbox":[120.254345,-8.7513,133.114128,-0.872556],"geometry":{"type":"Polygon","coordinates":[[[123.371622,-1.005881],[123.37431,-1.014873],[123.540966,-1.274185],[123.526703,-1.285813],[123.489135,-1.259354],[123.434616,-1.236617],[123.338239,-1.254083],[123.23778,-1.389527],[123.198093,-1.287931],[123.23406,-1.233413],[123.212356,-1.170988],[123.158405,-1.157758],[122.972629,-1.188971],[122.908085,-1.182098],[122.83243,-1.283177],[122.810726,-1.43185],[122.858372,-1.548277],[122.890618,-1.587448],[122.984307,-1.510709],[123.10492,-1.339815],[123.150447,-1.304365],[123.182745,-1.492725],[123.122955,-1.556235],[123.130345,-1.577371],[123.173185,-1.616025],[123.220314,-1.598558],[123.237212,-1.576854],[123.274781,-1.437173],[123.328783,-1.442961],[123.366868,-1.507039],[123.448879,-1.499081],[123.511872,-1.447198],[123.515593,-1.435571],[123.531974,-1.440894],[123.680131,-1.700154],[124.35642,-1.765267],[124.357505,-1.765783],[124.329962,-1.858904],[124.417812,-2.004942],[124.520441,-2.007061],[124.638935,-1.977967],[124.834272,-1.894354],[125.006768,-1.943034],[125.134822,-1.889083],[125.314191,-1.876888],[125.317912,-1.8372],[125.387262,-1.84304],[125.425864,-1.88221],[125.432685,-1.938279],[125.479297,-1.939881],[125.838552,-1.905982],[125.893639,-1.910787],[125.912191,-1.988044],[125.873537,-2.035638],[125.862943,-2.076927],[125.903199,-2.221931],[125.937564,-2.262652],[125.977768,-2.415615],[126.021176,-2.454217],[125.985726,-3.051648],[126.832393,-2.910365],[127.749443,-2.804531],[128.172776,-2.839981],[128.195514,-2.868558],[128.113503,-2.934704],[127.878014,-3.222025],[127.897083,-3.282383],[127.927727,-3.341656],[127.927727,-3.397208],[127.902302,-3.496169],[127.920337,-3.506194],[127.970101,-3.444286],[128.029891,-3.340571],[128.044205,-3.303519],[128.055833,-3.238458],[128.082291,-3.18394],[128.132004,-3.157481],[128.180734,-3.171796],[128.233031,-3.20244],[128.280212,-3.240577],[128.419376,-3.416225],[128.465937,-3.440048],[128.516735,-3.44904],[128.638949,-3.433175],[128.677087,-3.396692],[128.751139,-3.300367],[128.801885,-3.265433],[128.862812,-3.234738],[128.925185,-3.229467],[128.958051,-3.241094],[128.963891,-3.27179],[128.952212,-3.304087],[128.96756,-3.326308],[129.10781,-3.349046],[129.211989,-3.392454],[129.332706,-3.408836],[129.467633,-3.453277],[129.521635,-3.433692],[129.520549,-3.363309],[129.511558,-3.328427],[129.544889,-3.318867],[129.626383,-3.317317],[129.844406,-3.327342],[129.952823,-3.391369],[129.980935,-3.439015],[130.019589,-3.474465],[130.269858,-3.579213],[130.362927,-3.625256],[130.580485,-3.748556],[130.760939,-3.836406],[130.748226,-3.862865],[131.241943,-4.144915],[131.80656,-4.427481],[133.114128,-5.312234],[133.00876,-5.62131],[132.937912,-5.68265],[132.92153,-5.785331],[132.898741,-5.846206],[132.829443,-5.979531],[131.80656,-7.108248],[131.797568,-7.113519],[131.92247,-7.104527],[131.98226,-7.201886],[131.969547,-7.25165],[131.926656,-7.225192],[131.884281,-7.167521],[131.822941,-7.159046],[131.777466,-7.143698],[131.765839,-7.131502],[131.713956,-7.161681],[131.700726,-7.139977],[131.643572,-7.113002],[131.560477,-7.13574],[131.530866,-7.164885],[131.535103,-7.220438],[131.482703,-7.250565],[131.44622,-7.31516],[131.411287,-7.340017],[131.349378,-7.425231],[131.296978,-7.437892],[131.259926,-7.470706],[131.197501,-7.616796],[131.19006,-7.671831],[131.137712,-7.68506],[131.136626,-7.78185],[131.086914,-7.864946],[131.123397,-7.9221],[131.113889,-7.997238],[131.144585,-7.997238],[131.047226,-8.104673],[131.08743,-8.124775],[131.176314,-8.130615],[131.043505,-8.212108],[130.90801,-8.245956],[130.862018,-8.318975],[130.775201,-8.349671],[130.774685,-8.356027],[128.98451,-8.237481],[128.172776,-8.237481],[128.065858,-8.217896],[128.023535,-8.255465],[127.82086,-8.190404],[127.811351,-8.171336],[127.784893,-8.166581],[127.255726,-8.378248],[127.24937,-8.390392],[127.215005,-8.372977],[127.058322,-8.348069],[126.966287,-8.315823],[126.904895,-8.341713],[126.845622,-8.377163],[126.734518,-8.42269],[126.619693,-8.459742],[126.530758,-8.470852],[126.173053,-8.488836],[125.905318,-8.486717],[125.804239,-8.492039],[125.381939,-8.575084],[125.323234,-8.591517],[125.17823,-8.647586],[125.115754,-8.707892],[125.09038,-8.7513],[125.086143,-8.748665],[125.121076,-8.33484],[125.13167,-8.326365],[125.124797,-8.204667],[125.050176,-8.17981],[124.924241,-8.166065],[124.752262,-8.159708],[124.677072,-8.168183],[124.599299,-8.201515],[124.575477,-8.14064],[124.508814,-8.135369],[124.430524,-8.182963],[124.393472,-8.252829],[124.426287,-8.295669],[124.355387,-8.385638],[124.286554,-8.329569],[124.304589,-8.229006],[124.287122,-8.208388],[124.265418,-8.201515],[124.239476,-8.203633],[124.110337,-8.364502],[124.096074,-8.356027],[124.068531,-8.317942],[124.013547,-8.318458],[123.971741,-8.353908],[123.92456,-8.272415],[123.896035,-8.239083],[123.845185,-8.213142],[123.775939,-8.190404],[123.600756,-8.291483],[123.573264,-8.291483],[123.529856,-8.265025],[123.473218,-8.267144],[123.391156,-8.280373],[123.394928,-8.300475],[123.425107,-8.313136],[123.475905,-8.322127],[123.454718,-8.353908],[123.32501,-8.439123],[123.297053,-8.39835],[123.317672,-8.354942],[123.336172,-8.269211],[123.21711,-8.235363],[123.133497,-8.253914],[123.108124,-8.27505],[123.03247,-8.338044],[123.006012,-8.329052],[122.978468,-8.15175],[122.917076,-8.105706],[122.84566,-8.093046],[122.817599,-8.110461],[121.081943,-7.319915],[120.779791,-7.078069],[120.774468,-7.118842],[120.672356,-7.124629],[120.640626,-7.115638],[120.633185,-7.018279],[120.745323,-7.060086],[120.758552,-7.061171],[120.72951,-7.037865],[120.37656,-6.579081],[120.446943,-6.314498],[120.452214,-6.229284],[120.460689,-6.254192],[120.46813,-6.406017],[120.487147,-6.464773],[120.528437,-6.298633],[120.549056,-5.968938],[120.534276,-5.903877],[120.480274,-5.782696],[120.482393,-5.750398],[120.482393,-5.609115],[120.43051,-5.591131],[120.416764,-5.490052],[120.390822,-5.392694],[120.279201,-5.146094],[120.281268,-5.09266],[120.309897,-4.963004],[120.405137,-4.726998],[120.419968,-4.617444],[120.384518,-4.415337],[120.362297,-4.085642],[120.382916,-3.852271],[120.435316,-3.74804],[120.436349,-3.707267],[120.392424,-3.347961],[120.360643,-3.246933],[120.300337,-3.154329],[120.254345,-3.052733],[120.261218,-2.949535],[120.341626,-2.869644],[120.543785,-2.732546],[120.653855,-2.667485],[120.76496,-2.641544],[120.879268,-2.645781],[120.990372,-2.670121],[121.052281,-2.751615],[121.066595,-2.880754],[121.070316,-3.010359],[121.054399,-3.16699],[121.038018,-3.205127],[120.90676,-3.404081],[120.890844,-3.46015],[120.89198,-3.520508],[120.914201,-3.555958],[121.312678,-3.919502],[121.415824,-3.984046],[121.537574,-4.014742],[121.617983,-4.092515],[121.611626,-4.156542],[121.583566,-4.210544],[121.556591,-4.244392],[121.541243,-4.283046],[121.486156,-4.58096],[121.514268,-4.680954],[121.588889,-4.759813],[121.645526,-4.785754],[121.748156,-4.816967],[121.916982,-4.848179],[122.038164,-4.832315],[122.073045,-4.791542],[122.049791,-4.675115],[122.053977,-4.620079],[122.114335,-4.540188],[122.206939,-4.496263],[122.471522,-4.42221],[122.614924,-4.417456],[122.672078,-4.42221],[122.721843,-4.410532],[122.71497,-4.376167],[122.719724,-4.340717],[122.817599,-4.389913],[122.872118,-4.392031],[122.897491,-4.349192],[122.89961,-4.229561],[122.894339,-4.166102],[122.877389,-4.108948],[122.847727,-4.064454],[122.798014,-4.054429],[122.778997,-4.081404],[122.75042,-4.099956],[122.689545,-4.084608],[122.649858,-4.020581],[122.606449,-3.984563],[122.61017,-3.92374],[122.578441,-3.88245],[122.529193,-3.852788],[122.43447,-3.740081],[122.385274,-3.711504],[122.329205,-3.694038],[122.287916,-3.661792],[122.252983,-3.620502],[122.251381,-3.57606],[122.262491,-3.527381],[122.312772,-3.382894],[122.317526,-3.274942],[122.398969,-3.20089],[122.381037,-3.142133],[122.306364,-3.051648],[122.290551,-3.004002],[122.303264,-2.952171],[122.291637,-2.907729],[122.082605,-2.749496],[122.013824,-2.656375],[121.972018,-2.542584],[121.848149,-2.331434],[121.76986,-2.240948],[121.725935,-2.208185],[121.621703,-2.173769],[121.575143,-2.151031],[121.502072,-2.045198],[121.407401,-1.97006],[121.348645,-1.946237],[121.355518,-1.877973],[121.394689,-1.833531],[121.513751,-1.887998],[121.572456,-1.905465],[121.650797,-1.89544],[121.718545,-1.862625],[121.779885,-1.766817],[121.858743,-1.693281],[122.157743,-1.593804],[122.250864,-1.55515],[122.33396,-1.497996],[122.506456,-1.347721],[122.655697,-1.175225],[122.724478,-1.064121],[122.807574,-0.966194],[122.852533,-0.928108],[122.902814,-0.901133],[123.049368,-0.872556],[123.152566,-0.906921],[123.225585,-1.001644],[123.299689,-1.025984],[123.371622,-1.005881]],[[132.62992,-5.606996],[132.681287,-5.738771],[132.667489,-5.856231],[132.681287,-5.912352],[132.705109,-5.913386],[132.746347,-5.947234],[132.807222,-5.85096],[132.804587,-5.789052],[132.737872,-5.661515],[132.716685,-5.648285],[132.697668,-5.609115],[132.62992,-5.606996]],[[129.592018,-7.917346],[129.713716,-8.040646],[129.77981,-8.046434],[129.838566,-7.954398],[129.843372,-7.889286],[129.813193,-7.819987],[129.655477,-7.794563],[129.608864,-7.803554],[129.598891,-7.831615],[129.592018,-7.917346]],[[128.329408,-3.515754],[128.264295,-3.51255],[128.119343,-3.587688],[128.016145,-3.600917],[127.927727,-3.679258],[127.925143,-3.69936],[127.934135,-3.743285],[127.97806,-3.770777],[128.05206,-3.714708],[128.110868,-3.686648],[128.146835,-3.67714],[128.15903,-3.697758],[128.143114,-3.732692],[128.191845,-3.735327],[128.250033,-3.710988],[128.275406,-3.674504],[128.277524,-3.633215],[128.290754,-3.597765],[128.313543,-3.563865],[128.329408,-3.515754]],[[126.306379,-3.102963],[126.219614,-3.147973],[126.088407,-3.10565],[126.050219,-3.128388],[126.026447,-3.170711],[126.033889,-3.355919],[126.056626,-3.421031],[126.146595,-3.522627],[126.178324,-3.579213],[126.214343,-3.605154],[126.411178,-3.710471],[126.546622,-3.771862],[126.686355,-3.823694],[126.740306,-3.813669],[126.794307,-3.789329],[126.869962,-3.782973],[126.94081,-3.764421],[127.085349,-3.670783],[127.155164,-3.646961],[127.229785,-3.633215],[127.244099,-3.471261],[127.227149,-3.390852],[127.163639,-3.337935],[127.124468,-3.31096],[127.092222,-3.277629],[127.063128,-3.216754],[127.02556,-3.165956],[126.86097,-3.087615],[126.808053,-3.069115],[126.555097,-3.065394],[126.306379,-3.102963]],[[126.72656,-7.662271],[126.609616,-7.571786],[126.46301,-7.607752],[126.359295,-7.676585],[126.213774,-7.706713],[126.085203,-7.697204],[125.975133,-7.663356],[125.843358,-7.816784],[125.808476,-7.880811],[125.798399,-7.984525],[125.825943,-7.979254],[125.951878,-7.91099],[126.040245,-7.886133],[126.10851,-7.884015],[126.170935,-7.912592],[126.312735,-7.917863],[126.472053,-7.95016],[126.518045,-7.8697],[126.577318,-7.807792],[126.692712,-7.753273],[126.812808,-7.737977],[126.81441,-7.71679],[126.80118,-7.66811],[126.72656,-7.662271]],[[122.96896,-4.03009],[122.971078,-4.061302],[122.994901,-4.148067],[123.076343,-4.226925],[123.144608,-4.233281],[123.242535,-4.113185],[123.246772,-4.0412],[123.211839,-3.997275],[123.024977,-3.980894],[122.96896,-4.03009]],[[123.074793,-4.38676],[123.038258,-4.394667],[122.946739,-4.442829],[122.853049,-4.618529],[122.84938,-4.831229],[122.821268,-4.944504],[122.803853,-5.000056],[122.793776,-5.052456],[122.767887,-5.177306],[122.766285,-5.210121],[122.731351,-5.262004],[122.66996,-5.330785],[122.642468,-5.381067],[122.641899,-5.426025],[122.586347,-5.489019],[122.584797,-5.544571],[122.645103,-5.663633],[122.684274,-5.666269],[122.732953,-5.635056],[122.812328,-5.67154],[122.850414,-5.637692],[122.916043,-5.519146],[122.908602,-5.47734],[122.934543,-5.436619],[122.96896,-5.405923],[122.985858,-5.393727],[123.04358,-5.419152],[123.120837,-5.393211],[123.187499,-5.332904],[123.201762,-5.273115],[123.14993,-5.223867],[123.051435,-5.156688],[123.024512,-5.162475],[122.981052,-5.185781],[122.971595,-5.138704],[122.986426,-4.963004],[123.014435,-4.910088],[123.018156,-4.831746],[123.055208,-4.748185],[123.083785,-4.749219],[123.103887,-4.740227],[123.119235,-4.723277],[123.139337,-4.73971],[123.195974,-4.822754],[123.202847,-4.766169],[123.179489,-4.551298],[123.068953,-4.433838],[123.074793,-4.38676]],[[122.306984,-5.381067],[122.371477,-5.383185],[122.392147,-5.33554],[122.473641,-5.380498],[122.519685,-5.391092],[122.564126,-5.387371],[122.619162,-5.336056],[122.645103,-5.269394],[122.613891,-5.138704],[122.759928,-4.93391],[122.739826,-4.675115],[122.701741,-4.618529],[122.659935,-4.633877],[122.524439,-4.707413],[122.368893,-4.767202],[122.334476,-4.846577],[122.389977,-4.998454],[122.396385,-5.069871],[122.329205,-5.137619],[122.283162,-5.319675],[122.306984,-5.381067]],[[122.042918,-5.438169],[122.061935,-5.221231],[122.041316,-5.158806],[122.000026,-5.140823],[121.965662,-5.075711],[121.913727,-5.072558],[121.866185,-5.095813],[121.873574,-5.144492],[121.856573,-5.156171],[121.820658,-5.202731],[121.808462,-5.256165],[121.85926,-5.350371],[121.979408,-5.464627],[122.042918,-5.438169]]]}},{"type":"Feature","properties":{"featurecla":"sea","name":"Bering Sea","namealt":null,"changed":"Version 1.4","note":null,"name_fr":"mer de Béring","min_label":4,"max_label":8.5,"scalerank":2,"label":"Bering Sea","wikidataid":"Q44725","name_ar":"بحر بيرنغ","name_bn":"বেরিং সাগর","name_de":"Beringmeer","name_en":"Bering Sea","name_es":"mar de Bering","name_el":"Βερίγγειος θάλασσα","name_hi":"बेरी","name_hu":"Bering-tenger","name_id":"Laut Bering","name_it":"Mare di Bering","name_ja":"ベーリング海","name_ko":"베링해","name_nl":"Beringzee","name_pl":"Morze Beringa","name_pt":"Mar de Bering","name_ru":"Берингово море","name_sv":"Berings hav","name_tr":"Bering Denizi","name_vi":"Biển Bering","name_zh":"白令海","ne_id":1159117319,"name_fa":"دریای برینگ","name_he":"ים ברינג","name_uk":"Берингове море","name_ur":"بحیرہ بیرنگ","name_zht":"白令海"},"bbox":[-180,50.986836,179.999897,66.055917],"geometry":{"type":"MultiPolygon","coordinates":[[[[179.999897,50.986836],[179.959693,50.986836],[178.214476,51.064635],[175.78031,51.435052],[173.187393,51.911302],[170.329893,52.863802],[167.04906,54.133802],[164.773643,55.192135],[163.306239,56.18856],[163.296214,56.201247],[163.335385,56.232485],[163.294095,56.447847],[163.243297,56.564791],[163.256526,56.688091],[163.165524,56.725659],[163.046462,56.741524],[162.922076,56.722481],[162.850143,56.756872],[162.802497,56.811365],[162.791387,56.875418],[162.814693,57.023574],[162.808337,57.102949],[162.761776,57.243716],[162.762293,57.28392],[162.779191,57.357481],[162.95701,57.477603],[163.108887,57.56491],[163.187745,57.637412],[163.213635,57.686608],[163.216839,57.714152],[163.233789,57.712033],[166.260581,59.819166],[166.257894,59.855158],[166.273293,59.856192],[166.332049,59.872625],[166.452714,59.94722],[166.963845,60.307069],[167.226878,60.406546],[167.625872,60.468997],[167.745968,60.509201],[168.137572,60.573771],[168.462927,60.592271],[168.670408,60.56266],[168.788385,60.563694],[169.226601,60.595992],[169.275797,60.556821],[169.618102,60.437758],[169.814989,60.265262],[169.85416,60.250431],[169.886974,60.218159],[169.897568,60.147776],[169.927179,60.104394],[169.982782,60.066825],[170.154193,59.985848],[170.35108,59.965746],[170.396556,60.009671],[170.423531,60.047756],[170.512466,60.259423],[170.588637,60.343035],[170.589722,60.393833],[170.608222,60.435123],[170.799218,60.496514],[170.949545,60.522973],[171.489822,60.725622],[171.729549,60.843108],[171.830628,60.837295],[171.91791,60.86427],[171.997802,60.900779],[172.067151,60.91561],[172.213189,60.997621],[172.392609,61.061648],[172.36243,61.116683],[172.396227,61.167481],[172.497358,61.186007],[172.584691,61.190219],[172.69688,61.249518],[172.689956,61.295019],[172.730677,61.314604],[172.788864,61.310883],[172.867774,61.2929],[172.907927,61.3114],[172.837595,61.375427],[172.806899,61.436302],[172.856664,61.469117],[173.054585,61.406149],[173.131841,61.406666],[173.390585,61.556941],[173.623439,61.716233],[173.822393,61.679181],[174.138859,61.795066],[174.284897,61.817312],[174.514547,61.823643],[174.610304,61.867568],[174.715052,61.948002],[174.797631,61.93901],[175.192387,62.03425],[175.268093,62.102515],[175.365968,62.121583],[175.442191,62.127914],[175.61417,62.184525],[176.328545,62.345936],[176.436497,62.411023],[176.702631,62.505746],[176.907424,62.535899],[177.159295,62.560781],[177.189474,62.591477],[177.007935,62.62641],[176.964578,62.658656],[176.963545,62.693073],[176.990003,62.722167],[177.023335,62.777202],[177.091031,62.789372],[177.172524,62.750227],[177.258824,62.750227],[177.298512,62.784101],[177.339233,62.78144],[177.359852,62.736998],[177.315927,62.685115],[177.295824,62.644394],[177.292672,62.598893],[177.351428,62.587239],[177.663089,62.583002],[178.019191,62.547035],[178.963785,62.355471],[179.044762,62.323716],[179.120364,62.320537],[179.134162,62.396192],[179.177053,62.469236],[179.288674,62.5105],[179.477087,62.613181],[179.527885,62.653385],[179.999897,62.653385],[179.999897,50.986836]],[[178.925699,51.535046],[179.278081,51.372084],[179.451662,51.372601],[179.415643,51.400635],[179.294514,51.420763],[179.181807,51.469985],[179.084449,51.527656],[178.908232,51.615506],[178.692328,51.65571],[178.647887,51.644083],[178.746795,51.586929],[178.925699,51.535046]],[[177.260323,51.883784],[177.328639,51.840919],[177.415455,51.882725],[177.594307,51.947811],[177.595858,51.993855],[177.653012,52.060001],[177.669393,52.102867],[177.63663,52.113977],[177.56356,52.110256],[177.520203,52.018195],[177.478397,51.991736],[177.380522,51.975872],[177.250349,51.902827],[177.260323,51.883784]],[[172.775635,52.797139],[172.935005,52.752129],[173.080526,52.81458],[173.158816,52.810885],[173.302735,52.825691],[173.348262,52.824631],[173.394822,52.834708],[173.43606,52.852149],[173.25142,52.94266],[173.102179,52.995577],[172.984201,52.980229],[172.811705,53.013018],[172.67776,53.007747],[172.494722,52.93788],[172.595233,52.907184],[172.721685,52.885506],[172.775635,52.797139]],[[167.677135,54.697902],[168.081451,54.512694],[168.039128,54.565068],[167.882497,54.690486],[167.710518,54.770378],[167.592489,54.797896],[167.511564,54.857169],[167.441697,54.856109],[167.488258,54.794744],[167.677135,54.697902]],[[166.521495,54.767743],[166.64526,54.694181],[166.650066,54.839185],[166.577564,54.90745],[166.479689,54.949773],[166.403983,55.005868],[166.24792,55.165677],[166.229885,55.242416],[166.275929,55.311715],[166.211901,55.32391],[165.931453,55.351402],[165.830323,55.30696],[165.750948,55.294791],[165.99176,55.190559],[166.066381,55.135524],[166.082297,55.076768],[166.119866,55.030207],[166.229885,54.936544],[166.324608,54.864584],[166.381762,54.838126],[166.463824,54.82699],[166.521495,54.767743]]],[[[-162.960978,54.300484],[-165.051186,53.615746],[-168.07219,52.705052],[-170.629657,52.030881],[-173.804657,51.505435],[-176.842611,51.206978],[-178.884657,51.100085],[-179.995907,51.082102],[-180,51.082102],[-180,61.653844],[-173.698824,64.329252],[-173.695103,64.360465],[-173.666009,64.357312],[-173.603558,64.365219],[-173.474987,64.428729],[-173.395612,64.47901],[-173.327348,64.539317],[-173.309364,64.487485],[-173.309364,64.442501],[-173.37551,64.410229],[-173.37551,64.354651],[-173.27549,64.289565],[-173.157487,64.279513],[-173.009305,64.297497],[-172.960109,64.32765],[-172.915641,64.369482],[-172.948999,64.507587],[-172.902955,64.526088],[-172.791308,64.499112],[-172.755832,64.459942],[-172.738908,64.412348],[-172.694466,64.407025],[-172.401306,64.413924],[-172.378542,64.431365],[-172.39389,64.474773],[-172.436756,64.51552],[-172.487554,64.544097],[-172.616151,64.577971],[-172.74684,64.603344],[-172.854276,64.609726],[-172.900836,64.628769],[-172.889183,64.664219],[-172.924116,64.704966],[-172.902412,64.729305],[-172.81141,64.76106],[-172.800816,64.790671],[-172.897141,64.826147],[-172.998195,64.837257],[-173.086044,64.817129],[-173.066459,64.847308],[-172.999254,64.876402],[-172.897141,64.889114],[-172.792367,64.882758],[-172.59287,64.908157],[-172.398645,64.964795],[-172.304464,65.002338],[-172.213436,65.047864],[-172.223513,65.128816],[-172.285938,65.205555],[-172.378542,65.226717],[-172.482257,65.221962],[-172.573285,65.228319],[-172.661652,65.248421],[-172.309219,65.275396],[-172.270074,65.302914],[-172.211343,65.425154],[-172.233022,65.45585],[-172.305524,65.447918],[-172.417713,65.449494],[-172.391772,65.474376],[-172.354203,65.49608],[-172.556361,65.611964],[-172.78335,65.681288],[-172.719323,65.692399],[-172.607676,65.690254],[-172.435697,65.669635],[-172.322448,65.617778],[-172.282243,65.582302],[-172.234081,65.570675],[-172.131426,65.56698],[-171.957328,65.542098],[-171.947277,65.507707],[-171.907073,65.49608],[-171.790103,65.510369],[-171.466273,65.533106],[-171.363617,65.527293],[-171.215978,65.502927],[-171.169934,65.501894],[-171.105907,65.510885],[-171.05405,65.550056],[-171.134484,65.627829],[-171.303285,65.698212],[-171.401703,65.751646],[-171.450925,65.793969],[-171.421288,65.810402],[-171.376846,65.804046],[-171.231842,65.736841],[-171.119136,65.695034],[-171.00165,65.664881],[-170.896876,65.64266],[-170.666166,65.621473],[-170.56085,65.656406],[-170.54129,65.710382],[-170.562969,65.823631],[-170.540748,65.865437],[-170.40104,65.928379],[-170.272469,65.970728],[-170.159221,66.008297],[-170.003649,66.033696],[-169.949156,66.03106],[-169.891459,66.006178],[-169.831669,65.998788],[-169.733252,66.055917],[-168.083843,65.661677],[-168.088598,65.657982],[-168.035138,65.595531],[-167.987002,65.568039],[-167.586949,65.46802],[-167.403859,65.421976],[-166.665144,65.338389],[-166.609566,65.352652],[-166.197344,65.305575],[-166.157139,65.285989],[-166.121689,65.260591],[-166.279897,65.27382],[-166.451876,65.247361],[-166.531251,65.154757],[-166.762503,65.135172],[-166.856683,65.147342],[-166.906448,65.163749],[-166.928668,65.156876],[-166.827073,65.096027],[-166.550836,64.953142],[-166.415366,64.926683],[-166.408493,64.827206],[-166.478334,64.79757],[-166.481512,64.728246],[-166.324881,64.625591],[-166.142851,64.582725],[-165.445942,64.512858],[-165.137951,64.465264],[-164.978684,64.453611],[-164.963336,64.454671],[-164.963336,64.452552],[-164.435746,63.200019],[-164.463263,63.185187],[-164.525198,63.127517],[-164.374897,63.053955],[-164.384431,63.030675],[-164.428356,63.040209],[-164.677591,63.020624],[-164.763839,62.970885],[-164.799832,62.917969],[-164.845333,62.801025],[-164.818875,62.677208],[-164.792933,62.623232],[-164.689219,62.676666],[-164.589225,62.70948],[-164.596098,62.686717],[-164.688159,62.608401],[-164.844274,62.580883],[-164.796111,62.511559],[-164.758026,62.496754],[-164.779187,62.481406],[-164.891893,62.517399],[-164.999846,62.533806],[-165.11573,62.512619],[-165.194588,62.473448],[-165.447518,62.30413],[-165.707348,62.100396],[-165.743857,62.011512],[-165.725331,61.959112],[-165.705746,61.927357],[-165.612625,61.86917],[-165.833826,61.836872],[-165.991516,61.834236],[-166.078824,61.803024],[-166.020093,61.748505],[-165.808943,61.696131],[-165.834342,61.679181],[-166.100528,61.645333],[-166.131198,61.657503],[-166.16825,61.650604],[-166.163495,61.589213],[-166.152902,61.54583],[-166.094172,61.506685],[-165.961337,61.551127],[-165.845453,61.536296],[-165.79729,61.491337],[-165.906302,61.404004],[-165.863979,61.33574],[-165.691457,61.299773],[-165.62743,61.165362],[-165.566064,61.102395],[-165.480333,61.094979],[-165.380856,61.10609],[-165.379254,61.168541],[-165.391966,61.212466],[-165.333753,61.265899],[-165.273421,61.274916],[-165.243784,61.26856],[-165.310989,61.227813],[-165.344863,61.19766],[-165.279777,61.1696],[-165.20358,61.15265],[-165.150121,61.187067],[-165.1279,61.192338],[-165.137951,61.129912],[-165.077102,61.094462],[-164.941115,61.115107],[-164.869156,61.111929],[-164.875486,61.086504],[-164.999846,61.043664],[-165.17552,60.965866],[-165.114671,60.933077],[-165.065475,60.920881],[-164.806162,60.929899],[-164.805103,60.891787],[-164.899826,60.873261],[-165.016253,60.73991],[-165.353855,60.540956],[-165.224741,60.523489],[-165.113094,60.526125],[-165.026304,60.500726],[-165.048525,60.464217],[-165.061237,60.412359],[-164.919954,60.348332],[-164.799832,60.307069],[-164.662243,60.303865],[-164.470679,60.149378],[-164.131475,59.994323],[-164.141009,59.948796],[-164.142611,59.896964],[-163.907122,59.806996],[-163.680624,59.801699],[-163.219205,59.845624],[-162.877882,59.92288],[-162.732361,59.993806],[-162.570976,59.989569],[-162.535526,60.038248],[-162.500592,60.126614],[-162.527051,60.199117],[-162.547695,60.230872],[-162.684741,60.268957],[-162.599553,60.297018],[-162.468837,60.394893],[-162.265103,60.595449],[-162.200016,60.634077],[-162.138108,60.685418],[-162.068267,60.694952],[-161.961891,60.695469],[-161.946569,60.684875],[-162.138651,60.614518],[-162.287866,60.456827],[-162.421217,60.283788],[-162.242365,60.178472],[-162.138108,59.980034],[-161.908458,59.714392],[-161.82854,59.588456],[-161.831719,59.514378],[-161.872465,59.428104],[-161.920111,59.365679],[-162.023283,59.284185],[-161.98096,59.14608],[-161.890991,59.076213],[-161.794692,59.109545],[-161.644391,59.109545],[-161.788853,59.016424],[-161.790455,58.949735],[-161.780404,58.897361],[-161.724309,58.794164],[-161.856601,58.716907],[-162.008478,58.685152],[-162.145007,58.644431],[-162.131778,58.643372],[-161.438022,55.968419],[-161.697308,55.907027],[-161.936492,55.823957],[-162.157177,55.719183],[-162.349258,55.594824],[-162.513305,55.449846],[-162.658826,55.350885],[-162.786337,55.296909],[-162.857263,55.252984],[-162.871552,55.218594],[-162.906459,55.195313],[-162.962037,55.18366],[-163.008055,55.186838],[-163.045107,55.204848],[-163.114431,55.193711],[-163.278995,55.121752],[-163.303877,55.095836],[-163.305995,55.058784],[-163.285867,55.010105],[-163.296461,54.949256],[-163.337725,54.876211],[-163.335089,54.839185],[-163.379014,54.815362],[-163.475856,54.980469],[-163.510763,55.014317],[-163.553112,55.037623],[-163.607605,55.050852],[-163.807102,55.04925],[-163.867951,55.039199],[-164.145247,54.95507],[-164.273843,54.900034],[-164.424118,54.913263],[-164.478611,54.906907],[-164.529952,54.880992],[-164.706168,54.692062],[-164.751669,54.662969],[-164.887656,54.607933],[-164.903547,54.568246],[-164.904063,54.544966],[-164.865978,54.461353],[-164.823629,54.419004],[-164.743737,54.407377],[-164.590801,54.404199],[-164.463263,54.427479],[-164.403474,54.447607],[-164.346862,54.482515],[-164.234673,54.571424],[-164.171162,54.603179],[-164.073287,54.621162],[-163.583265,54.6254],[-163.530891,54.638086],[-163.357853,54.735471],[-163.090608,54.670358],[-163.09221,54.664028],[-162.960978,54.300484]],[[-166.247082,60.391198],[-166.364052,60.364739],[-166.420121,60.381664],[-166.475699,60.382723],[-166.598999,60.338798],[-166.730748,60.31606],[-166.784207,60.296475],[-166.836581,60.2171],[-167.251982,60.233507],[-167.344586,60.22449],[-167.436674,60.206506],[-167.294848,60.095919],[-167.138733,60.008611],[-166.98528,59.983729],[-166.627576,59.864667],[-166.342864,59.834513],[-166.261371,59.814928],[-166.187292,59.773664],[-166.148664,59.76413],[-166.106858,59.775241],[-166.131198,59.819708],[-166.099985,59.849861],[-165.946532,59.890066],[-165.769256,59.893244],[-165.59198,59.913372],[-165.605209,59.972619],[-165.630608,60.028171],[-165.712102,60.06946],[-165.706805,60.100673],[-165.714221,60.172658],[-165.689364,60.223973],[-165.695695,60.28167],[-165.729568,60.313942],[-165.784604,60.335646],[-165.840699,60.346213],[-165.994694,60.331408],[-166.04389,60.334044],[-166.135435,60.383782],[-166.185174,60.397011],[-166.247082,60.391198]],[[-165.893073,54.206821],[-165.966634,54.211058],[-166.041255,54.191473],[-166.087815,54.169252],[-166.105799,54.144912],[-166.102621,54.1137],[-166.056603,54.054427],[-166.036475,54.047011],[-165.93276,54.059181],[-165.910023,54.04913],[-165.879327,54.052851],[-165.841758,54.070834],[-165.738043,54.080885],[-165.693059,54.099928],[-165.704169,54.120056],[-165.764502,54.152302],[-165.893073,54.206821]],[[-167.071528,53.783487],[-167.027086,53.769199],[-166.97311,53.770775],[-166.889498,53.758631],[-166.777308,53.733232],[-166.741341,53.713104],[-166.803766,53.685586],[-166.809063,53.645899],[-166.818598,53.641145],[-166.838183,53.648018],[-166.894278,53.697239],[-167.015976,53.698299],[-167.042434,53.654374],[-167.092173,53.635848],[-167.136098,53.52632],[-167.20382,53.495107],[-167.423444,53.43741],[-167.530311,53.393485],[-167.638806,53.386612],[-167.710249,53.370748],[-167.808666,53.323645],[-167.780632,53.300364],[-167.669502,53.26016],[-167.628755,53.259618],[-167.592245,53.272847],[-167.522379,53.276025],[-167.480056,53.29189],[-167.428715,53.325763],[-167.381096,53.342171],[-167.337171,53.341111],[-167.300661,53.350646],[-167.271025,53.370748],[-167.153564,53.407774],[-166.96094,53.447461],[-166.85087,53.452758],[-166.770435,53.476039],[-166.702171,53.536913],[-166.522259,53.60939],[-166.443943,53.651713],[-166.354517,53.673417],[-166.309533,53.697239],[-166.338653,53.717858],[-166.384671,53.72052],[-166.54926,53.700934],[-166.545539,53.726333],[-166.488928,53.785606],[-166.319067,53.873973],[-166.230701,53.932729],[-166.335475,53.970815],[-166.372501,53.998875],[-166.400018,53.97823],[-166.442884,53.924771],[-166.497403,53.883507],[-166.571998,53.853354],[-166.615406,53.900948],[-166.627576,53.995671],[-166.673077,54.005748],[-166.733926,54.002027],[-166.848751,53.977687],[-166.977864,53.962882],[-167.038197,53.942237],[-167.090596,53.905728],[-167.118114,53.872397],[-167.121266,53.843277],[-167.105402,53.813124],[-167.071528,53.783487]],[[-167.828252,53.507794],[-167.985942,53.558075],[-168.07325,53.55699],[-168.192829,53.533193],[-168.287552,53.500378],[-168.357418,53.457538],[-168.396563,53.408833],[-168.405555,53.353798],[-168.397106,53.322069],[-168.363232,53.303543],[-168.380156,53.28344],[-168.436793,53.256982],[-168.572263,53.265431],[-168.638926,53.255923],[-168.689724,53.227346],[-168.75959,53.174946],[-168.777574,53.149004],[-168.78287,53.079164],[-168.7961,53.044773],[-168.836304,53.019916],[-168.909323,52.951109],[-168.973892,52.909846],[-169.07337,52.864319],[-169.088717,52.832047],[-169.065954,52.834166],[-168.741064,52.956923],[-168.698715,52.963279],[-168.597662,53.016196],[-168.548957,53.036298],[-168.505575,53.043171],[-168.445785,53.08446],[-168.370105,53.159598],[-168.270628,53.237914],[-167.964238,53.345323],[-167.865278,53.387129],[-167.843057,53.434775],[-167.804429,53.485056],[-167.828252,53.507794]],[[-171.631896,63.351353],[-171.519189,63.331768],[-171.401186,63.339183],[-171.287395,63.371998],[-171.175748,63.41644],[-171.061465,63.446076],[-170.95403,63.452949],[-170.848197,63.4445],[-170.527002,63.379413],[-170.424346,63.349234],[-170.323267,63.311149],[-170.272469,63.284148],[-170.242833,63.232291],[-170.189374,63.196298],[-170.115296,63.193662],[-169.988301,63.173018],[-169.863425,63.140229],[-169.81844,63.12222],[-169.777693,63.093643],[-169.720023,62.989928],[-169.676098,62.95608],[-169.622638,62.968767],[-169.571324,62.996827],[-169.559154,63.058193],[-169.470787,63.12116],[-169.364954,63.170899],[-169.10882,63.184671],[-168.852194,63.171442],[-168.761166,63.213765],[-168.716182,63.310606],[-168.996113,63.347116],[-169.221009,63.348692],[-169.295087,63.357709],[-169.427379,63.348175],[-169.554374,63.373574],[-169.587188,63.406388],[-169.62424,63.430728],[-169.777693,63.448195],[-170.017395,63.491577],[-170.056049,63.527027],[-170.082507,63.576791],[-170.121652,63.617538],[-170.17139,63.640819],[-170.299445,63.680506],[-170.43016,63.699006],[-170.551858,63.688438],[-170.672523,63.668853],[-170.874655,63.594232],[-171.035007,63.585241],[-171.196909,63.609063],[-171.343489,63.619631],[-171.447747,63.615936],[-171.463094,63.640276],[-171.646701,63.727067],[-171.746204,63.703244],[-171.803332,63.580486],[-171.818163,63.529688],[-171.819223,63.477289],[-171.791162,63.424914],[-171.737729,63.394219],[-171.631896,63.351353]],[[-172.958507,60.462615],[-172.635736,60.328747],[-172.397068,60.330866],[-172.231962,60.29911],[-172.277489,60.343552],[-172.387534,60.398588],[-172.526182,60.391715],[-172.742086,60.457344],[-172.860089,60.505506],[-172.924116,60.607102],[-173.047416,60.568448],[-173.073875,60.493336],[-172.958507,60.462615]],[[-173.657017,52.143588],[-173.779258,52.118214],[-173.794063,52.104443],[-173.939067,52.131444],[-173.992501,52.123485],[-173.989323,52.103383],[-173.930076,52.072171],[-173.878735,52.053645],[-173.83587,52.048348],[-173.672365,52.062636],[-173.461215,52.041475],[-173.368611,52.045712],[-173.232082,52.067933],[-173.178649,52.062636],[-173.023077,52.079044],[-173.024136,52.090671],[-173.113562,52.100205],[-173.357501,52.095451],[-173.553303,52.136198],[-173.657017,52.143588]],[[-174.667731,52.135138],[-174.915907,52.094392],[-175.117523,52.047289],[-175.214364,52.038297],[-175.295315,52.02189],[-175.213822,51.993855],[-174.677239,52.035119],[-174.343332,52.077984],[-174.120555,52.135138],[-174.179311,52.200225],[-174.163421,52.223505],[-174.054952,52.246269],[-174.03007,52.289651],[-174.018442,52.332],[-174.045417,52.36745],[-174.168717,52.420367],[-174.306823,52.378018],[-174.365579,52.342025],[-174.435419,52.317169],[-174.406326,52.296007],[-174.258686,52.269006],[-174.306306,52.21609],[-174.474048,52.183818],[-174.667731,52.135138]],[[-176.59707,51.981685],[-176.698124,51.985923],[-176.745227,51.894895],[-176.736235,51.839859],[-176.773804,51.818698],[-176.87434,51.790663],[-176.961674,51.603853],[-176.837314,51.675812],[-176.771168,51.629795],[-176.557383,51.711805],[-176.510823,51.745679],[-176.469533,51.731365],[-176.452609,51.735628],[-176.437261,51.754128],[-176.437261,51.820274],[-176.473228,51.837198],[-176.588079,51.832986],[-176.59335,51.86686],[-176.551569,51.919777],[-176.549967,51.944117],[-176.59707,51.981685]],[[-177.670209,51.701211],[-177.654861,51.676355],[-177.577605,51.694338],[-177.474433,51.701211],[-177.382346,51.704906],[-177.229952,51.693279],[-177.177035,51.703873],[-177.148458,51.716559],[-177.135229,51.807045],[-177.121457,51.835622],[-177.079677,51.866318],[-177.063269,51.901768],[-177.10983,51.928769],[-177.131534,51.929802],[-177.166441,51.909183],[-177.20985,51.841461],[-177.257469,51.804952],[-177.334726,51.776375],[-177.667574,51.721339],[-177.670209,51.701211]],[[-177.87924,51.649897],[-177.82684,51.685889],[-177.770746,51.777951],[-177.724728,51.801774],[-177.644293,51.826088],[-177.799865,51.839859],[-177.866011,51.860504],[-177.953861,51.918175],[-178.116823,51.916056],[-178.168163,51.902827],[-178.194622,51.882208],[-178.153332,51.848334],[-178.044863,51.801231],[-177.986133,51.764205],[-177.977141,51.737747],[-177.999879,51.717619],[-178.078737,51.69116],[-178.059152,51.67266],[-177.925284,51.617625],[-177.901461,51.616565],[-177.87924,51.649897]]]]}},{"type":"Feature","properties":{"featurecla":"sea","name":"Bismarck Sea","namealt":null,"changed":"Version 1.4","note":null,"name_fr":"mer de Bismarck","min_label":5.7,"max_label":10,"scalerank":4,"label":"Bismarck Sea","wikidataid":"Q199436","name_ar":"بحر بيسمارك","name_bn":"বিসমার্ক সী","name_de":"Bismarcksee","name_en":"Bismarck Sea","name_es":"mar de Bismarck","name_el":"Θάλασσα Μπίσμαρκ","name_hi":"बिस्मार्क सागर","name_hu":"Bismarck-tenger","name_id":"Laut Bismarck","name_it":"Mare di Bismarck","name_ja":"ビスマルク海","name_ko":"비스마르크해","name_nl":"Bismarckzee","name_pl":"Morze Nowogwinejskie","name_pt":"Mar de Bismarck","name_ru":"Новогвинейское море","name_sv":"Bismarcksjön","name_tr":"Bismarck Denizi","name_vi":"Biển Bismarck","name_zh":"俾斯麦海","ne_id":1159116735,"name_fa":"دریای بیسمارک","name_he":"ים ביסמרק","name_uk":"Новогвінейське море","name_ur":"بحیرہ بسمارک","name_zht":"俾斯麥海"},"bbox":[141.974518,-5.981133,152.697016,-1.386892],"geometry":{"type":"Polygon","coordinates":[[[150.450693,-2.5246],[150.824262,-2.559533],[151.034378,-2.710325],[150.995156,-2.688104],[150.825347,-2.572763],[150.842814,-2.643663],[150.826381,-2.712961],[150.745972,-2.738902],[150.848085,-2.779675],[150.968232,-2.779675],[151.066573,-2.828871],[151.40526,-3.036817],[151.465101,-3.101412],[151.578324,-3.153761],[151.793143,-3.337935],[151.87996,-3.399844],[151.973081,-3.453277],[152.02331,-3.468625],[152.136068,-3.487177],[152.174722,-3.499838],[152.216477,-3.527381],[152.27947,-3.582417],[152.355693,-3.668148],[152.598572,-3.99464],[152.667922,-4.131685],[152.697016,-4.281961],[152.693295,-4.356065],[152.689574,-4.374565],[152.378431,-4.43699],[152.405406,-4.340717],[152.299572,-4.320615],[152.19746,-4.285164],[152.117051,-4.212094],[151.96781,-4.316894],[151.91541,-4.296792],[151.86456,-4.260773],[151.819602,-4.2169],[151.703743,-4.19995],[151.593156,-4.200984],[151.560341,-4.247544],[151.544476,-4.299427],[151.551866,-4.345471],[151.664572,-4.637029],[151.678887,-4.760846],[151.670929,-4.883112],[151.572537,-4.937579],[151.439677,-4.930706],[151.380972,-4.9413],[151.326453,-4.960369],[151.137524,-5.112763],[151.068743,-5.204282],[151.022183,-5.320709],[150.952885,-5.423906],[150.900485,-5.447212],[150.842814,-5.453517],[150.784574,-5.470984],[150.734345,-5.510671],[150.625824,-5.520748],[150.519474,-5.460442],[150.404649,-5.473102],[150.298816,-5.535579],[150.182906,-5.523383],[150.106218,-5.429177],[150.072318,-5.309598],[150.08131,-5.186298],[150.108802,-5.136017],[150.170245,-5.07044],[150.122031,-5.01804],[150.090302,-5.011683],[150.045343,-5.034421],[150.012012,-5.139738],[149.962816,-5.447729],[149.831558,-5.5239],[149.681283,-5.523383],[149.631518,-5.515994],[149.475455,-5.573148],[149.358977,-5.58369],[149.245185,-5.573148],[149.124056,-5.522867],[148.999205,-5.484781],[148.783301,-5.511756],[148.724545,-5.493204],[148.665789,-5.4869],[148.61556,-5.507519],[148.564762,-5.508036],[148.482699,-5.485815],[148.431901,-5.472069],[148.415468,-5.485815],[147.787393,-5.485815],[147.448706,-5.981133],[147.422816,-5.966302],[147.376772,-5.950954],[147.248149,-5.954675],[147.120664,-5.945115],[147.034364,-5.919225],[146.403602,-5.616504],[146.205164,-5.545088],[145.999337,-5.496925],[145.852782,-5.471552],[145.745347,-5.402202],[145.792941,-5.177823],[145.788135,-4.890502],[145.767051,-4.822754],[145.334726,-4.385158],[145.208222,-4.380404],[145.087609,-4.349192],[145.008234,-4.275604],[144.938368,-4.188323],[144.843593,-4.101506],[144.73776,-4.029004],[144.626656,-3.993038],[144.548366,-3.913146],[144.524543,-3.855475],[144.477983,-3.825296],[144.426668,-3.809431],[144.374268,-3.802558],[144.247816,-3.818423],[144.12188,-3.815219],[144.066276,-3.805194],[144.016047,-3.78349],[143.887424,-3.697242],[143.796939,-3.61735],[143.700614,-3.573425],[143.509101,-3.431056],[143.37836,-3.39509],[143.13021,-3.354885],[143.015385,-3.344808],[142.905314,-3.320469],[142.54916,-3.204559],[142.211558,-3.083377],[141.985628,-2.963281],[141.974518,-2.961163],[141.982424,-2.923077],[142.575618,-1.845158],[143.249272,-1.386892],[144.327656,-1.535048],[145.163264,-1.777411],[146.57031,-2.010781],[146.608344,-2.008146],[146.595734,-2.017138],[146.606845,-2.102352],[146.532224,-2.126123],[146.531139,-2.154183],[146.546435,-2.208702],[146.572428,-2.210252],[146.635422,-2.173252],[146.698881,-2.182761],[146.748128,-2.148912],[146.926464,-2.189117],[147.064026,-2.186998],[147.142316,-2.166896],[147.206343,-2.181727],[147.301635,-2.090673],[147.336568,-2.065817],[147.385247,-2.070571],[147.438164,-2.058944],[147.443951,-2.011298],[147.424366,-1.9944],[147.418578,-2.001273],[147.422816,-2.024527],[147.400595,-2.025044],[147.124901,-1.971094],[147.311143,-1.957865],[148.16892,-2.114496],[149.11031,-2.328281],[149.961731,-2.478556],[149.969172,-2.479073],[149.985037,-2.491269],[150.043224,-2.512456],[150.101464,-2.602373],[150.166008,-2.660044],[150.237424,-2.675392],[150.436379,-2.661646],[150.445939,-2.632552],[150.451727,-2.540982],[150.450693,-2.5246]],[[147.029093,-5.342413],[147.120095,-5.437652],[147.176216,-5.431865],[147.221691,-5.381583],[147.206343,-5.25141],[147.131206,-5.191052],[147.01483,-5.257198],[147.005839,-5.306963],[147.029093,-5.342413]]]}},{"type":"Feature","properties":{"featurecla":"sea","name":"Celebes Sea","namealt":null,"changed":"Version 1.4","note":null,"name_fr":"mer de Célèbes","min_label":4,"max_label":8.5,"scalerank":2,"label":"Celebes Sea","wikidataid":"Q19270","name_ar":"بحر سيليبس","name_bn":"সেলেবস সী","name_de":"Celebessee","name_en":"Celebes Sea","name_es":"mar de Célebes","name_el":"Θάλασσα της Κελέβης","name_hi":"सुलावेसी सागर","name_hu":"Celebesz-tenger","name_id":"Laut Sulawesi","name_it":"mare di Celebes","name_ja":"セレベス海","name_ko":"술라웨시해","name_nl":"Celebeszee","name_pl":"Morze Celebes","name_pt":"Mar de Celebes","name_ru":"Сулавеси","name_sv":"Sulawesisjön","name_tr":"Celebes Denizi","name_vi":"Biển Celebes","name_zh":"西里伯斯海","ne_id":1159115635,"name_fa":"دریای سلب","name_he":"ים סלבס","name_uk":"Море Сулавесі","name_ur":"بحیرہ سلیبس","name_zht":"西里伯斯海"},"bbox":[117.056039,0.838244,125.635412,7.832235],"geometry":{"type":"Polygon","coordinates":[[[125.377701,5.617694],[125.42483,3.705278],[125.462916,3.658175],[125.468755,3.639132],[125.501001,3.593088],[125.517435,3.549706],[125.511595,3.461339],[125.633293,3.405245],[125.635412,3.397312],[125.521672,3.000954],[125.481364,2.781872],[125.42483,2.628419],[125.465035,2.352725],[125.335378,1.95585],[125.165518,1.664291],[125.155441,1.651062],[125.110948,1.685453],[124.989301,1.700801],[124.946978,1.672224],[124.86073,1.575899],[124.787712,1.46743],[124.746939,1.441514],[124.643741,1.41609],[124.600385,1.392293],[124.575477,1.3039],[124.53367,1.230364],[124.410939,1.184838],[124.273893,1.022419],[123.930968,0.850439],[123.846839,0.838244],[123.277985,0.928212],[123.066318,0.941958],[123.012885,0.938806],[122.959968,0.922941],[122.89222,0.849871],[122.838218,0.845685],[122.790107,0.8631],[122.657247,0.940356],[122.549295,0.984281],[122.436589,1.018181],[122.107927,1.03141],[121.867218,1.088564],[121.591524,1.067894],[121.550803,1.079573],[121.513234,1.104946],[121.472462,1.155744],[121.440164,1.2145],[121.404197,1.243594],[121.356552,1.254704],[121.281982,1.24995],[121.208344,1.262662],[121.081943,1.327723],[121.024789,1.325604],[120.965516,1.311858],[120.912083,1.289121],[120.876116,1.259458],[120.85281,1.287519],[118.957887,0.954154],[118.98481,0.982163],[118.963158,1.044123],[118.852518,1.095954],[118.638785,1.318731],[118.47156,1.416632],[118.156644,1.640469],[118.080524,1.70186],[117.928647,1.866941],[117.86462,1.968562],[117.831289,2.001894],[117.789482,2.02675],[117.881001,2.060624],[117.889476,2.087082],[117.957224,2.160101],[118.04187,2.215679],[118.06621,2.262756],[118.066727,2.317792],[118.033964,2.377607],[117.885756,2.541628],[117.80483,2.669166],[117.785762,2.746964],[117.749795,2.775541],[117.666699,2.806754],[117.638639,2.82528],[117.664581,2.859128],[117.697912,2.887188],[117.637089,2.914706],[117.569341,2.929511],[117.638122,2.950673],[117.612181,3.004649],[117.61063,3.064464],[117.567222,3.098312],[117.506864,3.104669],[117.422218,3.165001],[117.352352,3.193578],[117.321656,3.243317],[117.384649,3.365557],[117.346047,3.426406],[117.166626,3.592029],[117.11371,3.612674],[117.056039,3.622725],[117.171381,3.639132],[117.287808,3.639132],[117.450227,3.628539],[117.49472,3.665591],[117.509551,3.73016],[117.567222,3.678277],[117.629647,3.636497],[117.714345,3.644946],[117.777287,3.689413],[117.761939,3.733855],[117.73176,3.770364],[117.728091,3.796823],[117.639156,3.877774],[117.566137,3.930174],[117.559264,3.988387],[117.465109,4.076211],[117.497356,4.133366],[117.566137,4.162485],[117.603706,4.200054],[117.649698,4.304285],[117.69631,4.342914],[117.741268,4.337643],[117.895833,4.263022],[118.008022,4.250309],[118.117008,4.287361],[118.22868,4.315938],[118.364073,4.335524],[118.498018,4.362499],[118.548299,4.379423],[118.586385,4.409602],[118.595376,4.4604],[118.56251,4.502206],[118.32392,4.668888],[118.185272,4.828698],[118.26041,4.989024],[118.320199,5.011787],[118.381591,5.01866],[118.551451,4.967862],[118.672116,4.964168],[118.91236,5.022898],[119.131984,5.100697],[119.219783,5.159944],[119.243089,5.18958],[119.247843,5.185885],[119.794476,5.062585],[119.822537,5.08323],[119.821451,5.069458],[119.877572,5.05995],[119.957981,5.079535],[120.013016,5.150952],[120.100866,5.168961],[120.118333,5.215522],[120.15001,5.184309],[120.191351,5.168419],[120.223081,5.196479],[120.250624,5.256785],[120.229385,5.284303],[120.207733,5.339881],[120.16541,5.332466],[120.18236,5.344635],[120.877149,5.952118],[120.930531,5.896023],[121.018433,5.923024],[121.082977,5.892845],[121.217955,5.942583],[121.294643,5.870107],[121.411019,5.939948],[121.414791,5.964287],[121.391485,6.001856],[121.282499,6.022501],[121.213718,6.003458],[121.185658,6.039968],[121.223226,6.050019],[121.957703,6.417257],[121.959305,6.415681],[121.991552,6.414622],[122.092631,6.428368],[122.201151,6.48286],[122.251949,6.579702],[122.323366,6.602466],[122.287916,6.638975],[122.058266,6.740571],[122.052426,6.737935],[122.052426,6.923144],[122.097953,6.913609],[122.142395,6.949602],[122.176243,7.004095],[122.251381,7.17026],[122.319594,7.340121],[122.448785,7.561322],[122.474158,7.639095],[122.497981,7.672969],[122.61601,7.762937],[122.713885,7.774048],[122.791658,7.722707],[122.818685,7.55866],[122.843024,7.529567],[122.917076,7.530626],[122.989578,7.546491],[123.048851,7.614238],[123.096497,7.700486],[123.121353,7.666612],[123.138768,7.630103],[123.150447,7.575068],[123.178508,7.529567],[123.282222,7.463937],[123.390691,7.407326],[123.476422,7.665553],[123.481693,7.710021],[123.477456,7.756581],[123.492804,7.807896],[123.553162,7.832235],[123.608714,7.831719],[123.665868,7.817973],[123.717183,7.785158],[123.764828,7.742809],[123.968537,7.664494],[124.068014,7.577729],[124.182322,7.436962],[124.206662,7.396216],[124.213018,7.332188],[124.190797,7.267102],[124.157983,7.21894],[124.117727,7.175015],[124.045276,7.114166],[123.985435,6.993527],[123.980732,6.9295],[123.988122,6.862811],[124.047912,6.666493],[124.049514,6.532625],[124.078091,6.404545],[124.213018,6.233108],[124.398743,6.119859],[124.636351,5.998161],[124.927393,5.875378],[124.975039,5.86587],[125.035345,5.870624],[125.076066,5.906074],[125.173993,6.046841],[125.190943,6.062705],[125.231664,6.069604],[125.268716,6.033069],[125.264995,5.925659],[125.233266,5.808173],[125.241172,5.756858],[125.287733,5.632499],[125.346489,5.599168],[125.377701,5.617694]],[[117.761422,4.252428],[117.707989,4.262479],[117.661893,4.250309],[117.666699,4.203749],[117.624893,4.121738],[117.737083,4.004252],[117.922808,4.054533],[117.918053,4.0905],[117.884722,4.186282],[117.761422,4.252428]]]}},{"type":"Feature","properties":{"featurecla":"sea","name":"Chukchi Sea","namealt":null,"changed":"Version 1.4","note":null,"name_fr":"mer des Tchouktches","min_label":4,"max_label":8.5,"scalerank":2,"label":"Chukchi Sea","wikidataid":"Q159252","name_ar":"بحر تشوكشي","name_bn":"চুকচি সাগর","name_de":"Tschuktschensee","name_en":"Chukchi Sea","name_es":"mar de Chukotka.","name_el":"Θάλασσα Τσούκτσι","name_hi":"चूक्ची सागर","name_hu":"Csukcs-tenger","name_id":"Laut Chukchi","name_it":"Mare dei Ciukci","name_ja":"チュクチ海","name_ko":"축치해","name_nl":"Tsjoektsjenzee","name_pl":"Morze Czukockie","name_pt":"Mar de Chukchi","name_ru":"Чукотское море","name_sv":"Tjuktjerhavet","name_tr":"Çukçi Denizi","name_vi":"Biển Chukotka","name_zh":"楚科奇海","ne_id":1159116037,"name_fa":"دریای چوکچی","name_he":"ים צ'וקצ'י","name_uk":"Чукотське море","name_ur":"بحیرہ چکچی","name_zht":"楚科奇海"},"bbox":[-180,65.661677,179.999897,71.408458],"geometry":{"type":"MultiPolygon","coordinates":[[[[178.649385,70.999413],[178.792322,70.822137],[178.861672,70.826375],[179.152714,70.880351],[179.647464,70.898851],[179.881351,70.975591],[179.999897,70.993031],[179.999897,68.983283],[179.868122,69.01292],[179.27281,69.259494],[178.950555,69.296003],[178.925131,69.326156],[178.907147,69.362149],[178.848443,69.387031],[178.442524,69.453177],[177.933512,69.4955],[177.394268,69.61141],[176.924323,69.645775],[176.410555,69.768558],[176.107318,69.860103],[175.921593,69.895553],[175.751216,69.904028],[175.622593,69.891858],[175.62156,69.902969],[178.649385,70.999413]]],[[[-177.503527,71.208419],[-156.470211,71.408458],[-156.470211,71.407916],[-156.783474,71.319006],[-156.973436,71.230123],[-157.19518,71.093077],[-157.32481,71.039618],[-157.605801,70.9412],[-157.909555,70.860223],[-157.998438,70.845392],[-158.484223,70.84118],[-158.510681,70.820019],[-158.620752,70.798857],[-158.996465,70.801493],[-159.075298,70.771856],[-159.250972,70.748576],[-159.303888,70.752271],[-159.339881,70.781365],[-159.262082,70.813662],[-159.18325,70.832163],[-159.191725,70.859706],[-159.231929,70.87663],[-159.314482,70.878749],[-159.680661,70.786687],[-160.081774,70.63481],[-159.961652,70.634268],[-159.74629,70.530553],[-159.386984,70.524739],[-159.683323,70.477094],[-159.815072,70.497222],[-159.842589,70.452754],[-159.857395,70.38927],[-159.855302,70.324183],[-159.86587,70.278656],[-159.907676,70.331573],[-160.095003,70.333175],[-160.005577,70.447483],[-160.106656,70.47234],[-159.963228,70.568122],[-160.045781,70.585588],[-160.117224,70.591402],[-160.634221,70.446424],[-160.64745,70.420482],[-160.996162,70.304598],[-161.63912,70.234757],[-161.768234,70.196646],[-161.997367,70.165433],[-162.074081,70.161713],[-162.042326,70.176544],[-161.912153,70.205663],[-161.818489,70.248503],[-161.760818,70.257521],[-161.779861,70.277623],[-161.812676,70.289767],[-161.88094,70.331573],[-161.977782,70.287674],[-162.070903,70.227342],[-162.350317,70.093991],[-162.951986,69.757965],[-163.093786,69.610868],[-163.130838,69.454236],[-163.161534,69.388091],[-163.186933,69.380675],[-163.205433,69.392302],[-163.250417,69.345225],[-163.535646,69.170068],[-163.867951,69.036717],[-164.150001,68.961062],[-164.302395,68.936723],[-164.889775,68.902306],[-165.043771,68.882204],[-165.509427,68.867399],[-166.208997,68.885382],[-166.181996,68.79699],[-166.283075,68.573179],[-166.380433,68.424997],[-166.447122,68.390089],[-166.570422,68.36097],[-166.647678,68.373656],[-166.546082,68.424454],[-166.643957,68.408073],[-166.786326,68.359394],[-166.574659,68.320223],[-166.40901,68.308053],[-166.235972,68.2779],[-165.959761,68.155659],[-165.386153,68.045588],[-164.125144,67.606907],[-163.942572,67.477794],[-163.799686,67.270881],[-163.757363,67.230677],[-163.762117,67.225923],[-164.080677,66.609966],[-164.460628,66.588261],[-164.673871,66.55493],[-165.063873,66.437986],[-165.198283,66.440105],[-165.449637,66.409952],[-165.776129,66.318924],[-165.812122,66.288228],[-165.840156,66.244846],[-165.560225,66.167047],[-165.589861,66.145369],[-165.630091,66.13108],[-165.723755,66.112554],[-166.008957,66.121546],[-166.057662,66.127359],[-166.21481,66.170225],[-166.398959,66.144309],[-166.540242,66.100901],[-166.747698,66.051705],[-166.894278,65.959101],[-166.99745,65.905125],[-167.074189,65.877065],[-167.40174,65.859081],[-167.405435,65.859081],[-167.580076,65.758545],[-167.9145,65.681288],[-167.927186,65.714077],[-167.930364,65.747951],[-168.009739,65.719374],[-168.083843,65.661677],[-169.733252,66.055917],[-169.729014,66.058035],[-169.777693,66.14325],[-169.888824,66.163352],[-170.243892,66.169166],[-170.192035,66.201437],[-170.21162,66.236371],[-170.24707,66.271821],[-170.301047,66.294042],[-170.361353,66.297762],[-170.483077,66.278177],[-170.604258,66.249083],[-170.542866,66.290889],[-170.473026,66.319983],[-170.509535,66.343806],[-170.555579,66.357035],[-170.926512,66.529531],[-171.149289,66.592499],[-171.360439,66.676628],[-171.569445,66.818454],[-171.7954,66.931677],[-172.031406,66.973483],[-172.273768,66.965577],[-172.44735,66.991493],[-172.620905,67.026943],[-173.007729,67.065054],[-173.001915,67.033816],[-172.582819,66.977747],[-172.520368,66.952348],[-172.549462,66.930644],[-172.64049,66.92483],[-172.962745,66.942271],[-173.058527,66.956043],[-173.146893,66.998908],[-173.192937,66.993611],[-173.228387,66.968729],[-173.216217,66.911058],[-173.175471,66.864498],[-173.259083,66.840158],[-173.34745,66.851269],[-173.343212,66.909482],[-173.323653,66.954983],[-173.22415,67.034875],[-173.167538,67.052342],[-173.158004,67.069291],[-173.49403,67.105258],[-173.586634,67.132776],[-173.679781,67.144946],[-173.884032,67.106318],[-174.447589,67.10314],[-174.550245,67.090427],[-174.554482,67.062935],[-174.519032,67.049164],[-174.430665,67.03751],[-174.341756,67.039629],[-174.283542,67.001544],[-174.154429,66.981958],[-174.086164,66.942813],[-174.04118,66.875608],[-174.018959,66.827446],[-174.00573,66.778767],[-174.060765,66.689857],[-174.139624,66.652831],[-174.231685,66.63167],[-174.196235,66.580872],[-174.102055,66.540642],[-173.921058,66.521573],[-173.842742,66.488268],[-173.773961,66.434808],[-173.832175,66.366027],[-173.899897,66.310449],[-173.955475,66.286652],[-173.99462,66.245879],[-174.025315,66.229498],[-174.065003,66.229498],[-174.0179,66.382434],[-174.084588,66.47292],[-174.205769,66.452275],[-174.257084,66.428452],[-174.366096,66.34856],[-174.394156,66.344323],[-174.418495,66.371841],[-174.453945,66.430054],[-174.477742,66.491962],[-174.503684,66.538006],[-174.612695,66.585626],[-174.674604,66.603609],[-174.86405,66.613144],[-174.924899,66.623195],[-174.869863,66.724791],[-174.771445,66.78458],[-174.783615,66.916872],[-174.8286,66.961339],[-174.885211,67.000484],[-174.938128,67.093088],[-174.930195,67.203702],[-174.869863,67.268246],[-174.849761,67.34868],[-174.918026,67.40741],[-175.002698,67.437589],[-175.065665,67.41325],[-175.122819,67.376715],[-175.155091,67.365604],[-175.37469,67.357129],[-175.232348,67.446581],[-175.239763,67.521202],[-175.265679,67.566677],[-175.309604,67.602153],[-175.345054,67.67835],[-176.907155,68.11915],[-177.171738,68.174702],[-177.297157,68.222348],[-177.407745,68.245085],[-177.520993,68.23661],[-177.589258,68.224441],[-177.639513,68.241365],[-177.593495,68.281052],[-177.52735,68.294281],[-177.683438,68.362546],[-178.249657,68.541424],[-178.372957,68.565763],[-178.28459,68.51866],[-177.861774,68.378436],[-177.796687,68.338232],[-177.922623,68.286375],[-178.055974,68.264671],[-178.018948,68.322858],[-178.048558,68.388487],[-178.097263,68.424997],[-178.24436,68.466803],[-178.47401,68.501736],[-178.692576,68.546178],[-178.736475,68.593281],[-178.751306,68.660486],[-178.613717,68.603332],[-178.53858,68.585866],[-178.689398,68.675292],[-178.874063,68.75415],[-179.279413,68.82505],[-179.356153,68.85311],[-179.470978,68.912357],[-179.51436,68.917137],[-179.595311,68.906544],[-179.798529,68.940392],[-180,68.983252],[-180,70.99302],[-179.733959,70.971896],[-179.506945,70.923191],[-179.415942,70.918979],[-179.156656,70.939598],[-178.527986,71.014735],[-178.062847,71.041736],[-177.821569,71.067652],[-177.523629,71.166612],[-177.503527,71.208419]]]]}},{"type":"Feature","properties":{"featurecla":"sea","name":"East China Sea","namealt":null,"changed":"Version 1.4","note":null,"name_fr":"mer de Chine orientale","min_label":4,"max_label":8.5,"scalerank":2,"label":"East China Sea","wikidataid":"Q45341","name_ar":"بحر الصين الشرقي","name_bn":"পূর্ব চীন সাগর","name_de":"Ostchinesisches Meer","name_en":"East China Sea","name_es":"mar de China Oriental","name_el":"Θάλασσα της Ανατολικής Κίνας","name_hi":"पूर्वी चीन सागर","name_hu":"Kelet-kínai-tenger","name_id":"Laut Tiongkok Timur","name_it":"mar Cinese Orientale","name_ja":"東シナ海","name_ko":"동중국해","name_nl":"Oost-Chinese Zee whoop whoop","name_pl":"Morze Wschodniochińskie","name_pt":"Mar da China Oriental","name_ru":"Восточно-Китайское море","name_sv":"Östkinesiska havet","name_tr":"Doğu Çin Denizi","name_vi":"Biển Hoa Đông","name_zh":"东海","ne_id":1159116027,"name_fa":"دریای چین شرقی","name_he":"ים סין המזרחי","name_uk":"Східнокитайське море","name_ur":"بحیرہ شرقی چین","name_zht":"東海"},"bbox":[119.139374,23.653802,130.85406,33.273525],"geometry":{"type":"Polygon","coordinates":[[[127.656322,26.094842],[127.00861,25.276752],[125.315276,24.112585],[123.974893,23.653802],[123.092776,23.935852],[122.175726,24.747585],[121.96406,24.994185],[121.926491,24.983592],[121.905304,25.05661],[121.852955,25.104256],[121.733324,25.153995],[121.687281,25.181512],[121.642839,25.23231],[121.593643,25.275176],[121.516852,25.276752],[121.449724,25.249234],[121.365595,25.159291],[121.095172,25.065085],[121.085095,25.059272],[121.081943,25.065085],[119.263656,25.270938],[119.243606,25.306931],[119.169553,25.35561],[119.146247,25.414341],[119.180095,25.449791],[119.263191,25.467774],[119.343651,25.446096],[119.421941,25.459842],[119.499197,25.408527],[119.592887,25.36778],[119.622497,25.39106],[119.619345,25.437621],[119.539401,25.591074],[119.552631,25.698509],[119.616658,25.822869],[119.648439,25.918625],[119.618776,26.003839],[119.500799,26.00911],[119.417703,25.954101],[119.331972,25.948804],[119.263656,25.97472],[119.139374,26.121843],[119.231978,26.104376],[119.312955,26.06257],[119.369489,26.054095],[119.46323,26.054637],[119.566893,26.127139],[119.69288,26.236668],[119.79706,26.300152],[119.881241,26.334026],[119.876435,26.371078],[119.84052,26.413944],[119.831012,26.450453],[119.784968,26.546752],[119.726212,26.609203],[119.63831,26.621373],[119.623531,26.675866],[119.589683,26.730384],[119.588081,26.784877],[119.651591,26.747308],[119.710347,26.728782],[119.766364,26.774826],[119.788637,26.831437],[119.824087,26.846269],[119.815095,26.797589],[119.821451,26.736715],[119.842122,26.689095],[119.879691,26.682764],[119.882326,26.610262],[119.968057,26.58644],[120.043143,26.634059],[120.086552,26.671628],[120.097094,26.78064],[120.138435,26.885956],[120.278685,27.09708],[120.384518,27.155294],[120.468647,27.256373],[120.540064,27.318281],[120.607812,27.412461],[120.628947,27.482328],[120.58771,27.580746],[120.664966,27.639476],[120.661245,27.687638],[120.685068,27.744793],[120.832708,27.891373],[120.832708,27.937933],[120.763358,27.977621],[120.747493,28.009893],[120.813122,28.013613],[120.892497,28.004079],[120.958643,28.036894],[121.035383,28.157015],[121.098324,28.290367],[121.14597,28.326876],[121.21687,28.345919],[121.272422,28.222102],[121.354484,28.230034],[121.510031,28.324215],[121.610024,28.291943],[121.602118,28.366563],[121.538091,28.521076],[121.475097,28.641198],[121.519022,28.7137],[121.590491,28.734861],[121.630178,28.767676],[121.662424,28.851288],[121.54021,28.931723],[121.64072,28.915832],[121.679374,28.952884],[121.66506,29.010555],[121.520624,29.118507],[121.447605,29.131194],[121.487293,29.193128],[121.533853,29.23651],[121.656068,29.235994],[121.71746,29.256612],[121.791047,29.225917],[121.853472,29.129101],[121.917499,29.134914],[121.968297,29.4905],[121.941322,29.605868],[121.887837,29.627572],[121.821691,29.604808],[121.690485,29.511145],[121.50631,29.484686],[121.574574,29.537086],[121.676739,29.583647],[121.905872,29.779966],[122.083122,29.870451],[122.017493,29.887918],[122.002714,29.888977],[122.014858,30.022845],[122.023849,30.013336],[122.157743,30.001166],[122.28156,29.944012],[122.295822,29.963598],[122.322281,30.03132],[122.284144,30.067829],[122.110614,30.139789],[121.998993,30.14245],[121.862981,30.910801],[121.877812,30.917131],[121.868915,30.94671],[121.949398,31.456437],[121.87084,31.692112],[121.854961,31.703028],[121.866185,31.703492],[121.856108,31.816198],[121.832285,31.89981],[121.781435,31.958024],[121.80531,31.979185],[126.179926,33.267169],[126.186799,33.273525],[126.229122,33.225362],[126.240233,33.214795],[126.282039,33.201565],[126.327049,33.223786],[126.581556,33.238075],[126.596387,33.24177],[127.07951,32.931685],[127.820343,32.685085],[128.419893,32.508352],[128.697189,32.449622],[129.019443,32.508352],[129.657078,32.99517],[129.662401,32.99517],[129.667672,32.929567],[129.689893,32.875048],[129.785649,32.78141],[129.826939,32.725315],[129.807922,32.645398],[129.768751,32.570777],[129.852364,32.621601],[129.950756,32.721595],[130.053953,32.770817],[130.15188,32.748053],[130.193118,32.706247],[130.245518,32.677153],[130.297918,32.675034],[130.340241,32.702035],[130.36086,32.755985],[130.35347,32.810504],[130.326495,32.852827],[130.279935,32.866599],[130.222212,32.847013],[130.175135,32.851251],[130.167745,32.931685],[130.173016,33.013179],[130.126972,33.104724],[130.176685,33.144411],[130.23756,33.177743],[130.287324,33.154979],[130.38153,33.092554],[130.440235,32.951271],[130.547102,32.831666],[130.569374,32.734307],[130.497906,32.657025],[130.563018,32.626355],[130.640274,32.619482],[130.560383,32.455952],[130.461939,32.30516],[130.39476,32.218886],[130.319054,32.143749],[130.214305,32.115172],[130.19472,32.090832],[130.195754,31.950066],[130.211102,31.849012],[130.187847,31.769095],[130.224331,31.72995],[130.268824,31.696076],[130.322258,31.601353],[130.306393,31.487587],[130.294197,31.450535],[130.260866,31.436789],[130.147074,31.408729],[130.20056,31.291785],[130.250789,31.273285],[130.31063,31.266929],[130.58896,31.178562],[130.621774,31.217707],[130.644512,31.267446],[130.565602,31.35266],[130.54028,31.402916],[130.528085,31.459527],[130.556145,31.563268],[130.613299,31.66538],[130.655105,31.718297],[130.714378,31.71778],[130.776287,31.706127],[130.796906,31.671194],[130.796389,31.624117],[130.779956,31.604014],[130.74926,31.598175],[130.704301,31.577556],[130.709056,31.526216],[130.774168,31.38333],[130.790033,31.269048],[130.758303,31.155799],[130.735514,31.121925],[130.704301,31.09389],[130.684199,31.0595],[130.685801,31.015032],[130.699547,31.021388],[130.712776,30.991752],[130.606943,30.603352],[130.85406,30.215469],[130.677843,29.792135],[129.58406,28.557585],[129.447531,28.390903],[129.322629,28.35969],[129.250643,28.313647],[129.24806,28.282434],[129.216795,28.262849],[129.164447,28.24962],[129.275035,28.20094],[129.285628,28.192466],[129.263924,28.166007],[129.257568,28.176058],[129.192456,28.192466],[129.224753,28.118387],[128.98451,27.824684],[128.951644,27.910416],[128.907719,27.898246],[128.882914,27.842694],[128.899864,27.727869],[128.90622,27.725207],[128.490276,27.181752],[128.257991,26.878541],[128.254787,26.881719],[128.24688,26.864252],[128.14792,26.735138],[128.121462,26.711316],[128.100739,26.67323],[128.09552,26.666874],[128.046841,26.643077],[128.029374,26.646772],[127.994441,26.679586],[127.907108,26.693332],[127.894964,26.674806],[127.890726,26.630881],[127.945762,26.593855],[127.926176,26.555744],[127.820343,26.466318],[127.796003,26.448334],[127.728824,26.434046],[127.727222,26.30811],[127.65472,26.199099],[127.649966,26.154631],[127.653118,26.094842],[127.656322,26.094842]],[[130.445557,30.26469],[130.507983,30.24141],[130.622808,30.263088],[130.673089,30.366803],[130.643427,30.389024],[130.497389,30.465763],[130.387887,30.387965],[130.445557,30.26469]],[[129.99313,32.228421],[130.003672,32.194004],[130.082531,32.22948],[130.199474,32.34061],[130.196839,32.491402],[130.167745,32.541166],[130.009512,32.521581],[130.021139,32.468664],[129.979281,32.346424],[130.015351,32.313609],[130.01747,32.291931],[129.960316,32.243769],[129.99313,32.228421]]]}},{"type":"Feature","properties":{"featurecla":"sea","name":"East Siberian Sea","namealt":null,"changed":"Version 1.4","note":null,"name_fr":"mer de Sibérie orientale","min_label":5,"max_label":10,"scalerank":5,"label":"East Siberian Sea","wikidataid":"Q163434","name_ar":"بحر سيبيريا الشرقي","name_bn":"পূর্ব সাইবেরীয় সাগর","name_de":"Ostsibirische See","name_en":"East Siberian Sea","name_es":"mar de Siberia Oriental","name_el":"Ανατολική Σιβηριανή θάλασσα","name_hi":"पूर्वी साइबेरियाई सागर","name_hu":"Kelet-szibériai-tenger","name_id":"Laut Siberia Timur","name_it":"Mare della Siberia orientale","name_ja":"東シベリア海","name_ko":"동시베리아해","name_nl":"Oost-Siberische Zee","name_pl":"Morze Wschodniosyberyjskie","name_pt":"Mar Siberiano Oriental","name_ru":"Восточно-Сибирское море","name_sv":"Östsibiriska havet","name_tr":"Doğu Sibirya Denizi","name_vi":"Biển Đông Xibia","name_zh":"东西伯利亚海","ne_id":1159117337,"name_fa":"دریای سیبری شرقی","name_he":"ים סיביר המזרחי","name_uk":"Східно-Сибірське море","name_ur":"بحیرہ شرقی سائبیریا","name_zht":"東西伯利亞海"},"bbox":[138.842823,68.538246,179.527885,77.470052],"geometry":{"type":"Polygon","coordinates":[[[138.844476,76.252969],[156.042393,77.470052],[179.527885,71.440187],[179.235241,71.324303],[178.891283,71.231156],[178.828857,71.177723],[178.683802,71.105763],[178.628301,71.04755],[178.648352,71.000473],[178.649385,70.999413],[175.62156,69.902969],[175.622593,69.891858],[175.295585,69.860103],[174.785435,69.855866],[174.319262,69.881781],[173.948328,69.874392],[173.73351,69.891316],[173.438747,69.946894],[173.353533,69.92413],[173.27731,69.823594],[173.056135,69.864857],[172.869376,69.919893],[172.559783,69.968598],[171.97031,70.000327],[171.246943,70.076007],[170.868051,70.096109],[170.486524,70.107762],[170.525643,69.937902],[170.502906,69.856408],[170.359504,69.751092],[170.201322,69.683344],[170.167422,69.635207],[169.430826,69.83734],[169.420801,69.855866],[169.374758,69.882867],[168.357714,70.015675],[168.196276,70.008285],[168.059747,69.974928],[167.864514,69.90085],[167.814233,69.872815],[167.788859,69.836823],[167.821106,69.819356],[167.992568,69.775948],[168.144393,69.713523],[168.285212,69.679649],[168.150233,69.576477],[168.149716,69.57751],[168.047552,69.625673],[167.950245,69.699234],[167.857072,69.728354],[167.627991,69.740524],[167.073399,69.554256],[166.88447,69.499737],[166.820443,69.499737],[165.980649,69.545781],[165.76056,69.584409],[164.513297,69.609291],[164.159262,69.719336],[163.946045,69.735227],[163.705233,69.701896],[163.497804,69.693421],[163.201491,69.714582],[162.944866,69.682827],[162.375443,69.648979],[162.165844,69.61141],[161.945185,69.545264],[161.536735,69.379616],[161.480097,69.300241],[161.480097,69.201823],[161.565828,69.063692],[161.565828,68.904942],[161.495394,68.849906],[161.365272,68.822931],[161.230345,68.65413],[161.10441,68.562585],[160.856156,68.538246],[160.996406,68.60757],[161.128698,68.653588],[161.340364,68.904942],[161.30972,68.982198],[161.140893,69.038835],[161.035628,69.098108],[160.982143,69.334631],[160.92871,69.458448],[160.910726,69.606088],[160.739264,69.655309],[160.119095,69.72993],[159.832239,69.784966],[159.72961,69.870154],[159.839164,69.989733],[159.831206,70.081304],[159.889962,70.15856],[159.983031,70.221528],[160.006389,70.309895],[159.958743,70.42366],[159.911614,70.506213],[159.804747,70.605174],[159.72806,70.649616],[159.350718,70.790899],[158.701972,70.934844],[158.036845,71.039101],[157.447269,71.074525],[156.684783,71.093594],[155.895219,71.095712],[155.595754,71.038558],[155.029587,71.034321],[154.414172,70.974531],[153.793951,70.879808],[153.460587,70.878749],[152.79856,70.835367],[152.508552,70.834281],[151.761982,70.982463],[151.999539,71.002566],[152.092712,71.02321],[151.759864,71.217927],[151.58251,71.286734],[151.145483,71.373525],[150.967664,71.380398],[150.821626,71.362931],[150.242747,71.267149],[150.097743,71.226402],[150.384547,71.338592],[150.525314,71.385695],[150.667631,71.455019],[150.634816,71.498944],[150.599935,71.520079],[150.060691,71.510571],[150.026274,71.521164],[149.912535,71.580954],[149.856982,71.601573],[149.498193,71.664024],[149.237847,71.687847],[148.967941,71.690482],[148.923448,71.714848],[148.954712,71.743942],[148.965306,71.762984],[149.048918,71.795799],[149.279602,71.825435],[149.881322,71.842902],[150.016766,71.895819],[149.998266,71.950311],[149.963281,71.992118],[149.765929,72.091052],[149.501345,72.164097],[148.964789,72.252463],[148.402239,72.311736],[147.433926,72.34083],[147.261947,72.328144],[147.149015,72.29803],[146.824786,72.278957],[146.831741,72.295329],[146.594133,72.302202],[146.236428,72.292694],[146.234826,72.349848],[146.25281,72.442452],[146.083466,72.471546],[145.714135,72.497461],[145.485518,72.541929],[145.199231,72.569963],[144.568468,72.610194],[144.303885,72.642982],[143.68108,72.673135],[143.627078,72.681094],[143.62868,72.691687],[143.528635,73.223489],[143.451379,73.231422],[143.491066,73.246253],[143.464091,73.458979],[143.410658,73.520887],[143.343995,73.568507],[142.639128,73.802937],[142.434852,73.851617],[142.184531,73.896058],[141.931626,73.915101],[141.681823,73.903991],[141.311974,73.871719],[141.18976,73.876473],[141.08496,73.865879],[140.983364,73.831514],[140.883887,73.777538],[140.697593,73.629356],[140.59331,73.564812],[140.380662,73.482776],[140.155197,73.457377],[139.920276,73.448385],[139.722356,73.429317],[139.691143,73.448385],[140.431976,73.871719],[140.433578,73.92094],[140.507114,73.918796],[141.010339,73.999256],[141.046823,74.050571],[141.097672,74.168031],[141.079689,74.209321],[141.038399,74.242652],[140.944193,74.264899],[140.848953,74.273865],[140.407637,74.266475],[140.300201,74.257483],[140.193335,74.236838],[140.187495,74.233144],[139.311218,74.682935],[139.325481,74.68663],[139.43028,74.749081],[139.512239,74.837965],[139.547741,74.90411],[139.605929,74.9454],[139.681066,74.9639],[139.758322,74.9639],[140.010762,74.894602],[140.267955,74.846982],[140.463706,74.855948],[140.660593,74.88189],[141.310372,74.923179],[141.529997,74.946976],[141.748537,74.982452],[141.987179,74.991444],[142.099885,74.951213],[142.184066,74.899356],[142.287212,74.85016],[142.378266,74.828456],[142.472989,74.820524],[142.625899,74.837448],[142.778293,74.867601],[143.128091,74.970256],[142.929602,75.062344],[142.696799,75.103091],[142.616908,75.133244],[142.264474,75.34597],[142.198845,75.392556],[142.151251,75.457643],[142.086139,75.660808],[142.307883,75.691504],[142.551227,75.721166],[142.941797,75.713208],[143.002672,75.659775],[142.986239,75.633317],[142.867745,75.571925],[142.734368,75.544407],[142.699435,75.448625],[142.729614,75.337521],[142.820099,75.267654],[142.922212,75.217399],[143.170414,75.116836],[143.396343,75.082963],[143.626045,75.084048],[144.019716,75.044877],[144.216035,75.059166],[144.407599,75.102031],[144.883281,75.268713],[144.813983,75.324291],[144.726701,75.365555],[144.803441,75.415836],[145.023531,75.489914],[145.360099,75.530635],[145.309818,75.563993],[145.255351,75.585671],[143.685835,75.863483],[143.559899,75.860331],[143.31118,75.82222],[143.185245,75.813771],[142.947637,75.82594],[142.927018,75.827],[142.669824,75.863483],[142.460276,75.903713],[142.001493,76.043421],[141.742181,76.107965],[141.485555,76.137058],[141.299262,76.063523],[141.03256,75.988902],[140.985483,75.964562],[140.950033,75.92751],[140.925693,75.866687],[140.926727,75.79894],[140.940524,75.749744],[140.944193,75.700496],[140.889158,75.651817],[140.816139,75.630681],[140.656872,75.63435],[140.601837,75.64391],[140.546801,75.662927],[140.496003,75.689928],[140.389137,75.795761],[140.27426,75.82222],[140.152045,75.809533],[140.048847,75.829119],[139.743543,75.952935],[139.528672,76.013268],[139.211172,76.080989],[139.10906,76.108507],[139.017489,76.160364],[138.919614,76.196874],[138.842823,76.198993],[138.844476,76.252969]],[[161.456274,68.965817],[161.422426,68.899671],[161.466868,68.900704],[161.506556,68.927705],[161.517149,68.969511],[161.494928,69.016098],[161.394366,69.106583],[161.377468,69.194407],[161.372714,69.292851],[161.35101,69.369565],[161.374264,69.413489],[161.540455,69.43677],[161.609185,69.500797],[161.617712,69.592342],[161.52087,69.634148],[161.505005,69.639445],[161.409714,69.59552],[161.323466,69.541027],[161.110766,69.469558],[161.082706,69.405531],[161.164716,69.333598],[161.125545,69.197069],[161.136656,69.110278],[161.182699,69.081701],[161.364239,69.044649],[161.46108,68.995427],[161.456274,68.965817]],[[150.822143,75.156524],[150.757031,75.162338],[150.69042,75.155465],[150.612595,75.120015],[150.530585,75.099912],[150.41731,75.134303],[150.280781,75.16394],[150.104099,75.218975],[149.645316,75.244374],[149.083335,75.261841],[148.892287,75.227967],[148.590135,75.236442],[148.474793,75.272434],[148.489056,75.30946],[148.518718,75.336461],[148.508641,75.387233],[148.43247,75.413692],[147.496868,75.440693],[147.443435,75.438031],[147.060306,75.364496],[146.795206,75.370852],[146.748128,75.428523],[146.750764,75.510559],[146.537495,75.581976],[146.438535,75.558179],[146.342727,75.480923],[146.257564,75.39359],[146.186147,75.295714],[146.148578,75.19833],[146.703118,75.114201],[146.92481,75.062344],[147.143918,74.998317],[147.257193,74.984028],[147.626989,74.959146],[147.740781,74.932171],[147.972085,74.85755],[148.092181,74.825795],[148.296974,74.800396],[149.050003,74.772361],[149.597102,74.772361],[149.837914,74.795125],[150.331114,74.866542],[150.580349,74.918942],[150.646495,74.944341],[150.822143,75.156524]],[[149.268543,76.747202],[149.406622,76.782135],[148.719739,76.746685],[148.448335,76.676819],[148.398519,76.648268],[149.149997,76.659895],[149.205033,76.676819],[149.268543,76.747202]]]}},{"type":"Feature","properties":{"featurecla":"sea","name":"Greenland Sea","namealt":null,"changed":"Version 1.4","note":null,"name_fr":"mer du Groenland","min_label":4,"max_label":8.5,"scalerank":2,"label":"Greenland Sea","wikidataid":"Q132868","name_ar":"بحر جرينلاند","name_bn":"গ্রিনল্যান্ড সাগর","name_de":"Grönlandsee","name_en":"Greenland Sea","name_es":"mar de Groenlandia","name_el":"Γροιλανδική Θάλασσα","name_hi":"ग्रीनलैंड सागर","name_hu":"Grönlandi-tenger","name_id":"Laut Greenland","name_it":"Mare di Groenlandia","name_ja":"グリーンランド海","name_ko":"그린란드해","name_nl":"Groenlandzee","name_pl":"Morze Grenlandzkie","name_pt":"mar da Gronelândia","name_ru":"Гренландское море","name_sv":"Grönlandshavet","name_tr":"Grönland Denizi","name_vi":"biển Greenland","name_zh":"格陵兰海","ne_id":1159115695,"name_fa":"دریای گرینلند","name_he":"ים גרינלנד","name_uk":"Ґренландське море","name_ur":"بحیرہ گرین لینڈ","name_zht":"格陵蘭海"},"bbox":[-32.032975,65.266404,17.96431,83.278716],"geometry":{"type":"Polygon","coordinates":[[[-25.890404,83.278716],[17.95847,80.149733],[17.916664,80.14286],[17.96431,80.13175],[17.621901,79.884117],[17.619266,79.874065],[17.577977,79.884633],[17.219239,79.940728],[16.966283,79.958711],[16.92551,79.943389],[16.889026,79.915329],[16.838745,79.904735],[16.786914,79.906854],[16.523881,80.020646],[16.386835,80.052375],[16.245551,80.049739],[16.093674,80.007416],[16.056622,79.953957],[16.100031,79.884633],[15.955595,79.834895],[15.844956,79.733816],[15.825939,79.708933],[15.815862,79.681958],[15.840718,79.586719],[15.875135,79.519513],[16.027529,79.342237],[16.25351,79.112045],[16.343995,78.976058],[16.294747,78.980812],[15.858753,79.15969],[15.76403,79.174496],[15.660316,79.234802],[15.443843,79.406781],[15.251245,79.545455],[15.052291,79.675085],[14.831633,79.76663],[14.593508,79.798902],[14.379722,79.725883],[14.178649,79.618448],[14.040001,79.585659],[14.019899,79.538556],[14.011424,79.481945],[14.026255,79.429545],[14.055866,79.382984],[14.029408,79.344356],[13.957422,79.339602],[13.833606,79.375569],[13.716145,79.429028],[13.60132,79.457062],[13.43146,79.470808],[13.383814,79.480885],[13.333533,79.574549],[13.215039,79.588295],[12.555131,79.569252],[13.039339,79.685136],[13.777537,79.715315],[13.907193,79.752342],[13.920939,79.76185],[13.925693,79.793631],[13.914066,79.816885],[13.692839,79.860836],[13.107603,79.831717],[12.753568,79.775622],[12.60226,79.772986],[12.280005,79.815852],[12.21913,79.797869],[12.245072,79.750223],[12.287912,79.713171],[12.205385,79.71901],[12.10167,79.73751],[11.702108,79.820606],[11.343887,79.799445],[11.250766,79.784639],[11.185137,79.720586],[11.150203,79.716892],[11.049693,79.760274],[10.866035,79.796809],[10.804126,79.798902],[10.746456,79.788851],[10.682428,79.758181],[10.686149,79.733816],[10.754414,79.690433],[10.810483,79.640695],[10.736947,79.581422],[10.724751,79.555506],[10.737464,79.520056],[10.834305,79.462902],[10.888256,79.415256],[10.925824,79.35017],[10.975589,79.304669],[11.107364,79.232683],[11.207874,79.129511],[11.339133,79.108893],[11.521137,79.151216],[11.616428,79.205192],[11.579893,79.283507],[11.67937,79.29144],[11.97837,79.292499],[12.084203,79.267643],[12.015939,79.213124],[11.892639,79.152275],[11.902147,79.112045],[11.92597,79.077137],[11.982039,79.025254],[12.045549,78.982931],[12.087356,78.974999],[12.252979,78.975541],[12.375245,78.966524],[12.403254,78.953295],[12.323362,78.91415],[12.274683,78.904616],[11.547595,78.982931],[11.456076,78.97288],[11.365591,78.950143],[11.611106,78.882937],[11.860858,78.832139],[11.755024,78.811469],[11.746033,78.76651],[11.773576,78.716229],[11.865664,78.674423],[11.96142,78.642151],[12.138154,78.605642],[12.257733,78.594531],[12.434518,78.482858],[12.664685,78.384983],[12.822401,78.351652],[12.869478,78.331007],[12.912887,78.300854],[13.150443,78.237344],[13.654753,78.245276],[13.90771,78.266954],[14.110385,78.270675],[14.238439,78.309846],[14.363289,78.360101],[14.499301,78.392399],[14.638466,78.414594],[14.545345,78.461723],[14.431554,78.492393],[14.467572,78.541098],[14.515166,78.580785],[14.505141,78.630524],[14.467004,78.675482],[14.577643,78.705119],[14.689264,78.720983],[14.743783,78.720983],[14.792462,78.705635],[14.838505,78.665431],[14.891939,78.63949],[15.016324,78.629981],[15.137505,78.664372],[15.225304,78.732094],[15.322714,78.781316],[15.384054,78.771265],[15.391495,78.720983],[15.348087,78.663312],[15.264991,78.608277],[15.254449,78.589234],[15.279305,78.554327],[15.359714,78.487638],[15.417385,78.47335],[15.680418,78.471231],[15.943916,78.492935],[16.157701,78.53792],[16.446108,78.638456],[16.530237,78.65644],[16.782676,78.663829],[16.696428,78.613031],[16.448743,78.503503],[16.53556,78.44901],[16.726556,78.407204],[16.811253,78.397153],[16.991656,78.400331],[17.17211,78.417255],[17.002818,78.369635],[16.776837,78.350567],[16.150312,78.352711],[15.875135,78.33894],[15.784133,78.327312],[15.657112,78.299252],[15.658714,78.264861],[15.697885,78.227809],[15.519549,78.232589],[15.341214,78.220936],[14.99462,78.151096],[14.247947,78.071178],[14.30722,78.005032],[14.047908,78.066941],[13.936803,78.085467],[13.824097,78.08495],[13.770095,78.074356],[13.717747,78.057406],[13.680695,78.028312],[13.714026,77.919327],[13.749476,77.883308],[13.791283,77.853698],[13.962745,77.796027],[14.089714,77.771145],[14.604101,77.766365],[14.84698,77.77856],[15.096733,77.809256],[15.344935,77.85685],[15.585178,77.869046],[15.826456,77.846825],[16.059826,77.847342],[16.539797,77.880156],[16.85306,77.911369],[16.913883,77.89814],[16.968918,77.842045],[17.033462,77.797603],[16.619172,77.798662],[16.205864,77.782255],[14.920516,77.688592],[14.695103,77.525087],[14.596143,77.537774],[14.487674,77.571131],[14.377603,77.57958],[14.071214,77.564232],[14.026255,77.54519],[13.99556,77.508163],[14.003983,77.44517],[14.050595,77.403389],[14.145318,77.335642],[14.24743,77.282208],[14.365976,77.234562],[14.487157,77.199112],[14.738512,77.162603],[15.124276,77.085347],[15.546524,76.886393],[16.004791,76.760948],[16.123853,76.738753],[16.238162,76.701701],[16.345545,76.644547],[16.378928,76.634496],[16.373089,76.61491],[-7.994003,71.21741],[-8.001392,71.177723],[-8.343749,71.140154],[-8.521051,71.0306],[-8.964486,70.915775],[-9.098871,70.854952],[-9.105253,70.820535],[-13.669315,65.548997],[-13.670349,65.549513],[-13.705282,65.550573],[-13.785174,65.533106],[-13.840752,65.586023],[-13.935475,65.616202],[-14.166701,65.642118],[-14.302196,65.627312],[-14.473633,65.575455],[-14.328112,65.658525],[-14.318061,65.684441],[-14.35085,65.70984],[-14.368859,65.738959],[-14.372554,65.770172],[-14.391597,65.787638],[-14.426013,65.789757],[-14.757802,65.755883],[-14.8271,65.764358],[-14.83927,65.78074],[-14.752505,65.833656],[-14.688478,65.897167],[-14.668892,65.959618],[-14.674189,65.989771],[-14.697986,66.01995],[-14.740335,66.050646],[-14.786896,66.059095],[-14.893788,66.037933],[-15.010215,66.061213],[-15.116565,66.102503],[-15.117625,66.125783],[-15.029801,66.177615],[-14.912314,66.284533],[-14.788472,66.33161],[-14.701707,66.342204],[-14.593755,66.373959],[-14.595874,66.381375],[-14.68052,66.376052],[-14.856219,66.381375],[-14.969985,66.359671],[-15.162609,66.281872],[-15.240925,66.259108],[-15.428252,66.224744],[-15.543077,66.228438],[-15.647308,66.258592],[-15.702886,66.285567],[-15.713997,66.358611],[-15.759523,66.391943],[-15.851042,66.43269],[-15.985453,66.514726],[-16.026742,66.523692],[-16.035734,66.525836],[-16.249519,66.522658],[-16.493458,66.481369],[-16.540561,66.446978],[-16.427829,66.278177],[-16.437363,66.252778],[-16.485009,66.196166],[-16.62469,66.171827],[-16.748507,66.131597],[-16.837933,66.125241],[-16.925266,66.14325],[-16.969708,66.167589],[-17.062312,66.197226],[-17.115229,66.206192],[-17.152798,66.203039],[-17.334311,66.088731],[-17.417381,66.025763],[-17.46712,65.999848],[-17.539079,65.978144],[-17.550215,65.964372],[-17.581945,65.971271],[-17.634344,65.999305],[-17.82007,66.11413],[-17.90686,66.14325],[-18.179918,66.160691],[-18.297405,66.157538],[-18.318024,66.128961],[-18.315388,66.092969],[-18.14868,65.905125],[-18.098967,65.830504],[-18.103179,65.773893],[-18.118527,65.750586],[-18.141807,65.734205],[-18.163511,65.736298],[-18.183613,65.758002],[-18.27676,65.88448],[-18.45507,65.964372],[-18.594777,66.071265],[-18.706424,66.135834],[-18.77735,66.168649],[-18.846131,66.183997],[-18.911217,66.181335],[-18.993771,66.160174],[-19.093273,66.121546],[-19.195386,66.097723],[-19.382713,66.075502],[-19.427155,66.037933],[-19.456249,65.985017],[-19.434028,65.814639],[-19.44302,65.787638],[-19.461571,65.772291],[-19.489606,65.768053],[-19.59332,65.779164],[-19.647813,65.800868],[-19.752613,65.867556],[-19.874828,65.929981],[-20.026162,66.049044],[-20.102902,66.080256],[-20.207676,66.099842],[-20.292348,66.084494],[-20.356375,66.033179],[-20.373841,65.947448],[-20.344205,65.827869],[-20.356375,65.718857],[-20.41141,65.621473],[-20.454792,65.571192],[-20.486548,65.56698],[-20.547939,65.579667],[-20.649535,65.654287],[-20.679172,65.663279],[-20.739478,65.658525],[-20.80459,65.636304],[-20.939517,65.565378],[-20.978662,65.471198],[-20.998273,65.444739],[-21.021011,65.430451],[-21.047469,65.428332],[-21.07553,65.38495],[-21.105683,65.300278],[-21.12948,65.266404],[-21.162811,65.303973],[-21.230016,65.4204],[-21.31257,65.458485],[-21.365486,65.465901],[-21.422124,65.462206],[-21.432175,65.473833],[-21.396182,65.501894],[-21.373961,65.536284],[-21.364969,65.578091],[-21.386674,65.592379],[-21.43959,65.57915],[-21.454912,65.584421],[-21.433751,65.609846],[-21.466049,65.635219],[-21.61051,65.680746],[-21.658647,65.723611],[-21.456514,65.698212],[-21.412589,65.71356],[-21.375021,65.742137],[-21.303578,65.876548],[-21.308875,65.895591],[-21.387707,65.938973],[-21.497261,65.954838],[-21.516846,65.96755],[-21.432717,65.990313],[-21.396725,66.009356],[-21.406776,66.025763],[-21.625315,66.089791],[-21.84016,66.200378],[-21.948112,66.241125],[-21.967155,66.25699],[-22.170347,66.307271],[-22.320648,66.385586],[-22.425938,66.430054],[-22.559315,66.445402],[-22.723853,66.43269],[-22.888959,66.440622],[-22.944537,66.429511],[-23.06254,66.384527],[-23.119694,66.357035],[-23.117033,66.338483],[-22.972055,66.324221],[-22.821237,66.324737],[-22.686284,66.33745],[-22.672538,66.31417],[-22.64608,66.301457],[-22.532314,66.287711],[-22.484694,66.266524],[-22.509551,66.257532],[-22.755634,66.258592],[-22.861467,66.251719],[-22.931825,66.233193],[-22.947715,66.212548],[-22.869374,66.172344],[-22.806406,66.152758],[-22.445524,66.070205],[-22.433354,66.057519],[-22.424362,65.998246],[-22.42754,65.927346],[-22.441829,65.908277],[-22.551357,65.905642],[-22.615927,65.867556],[-22.620138,65.877065],[-22.604274,65.94427],[-22.60957,65.976542],[-22.62174,65.999848],[-22.659826,66.025763],[-22.723336,66.038993],[-22.815424,65.98344],[-22.85245,65.979177],[-22.926011,65.995068],[-23.019132,65.982381],[-23.028666,65.997186],[-23.017556,66.033696],[-23.028666,66.063875],[-23.06254,66.086096],[-23.300148,66.166504],[-23.37632,66.181878],[-23.452516,66.180819],[-23.52768,66.164385],[-23.55096,66.217302],[-28.471667,68.360427],[-28.48332,68.425539],[-28.364801,68.446701],[-28.126676,68.478973],[-27.850956,68.493261],[-27.266237,68.584289],[-27.081029,68.601756],[-26.815386,68.65413],[-26.653458,68.672656],[-26.483055,68.675808],[-26.341255,68.702267],[-26.229065,68.751514],[-26.13858,68.781125],[-25.956007,68.817118],[-25.69778,68.890136],[-25.626363,68.928248],[-25.606235,68.954706],[-25.581353,69.020852],[-25.543784,69.045708],[-25.272328,69.091752],[-25.146909,69.143067],[-25.092416,69.165288],[-25.080247,69.192289],[-25.188715,69.260553],[-25.132621,69.272206],[-24.866461,69.292851],[-24.740526,69.31825],[-24.451086,69.407133],[-24.295488,69.439431],[-24.220867,69.479119],[-24.227224,69.526713],[-24.252106,69.562163],[-24.296548,69.585469],[-24.247326,69.590223],[-23.943598,69.557951],[-23.855773,69.565367],[-23.739346,69.588621],[-23.709167,69.627275],[-23.764203,69.681225],[-23.816603,69.71776],[-23.865799,69.736803],[-23.811823,69.744219],[-23.552536,69.740524],[-23.237155,69.791296],[-23.049311,69.792898],[-23.014378,69.805068],[-23.088482,69.882867],[-23.033446,69.90085],[-22.820695,69.923071],[-22.725972,69.945292],[-22.614867,69.954309],[-22.43493,69.985496],[-22.28729,70.033142],[-22.235433,70.067532],[-22.225925,70.080761],[-22.206339,70.107762],[-22.269307,70.122025],[-21.624799,70.468128],[-21.625315,70.468645],[-21.52266,70.526316],[-21.573975,70.590369],[-21.625315,70.804671],[-21.674537,70.856528],[-21.666579,70.915775],[-21.689885,71.092534],[-21.671359,71.205783],[-21.697817,71.337532],[-21.752336,71.478299],[-21.961341,71.507935],[-22.16983,71.452357],[-22.233857,71.449722],[-22.298943,71.432255],[-22.347648,71.373525],[-22.417489,71.248649],[-22.47994,71.383576],[-22.488389,71.456595],[-22.503195,71.50052],[-22.465109,71.524859],[-22.311113,71.564547],[-22.013199,71.688906],[-21.959739,71.744458],[-22.264553,71.753993],[-22.370386,71.769857],[-22.496864,71.913802],[-22.561951,71.928091],[-22.86834,71.970414],[-22.955648,71.999533],[-23.291131,72.081027],[-23.586927,72.139757],[-23.797534,72.200606],[-24.242055,72.311194],[-24.417186,72.348246],[-24.572241,72.420205],[-24.666964,72.437129],[-24.84424,72.390052],[-25.117815,72.347186],[-25.203547,72.392687],[-25.127866,72.419146],[-24.836825,72.473122],[-24.700838,72.506479],[-24.65004,72.58265],[-24.771221,72.868421],[-24.789205,72.889582],[-24.813544,72.901752],[-24.985007,72.889065],[-25.237395,72.842996],[-25.357516,72.810207],[-25.687729,72.797521],[-26.099952,72.721841],[-26.20948,72.694323],[-26.392053,72.672619],[-26.476725,72.677916],[-26.657695,72.716027],[-26.205785,72.795402],[-26.080366,72.7938],[-25.860767,72.846717],[-25.255946,72.923973],[-25.170732,72.980068],[-24.992397,73.012882],[-24.788662,73.044095],[-24.629912,73.037764],[-24.547385,72.921854],[-24.358482,72.68745],[-24.069016,72.498521],[-23.855773,72.452503],[-23.67426,72.392687],[-23.208061,72.326542],[-22.706929,72.223886],[-22.497381,72.157741],[-22.29313,72.119629],[-22.239154,72.220192],[-22.280417,72.344525],[-22.07459,72.399044],[-22.006842,72.635567],[-22.02325,72.720781],[-22.036479,72.918702],[-22.194169,72.965262],[-22.450278,72.985881],[-22.85245,73.083782],[-22.995878,73.171632],[-23.244028,73.193336],[-23.455695,73.25894],[-23.70971,73.31661],[-23.899156,73.398104],[-24.132501,73.409215],[-24.587073,73.422986],[-25.056966,73.396528],[-25.26809,73.362137],[-25.398806,73.275889],[-26.028509,73.198607],[-26.20209,73.193336],[-26.4328,73.171632],[-26.753478,73.121351],[-27.069918,73.137242],[-27.19004,73.132461],[-27.348248,73.067892],[-27.413334,73.067375],[-27.483201,73.089079],[-27.532397,73.112359],[-27.561516,73.138275],[-27.472607,73.159979],[-27.264635,73.176386],[-27.061986,73.179048],[-26.863549,73.166878],[-26.728596,73.171632],[-26.657695,73.192277],[-26.541811,73.248888],[-26.603719,73.279558],[-27.169396,73.374281],[-27.270475,73.436216],[-26.976772,73.379604],[-26.765648,73.348366],[-26.406884,73.312916],[-26.168759,73.25894],[-26.062383,73.2531],[-25.740103,73.277466],[-25.665508,73.292788],[-25.450121,73.390714],[-25.310956,73.430919],[-25.025728,73.485954],[-24.791324,73.511353],[-24.778094,73.53993],[-24.908784,73.58016],[-25.28026,73.739427],[-25.427383,73.79392],[-25.527919,73.841023],[-25.521047,73.851617],[-25.351703,73.813505],[-25.108824,73.733588],[-24.905632,73.652636],[-24.784451,73.617729],[-24.677015,73.602381],[-24.566428,73.605559],[-24.451086,73.628297],[-24.33993,73.672222],[-24.157926,73.764309],[-23.760508,73.543108],[-23.23346,73.397587],[-22.987403,73.346247],[-22.347106,73.268991],[-22.185178,73.27005],[-21.872975,73.3579],[-21.548059,73.431461],[-21.325799,73.45686],[-20.636823,73.463733],[-20.509828,73.492827],[-20.448979,73.653179],[-20.337849,73.819861],[-20.367485,73.848413],[-21.02207,73.941017],[-21.298281,73.962204],[-21.9878,73.971196],[-22.134897,73.990264],[-22.270366,74.029952],[-22.335453,74.063283],[-22.329097,74.090775],[-22.290469,74.125192],[-22.220111,74.165396],[-22.195746,74.2056],[-22.21745,74.245288],[-22.263493,74.272289],[-22.334419,74.286577],[-22.321707,74.302442],[-22.177245,74.329985],[-21.972452,74.389775],[-21.920052,74.438997],[-21.982503,74.567568],[-21.942815,74.565992],[-21.761844,74.482896],[-21.832228,74.357503],[-21.954985,74.244254],[-21.580357,74.163277],[-21.12948,74.110903],[-20.65323,74.137361],[-20.230439,74.204567],[-20.256355,74.282882],[-20.04735,74.28234],[-19.646237,74.258],[-19.466842,74.269653],[-19.368967,74.283942],[-19.314965,74.306705],[-19.271583,74.342672],[-19.24143,74.400369],[-19.225023,74.479744],[-19.286931,74.546406],[-19.427155,74.600899],[-19.537742,74.624722],[-19.79969,74.851736],[-19.984899,74.97501],[-20.214032,75.019478],[-20.417224,74.97501],[-20.531532,74.842719],[-20.610907,74.728436],[-20.861719,74.635832],[-21.038478,74.654358],[-21.038478,74.669706],[-20.97073,74.689808],[-20.889779,74.735309],[-20.795056,74.806235],[-20.785522,74.891941],[-20.861202,74.992503],[-20.927864,75.053352],[-20.985561,75.074513],[-21.056461,75.079268],[-21.14059,75.0687],[-21.457574,74.997774],[-21.597798,74.971858],[-21.695156,74.964443],[-21.784065,74.971316],[-21.904187,75.00413],[-22.09787,75.066581],[-22.232798,75.119498],[-21.860805,75.040123],[-21.649138,75.023716],[-21.409411,75.064979],[-21.246424,75.133244],[-21.09403,75.149108],[-20.905669,75.157067],[-20.484971,75.314215],[-20.198684,75.307858],[-20.026705,75.254425],[-19.893354,75.204686],[-19.798631,75.157583],[-19.67639,75.149108],[-19.526115,75.180347],[-19.426096,75.230085],[-19.375298,75.29835],[-19.366306,75.3862],[-19.399637,75.494669],[-19.431392,75.567171],[-19.462088,75.60368],[-19.480072,75.644944],[-19.485885,75.689385],[-19.509165,75.75765],[-19.565803,75.794702],[-19.807106,75.897357],[-19.957924,75.99686],[-19.862658,76.120677],[-20.103444,76.219095],[-20.279118,76.232324],[-20.435207,76.231265],[-20.563804,76.239739],[-20.783403,76.27519],[-20.88766,76.303767],[-21.185575,76.267774],[-21.416827,76.264079],[-21.488269,76.272011],[-21.569221,76.293716],[-21.758124,76.400608],[-21.877186,76.573621],[-22.00369,76.587935],[-22.294732,76.601681],[-22.378861,76.612275],[-22.444464,76.624961],[-22.606392,76.680539],[-22.60957,76.704336],[-22.554535,76.729219],[-22.334419,76.793788],[-22.185178,76.794305],[-21.930646,76.742965],[-21.749132,76.690048],[-21.614722,76.687955],[-20.960162,76.842442],[-20.942153,76.886909],[-20.486548,76.920783],[-20.064274,76.927656],[-19.864777,76.914427],[-19.508649,76.860994],[-19.156215,76.836628],[-18.981058,76.813865],[-18.865174,76.784254],[-18.740298,76.767847],[-18.605887,76.763067],[-18.510105,76.777898],[-18.395823,76.859934],[-18.337092,76.9213],[-18.302676,77.012302],[-18.292625,77.132967],[-18.339211,77.21552],[-18.442383,77.259445],[-18.585785,77.283268],[-18.903285,77.280606],[-19.130842,77.232986],[-19.30016,77.222393],[-19.426638,77.246216],[-19.587507,77.294378],[-19.808682,77.332463],[-20.232015,77.368456],[-20.463784,77.447289],[-20.680773,77.618725],[-20.439445,77.661617],[-20.162175,77.689651],[-19.953169,77.666371],[-19.523997,77.57219],[-19.467385,77.565808],[-19.295923,77.58542],[-19.296982,77.621386],[-19.393824,77.678541],[-19.490665,77.718771],[-19.724553,77.766907],[-19.99495,77.803417],[-20.318806,77.862173],[-20.571736,77.891809],[-20.862778,77.911885],[-21.132141,77.847342],[-21.379801,77.697583],[-21.578755,77.651565],[-21.729573,77.708694],[-21.747556,77.790704],[-21.632731,77.897623],[-21.515787,77.991803],[-21.397241,78.073839],[-21.312053,78.173833],[-21.260195,78.292896],[-21.194592,78.379686],[-20.955925,78.554844],[-20.94745,78.596107],[-21.141676,78.642694],[-21.133717,78.658558],[-20.615661,78.804079],[-20.39552,78.828961],[-20.199743,78.830537],[-20.050528,78.841648],[-19.972729,78.867589],[-19.887023,78.910972],[-19.831445,78.959108],[-19.806047,79.012025],[-19.770054,79.047475],[-19.722951,79.064942],[-19.262049,79.123181],[-19.074722,79.152275],[-18.992194,79.178191],[-18.971007,79.211548],[-19.011237,79.251235],[-19.071569,79.289321],[-19.151978,79.325288],[-19.222904,79.341721],[-19.283753,79.338],[-19.413926,79.348594],[-19.431392,79.398332],[-19.39912,79.488275],[-19.354136,79.567133],[-19.295923,79.634881],[-19.283753,79.683018],[-19.353077,79.734358],[-19.391705,79.750223],[-19.51764,79.75552],[-19.839378,79.746528],[-19.985415,79.756062],[-20.069028,79.774046],[-20.138378,79.80314],[-20.181217,79.858175],[-20.197625,79.93755],[-20.150005,80.011111],[-20.039391,80.078833],[-19.866896,80.144462],[-19.515005,80.241304],[-19.429274,80.257711],[-19.205954,80.261406],[-19.029221,80.24766],[-18.692678,80.206913],[-18.070907,80.171954],[-17.722711,80.176192],[-17.357049,80.200531],[-17.191426,80.203735],[-17.010972,80.189963],[-16.868655,80.198413],[-16.488704,80.251872],[-16.168026,80.329671],[-15.932536,80.395274],[-15.93729,80.427546],[-16.429431,80.484183],[-16.587638,80.511184],[-16.760677,80.573609],[-16.318843,80.649806],[-15.997648,80.641874],[-15.542534,80.650323],[-15.194364,80.721249],[-14.503786,80.763055],[-14.431284,80.776284],[-14.240262,80.832379],[-14.228635,80.870465],[-14.308527,80.91333],[-14.49004,80.973146],[-14.452471,80.993248],[-14.197397,81.013893],[-13.804242,81.018621],[-13.451266,81.038232],[-13.126377,81.087971],[-12.461198,81.232406],[-12.231548,81.309146],[-11.528826,81.423997],[-11.430382,81.456785],[-11.425628,81.480608],[-11.557403,81.502829],[-11.841029,81.57745],[-12.192919,81.648893],[-12.434223,81.682741],[-12.955974,81.720309],[-13.704223,81.789117],[-14.241864,81.813973],[-15.227695,81.821931],[-15.450473,81.836736],[-15.555763,81.833558],[-15.969071,81.785396],[-16.120923,81.776404],[-16.266986,81.754183],[-16.359048,81.729327],[-16.63686,81.626129],[-16.936919,81.544119],[-17.159154,81.450972],[-17.226359,81.430327],[-17.456009,81.397538],[-17.716898,81.428208],[-17.969311,81.440921],[-18.11801,81.466836],[-18.456672,81.498075],[-18.667279,81.492235],[-19.153037,81.512338],[-19.22448,81.639875],[-19.62983,81.639875],[-20.015594,81.564221],[-20.755885,81.311781],[-20.889779,81.276357],[-21.142192,81.226076],[-21.449641,81.178456],[-21.931162,81.050402],[-22.089396,81.020223],[-22.825475,80.912788],[-22.919138,80.872067],[-22.973114,80.832896],[-23.117576,80.778403],[-23.203824,80.789513],[-23.196408,80.847184],[-23.072591,80.926559],[-22.572544,81.097996],[-22.41537,81.137167],[-21.960799,81.283747],[-21.723759,81.348317],[-21.504134,81.437743],[-21.230559,81.601247],[-21.14643,81.69491],[-21.123666,81.79015],[-21.117853,81.869525],[-21.130565,81.934095],[-21.167591,81.983833],[-21.337969,82.068505],[-21.575577,82.074861],[-22.563527,82.053157],[-22.9403,82.03042],[-23.103804,82.011894],[-23.180001,81.989673],[-23.248808,81.947324],[-23.310716,81.885416],[-23.392753,81.827202],[-23.495925,81.773226],[-23.636665,81.742013],[-24.292853,81.70075],[-24.589165,81.882754],[-25.149028,82.0013],[-27.046096,82.046284],[-27.839329,82.04892],[-28.91934,81.996003],[-29.543773,81.939934],[-29.810991,81.955256],[-29.887188,82.054733],[-29.772906,82.131473],[-29.579223,82.161109],[-23.862104,82.287045],[-23.118092,82.324639],[-22.472499,82.384946],[-21.994156,82.462719],[-21.615781,82.547933],[-21.520541,82.595553],[-21.58245,82.634181],[-21.691978,82.682344],[-21.919535,82.716192],[-22.524899,82.789236],[-23.407015,82.829441],[-23.694362,82.818873],[-23.833527,82.838975],[-23.919258,82.885019],[-24.17379,82.892951],[-24.470103,82.877603],[-24.8453,83.018344],[-25.123112,83.159653],[-26.140699,83.096685],[-27.002196,83.067049],[-27.73825,83.0771],[-28.151532,83.063871],[-29.174932,83.101982],[-29.963385,83.110431],[-30.386202,83.093507],[-31.515435,82.991369],[-31.836656,82.977623],[-32.032975,82.983436],[-31.992745,83.085575],[-31.533961,83.088753],[-30.091982,83.157534],[-27.572084,83.192442],[-26.182505,83.221561],[-25.912625,83.237452],[-25.795138,83.260732],[-25.890404,83.278716]],[[11.199399,78.441052],[11.372464,78.438933],[11.586249,78.388135],[11.756626,78.328888],[11.965141,78.224631],[12.116449,78.232589],[12.056143,78.305608],[11.929691,78.374906],[11.884681,78.409323],[11.825408,78.436298],[11.616428,78.474952],[11.424295,78.548487],[11.261876,78.541614],[11.250197,78.610913],[11.154958,78.640575],[11.078218,78.686076],[11.152839,78.724704],[11.123745,78.753281],[10.960758,78.846402],[10.772914,78.887692],[10.558095,78.903039],[10.557526,78.83741],[10.628427,78.753798],[10.788779,78.686619],[10.840662,78.644812],[11.12111,78.463299],[11.199399,78.441052]],[[-18.000524,75.407361],[-18.229657,75.371885],[-18.450315,75.327986],[-18.635524,75.389895],[-18.856182,75.318969],[-18.88264,75.195695],[-18.891115,75.072395],[-18.670974,75.001469],[-18.353474,75.010486],[-17.586182,74.99302],[-17.391982,75.036945],[-17.497815,75.15177],[-17.762399,75.142778],[-17.885699,75.204686],[-17.921149,75.301528],[-18.000524,75.407361]],[[-19.032399,79.772986],[-18.661982,79.72007],[-18.035974,79.711052],[-17.61264,79.825903],[-17.400974,79.940728],[-17.471357,80.028552],[-17.983057,80.05501],[-18.547157,80.011111],[-18.996949,79.940728],[-19.138232,79.852361],[-19.032399,79.772986]],[[-18.220148,77.668489],[-18.148163,77.642548],[-17.953963,77.642548],[-17.729584,77.706601],[-17.641217,77.782255],[-17.681448,77.858452],[-17.813739,77.874859],[-17.903682,77.86269],[-18.174079,77.714533],[-18.220148,77.668489]],[[-19.058857,76.694802],[-19.085315,76.58052],[-19.085315,76.430219],[-18.697432,76.015903],[-18.582607,76.042361],[-18.661982,76.40376],[-18.732365,76.641885],[-18.88264,76.70382],[-19.058857,76.694802]],[[-19.610787,82.078039],[-19.59438,81.991249],[-19.369484,81.917171],[-19.031339,81.827202],[-18.767815,81.81449],[-18.664617,81.846271],[-18.8128,81.949443],[-19.066815,82.04892],[-19.314449,82.123024],[-19.494903,82.116642],[-19.610787,82.078039]],[[-18.935557,78.423611],[-19.00594,78.441052],[-19.111774,78.423611],[-19.314449,78.344236],[-19.296982,78.185486],[-19.217607,78.044177],[-19.12924,77.938344],[-18.996949,77.97382],[-18.88264,78.115103],[-18.953024,78.211945],[-18.953024,78.353228],[-18.935557,78.423611]]]}},{"type":"Feature","properties":{"featurecla":"sea","name":"Ionian Sea","namealt":null,"changed":"Version 1.4","note":null,"name_fr":"mer Ionienne","min_label":5.7,"max_label":10,"scalerank":4,"label":"Ionian Sea","wikidataid":"Q37495","name_ar":"البحر الأيوني","name_bn":"আয়োনীয় সাগর","name_de":"Ionisches Meer","name_en":"Ionian Sea","name_es":"mar Jónico","name_el":"Ιόνιο Πέλαγος","name_hi":"आयोनियन सागर","name_hu":"Jón-tenger","name_id":"Laut Ionia","name_it":"mar Ionio","name_ja":"イオニア海","name_ko":"이오니아해","name_nl":"Ionische Zee","name_pl":"Morze Jońskie","name_pt":"Mar Jônico","name_ru":"Ионическое море","name_sv":"Joniska havet","name_tr":"İyonya Denizi","name_vi":"biển Ionia","name_zh":"爱奥尼亚海","ne_id":1159116697,"name_fa":"دریای یونان","name_he":"הים היוני","name_uk":"Іонічне море","name_ur":"بحیرہ ایونی","name_zht":"伊奧尼亞海"},"bbox":[15.099368,36.462813,23.183474,40.513574],"geometry":{"type":"Polygon","coordinates":[[[22.454268,36.462813],[15.111564,36.63425],[15.112597,36.687709],[15.116318,36.736388],[15.104122,36.785068],[15.115801,36.839044],[15.14226,36.891444],[15.185099,36.934826],[15.294653,37.013142],[15.295687,37.054948],[15.288814,37.096754],[15.235897,37.13856],[15.173989,37.20946],[15.230109,37.244394],[15.193574,37.283022],[15.145929,37.307878],[15.116835,37.334879],[15.105724,37.375626],[15.099368,37.458696],[15.131149,37.531715],[15.164997,37.589411],[15.189854,37.650777],[15.206803,37.720644],[15.234295,37.784671],[15.475624,38.063],[15.508956,38.106408],[15.576703,38.220174],[15.634374,38.267794],[15.651841,38.273091],[15.679333,38.254565],[15.690443,38.247692],[15.643366,38.17519],[15.646001,38.034423],[15.724343,37.939183],[16.056622,37.941819],[16.109539,38.018558],[16.143956,38.086306],[16.282603,38.24981],[16.545585,38.409077],[16.574162,38.493749],[16.558814,38.71495],[16.616485,38.800138],[16.755649,38.889565],[16.951451,38.939846],[17.098574,38.919201],[17.174797,38.998059],[17.122914,39.136681],[17.114439,39.380646],[16.999097,39.481699],[16.824482,39.578541],[16.597985,39.638873],[16.521762,39.747342],[16.52972,39.859531],[16.669401,40.137344],[16.807016,40.326247],[16.928197,40.458022],[17.031343,40.513574],[17.180068,40.503006],[17.215518,40.486599],[17.249366,40.43792],[17.257841,40.399291],[17.395972,40.340019],[17.476381,40.315136],[17.864781,40.280229],[18.078049,39.936787],[18.219333,39.852658],[18.343718,39.82142],[18.369091,39.801318],[19.626947,39.743104],[19.648083,39.744706],[19.649168,39.72618],[19.808951,39.585414],[19.884089,39.461597],[19.975143,39.411316],[20.099476,39.376408],[20.077772,39.432503],[20.027491,39.442011],[19.955557,39.470588],[19.927497,39.506039],[19.903158,39.600245],[19.904191,39.619287],[19.84652,39.667967],[19.862385,39.692849],[19.937006,39.746825],[19.931218,39.761088],[19.941243,39.765351],[19.991008,39.756333],[19.998397,39.756876],[20.001033,39.709256],[20.099476,39.640992],[20.191564,39.545726],[20.300549,39.327186],[20.468291,39.255227],[20.571489,39.147792],[20.691068,39.067357],[20.713289,39.035085],[20.779435,39.008627],[20.922837,39.036687],[21.033993,39.026094],[21.068358,39.03245],[21.118122,39.029789],[21.144581,38.978991],[21.152539,38.921836],[21.111766,38.896437],[21.074197,38.885327],[20.893226,38.940879],[20.777316,38.92765],[20.768324,38.874217],[20.776799,38.807554],[20.873124,38.775799],[20.992187,38.654101],[21.059935,38.503283],[21.113368,38.384737],[21.182666,38.345567],[21.303331,38.37417],[21.329789,38.424425],[21.330822,38.487393],[21.355214,38.474706],[21.390095,38.408018],[21.472674,38.321253],[21.567914,38.333423],[21.649924,38.354042],[21.717155,38.355101],[21.804437,38.366754],[21.812912,38.36939],[21.965306,38.412255],[22.226737,38.352982],[22.319858,38.356703],[22.385487,38.385797],[22.421453,38.438713],[22.583407,38.34505],[22.753785,38.289498],[22.783395,38.261437],[22.834193,38.234462],[22.932637,38.20219],[22.99563,38.21542],[23.034233,38.20219],[23.093505,38.196351],[23.149058,38.176249],[23.183474,38.1339],[23.152778,38.096357],[23.122083,38.073594],[22.954858,38.074653],[22.892949,38.05083],[22.916772,38.007448],[22.920441,37.958226],[22.846389,37.96776],[22.799828,37.980989],[22.711462,38.047135],[22.555864,38.113281],[22.243635,38.188961],[21.953162,38.321253],[21.824539,38.328126],[21.748368,38.27415],[21.658399,38.17519],[21.548845,38.164622],[21.45097,38.204826],[21.403893,38.196894],[21.308085,38.02755],[21.145097,37.919081],[21.124995,37.891563],[21.137708,37.853995],[21.205455,37.829112],[21.288499,37.77462],[21.329272,37.669303],[21.416037,37.640209],[21.571066,37.541249],[21.679018,37.387253],[21.692247,37.30948],[21.579024,37.200469],[21.582745,37.080889],[21.738291,36.863383],[21.892287,36.737448],[21.934093,36.803594],[21.939932,36.89196],[21.955797,36.989861],[22.011866,37.01632],[22.080699,37.029006],[22.133616,36.96392],[22.164828,36.903071],[22.230974,36.882452],[22.375927,36.701998],[22.381249,36.64642],[22.374893,36.513611],[22.42781,36.4755],[22.454268,36.462813]],[[20.703781,37.743381],[20.818606,37.664549],[20.909091,37.732271],[20.993789,37.707931],[20.888472,37.805315],[20.839793,37.840765],[20.758816,37.852935],[20.691637,37.929649],[20.619651,37.855054],[20.634999,37.823299],[20.703781,37.743381]],[[20.612262,38.383161],[20.563014,38.474706],[20.550302,38.456723],[20.548234,38.394789],[20.519657,38.332338],[20.48152,38.318075],[20.43496,38.35616],[20.408501,38.336601],[20.352432,38.22175],[20.352432,38.179944],[20.391035,38.188419],[20.45191,38.23392],[20.473045,38.218598],[20.49847,38.184181],[20.495318,38.164079],[20.523326,38.106408],[20.568853,38.097933],[20.605905,38.119637],[20.761451,38.070416],[20.781037,38.088942],[20.788995,38.141858],[20.695306,38.24609],[20.624922,38.267794],[20.612262,38.383161]]]}},{"type":"Feature","properties":{"featurecla":"sea","name":"Irish Sea","namealt":null,"changed":"Version 1.4","note":null,"name_fr":"mer d'Irlande","min_label":4,"max_label":8.5,"scalerank":2,"label":"Irish Sea","wikidataid":"Q41735","name_ar":"البحر الأيرلندي","name_bn":"আইরিশ সাগর","name_de":"Irische See","name_en":"Irish Sea","name_es":"mar de Irlanda","name_el":"Ιρλανδική Θάλασσα","name_hi":"आयरिश सागर","name_hu":"Ír-tenger","name_id":"Laut Irlandia","name_it":"Mare d'Irlanda","name_ja":"アイリッシュ海","name_ko":"아일랜드해","name_nl":"Ierse Zee","name_pl":"Morze Irlandzkie","name_pt":"Mar da Irlanda","name_ru":"Ирландское море","name_sv":"Irländska sjön","name_tr":"İrlanda Denizi","name_vi":"Biển Ireland","name_zh":"愛爾蘭海","ne_id":1159115935,"name_fa":"دریای ایرلند","name_he":"הים האירי","name_uk":"Ірландське море","name_ur":"بحیرہ آئرش","name_zht":"愛爾蘭海"},"bbox":[-6.62344,51.68005,-2.749413,54.963545],"geometry":{"type":"Polygon","coordinates":[[[-6.403299,51.68005],[-6.62344,52.175885],[-6.619203,52.199166],[-6.560989,52.188598],[-6.437715,52.20286],[-6.325009,52.246785],[-6.463114,52.345229],[-6.400121,52.366907],[-6.345628,52.401841],[-6.217031,52.543124],[-6.199048,52.663246],[-6.169411,52.737867],[-6.130783,52.80719],[-6.07151,52.865378],[-6.027611,52.927312],[-6.045052,53.091333],[-6.072053,53.166497],[-6.134478,53.301424],[-6.151428,53.36651],[-6.129207,53.39085],[-6.138715,53.460174],[-6.130783,53.498802],[-6.141919,53.57766],[-6.194836,53.640628],[-6.229201,53.745919],[-6.269948,53.840125],[-6.321805,53.881931],[-6.347747,53.941178],[-6.345111,53.987222],[-6.307516,54.011045],[-6.230803,54.003629],[-6.156725,54.017375],[-6.175767,54.053368],[-6.21809,54.088818],[-6.119673,54.058664],[-6.019136,54.051249],[-5.937642,54.088818],[-5.876251,54.156023],[-5.854573,54.201007],[-5.825995,54.23594],[-5.707992,54.245992],[-5.606913,54.27245],[-5.557717,54.370868],[-5.63177,54.372444],[-5.656135,54.381978],[-5.646058,54.47776],[-5.67094,54.54972],[-5.615905,54.536491],[-5.568285,54.512694],[-5.525936,54.460294],[-5.484156,54.441768],[-5.470384,54.499981],[-5.489969,54.553957],[-5.506919,54.583594],[-5.081467,54.806913],[-5.032245,54.761386],[-4.911064,54.689427],[-4.88936,54.772497],[-4.851791,54.825414],[-4.817917,54.846058],[-4.64754,54.788904],[-4.517367,54.758208],[-4.409932,54.786785],[-4.303582,54.835465],[-4.253301,54.846601],[-4.208342,54.837067],[-4.173926,54.801074],[-4.133179,54.779396],[-4.075508,54.787302],[-3.958022,54.780972],[-3.898749,54.805311],[-3.84162,54.84288],[-3.783407,54.869881],[-3.71938,54.876211],[-3.658531,54.892619],[-3.550579,54.947654],[-3.434152,54.963545],[-3.081202,54.961943],[-3.036217,54.952951],[-3.267986,54.906365],[-3.464848,54.773039],[-3.591842,54.564525],[-3.569622,54.467709],[-3.410329,54.305781],[-3.321445,54.229042],[-3.165874,54.127963],[-3.109779,54.126386],[-3.054743,54.153387],[-2.993378,54.170311],[-2.867416,54.177184],[-2.846255,54.135378],[-2.86212,54.043833],[-2.899688,53.960763],[-3.026683,53.905728],[-3.045209,53.84382],[-3.03198,53.773436],[-2.98436,53.746978],[-2.925113,53.73269],[-2.995471,53.662306],[-3.059523,53.586109],[-3.064794,53.513091],[-2.970072,53.389274],[-2.912917,53.350103],[-2.845195,53.332094],[-2.793855,53.330518],[-2.749413,53.310416],[-2.864238,53.292406],[-2.918757,53.305119],[-3.064794,53.426817],[-3.165357,53.394545],[-3.097609,53.26016],[-3.3262,53.346925],[-3.427821,53.340569],[-3.529391,53.310416],[-3.645818,53.297729],[-3.764364,53.307754],[-3.809323,53.302483],[-4.110958,53.218871],[-4.268649,53.14425],[-4.328438,53.105105],[-4.362312,53.055883],[-4.405178,53.01356],[-4.525842,52.957982],[-4.638549,52.89132],[-4.681388,52.844217],[-4.68299,52.806131],[-4.583513,52.815123],[-4.47184,52.862226],[-4.356499,52.897133],[-4.228961,52.913024],[-4.101424,52.915659],[-4.114653,52.865921],[-4.117314,52.819877],[-4.067576,52.760604],[-4.038999,52.703993],[-4.070728,52.659008],[-4.078686,52.607694],[-4.048507,52.557412],[-3.980242,52.541548],[-4.050626,52.475402],[-4.099848,52.393366],[-4.149586,52.32616],[-4.217851,52.277481],[-4.382957,52.197589],[-4.561266,52.151003],[-4.87825,52.042018],[-5.087798,51.995948],[-5.18358,51.949413],[-5.262412,51.880089],[-5.20053,51.861563],[-5.167173,51.808104],[-5.168232,51.749374],[-6.358857,51.699635],[-6.403299,51.68005]],[[-4.0845,53.264372],[-4.049592,53.305635],[-4.154883,53.303],[-4.196689,53.321526],[-4.315209,53.417308],[-4.461815,53.419427],[-4.567648,53.386612],[-4.553334,53.260677],[-4.47184,53.176548],[-4.418924,53.178124],[-4.372906,53.134199],[-4.2787,53.17231],[-4.200384,53.217811],[-4.0845,53.264372]],[[-4.614183,54.058664],[-4.412051,54.185143],[-4.392465,54.225347],[-4.337973,54.269272],[-4.377117,54.392546],[-4.395669,54.40314],[-4.424763,54.407377],[-4.508892,54.376681],[-4.614726,54.267153],[-4.698855,54.22483],[-4.745415,54.118997],[-4.785103,54.072927],[-4.765543,54.069232],[-4.696219,54.081402],[-4.614183,54.058664]]]}},{"type":"Feature","properties":{"featurecla":"sea","name":"Java Sea","namealt":null,"changed":"Version 1.4","note":null,"name_fr":"mer de Java","min_label":4,"max_label":8.5,"scalerank":2,"label":"Java Sea","wikidataid":"Q49364","name_ar":"بحر جاوة","name_bn":"জাভা সাগর","name_de":"Javasee","name_en":"Java Sea","name_es":"mar de Java","name_el":"Θάλασσα της Ιάβας","name_hi":"जावा सागर","name_hu":"Jáva-tenger","name_id":"Laut Jawa","name_it":"Mar di Giava","name_ja":"ジャワ海","name_ko":"자와해","name_nl":"Javazee","name_pl":"Morze Jawajskie","name_pt":"Mar de Java","name_ru":"Яванское море","name_sv":"Javasjön","name_tr":"Cava Denizi","name_vi":"Biển Java","name_zh":"爪哇海","ne_id":1159115959,"name_fa":"دریای جاوه","name_he":"ים ג'אווה","name_uk":"Яванське море","name_ur":"بحیرہ جاوا","name_zht":"爪哇海"},"bbox":[104.607393,-7.772859,119.464781,-2.522481],"geometry":{"type":"Polygon","coordinates":[[[105.27681,-6.726721],[105.194747,-6.661092],[105.252935,-6.640473],[105.277326,-6.561615],[105.260376,-6.524046],[105.225443,-6.5288],[105.19206,-6.54575],[105.130203,-6.606056],[104.607393,-5.909148],[104.60791,-5.904911],[104.631216,-5.908115],[104.684133,-5.892767],[104.675658,-5.816027],[104.617935,-5.641412],[104.621656,-5.571546],[104.639691,-5.520231],[104.930164,-5.6811],[105.022768,-5.726575],[105.081524,-5.745644],[105.128085,-5.722906],[105.303785,-5.569944],[105.34926,-5.549325],[105.522841,-5.672625],[105.555656,-5.712313],[105.577876,-5.760475],[105.618649,-5.799594],[105.676837,-5.817629],[105.748254,-5.818146],[105.802772,-5.71655],[105.816001,-5.676862],[105.88747,-5.009565],[105.879512,-4.793661],[105.890622,-4.659767],[105.886385,-4.553934],[105.831349,-4.162898],[105.840341,-4.121609],[105.927674,-3.881365],[105.93031,-3.833254],[105.895376,-3.779769],[105.851451,-3.730573],[105.844062,-3.613629],[105.884783,-3.451159],[105.901733,-3.409921],[106.033508,-3.260679],[106.058364,-3.217271],[106.088026,-3.21939],[106.531462,-3.101929],[106.556318,-3.057487],[106.610837,-3.071233],[106.667422,-3.07175],[106.657397,-3.001367],[106.621379,-2.940544],[106.823537,-2.576483],[106.825139,-2.573796],[107.782393,-2.522481],[107.823114,-2.533592],[107.666483,-2.566406],[107.641626,-2.731513],[107.598218,-2.799777],[107.605143,-2.863287],[107.563337,-2.919873],[107.583956,-2.940544],[107.591345,-2.976511],[107.595066,-3.058521],[107.636872,-3.124667],[107.614651,-3.209365],[107.65961,-3.205644],[107.821564,-3.160685],[107.836912,-3.096607],[107.858047,-3.086581],[107.941143,-3.129421],[107.967085,-3.166473],[107.97711,-3.221508],[108.055451,-3.226831],[108.083512,-3.19505],[108.167072,-3.14265],[108.19198,-3.102963],[108.207328,-2.997698],[108.271872,-2.867525],[108.27611,-2.874915],[110.21656,-2.910365],[110.231908,-2.909848],[110.232424,-2.925196],[110.256247,-2.965917],[110.302291,-2.985502],[110.35097,-2.9469],[110.377428,-2.933671],[110.574264,-2.891296],[110.667953,-3.005088],[110.703352,-3.020952],[110.735649,-2.988706],[110.811355,-2.938425],[110.899205,-2.908763],[110.852076,-2.946331],[110.829856,-2.995011],[110.86851,-3.048496],[110.929901,-3.071233],[111.044158,-3.055886],[111.258977,-2.956408],[111.367497,-2.933671],[111.495035,-2.973358],[111.625208,-2.975477],[111.658539,-2.925713],[111.694506,-2.889746],[111.760135,-2.938942],[111.809331,-3.00824],[111.823128,-3.056919],[111.835789,-3.307756],[111.834239,-3.419946],[111.822043,-3.532652],[111.85801,-3.551721],[111.907258,-3.552754],[111.954852,-3.5295],[112.126831,-3.381344],[112.285064,-3.320986],[112.443814,-3.371267],[112.600394,-3.400361],[112.758162,-3.322071],[112.971379,-3.187144],[113.033855,-2.933671],[113.343397,-3.246365],[113.36722,-3.223627],[113.409026,-3.228898],[113.52597,-3.18394],[113.566174,-3.177584],[113.610099,-3.195567],[113.630201,-3.245848],[113.637074,-3.332096],[113.633405,-3.419946],[113.705339,-3.455396],[113.795824,-3.456481],[113.95876,-3.394573],[114.08206,-3.278663],[114.109087,-3.285019],[114.127639,-3.327342],[114.17792,-3.354317],[114.236108,-3.36119],[114.292745,-3.306206],[114.344576,-3.235254],[114.301685,-3.364911],[114.304372,-3.409921],[114.344576,-3.444286],[114.396976,-3.471261],[114.446172,-3.481854],[114.525547,-3.376538],[114.536141,-3.494567],[114.606008,-3.703081],[114.625024,-4.111583],[114.652568,-4.151788],[114.693289,-4.169771],[115.258474,-3.90679],[115.955899,-3.595129],[115.987629,-3.542212],[116.030003,-3.584019],[116.02251,-3.612544],[116.018324,-3.699877],[116.077081,-3.817338],[116.05858,-4.006784],[116.093462,-4.053912],[116.180227,-3.977173],[119.361635,-5.320192],[119.376414,-5.42494],[119.46323,-5.521782],[119.464781,-5.523383],[118.82451,-6.508698],[117.00736,-7.090781],[115.437843,-6.967481],[115.392885,-6.960608],[115.424097,-6.940506],[115.545795,-6.938388],[115.524091,-6.901852],[115.479133,-6.870123],[115.414589,-6.839944],[115.353714,-6.838394],[115.240491,-6.861131],[115.221939,-6.905056],[115.220905,-6.93415],[115.208193,-6.932031],[114.384781,-7.772859],[114.382714,-7.771308],[114.070485,-7.633177],[114.037102,-7.632144],[113.876285,-7.677102],[113.747714,-7.703044],[113.49791,-7.723663],[113.248158,-7.718392],[113.013753,-7.657517],[112.794645,-7.5522],[112.783018,-7.431587],[112.794128,-7.304567],[112.751805,-7.264879],[112.648608,-7.221471],[112.62587,-7.178115],[112.586699,-7.050577],[112.539054,-6.926192],[112.433789,-6.902938],[112.312607,-6.894463],[112.136908,-6.905056],[112.087143,-6.893377],[111.989785,-6.806096],[111.737397,-6.773281],[111.688149,-6.741552],[111.643708,-6.698661],[111.54051,-6.648379],[111.484441,-6.6521],[111.386566,-6.692873],[111.342072,-6.699746],[111.181772,-6.686517],[111.154229,-6.66905],[111.000801,-6.464773],[110.972224,-6.435679],[110.83461,-6.424052],[110.78438,-6.442552],[110.736735,-6.472163],[110.700768,-6.518206],[110.673741,-6.569573],[110.634054,-6.690186],[110.583824,-6.805579],[110.520831,-6.897098],[110.426108,-6.947379],[110.372674,-6.947896],[110.321359,-6.938388],[110.261001,-6.912446],[110.198576,-6.894979],[110.067318,-6.8987],[109.93606,-6.91565],[109.821287,-6.902421],[109.586831,-6.842579],[109.500583,-6.810333],[109.403741,-6.860046],[109.294239,-6.866919],[109.018545,-6.817206],[108.899482,-6.808215],[108.779852,-6.808215],[108.677739,-6.790748],[108.603635,-6.729356],[108.538057,-6.516088],[108.515837,-6.471129],[108.418995,-6.382763],[108.33006,-6.285921],[108.295178,-6.264734],[108.254406,-6.266336],[108.197251,-6.289073],[108.137462,-6.296515],[108.008891,-6.276929],[107.883989,-6.233521],[107.776037,-6.21869],[107.666483,-6.215538],[107.562768,-6.182723],[107.47497,-6.1219],[107.373891,-6.007592],[107.332085,-5.977929],[107.162224,-5.95731],[107.046314,-5.904394],[107.011381,-6.008625],[106.931489,-6.073169],[106.878055,-6.091721],[106.825139,-6.098077],[106.675897,-6.038287],[106.568462,-6.021854],[106.45896,-6.017617],[106.349922,-5.984286],[106.165799,-5.9647],[106.074797,-5.913902],[106.028753,-5.934573],[105.936149,-6.0171],[105.868401,-6.116577],[105.786908,-6.456815],[105.757297,-6.480121],[105.705931,-6.498104],[105.655133,-6.469527],[105.608055,-6.61665],[105.58108,-6.671169],[105.48367,-6.781756],[105.459899,-6.787027],[105.404864,-6.76801],[105.38688,-6.750544],[105.370964,-6.664296],[105.335514,-6.674321],[105.27681,-6.726721]],[[113.067187,-6.880148],[112.868232,-6.899734],[112.768755,-7.001329],[112.725864,-7.072798],[112.763949,-7.139461],[113.040728,-7.211963],[113.126976,-7.224107],[113.141807,-7.207725],[113.166147,-7.207208],[113.198393,-7.218319],[113.470935,-7.218319],[113.546589,-7.193462],[113.655626,-7.111969],[113.825435,-7.119875],[113.844504,-7.105612],[113.885276,-7.048975],[114.083197,-6.989185],[114.073637,-6.960092],[113.974677,-6.872758],[113.067187,-6.880148]]]}},{"type":"Feature","properties":{"featurecla":"sea","name":"Kara Sea","namealt":null,"changed":"Version 1.4","note":null,"name_fr":"mer de Kara","min_label":4,"max_label":8.5,"scalerank":2,"label":"Kara Sea","wikidataid":"Q33629","name_ar":"بحر كارا","name_bn":"কারা সাগর","name_de":"Karasee","name_en":"Kara Sea","name_es":"mar de Kara","name_el":"Θάλασσα του Κάρα","name_hi":"कारा सागर","name_hu":"Kara-tenger","name_id":"Laut Kara","name_it":"mare di Kara","name_ja":"カラ海","name_ko":"카라해","name_nl":"Karazee","name_pl":"Morze Karskie","name_pt":"Mar de Kara","name_ru":"Карское море","name_sv":"Karahavet","name_tr":"Kara Denizi","name_vi":"biển Kara","name_zh":"喀拉海","ne_id":1159116231,"name_fa":"دریای کارا","name_he":"ים קארה","name_uk":"Карське море","name_ur":"بحیرہ کارا","name_zht":"喀拉海"},"bbox":[55.298051,68.314409,102.315595,81.280569],"geometry":{"type":"Polygon","coordinates":[[[91.389854,81.187448],[91.554443,81.191685],[95.159649,81.280569],[95.159649,81.27106],[95.060689,81.187965],[94.837912,81.139285],[94.611414,81.114429],[94.375408,81.107556],[94.13997,81.089547],[93.889133,81.058308],[93.636693,81.038232],[93.497477,81.039291],[93.358881,81.03185],[93.065203,80.988494],[92.938751,80.926017],[92.764602,80.893228],[92.710135,80.872067],[92.610141,80.810158],[92.592674,80.781039],[92.773128,80.768869],[93.262607,80.79109],[92.981074,80.702723],[92.826562,80.618594],[92.577843,80.533379],[92.246597,80.499014],[91.896799,80.47731],[91.687768,80.41858],[91.523747,80.358765],[91.637539,80.269881],[91.891477,80.249236],[92.092085,80.223295],[92.201587,80.179396],[93.002262,80.102139],[93.654677,80.009535],[93.872183,80.010052],[94.328331,80.076198],[94.564854,80.125936],[94.661178,80.122758],[94.961212,80.150276],[95.856041,80.176734],[97.175185,80.240761],[97.263087,80.263525],[97.269443,80.239185],[97.44566,80.163505],[97.120718,80.152937],[96.41642,80.104232],[96.277255,80.110046],[96.16243,80.096817],[95.857643,80.110046],[95.497768,80.105808],[95.390901,80.07302],[95.337985,80.042324],[95.281347,80.030671],[94.987102,80.096817],[94.946949,80.089427],[94.815174,80.034934],[94.719366,80.011111],[94.347399,79.941787],[94.256914,79.829598],[94.038322,79.756062],[93.847326,79.701544],[93.404408,79.631677],[93.071043,79.495174],[93.272116,79.458122],[93.478512,79.462902],[93.758443,79.451249],[94.218776,79.40257],[94.313499,79.30733],[94.482326,79.218421],[94.619889,79.192479],[94.631568,79.140622],[94.652187,79.127393],[94.790835,79.086646],[95.020485,79.052798],[95.133191,79.049594],[95.436893,79.099358],[95.531151,79.098299],[95.702562,79.012025],[95.796251,79.001457],[96.347122,79.015746],[96.430166,79.003059],[96.808024,78.98505],[96.870966,78.963888],[96.932874,78.933735],[97.248256,78.868106],[97.55573,78.8263],[97.688539,78.827359],[97.90496,78.810435],[98.054201,78.821003],[98.282249,78.795087],[98.410872,78.787672],[98.819374,78.818368],[99.439543,78.834232],[99.540622,78.852758],[99.929539,78.961253],[99.899928,79.006211],[99.814714,79.095663],[99.750687,79.107833],[99.517316,79.130054],[99.317328,79.227412],[99.041635,79.293041],[99.104576,79.305211],[99.167053,79.306271],[99.387712,79.27449],[99.53747,79.276608],[99.680872,79.323195],[99.721593,79.385103],[99.706245,79.463419],[102.31451,79.463419],[102.315595,79.431121],[102.282212,79.430087],[102.225109,79.413163],[102.180616,79.373476],[102.177464,79.312601],[102.250999,79.255989],[102.128268,79.252295],[102.005485,79.263922],[101.911795,79.311542],[101.823997,79.370298],[101.76152,79.371874],[101.643543,79.361306],[101.590626,79.350712],[101.555176,79.312601],[101.542981,79.254413],[101.310643,79.232683],[101.196387,79.204649],[101.148741,79.157029],[101.052468,79.123181],[101.068333,79.09618],[101.030764,79.023135],[100.965651,79.006754],[100.901108,78.980296],[100.864572,78.925777],[100.856149,78.897743],[100.897955,78.812554],[100.955626,78.788731],[100.875734,78.783434],[100.619574,78.797206],[100.51586,78.787672],[100.416383,78.753281],[100.284091,78.679177],[100.262387,78.631583],[100.257116,78.573886],[100.214793,78.535775],[100.16291,78.504046],[100.123739,78.470714],[100.057593,78.380229],[100.018991,78.33894],[99.677668,78.233649],[99.545376,78.178588],[99.43851,78.083865],[99.287149,78.037847],[99.391949,78.000795],[99.500418,77.975913],[99.844893,77.956896],[100.004677,77.969065],[100.006795,77.944183],[100.912735,76.998039],[100.957745,76.956233],[100.90581,76.900681],[100.920176,76.82234],[101.008026,76.781619],[101.099545,76.70382],[101.006424,76.61491],[100.928083,76.556723],[101.002703,76.530781],[101.212768,76.535535],[101.683747,76.485254],[101.597499,76.439236],[101.310643,76.478924],[101.060943,76.477348],[100.843953,76.524942],[100.322177,76.478924],[99.935895,76.490034],[99.576072,76.471508],[98.869655,76.509594],[98.805628,76.4805],[98.969649,76.430761],[99.093983,76.384201],[99.46073,76.27519],[99.616845,76.240256],[99.825308,76.136025],[99.851249,75.930172],[99.737458,75.880433],[99.609352,75.811109],[99.540622,75.798423],[99.442179,75.803177],[99.602531,75.851856],[99.689295,75.956088],[99.770272,76.02859],[99.663405,76.077811],[99.61576,76.082566],[99.562843,76.109567],[99.187155,76.177831],[98.98448,76.207442],[98.771212,76.223875],[98.662226,76.242892],[98.342039,76.180467],[98.194399,76.166178],[98.019785,76.133906],[97.918189,76.088922],[97.670039,76.077811],[97.637741,76.029132],[97.499093,75.980427],[97.350937,76.033344],[97.205416,76.018539],[96.879441,75.931231],[96.49688,75.891027],[96.537601,75.921723],[96.600595,75.989961],[96.508508,76.005309],[95.934899,75.925934],[95.743851,75.872475],[95.653366,75.892086],[95.986214,76.009547],[96.075614,76.082049],[95.920068,76.113261],[95.578745,76.137058],[95.359172,76.13972],[95.038468,76.113804],[94.575447,76.15189],[94.506666,76.107965],[94.38812,76.102694],[94.102401,76.123829],[93.843089,76.101092],[93.648372,76.054014],[93.359449,76.100575],[93.259352,76.098973],[93.104891,76.025954],[92.971566,76.07515],[92.858859,75.979394],[92.890589,75.91007],[92.986345,75.902654],[93.068924,75.912705],[93.116518,75.94446],[93.17791,75.958749],[93.40601,75.901052],[93.475308,75.932833],[93.574268,75.956088],[93.686974,75.921723],[94.156351,75.959291],[94.075374,75.912705],[93.549928,75.853975],[92.602699,75.778837],[92.407466,75.749744],[91.845485,75.723802],[91.479305,75.649698],[91.004657,75.649698],[90.184966,75.590994],[89.594924,75.458159],[89.310239,75.470329],[88.73291,75.36925],[88.503776,75.290392],[87.671424,75.129549],[87.170835,75.192],[87.006245,75.169753],[86.921599,75.112625],[86.939066,75.068157],[87.140656,75.072395],[87.287262,75.052267],[87.467664,75.013122],[87.419553,74.941162],[87.041644,74.778692],[86.862843,74.717869],[86.651693,74.682393],[86.201385,74.81626],[86.119374,74.757556],[86.059068,74.728436],[85.880732,74.740089],[85.791281,74.645367],[86.11617,74.628417],[86.425764,74.585577],[86.699856,74.522583],[86.894056,74.449565],[87.106239,74.403521],[87.229539,74.363833],[86.897776,74.325205],[86.664922,74.414114],[86.53847,74.444268],[86.395585,74.450107],[86.182885,74.423106],[86.001345,74.316213],[86.177562,74.279187],[86.571285,74.243711],[86.69722,74.195575],[87.209437,73.878592],[87.337491,73.84632],[87.503114,73.832548],[87.571379,73.810844],[87.369272,73.755808],[87.294651,73.704494],[87.120037,73.615068],[86.375999,73.569024],[86.154824,73.534633],[86.092399,73.519285],[85.99871,73.485954],[85.93892,73.456318],[85.909826,73.390172],[85.970649,73.346789],[86.121493,73.306559],[86.715203,73.125588],[86.677118,73.106546],[86.51413,73.14042],[86.307735,73.195972],[86.098187,73.272711],[85.818256,73.327204],[85.802391,73.371646],[85.792883,73.438308],[85.800272,73.458979],[85.827247,73.492827],[86.093949,73.578558],[86.365974,73.619848],[86.697685,73.716664],[87.029551,73.824073],[86.961287,73.860608],[86.893022,73.887067],[86.591387,73.894482],[85.979124,73.856913],[85.611343,73.821437],[85.448407,73.734673],[85.200722,73.721444],[85.077422,73.719325],[84.737701,73.762707],[84.417566,73.72196],[83.667224,73.68651],[83.544441,73.666408],[81.81726,73.658993],[81.469064,73.640467],[80.583226,73.568507],[80.562039,73.515048],[80.595939,73.473784],[80.458324,73.413452],[80.398018,73.356841],[80.265726,73.342552],[79.189926,73.130885],[78.961878,73.013942],[78.657039,72.892244],[78.633268,72.850954],[78.638022,72.847233],[78.572393,72.813385],[78.34326,72.513352],[78.341141,72.512267],[78.279233,72.553039],[77.748464,72.631329],[77.578604,72.630812],[77.378047,72.565183],[77.260587,72.486351],[77.149482,72.439274],[76.903399,72.365712],[76.871102,72.317033],[76.906035,72.297448],[77.145762,72.2821],[77.632605,72.291092],[77.780762,72.308558],[78.00726,72.392687],[78.154331,72.417027],[78.17712,72.4239],[78.11361,72.390052],[78.11361,72.356178],[77.968089,72.32866],[77.733116,72.229183],[77.625164,72.201666],[77.471737,72.192131],[77.439956,72.156681],[77.410862,72.108002],[77.492872,72.071493],[77.780762,72.114358],[78.016251,72.092137],[78.140585,72.044518],[78.232155,71.95243],[78.186628,71.906929],[77.777609,71.836546],[77.550595,71.842359],[77.061116,72.004287],[76.87167,72.032864],[76.421878,72.005889],[76.123964,71.926514],[76.032393,71.910624],[76.10381,71.82913],[76.215483,71.683067],[76.312324,71.595243],[76.433505,71.552377],[76.871102,71.446544],[77.113464,71.409518],[77.481245,71.311617],[77.706658,71.300506],[77.908299,71.324303],[78.21257,71.26609],[78.386668,71.087237],[78.491416,71.025329],[78.587741,70.994117],[78.723753,70.976107],[78.803645,70.973472],[78.888859,70.997295],[79.084093,71.002049],[79.015312,70.950192],[78.942293,70.933784],[78.525833,70.911538],[78.320522,70.930606],[78.068083,70.986184],[77.589714,71.167672],[76.995487,71.180901],[76.928824,71.127984],[76.742014,71.202062],[76.110166,71.21847],[75.733393,71.26609],[75.332281,71.34177],[75.297916,71.378279],[75.280449,71.430136],[75.416978,71.494706],[75.46881,71.534394],[75.503226,71.65449],[75.247635,71.81324],[75.274093,71.95876],[75.394758,71.9831],[75.550304,72.17097],[75.64451,72.232361],[75.694274,72.253523],[75.741351,72.296388],[75.69107,72.349848],[75.64451,72.382094],[75.591593,72.457257],[75.60322,72.512267],[75.60322,72.581074],[75.474649,72.684789],[75.369333,72.796461],[75.152395,72.852556],[74.94233,72.85359],[74.865074,72.838268],[74.786733,72.811809],[74.757639,72.82925],[74.686739,72.885887],[74.676145,72.887463],[74.697281,72.907566],[74.66028,72.92927],[74.647051,72.968957],[74.742291,73.032442],[74.961347,73.062621],[74.725341,73.108122],[74.599922,73.121894],[74.408926,73.130369],[74.198293,73.109181],[74.142224,73.074274],[74.100418,73.021357],[74.180826,72.975288],[74.309449,72.940923],[74.10357,72.971076],[72.765822,72.729256],[72.759518,72.707552],[72.634099,72.744604],[72.446255,72.790079],[72.101212,72.828733],[71.929749,72.819742],[71.617004,72.902295],[71.50006,72.913922],[70.655512,72.890642],[70.172389,72.901235],[69.887703,72.882683],[69.738462,72.884802],[69.644824,72.897515],[69.65857,72.931931],[69.708851,72.956271],[69.69402,72.977406],[69.61201,72.982186],[69.391351,72.955728],[69.038918,72.669983],[68.829887,72.391628],[68.607678,72.012762],[68.469547,71.85241],[68.268991,71.68255],[67.959449,71.54814],[67.541904,71.412153],[67.274168,71.347583],[66.917497,71.282497],[66.768256,71.140154],[66.639685,71.081424],[66.692601,71.041736],[66.847114,71.063957],[66.758747,70.962361],[66.666143,70.900427],[66.675135,70.86446],[66.70211,70.818417],[66.822774,70.797255],[67.143427,70.837485],[67.211691,70.798315],[67.284762,70.738525],[67.246624,70.499857],[67.156656,70.295089],[67.14663,70.219952],[67.197428,70.171789],[67.239235,70.108279],[67.144512,70.030506],[67.068857,70.005624],[66.926489,70.014073],[66.832283,69.842094],[66.802672,69.739981],[66.804274,69.659004],[66.840241,69.609291],[66.896878,69.553713],[66.933879,69.596579],[66.964058,69.655309],[67.06462,69.693421],[67.623914,69.584409],[67.774241,69.529916],[68.00601,69.480152],[68.073189,69.420879],[68.117631,69.236213],[68.355239,69.067412],[68.542566,68.96685],[68.65951,68.927163],[68.762708,68.917654],[68.92461,68.956282],[69.140514,68.950469],[69.024087,68.818177],[68.82937,68.56734],[68.503964,68.348283],[68.371104,68.314409],[68.156801,68.403835],[67.730833,68.513906],[67.63983,68.579535],[67.149266,68.75415],[67.002712,68.873729],[66.756628,68.892255],[66.416391,68.947833],[66.084576,69.0362],[65.812603,69.076921],[65.735864,69.132499],[65.527918,69.173246],[65.326845,69.201306],[65.031566,69.270087],[64.89607,69.247867],[64.928368,69.325123],[64.592316,69.43571],[64.19017,69.534671],[63.361487,69.675437],[62.631247,69.743159],[61.770318,69.763261],[61.015687,69.851628],[60.909337,69.846874],[60.813012,69.820958],[60.558505,69.692361],[60.276456,69.652674],[60.264828,69.699777],[60.327253,69.715125],[60.440477,69.725693],[60.477012,69.793957],[60.480732,69.885502],[60.450553,69.934698],[60.392366,69.962242],[60.172224,70.023091],[59.955803,70.108279],[59.636185,70.197163],[59.529266,70.249046],[59.426068,70.310954],[59.309693,70.361752],[59.088466,70.43689],[59.048262,70.460712],[59.01101,70.464397],[59.005422,70.46495],[58.794272,70.433195],[58.79177,70.431614],[58.742374,70.400404],[58.686543,70.365129],[58.677845,70.359633],[58.655206,70.356372],[58.61542,70.350642],[58.524904,70.319962],[58.523578,70.319513],[58.520129,70.318344],[58.476772,70.27075],[57.620029,70.724753],[57.619512,70.726872],[57.625351,70.728991],[57.556518,70.766017],[57.517878,70.780018],[57.483499,70.792475],[57.065489,70.876088],[56.89506,70.926885],[56.45426,71.10734],[56.043122,71.345465],[55.81926,71.507393],[55.613433,71.689966],[55.54677,71.783629],[55.471116,71.86936],[55.298051,71.935506],[55.374791,72.014881],[55.403368,72.106943],[55.494887,72.18208],[55.518193,72.220708],[55.39913,72.313829],[55.390656,72.377882],[55.359443,72.408552],[55.355722,72.46519],[55.417114,72.501156],[55.403368,72.549319],[55.441453,72.57526],[55.616637,72.599083],[55.701283,72.671559],[55.718749,72.721298],[55.723503,72.766282],[55.819828,72.789562],[56.083843,72.789562],[56.121464,72.806512],[56.17066,72.848319],[56.19288,72.90493],[56.166939,72.983246],[56.18916,73.032984],[56.334681,73.113419],[56.397674,73.13936],[56.429404,73.201269],[56.40031,73.21026],[56.489193,73.29917],[56.634197,73.304441],[56.963893,73.366375],[57.13427,73.504454],[57.459677,73.610288],[57.542772,73.657933],[57.464482,73.745783],[57.290901,73.814565],[57.313122,73.837845],[57.448566,73.825675],[57.603647,73.77542],[57.657597,73.768004],[57.756041,73.769038],[57.844924,73.805056],[57.872468,73.850531],[57.853399,73.89766],[57.778262,73.973857],[57.767151,74.014061],[58.441322,74.128886],[58.618055,74.22733],[58.665133,74.289213],[58.645547,74.327867],[58.561935,74.422047],[58.502145,74.464396],[58.534443,74.49876],[58.928114,74.462794],[59.040304,74.485531],[59.101178,74.507778],[59.146137,74.551677],[59.157247,74.610976],[59.182155,74.665985],[59.240343,74.692986],[59.595929,74.613611],[59.67427,74.610433],[59.75256,74.636892],[59.771628,74.664409],[59.734576,74.695622],[59.747289,74.745903],[59.982262,74.744844],[60.080137,74.755954],[60.222505,74.796701],[60.300795,74.836931],[60.438926,74.875559],[60.501351,74.904653],[60.454791,74.945917],[60.241005,74.970799],[60.276972,75.007308],[60.47541,75.054928],[60.533649,75.059166],[60.655347,75.054928],[60.719374,75.0687],[60.829445,75.111023],[60.935795,75.16394],[61.147462,75.22267],[61.248541,75.280883],[61.355976,75.314757],[61.486666,75.311062],[61.616322,75.319511],[62.066114,75.428006],[63.046106,75.575646],[63.316528,75.603163],[63.659401,75.668767],[63.779549,75.672461],[64.262672,75.719565],[64.744762,75.788372],[65.201426,75.839686],[65.61892,75.904773],[66.282497,75.983631],[66.657668,76.047116],[66.893158,76.072515],[67.127045,76.107965],[67.36517,76.161424],[67.765197,76.237621],[68.165276,76.284698],[68.22243,76.313275],[68.558431,76.449287],[68.899753,76.573104],[68.857947,76.610673],[68.890762,76.659895],[68.94156,76.707515],[68.911949,76.760431],[68.919856,76.766787],[65.44906,80.962552],[65.362812,81.014409],[65.38188,81.056732],[65.360693,81.068385],[89.870101,81.14776],[89.919297,81.14882],[89.975935,81.113344],[91.222629,81.063631],[91.567155,81.141404],[91.477703,81.183753],[91.389854,81.187448]],[[96.83288,76.324385],[96.740276,76.257723],[96.739191,76.206925],[96.754539,76.195815],[96.797947,76.188399],[96.854068,76.198993],[96.974164,76.236561],[97.053022,76.302707],[97.045064,76.31542],[96.989977,76.343454],[96.877839,76.355107],[96.834999,76.345056],[96.83288,76.324385]],[[96.350791,76.212222],[96.486803,76.2339],[96.589484,76.221213],[96.613824,76.263562],[96.53233,76.278368],[96.270899,76.305369],[96.150803,76.272011],[95.786174,76.293716],[95.59461,76.249791],[95.379791,76.288961],[95.32212,76.261444],[95.31101,76.214857],[95.678739,76.193696],[95.844414,76.160364],[96.108997,76.15561],[96.30051,76.121736],[96.353427,76.177289],[96.350791,76.212222]],[[96.52861,77.205469],[95.853922,77.097517],[95.420512,77.056253],[95.270185,77.018684],[95.363926,77.011269],[95.680858,77.02132],[95.766072,76.990624],[95.854439,76.974733],[96.09153,77.002794],[96.210024,76.992226],[96.253433,77.007031],[96.285214,77.026617],[96.424378,77.071058],[96.561424,77.129789],[96.561941,77.154128],[96.52861,77.205469]],[[92.153476,79.684594],[92.440797,79.675628],[92.683676,79.685136],[92.926039,79.704722],[93.155172,79.73751],[93.382187,79.784097],[93.60331,79.816885],[93.802885,79.904735],[93.481664,79.941271],[92.592674,79.996306],[92.173578,80.045502],[91.751795,80.052375],[91.425872,80.049223],[91.229553,80.030671],[91.070235,79.981475],[91.125839,79.904735],[91.376108,79.835437],[91.683531,79.790427],[92.153476,79.684594]],[[89.179549,77.209706],[89.299645,77.183765],[89.514516,77.189061],[89.665824,77.25469],[89.679622,77.280089],[89.61606,77.311302],[89.281662,77.301225],[89.200685,77.272131],[89.141464,77.22663],[89.179549,77.209706]],[[86.691949,74.848558],[86.92687,74.830575],[87.011568,74.861787],[87.124274,74.940103],[87.052289,74.982452],[87.000406,74.99196],[86.736908,74.962867],[86.653295,74.981393],[86.605649,74.99302],[86.504622,74.966045],[86.330524,74.939044],[86.258539,74.893517],[86.390314,74.850677],[86.691949,74.848558]],[[83.159193,74.075427],[83.410547,74.03946],[83.450235,74.05163],[83.495762,74.048452],[83.549195,74.071732],[83.618545,74.089199],[83.513745,74.122556],[83.149685,74.15165],[82.903085,74.128886],[82.817922,74.09186],[83.159193,74.075427]],[[81.909864,75.459735],[81.926762,75.409997],[81.842116,75.406819],[81.711943,75.45126],[81.500793,75.367674],[81.532006,75.339639],[81.579135,75.331164],[81.654789,75.288816],[81.697629,75.280367],[81.860616,75.316333],[81.905109,75.2629],[81.978645,75.247035],[82.050062,75.341216],[82.179201,75.339097],[82.221524,75.35075],[82.208812,75.386717],[82.172328,75.419531],[82.165455,75.51583],[82.022053,75.513711],[81.912499,75.497847],[81.909864,75.459735]],[[79.006837,80.835015],[79.098407,80.812277],[80.026568,80.848244],[80.344585,80.867829],[80.373162,80.88266],[80.427629,80.927619],[80.279472,80.94984],[79.806426,80.975264],[79.21747,80.960433],[79.110035,80.923381],[78.977743,80.848244],[79.006837,80.835015]],[[76.64941,79.493598],[76.810278,79.48936],[77.589197,79.502047],[77.54951,79.524268],[77.360064,79.557082],[76.467354,79.64333],[76.372631,79.615296],[76.248814,79.651288],[76.148303,79.664518],[76.051462,79.644906],[76.072081,79.625889],[76.153574,79.57876],[76.457845,79.545455],[76.636697,79.544396],[76.64941,79.493598]],[[76.234551,73.47642],[76.659435,73.439394],[76.756276,73.44575],[76.250416,73.555278],[76.139828,73.554219],[76.083191,73.523523],[76.234551,73.47642]],[[75.569889,73.540473],[75.375172,73.477479],[75.344476,73.432521],[75.503743,73.45686],[75.827083,73.458979],[75.901135,73.481717],[76.051462,73.549464],[76.039266,73.560032],[75.93028,73.573804],[75.569889,73.540473]],[[71.023293,73.504454],[70.940197,73.514531],[70.350208,73.477479],[70.149651,73.44469],[69.995656,73.359476],[70.018962,73.224549],[69.98563,73.168997],[69.930595,73.126648],[69.920001,73.084325],[70.040614,73.037222],[70.118439,73.056265],[70.298324,73.044637],[70.380387,73.048332],[70.674064,73.094893],[70.886764,73.119775],[71.355624,73.162615],[71.626047,73.173725],[71.630233,73.224549],[71.589512,73.283279],[71.445024,73.342035],[71.351387,73.372163],[71.231807,73.447869],[71.141322,73.477996],[71.023293,73.504454]]]}},{"type":"Feature","properties":{"featurecla":"sea","name":"Laccadive Sea","namealt":null,"changed":"Version 1.4","note":null,"name_fr":"mer des Laquedives","min_label":4,"max_label":8.5,"scalerank":2,"label":"Laccadive Sea","wikidataid":"Q544914","name_ar":"بحر لكديف","name_bn":"লক্ষদ্বীপ সাগর","name_de":"Lakkadivensee","name_en":"Laccadive Sea","name_es":"mar de Laquedivas","name_el":"Θάλασσα Λακαντίβε","name_hi":"लक्षद्वीप सागर","name_hu":"Laccadive Sea","name_id":"Laut Lakadewa","name_it":"Mar delle Laccadive","name_ja":"ラッカディブ海","name_ko":"라카디브 해","name_nl":"Laccadive Sea","name_pl":"Morze Lakkadiwskie","name_pt":"Mar das Laquedivas","name_ru":"Лаккадивское море","name_sv":"Lackadivsjön","name_tr":"Laccadive Denizi","name_vi":"biển Laccadive","name_zh":"拉克代夫海","ne_id":1159116143,"name_fa":"دریای لاکادیو","name_he":"ים לקדיב","name_uk":"Лаккадівське море","name_ur":"بحیرہ لاکادیو","name_zht":"拉克代夫海"},"bbox":[71.375726,-0.680475,80.215445,14.556373],"geometry":{"type":"Polygon","coordinates":[[[80.215445,6.053197],[80.21281,6.050019],[73.12301,-0.680475],[72.539893,0.970019],[72.328226,4.639252],[71.83451,9.401752],[71.375726,12.400019],[71.657776,13.000085],[72.46951,13.564185],[74.33906,14.552135],[74.345933,14.556373],[74.382468,14.494981],[74.397247,14.407674],[74.467114,14.216652],[74.466597,14.169006],[74.498326,14.046249],[74.608397,13.849413],[74.670822,13.6679],[74.681416,13.583771],[74.682501,13.507031],[74.770351,13.077342],[74.803114,12.976805],[74.868226,12.844513],[74.945483,12.564582],[75.196837,12.057636],[75.229651,12.023246],[75.314866,11.958702],[75.422818,11.812122],[75.524414,11.70311],[75.646112,11.468163],[75.723885,11.361787],[75.844549,11.057517],[75.922322,10.783942],[76.095903,10.402414],[76.123395,10.327277],[76.201737,10.200799],[76.192745,10.163747],[76.19538,10.085974],[76.222872,10.024065],[76.248814,10.017709],[76.346741,9.921927],[76.458879,9.536162],[76.41976,9.520298],[76.375835,9.539857],[76.372114,9.707625],[76.34302,9.827204],[76.284781,9.909757],[76.242458,9.927224],[76.292222,9.676386],[76.324468,9.452033],[76.403326,9.236646],[76.419191,9.207552],[76.452574,9.189026],[76.471591,9.160992],[76.482701,9.090608],[76.553602,8.902764],[76.617112,8.847186],[76.96691,8.407446],[77.06587,8.315901],[77.301359,8.145524],[79.815935,7.315781],[79.859343,6.82948],[79.947193,6.584482],[80.007499,6.364341],[80.095349,6.153191],[80.215445,6.053197]]]}},{"type":"Feature","properties":{"featurecla":"sea","name":"Laptev Sea","namealt":null,"changed":"Version 1.4","note":null,"name_fr":"mer de Laptev","min_label":4,"max_label":8.5,"scalerank":2,"label":"Laptev Sea","wikidataid":"Q7988","name_ar":"بحر لابتيف","name_bn":"লাপ্তেভ সাগর","name_de":"Laptewsee","name_en":"Laptev Sea","name_es":"mar de Láptev","name_el":"Θάλασσα Λάπτεφ","name_hi":"लापतेव सागर","name_hu":"Laptyev-tenger","name_id":"Laut Laptev","name_it":"Mare di Laptev","name_ja":"ラプテフ海","name_ko":"랍테프해","name_nl":"Laptevzee","name_pl":"Morze Łaptiewów","name_pt":"Mar de Laptev","name_ru":"Море Лаптевых","name_sv":"Laptevhavet","name_tr":"Laptev Denizi","name_vi":"biển Laptev","name_zh":"拉普捷夫海","ne_id":1159116253,"name_fa":"دریای لاپتف","name_he":"ים לאפטב","name_uk":"Море Лаптєвих","name_ur":"بحیرہ لیپٹف","name_zht":"拉普捷夫海"},"bbox":[96.18677,70.74222,138.844476,81.26734],"geometry":{"type":"Polygon","coordinates":[[[96.18677,81.183753],[96.196795,81.26734],[138.844476,76.252969],[138.842823,76.198993],[138.813781,76.199535],[138.430651,76.130211],[138.207358,76.114838],[138.096253,76.080473],[138.038531,76.047116],[137.977191,76.027556],[137.774516,76.015903],[137.625274,75.988385],[137.56073,75.955054],[137.501406,75.909527],[137.593545,75.823279],[137.706768,75.759795],[137.358572,75.781473],[137.268552,75.749201],[137.21517,75.554458],[137.289739,75.348631],[137.165974,75.346512],[136.982316,75.365555],[136.947435,75.325351],[136.962214,75.270315],[136.913535,75.261298],[136.244635,73.991841],[136.036741,74.090258],[135.628135,74.219914],[135.38691,74.253246],[135.402258,74.201931],[135.448818,74.179684],[135.63351,74.121497],[135.714435,74.059562],[136.051469,73.928873],[136.09653,73.900296],[132.688676,71.949252],[132.661701,71.918556],[132.653743,71.925972],[132.562224,71.895276],[132.325649,71.726475],[132.227774,71.642862],[132.098635,71.484112],[132.003344,71.350219],[131.990734,71.293091],[132.035176,71.243869],[131.906554,71.202579],[131.768991,71.101526],[131.562078,70.90097],[131.432422,70.828494],[131.268401,70.7655],[131.157297,70.74222],[131.021801,70.74594],[130.897985,70.803611],[130.831839,70.935903],[130.757218,70.962361],[130.668335,70.888283],[130.537076,70.892521],[130.281485,70.947556],[130.025893,71.065559],[129.761878,71.119535],[129.38986,71.404737],[129.224753,71.508969],[129.134268,71.593124],[128.922601,71.601573],[128.843226,71.663507],[128.94906,71.707406],[129.234262,71.744975],[129.46076,71.739187],[129.291984,71.850292],[129.210491,71.916954],[129.121556,71.953489],[129.15437,71.878869],[129.116801,71.82435],[129.04001,71.78257],[128.911491,71.755052],[128.359018,72.088417],[128.026739,72.249802],[127.84153,72.308041],[127.726137,72.413332],[127.803393,72.433977],[128.197116,72.309618],[128.474928,72.245591],[128.934797,72.079425],[129.28351,72.092137],[129.410427,72.166216],[129.411564,72.315431],[129.281391,72.437672],[129.116801,72.485808],[128.549549,72.495885],[128.418239,72.535056],[128.50826,72.547226],[128.633678,72.550378],[128.815114,72.585854],[129.117887,72.676856],[129.250643,72.705433],[129.228991,72.775817],[129.017324,72.872658],[128.673883,72.885887],[128.598745,72.895396],[128.735274,72.943041],[128.853768,72.972652],[129.053859,73.045154],[129.10042,73.112359],[129.05913,73.107579],[128.91361,73.110783],[128.871803,73.13936],[128.888753,73.190158],[128.73052,73.233541],[128.587118,73.26266],[128.257991,73.267414],[128.264295,73.300746],[128.281245,73.330382],[128.141564,73.352603],[128.025602,73.390714],[127.997076,73.425622],[127.955219,73.44575],[127.740451,73.481717],[127.031347,73.547346],[126.955176,73.528277],[126.838749,73.434097],[126.552462,73.335136],[126.335524,73.388596],[126.292633,73.394409],[126.257183,73.419808],[126.309066,73.463733],[126.345033,73.506056],[126.295837,73.536752],[126.254547,73.548379],[126.107424,73.517683],[125.887851,73.498124],[125.794162,73.468487],[125.59836,73.447326],[125.616912,73.520887],[124.796135,73.711909],[124.54106,73.75108],[124.388149,73.754775],[124.018818,73.712452],[123.933552,73.689146],[123.796558,73.626721],[123.491253,73.666408],[123.416116,73.636746],[123.330901,73.556854],[118.936699,73.474844],[118.936699,73.4812],[118.911274,73.518226],[118.871019,73.537811],[118.450372,73.589669],[117.308427,73.599177],[116.49566,73.675917],[115.337849,73.702375],[114.816072,73.607135],[114.060408,73.584914],[113.856699,73.533574],[113.510105,73.504997],[113.539199,73.43358],[113.711178,73.378545],[113.795308,73.367434],[113.88631,73.345704],[113.829156,73.326687],[113.765129,73.318212],[113.639193,73.273771],[113.558785,73.232481],[113.581522,73.141996],[113.54292,73.054146],[113.417501,72.932448],[113.311668,72.878472],[113.215343,72.80597],[113.297922,72.738765],[113.39156,72.711247],[113.630201,72.676856],[113.711644,72.654119],[113.664618,72.634533],[113.312185,72.657271],[113.186249,72.730315],[113.158189,72.76946],[113.12801,72.830852],[113.247641,72.896998],[113.369339,72.941982],[113.474655,73.047815],[113.487316,73.145174],[113.491037,73.346247],[113.276735,73.391231],[113.157155,73.459496],[113.364585,73.582796],[113.416364,73.64734],[113.327016,73.707672],[113.181495,73.837302],[113.03277,73.914042],[112.934895,73.945797],[112.839655,73.961687],[112.842291,73.978069],[112.774543,74.091318],[112.77506,74.095555],[112.782501,74.095038],[112.811595,74.102971],[112.977735,74.196608],[113.190435,74.2395],[113.258751,74.272831],[113.298956,74.317273],[113.352906,74.352723],[113.387322,74.400369],[113.41962,74.408275],[113.611701,75.290934],[113.611185,75.291994],[113.613768,75.293053],[113.72601,75.450744],[113.558785,75.502058],[113.35611,75.534356],[113.242887,75.611612],[113.161393,75.620604],[112.955514,75.571925],[112.729585,75.737548],[112.452806,75.830152],[112.466035,75.843924],[112.496731,75.849737],[112.629022,75.835449],[113.12646,75.69892],[113.39156,75.677758],[113.468816,75.656597],[113.516978,75.621664],[113.485766,75.563993],[113.567776,75.568204],[113.619608,75.59257],[113.748747,75.704733],[113.870962,75.856094],[113.857216,75.92118],[113.564056,75.891544],[113.427526,76.112202],[113.365618,76.178865],[113.272497,76.251909],[113.086255,76.25824],[112.987812,76.239739],[113.066102,76.2154],[113.150282,76.174653],[113.094162,76.132847],[113.046568,76.114321],[112.818985,76.058769],[112.655997,76.053472],[112.721626,76.077295],[112.798366,76.129669],[112.742814,76.186823],[112.684058,76.219095],[112.619514,76.383684],[112.413118,76.408541],[112.29726,76.434482],[112.142747,76.423888],[111.942708,76.380506],[112.01676,76.42071],[112.094068,76.4805],[111.93847,76.553545],[111.786076,76.603283],[111.600351,76.622326],[111.392354,76.686896],[111.115109,76.722862],[110.471635,76.758312],[109.981019,76.711752],[109.369376,76.749321],[108.638568,76.720227],[108.352281,76.719684],[108.181387,76.737694],[108.027908,76.718625],[107.950135,76.660437],[107.902489,76.569952],[107.722087,76.522306],[107.62416,76.510136],[107.157935,76.523908],[106.825139,76.479983],[106.683339,76.514916],[106.413433,76.512255],[106.384856,76.589511],[106.545208,76.586333],[106.638845,76.573621],[106.940997,76.730278],[107.190233,76.821823],[107.42996,76.926597],[107.278651,76.991166],[106.941566,77.034549],[106.783849,77.031913],[106.704991,77.013904],[106.338812,77.047778],[106.145129,77.045143],[105.822358,76.997497],[105.712287,77.001192],[105.645624,77.100695],[105.320166,77.09222],[104.20256,77.101754],[104.323741,77.13245],[104.911664,77.174773],[105.384762,77.237741],[105.733991,77.352049],[106.059449,77.390677],[105.983226,77.447831],[105.894343,77.489095],[105.815485,77.504443],[105.824476,77.549427],[105.401143,78.554844],[105.336599,78.574946],[105.342387,78.594014],[105.310141,78.665948],[105.256139,78.733179],[105.204824,78.779739],[105.146068,78.81891],[105.01481,78.84325],[104.880968,78.854877],[104.633335,78.835292],[104.451795,78.880276],[104.47722,78.923142],[104.44916,78.963888],[104.404201,78.977118],[104.090939,79.01311],[104.004122,79.062306],[103.925833,79.123181],[103.800931,79.149097],[103.672876,79.150156],[103.433149,79.126333],[103.199262,79.071298],[103.075394,79.056493],[102.950595,79.055976],[102.844762,79.01417],[102.74792,78.9496],[102.587051,78.871284],[102.412385,78.835292],[102.447887,78.876581],[102.745801,79.106231],[102.787039,79.176614],[102.884966,79.253871],[102.939484,79.271337],[103.052708,79.282448],[103.097666,79.299372],[103.041597,79.33167],[102.789726,79.391976],[102.404995,79.43324],[102.315595,79.431121],[102.31451,79.463419],[99.706245,79.463419],[99.721076,79.491996],[99.749137,79.515276],[99.771357,79.56765],[99.781383,79.628525],[99.805722,79.652864],[99.839054,79.668729],[99.915793,79.738596],[100.061314,79.777198],[99.946489,79.849183],[99.818435,79.898379],[99.726347,79.920083],[99.536385,79.941271],[99.472874,79.970364],[99.370762,79.986229],[99.295107,80.016408],[98.865935,80.045502],[98.596597,80.052375],[98.532053,80.043383],[98.471644,80.008993],[98.499239,79.952898],[98.353149,79.884117],[98.273258,79.874065],[98.064795,79.901041],[97.870595,79.852878],[97.724506,79.781461],[97.651435,79.760817],[97.59118,79.775079],[97.627147,79.850243],[97.759956,79.895744],[97.808118,79.956076],[97.906562,80.003696],[98.017666,80.022764],[97.903358,80.095241],[97.674276,80.158208],[97.586943,80.168285],[97.44566,80.163505],[97.269443,80.239185],[97.263087,80.263525],[97.298537,80.272517],[97.417083,80.323315],[97.28691,80.342357],[97.250374,80.363002],[97.11493,80.496353],[97.072607,80.519633],[97.025479,80.535524],[97.113328,80.613839],[97.221281,80.652442],[97.665233,80.677867],[97.747295,80.698485],[97.856281,80.697969],[97.870026,80.763055],[97.831941,80.798505],[97.702802,80.826565],[97.413879,80.841913],[96.755107,80.957798],[96.693199,80.994281],[96.563026,81.030274],[96.526491,81.075775],[96.470939,81.099081],[96.18677,81.183753]],[[135.592685,75.576705],[135.523439,75.495728],[135.473158,75.463456],[135.45197,75.389378],[135.746216,75.381962],[135.948891,75.409454],[136.020308,75.438574],[135.965272,75.486194],[135.983256,75.52167],[136.169032,75.605799],[136.127226,75.625358],[135.904966,75.694166],[135.849414,75.729073],[135.788022,75.798423],[135.698519,75.844983],[135.613924,75.766125],[135.578474,75.710056],[135.561524,75.636469],[135.592685,75.576705]],[[112.47823,76.62075],[112.394101,76.644004],[112.281343,76.618088],[112.010972,76.63292],[111.969166,76.626021],[112.002497,76.602741],[112.153857,76.549281],[112.296691,76.538171],[112.394618,76.483678],[112.531664,76.44983],[112.575072,76.452466],[112.586699,76.483135],[112.614191,76.499026],[112.660803,76.509594],[112.632743,76.553002],[112.47823,76.62075]],[[107.57331,78.185486],[107.508301,78.189181],[106.583293,78.167503],[106.415551,78.139985],[107.001872,78.095518],[107.343712,78.098696],[107.481843,78.057949],[107.606176,78.082831],[107.695628,78.130994],[107.57331,78.185486]],[[107.593464,77.329802],[107.486597,77.347295],[107.366449,77.346752],[107.269608,77.289081],[107.302422,77.241461],[107.41456,77.242521],[107.679144,77.268436],[107.664364,77.299649],[107.629482,77.319777],[107.593464,77.329802]],[[106.640447,78.336304],[106.456841,78.339999],[106.350491,78.272794],[106.058364,78.264861],[106.023431,78.219877],[106.150968,78.198716],[106.270547,78.206131],[106.472706,78.245276],[106.505003,78.261683],[106.679101,78.264861],[106.718789,78.264861],[106.719822,78.293955],[106.691245,78.316719],[106.640447,78.336304]]]}},{"type":"Feature","properties":{"featurecla":"sea","name":"Ligurian Sea","namealt":null,"changed":"Version 1.4","note":null,"name_fr":"mer Ligure","min_label":6,"max_label":10,"scalerank":5,"label":"Ligurian Sea","wikidataid":"Q42820","name_ar":"البحر الليغوري","name_bn":"লিগুরীয় সাগর","name_de":"Ligurisches Meer","name_en":"Ligurian Sea","name_es":"mar de Liguria","name_el":"Λιγουριανή Θάλασσα","name_hi":"लिगुरियन सागर","name_hu":"Ligur-tenger","name_id":"Laut Liguria","name_it":"mar Ligure","name_ja":"リグリア海","name_ko":"리구리아해","name_nl":"Ligurische Zee","name_pl":"Morze Liguryjskie","name_pt":"Mar Lígure","name_ru":"Лигурийское море","name_sv":"Liguriska havet","name_tr":"Ligurya Denizi","name_vi":"biển Ligure","name_zh":"利古里亞海","ne_id":1159118439,"name_fa":"دریای لیگوریا","name_he":"הים הליגורי","name_uk":"Лігурійське море","name_ur":"بحیرہ لیگوریئن","name_zht":"利古里亞海"},"bbox":[7.821776,43.021302,9.764862,44.422534],"geometry":{"type":"Polygon","coordinates":[[[9.383851,43.021302],[7.821776,43.826705],[8.004866,43.87696],[8.081554,43.918767],[8.292187,44.136789],[8.552016,44.346337],[8.765801,44.422534],[8.930339,44.407729],[9.196008,44.323031],[9.289128,44.319336],[9.730962,44.101339],[9.764862,44.092864],[9.383851,43.021302]]]}},{"type":"Feature","properties":{"featurecla":"sea","name":"Sea of Azov","namealt":null,"changed":"Version 1.4","note":null,"name_fr":"mer d'Azov","min_label":6,"max_label":10,"scalerank":5,"label":"Sea of Azov","wikidataid":"Q35000","name_ar":"بحر آزوف","name_bn":"আজভ সাগর","name_de":"Asowsches Meer","name_en":"Sea of Azov","name_es":"mar de Azov","name_el":"Θάλασσα Αζόφ","name_hi":"आज़ोव सागर","name_hu":"Azovi-tenger","name_id":"Laut Azov","name_it":"mar d'Azov","name_ja":"アゾフ海","name_ko":"아조프해","name_nl":"Zee van Azov","name_pl":"Morze Azowskie","name_pt":"Mar de Azov","name_ru":"Азовское море","name_sv":"Azovska sjön","name_tr":"Azak Denizi","name_vi":"Biển Azov","name_zh":"亞速海","ne_id":1159116409,"name_fa":"دریای آزوف","name_he":"ים אזוב","name_uk":"Азовське море","name_ur":"بحیرہ ازوف","name_zht":"亞速海"},"bbox":[34.843641,45.272379,39.293395,47.272102],"geometry":{"type":"Polygon","coordinates":[[[36.720581,45.371856],[36.699962,45.378212],[36.617435,45.391958],[36.57506,45.39356],[36.426904,45.433248],[36.290374,45.456528],[36.170795,45.45335],[36.077157,45.424256],[36.01313,45.371856],[35.83371,45.401493],[35.751182,45.389323],[35.558016,45.311007],[35.457505,45.316304],[35.373893,45.353873],[35.260101,45.446994],[35.02301,45.700983],[34.906635,45.878802],[34.857387,45.987271],[34.843641,46.073545],[34.84948,46.189946],[34.969576,46.242346],[35.063783,46.267202],[35.230491,46.440783],[35.291831,46.370917],[35.290797,46.314305],[35.280203,46.279372],[35.217778,46.232295],[35.014587,46.105817],[35.055308,46.104215],[35.132564,46.125919],[35.204549,46.169327],[35.256949,46.203692],[35.400351,46.38151],[35.826837,46.62439],[36.024758,46.666713],[36.194618,46.645577],[36.279264,46.658806],[36.432226,46.732342],[36.558678,46.762521],[36.688851,46.764097],[36.794685,46.714358],[36.932247,46.824946],[37.047641,46.87626],[37.218535,46.91755],[37.339716,46.917033],[37.543476,47.074698],[37.828678,47.095885],[38.178476,47.080021],[38.214443,47.091648],[38.484866,47.17526],[38.57747,47.239287],[38.76211,47.261508],[38.73622,47.235567],[38.644649,47.212312],[38.552562,47.150378],[38.667955,47.144048],[38.928301,47.175777],[39.023541,47.272102],[39.19552,47.268924],[39.244716,47.1996],[39.293395,47.105936],[39.289158,47.071003],[39.270658,47.044028],[39.126739,47.023383],[38.801281,46.905923],[38.630903,46.873108],[38.438822,46.813319],[38.488018,46.732342],[38.50073,46.66356],[38.343531,46.678366],[38.229791,46.701129],[38.159408,46.690535],[37.967843,46.618059],[37.867281,46.633924],[37.76677,46.636043],[37.80961,46.532302],[37.913893,46.406393],[37.977352,46.383086],[38.077914,46.394223],[38.315005,46.241803],[38.492255,46.090469],[38.400168,46.079875],[38.311801,46.095223],[38.183747,46.094706],[38.132949,46.002619],[38.079516,45.934897],[38.069956,45.96983],[38.073676,46.016907],[38.014404,46.047603],[37.93291,46.001559],[37.840822,45.799427],[37.669412,45.653906],[37.612258,45.56448],[37.610139,45.499394],[37.634478,45.486164],[37.672047,45.488283],[37.673081,45.429527],[37.647191,45.377153],[37.264062,45.311007],[37.213781,45.272379],[37.10371,45.303075],[36.977774,45.383483],[36.866102,45.426892],[36.793651,45.409942],[36.720581,45.371856]]]}},{"type":"Feature","properties":{"featurecla":"sea","name":"Sea of Crete","namealt":null,"changed":"Version 1.4","note":null,"name_fr":"mer de Crète","min_label":6,"max_label":10,"scalerank":5,"label":"Sea of Crete","wikidataid":"Q193149","name_ar":"بحر كريت","name_bn":"ক্রিট সাগর","name_de":"Kretisches Meer","name_en":"Sea of Crete","name_es":"mar de Creta","name_el":"Κρητικό Πέλαγος","name_hi":"क्रेटे सागर","name_hu":"Krétai-tenger","name_id":"Laut Kreta","name_it":"Mare di Creta","name_ja":"クレタ海","name_ko":"크레타만","name_nl":"Kretenzische Zee","name_pl":"Morze Kreteńskie","name_pt":"Mar de Creta","name_ru":"Критское море","name_sv":"Kretahavet","name_tr":"Girit Denizi","name_vi":"biển Crete","name_zh":"克里特海","ne_id":1159118425,"name_fa":"دریای کرت","name_he":"ים כרתים","name_uk":"Критське море","name_ur":"بحیرہ کریٹ","name_zht":"克里特海"},"bbox":[22.725208,35.122973,28.135937,38.034966],"geometry":{"type":"Polygon","coordinates":[[[23.577714,35.540983],[23.22156,35.789185],[23.026843,36.15061],[23.042191,36.146373],[23.053818,36.189755],[23.097226,36.246393],[23.009376,36.318869],[23.076556,36.454881],[23.086116,36.467568],[23.106735,36.451703],[23.160168,36.447982],[23.111489,36.547485],[23.041106,36.644327],[23.073403,36.775017],[23.060174,36.853332],[22.995062,37.015777],[22.851143,37.290954],[22.764895,37.393067],[22.725208,37.542308],[22.77492,37.585174],[22.851143,37.532257],[22.940595,37.516909],[23.015164,37.481976],[23.096658,37.440712],[23.099862,37.363973],[23.16177,37.33382],[23.20306,37.348625],[23.252772,37.377202],[23.489295,37.44017],[23.49038,37.463993],[23.458083,37.496807],[23.408887,37.541791],[23.396174,37.579877],[23.347495,37.597344],[23.262849,37.595225],[23.197737,37.620107],[23.146939,37.716406],[23.146939,37.795264],[23.086116,37.852935],[23.036351,37.878334],[23.047462,37.902674],[23.087149,37.912725],[23.174999,37.950836],[23.193499,37.958769],[23.419997,37.9921],[23.501491,38.034966],[23.536941,38.032847],[23.580349,38.010626],[23.732743,37.884148],[23.877179,37.777798],[23.971385,37.676719],[24.019547,37.677778],[24.055514,37.709533],[24.056031,37.712169],[24.280927,37.576699],[24.288885,37.52802],[24.322216,37.552359],[24.330691,37.547062],[24.389447,37.353379],[24.378853,37.314234],[24.398439,37.324828],[24.401074,37.315836],[24.443914,37.188299],[24.441279,37.186723],[24.424897,37.132204],[24.486289,37.109983],[24.506908,37.118458],[24.673616,36.977149],[24.676251,36.959166],[24.70271,36.916817],[24.720693,36.921597],[24.740278,36.934309],[25.275233,36.739024],[25.288462,36.721583],[25.364168,36.65859],[25.381635,36.673937],[25.400135,36.705693],[26.270107,36.590351],[26.270107,36.546943],[26.331447,36.511493],[26.381729,36.561774],[26.460587,36.585571],[26.454231,36.591927],[26.946345,36.76233],[26.918337,36.725795],[26.949549,36.726854],[27.033678,36.770779],[27.151139,36.777652],[27.192945,36.80889],[27.304101,36.850671],[27.46652,36.744838],[27.453859,36.712049],[27.540624,36.684014],[27.655966,36.67448],[27.803606,36.736388],[28.084054,36.751736],[28.014239,36.670243],[28.01951,36.63425],[28.084622,36.642725],[28.135937,36.415194],[27.914762,36.345327],[27.815233,36.277062],[27.774512,36.213578],[27.716324,36.171772],[27.718443,36.141076],[27.757045,36.069117],[27.715756,35.957444],[27.737977,35.923053],[27.170724,35.612452],[27.170208,35.611909],[27.157495,35.629376],[27.20726,35.714565],[27.223124,35.820398],[27.158012,35.788643],[27.155893,35.726192],[27.07073,35.597621],[27.115689,35.511373],[27.099307,35.456337],[27.106697,35.447346],[26.322456,35.311333],[26.319303,35.312935],[26.320337,35.315054],[26.285455,35.309757],[26.167943,35.215034],[26.028262,35.215034],[25.893335,35.179042],[25.837214,35.132481],[25.79117,35.122973],[25.745178,35.142532],[25.735101,35.183796],[25.75572,35.326164],[25.730347,35.348385],[25.569478,35.328283],[25.475789,35.306062],[25.296937,35.339394],[25.104339,35.346809],[25.00326,35.409777],[24.72121,35.424582],[24.627004,35.409777],[24.534399,35.380657],[24.444999,35.365852],[24.353997,35.359496],[24.312708,35.363733],[24.275139,35.385954],[24.257672,35.423006],[24.255553,35.468507],[24.178297,35.459515],[24.123262,35.483855],[24.108947,35.496025],[24.123779,35.51083],[24.197883,35.537289],[24.166102,35.594985],[24.093083,35.5939],[24.034378,35.53517],[24.013191,35.529356],[23.920587,35.528297],[23.852322,35.535712],[23.793566,35.556357],[23.770828,35.63413],[23.73698,35.655292],[23.715276,35.604494],[23.715276,35.550001],[23.672953,35.514008],[23.626393,35.530416],[23.608926,35.566408],[23.577714,35.540983]]]}},{"type":"Feature","properties":{"featurecla":"sea","name":"Sea of Marmara","namealt":null,"changed":"Version 1.4","note":null,"name_fr":"mer de Marmara","min_label":7,"max_label":10,"scalerank":6,"label":"Sea of Marmara","wikidataid":"Q35367","name_ar":"بحر مرمرة","name_bn":"মার্মারা সাগর","name_de":"Marmarameer","name_en":"Sea of Marmara","name_es":"mar de Mármara","name_el":"Θάλασσα του Μαρμαρά","name_hi":"मरमरा सागर","name_hu":"Márvány-tenger","name_id":"Laut Marmara","name_it":"mar di Marmara","name_ja":"マルマラ海","name_ko":"마르마라해","name_nl":"Zee van Marmara","name_pl":"Morze Marmara","name_pt":"Mar de Mármara","name_ru":"Мраморное море","name_sv":"Marmarasjön","name_tr":"Marmara Denizi","name_vi":"Biển Marmara","name_zh":"马尔马拉海","ne_id":1159119181,"name_fa":"دریای مرمره","name_he":"ים מרמרה","name_uk":"Мармурове море","name_ur":"بحیرہ مرمرہ","name_zht":"馬摩拉海"},"bbox":[26.679643,40.319916,29.849372,41.080852],"geometry":{"type":"Polygon","coordinates":[[[28.957747,41.010469],[28.959297,41.008893],[29.044512,41.005172],[29.04663,41.006774],[29.082081,40.963366],[29.11381,40.937967],[29.259899,40.847481],[29.364647,40.809396],[29.800693,40.760174],[29.849372,40.760174],[29.845135,40.737953],[29.507533,40.708317],[29.05402,40.649044],[28.958264,40.630518],[28.787887,40.534219],[28.84132,40.503523],[28.894753,40.482361],[28.974128,40.467556],[29.055105,40.424148],[29.006943,40.389757],[28.738639,40.390817],[28.63017,40.376528],[28.288847,40.402986],[27.962356,40.369629],[27.929024,40.380223],[27.964474,40.435258],[27.994653,40.466497],[27.989331,40.489234],[27.875074,40.513057],[27.769241,40.509879],[27.731672,40.481302],[27.848616,40.381825],[27.789343,40.351129],[27.727951,40.328908],[27.475512,40.319916],[27.332678,40.375985],[27.314126,40.415156],[27.284516,40.45536],[27.121528,40.452208],[27.011974,40.396088],[26.737883,40.400351],[26.736281,40.399291],[26.734162,40.401927],[26.679643,40.426267],[26.772247,40.498226],[26.974406,40.563855],[27.258057,40.687129],[27.430037,40.840066],[27.499335,40.9729],[27.747537,41.013104],[27.925304,40.990367],[28.085656,41.061267],[28.171904,41.080852],[28.295203,41.071318],[28.780445,40.973959],[28.956145,41.00835],[28.957747,41.010469]]]}},{"type":"Feature","properties":{"featurecla":"sea","name":"Solomon Sea","namealt":null,"changed":"Version 1.4","note":null,"name_fr":"mer des Salomon","min_label":5.7,"max_label":10,"scalerank":4,"label":"Solomon Sea","wikidataid":"Q199479","name_ar":"بحر سليمان","name_bn":"সলোমন সাগর","name_de":"Salomonensee","name_en":"Solomon Sea","name_es":"mar de Salomón","name_el":"Θάλασσα του Σολομώντα","name_hi":"सोलोमन सागर","name_hu":"Salamon-tenger","name_id":"Laut Solomon","name_it":"Mare delle Salomone","name_ja":"ソロモン海","name_ko":"솔로몬해","name_nl":"Salomonzee","name_pl":"Morze Salomona","name_pt":"Mar de Salomão","name_ru":"Соломоново море","name_sv":"Salomonsjön","name_tr":"Solomon Denizi","name_vi":"Biển Solomon","name_zh":"所罗门海","ne_id":1159116767,"name_fa":"دریای سلیمان","name_he":"ים שלמה","name_uk":"Соломонове море","name_ur":"بحیرہ سلیمان","name_zht":"所羅門海"},"bbox":[146.949201,-11.764915,162.118301,-4.286198],"geometry":{"type":"Polygon","coordinates":[[[161.49281,-9.524948],[161.598643,-9.683698],[161.389095,-10.207594],[161.382222,-10.205475],[161.304966,-10.20439],[161.28538,-10.282163],[161.293855,-10.326656],[161.398087,-10.331927],[161.48697,-10.361538],[161.499114,-10.45471],[161.53937,-10.491194],[161.537768,-10.566331],[161.787004,-10.717175],[161.906066,-10.764252],[162.042595,-10.784871],[162.118301,-10.821923],[160.557776,-11.764915],[160.52336,-11.74905],[160.448739,-11.696133],[160.077289,-11.492942],[160.000033,-11.471754],[159.986287,-11.494492],[159.982566,-11.518831],[153.755349,-11.588698],[153.760052,-11.586579],[153.702949,-11.528392],[153.536241,-11.475992],[153.306591,-11.356412],[153.28437,-11.349539],[153.184893,-11.235748],[151.279893,-10.989148],[150.680343,-10.565815],[150.617918,-10.55734],[150.647012,-10.518169],[150.605206,-10.483804],[150.488727,-10.425565],[150.410489,-10.339317],[150.445939,-10.307588],[150.636935,-10.337767],[150.691453,-10.317664],[150.849635,-10.236171],[150.667114,-10.257306],[150.53906,-10.206508],[150.363928,-10.189559],[150.283985,-10.1631],[150.206212,-10.125532],[150.088751,-10.087963],[149.967518,-10.060988],[149.919408,-10.041402],[149.874449,-10.012825],[149.821532,-9.934019],[149.763293,-9.868906],[149.761174,-9.805913],[149.864372,-9.770463],[149.928399,-9.760954],[149.984468,-9.737131],[150.010927,-9.687935],[149.973358,-9.66096],[149.865406,-9.630265],[149.755852,-9.610679],[149.475972,-9.588458],[149.418818,-9.568873],[149.26322,-9.497973],[149.202914,-9.406919],[149.216143,-9.295815],[149.264305,-9.18099],[149.247872,-9.070919],[149.19816,-9.031231],[149.141522,-9.014282],[149.097597,-9.016969],[148.791776,-9.089419],[148.679587,-9.092106],[148.583262,-9.05185],[148.526108,-8.938627],[148.45097,-8.694663],[148.414435,-8.664019],[148.246693,-8.554465],[148.233464,-8.509454],[148.229795,-8.459742],[148.206489,-8.33856],[148.15197,-8.160225],[148.126597,-8.103588],[147.936066,-7.975534],[147.82181,-7.937448],[147.724399,-7.876056],[147.545031,-7.71095],[147.458783,-7.616227],[147.365093,-7.5337],[147.260345,-7.463834],[147.189962,-7.378102],[147.104747,-7.167004],[146.960828,-6.928879],[146.949201,-6.883352],[146.953439,-6.834156],[147.11901,-6.721967],[147.355585,-6.742586],[147.70962,-6.723517],[147.810699,-6.703415],[147.845581,-6.662177],[147.854572,-6.551021],[147.824393,-6.373254],[147.802224,-6.315015],[147.763053,-6.29176],[147.730239,-6.261065],[147.652983,-6.154663],[147.566735,-6.056788],[147.518572,-6.021338],[147.448706,-5.981133],[147.787393,-5.485815],[148.415468,-5.485815],[148.34462,-5.545088],[148.337179,-5.669421],[148.401206,-5.765229],[148.509726,-5.805433],[148.624551,-5.830858],[148.719274,-5.867342],[148.807641,-5.916538],[149.099199,-6.117094],[149.126691,-6.127688],[149.27278,-6.079525],[149.382283,-6.077975],[149.482845,-6.125052],[149.598135,-6.261065],[149.652706,-6.290675],[149.750064,-6.300752],[149.851143,-6.292794],[150.190864,-6.289073],[150.428472,-6.276412],[150.473431,-6.263183],[150.588256,-6.188046],[150.705768,-6.149392],[150.759718,-6.114459],[150.808914,-6.071619],[150.920018,-6.027177],[151.04337,-6.014981],[151.08993,-5.996481],[151.229095,-5.919742],[151.331156,-5.839282],[151.422262,-5.747246],[151.455024,-5.703321],[151.480449,-5.654642],[151.481483,-5.591131],[151.515383,-5.552477],[151.694751,-5.543486],[151.865129,-5.564673],[151.968326,-5.528706],[152.076795,-5.458323],[152.142941,-5.357244],[152.076795,-5.247173],[151.993751,-5.149246],[151.983674,-5.074677],[152.013337,-5.003725],[152.166764,-4.993183],[152.216012,-4.979386],[152.257818,-4.954529],[152.350939,-4.822238],[152.400135,-4.731235],[152.403339,-4.629123],[152.375795,-4.56029],[152.363651,-4.490992],[152.378431,-4.43699],[152.689574,-4.374565],[152.677947,-4.429083],[152.680531,-4.498381],[152.739856,-4.635996],[152.786364,-4.699454],[152.845689,-4.761414],[152.891733,-4.832315],[152.965837,-4.756092],[153.023508,-4.666123],[153.045677,-4.576206],[153.044126,-4.476161],[153.111357,-4.391515],[153.132493,-4.352344],[153.127222,-4.287232],[153.131976,-4.286198],[154.19031,-4.497865],[154.50781,-4.974115],[154.572302,-5.073592],[154.540107,-5.110644],[154.562845,-5.151933],[154.576074,-5.220715],[154.584032,-5.314352],[154.627389,-5.440856],[154.646974,-5.432898],[154.698289,-5.382617],[154.714205,-5.292648],[154.857607,-5.514392],[154.818385,-5.49429],[154.772393,-5.454085],[154.729553,-5.444525],[154.74118,-5.545088],[154.708883,-5.747246],[154.721078,-5.816544],[154.759164,-5.931369],[154.781901,-5.97054],[154.870268,-6.061542],[154.940135,-6.105984],[155.010001,-6.209698],[155.044366,-6.233521],[155.202031,-6.307625],[155.23438,-6.411856],[155.208439,-6.526681],[155.260219,-6.626159],[155.343883,-6.721967],[155.427495,-6.78279],[155.520616,-6.830435],[155.617406,-6.855809],[155.719054,-6.862733],[155.763547,-6.834156],[155.804785,-6.795502],[155.892118,-6.761654],[155.914856,-6.796587],[155.933407,-6.780671],[155.957747,-6.687033],[155.927568,-6.564767],[155.881989,-6.469527],[155.839201,-6.4055],[156.518643,-6.614531],[156.52872,-6.621404],[156.479472,-6.608692],[156.452497,-6.638354],[156.457251,-6.715094],[156.494769,-6.761654],[156.695893,-6.910844],[156.904408,-7.18075],[157.10176,-7.323635],[157.24356,-7.353246],[157.314512,-7.341619],[157.317147,-7.359602],[157.339368,-7.392933],[157.441532,-7.425748],[157.518789,-7.365442],[157.486491,-7.330508],[157.451558,-7.313558],[157.41187,-7.308804],[157.336216,-7.280227],[157.193331,-7.160079],[157.148372,-7.113519],[157.123464,-7.028356],[157.52406,-7.302448],[158.264893,-7.355365],[158.680837,-7.592973],[158.457491,-7.54481],[158.478678,-7.577108],[158.565443,-7.651161],[158.597224,-7.759113],[158.686108,-7.817869],[158.778143,-7.906752],[158.831628,-7.926854],[158.854366,-7.959669],[158.943818,-8.040646],[159.090372,-8.103071],[159.239097,-8.196192],[159.291497,-8.203633],[159.353922,-8.260219],[159.644447,-8.371892],[159.74656,-8.474004],[159.88097,-8.557617],[159.879368,-8.534362],[159.848672,-8.463462],[159.794205,-8.406308],[159.842885,-8.326933],[159.431178,-8.029019],[159.367668,-7.994085],[159.286691,-7.976102],[159.197808,-7.909388],[159.109441,-7.9036],[159.010481,-7.837454],[158.972343,-7.789292],[158.862841,-7.722629],[158.789305,-7.654881],[159.74656,-8.202031],[160.646143,-8.254948],[160.693789,-8.326365],[160.684797,-8.336442],[160.648262,-8.33856],[160.596379,-8.327967],[160.590591,-8.372977],[160.713891,-8.539117],[160.662524,-8.62061],[160.772078,-8.964052],[160.873158,-9.15665],[161.024518,-9.271475],[161.041364,-9.30801],[161.191174,-9.392656],[161.321864,-9.589492],[161.367391,-9.611196],[161.377468,-9.573627],[161.367908,-9.490532],[161.258405,-9.317002],[161.256803,-9.1921],[161.208641,-9.132827],[161.204352,-9.092623],[161.382739,-9.359842],[161.364239,-9.353486],[161.402324,-9.448209],[161.417155,-9.513838],[161.411781,-9.600086],[161.409714,-9.681579],[161.442477,-9.719148],[161.477927,-9.691088],[161.553685,-9.769429],[161.558956,-9.732894],[161.547845,-9.62551],[161.49281,-9.524948]],[[159.625378,-9.311163],[159.607343,-9.354002],[159.612149,-9.470429],[159.621658,-9.532338],[159.680414,-9.636621],[159.755551,-9.726021],[159.802629,-9.76359],[159.853995,-9.79165],[160.002151,-9.812269],[160.321253,-9.821261],[160.481554,-9.894848],[160.649295,-9.928696],[160.713322,-9.913865],[160.801741,-9.878415],[160.819156,-9.86255],[160.794299,-9.76731],[160.75146,-9.714911],[160.681593,-9.691656],[160.625524,-9.588975],[160.524962,-9.536058],[160.354585,-9.42175],[160.065093,-9.418598],[159.970422,-9.433377],[159.75028,-9.27256],[159.686253,-9.26884],[159.625378,-9.311163]],[[158.105626,-8.536998],[157.998191,-8.508421],[157.966927,-8.544388],[157.938401,-8.560821],[157.909307,-8.565575],[157.898197,-8.587279],[157.879128,-8.668773],[157.937316,-8.736469],[158.009301,-8.762927],[158.107745,-8.684121],[158.103508,-8.646552],[158.089762,-8.622729],[158.068574,-8.606865],[158.132085,-8.556583],[158.105626,-8.536998]],[[157.340453,-8.096198],[157.321385,-8.16131],[157.228264,-8.21154],[157.21767,-8.262906],[157.232501,-8.314738],[157.302316,-8.333289],[157.351564,-8.27505],[157.503906,-8.2581],[157.557908,-8.269779],[157.564781,-8.338044],[157.588087,-8.445427],[157.655835,-8.499429],[157.748956,-8.523769],[157.819339,-8.612136],[157.833602,-8.572448],[157.885485,-8.569296],[157.898197,-8.506302],[157.826212,-8.323729],[157.763218,-8.242236],[157.65108,-8.216862],[157.612426,-8.164979],[157.59868,-8.005713],[157.490677,-7.966025],[157.433574,-7.984525],[157.340453,-8.096198]],[[157.023935,-7.86815],[156.958926,-7.937965],[156.958358,-8.014188],[157.041453,-8.117385],[157.149922,-8.123173],[157.171626,-8.107825],[157.191212,-8.081935],[157.20072,-8.015789],[157.185941,-7.941169],[157.145685,-7.882413],[157.102845,-7.855438],[157.023935,-7.86815]],[[156.635587,-7.882929],[156.668918,-7.936931],[156.687935,-7.923185],[156.708089,-7.877142],[156.790099,-7.778181],[156.809168,-7.723146],[156.717597,-7.695602],[156.639824,-7.612558],[156.560966,-7.573904],[156.502262,-7.64005],[156.511253,-7.707798],[156.611764,-7.805673],[156.611247,-7.866031],[156.635587,-7.882929]],[[152.51496,-9.010044],[152.63826,-9.058206],[152.708126,-9.125954],[152.720219,-9.166727],[152.759441,-9.177269],[152.867393,-9.224398],[152.922894,-9.203211],[152.96687,-9.20905],[152.95948,-9.168794],[152.984802,-9.150811],[152.99493,-9.130709],[152.995447,-9.107971],[152.953073,-9.070402],[152.904962,-9.044461],[152.849926,-9.024358],[152.810239,-8.967204],[152.689058,-8.974594],[152.63087,-8.959246],[152.576868,-8.96984],[152.51496,-9.010044]],[[151.296274,-9.956756],[151.255553,-9.922857],[151.194162,-9.945646],[151.123262,-10.020267],[151.080939,-10.020267],[151.043887,-9.983215],[151.051276,-9.938773],[150.862399,-9.802244],[150.816872,-9.736098],[150.776151,-9.709123],[150.789897,-9.774183],[150.861314,-9.876296],[150.896247,-9.967867],[150.952316,-9.998563],[150.959241,-10.092769],[151.175662,-10.158914],[151.230697,-10.194881],[151.296274,-9.956756]],[[150.78876,-9.418081],[150.746489,-9.404284],[150.669233,-9.428623],[150.528466,-9.346613],[150.498855,-9.345579],[150.437464,-9.359842],[150.431573,-9.386817],[150.434828,-9.434979],[150.508364,-9.536058],[150.495135,-9.562],[150.436379,-9.624425],[150.57606,-9.631298],[150.678224,-9.656723],[150.809948,-9.654604],[150.848085,-9.662511],[150.843847,-9.702767],[150.894128,-9.667317],[150.898366,-9.641375],[150.884052,-9.582102],[150.879297,-9.512752],[150.78876,-9.418081]],[[150.320003,-9.264085],[150.208331,-9.206414],[150.134795,-9.259331],[150.109887,-9.361961],[150.272823,-9.500608],[150.331114,-9.518592],[150.345376,-9.493735],[150.368114,-9.396377],[150.357004,-9.349248],[150.320003,-9.264085]],[[148.05456,-5.611233],[147.846614,-5.490569],[147.794783,-5.492171],[147.782639,-5.52235],[147.781037,-5.627098],[147.874726,-5.749365],[147.967847,-5.788484],[147.985314,-5.834011],[148.025518,-5.826621],[148.060451,-5.764712],[148.076316,-5.650404],[148.05456,-5.611233]]]}},{"type":"Feature","properties":{"featurecla":"sea","name":"Sulu Sea","namealt":null,"changed":"Version 1.4","note":null,"name_fr":"mer de Sulu","min_label":4,"max_label":8.5,"scalerank":2,"label":"Sulu Sea","wikidataid":"Q160194","name_ar":"بحر سولو","name_bn":"সুলু সাগর","name_de":"Sulusee","name_en":"Sulu Sea","name_es":"mar de Sulú","name_el":"Θάλασσα Σουλού","name_hi":"सुलु सागर","name_hu":"Sulu-tenger","name_id":"Laut Sulu","name_it":"Mare di Sulu","name_ja":"スールー海","name_ko":"술루해","name_nl":"Suluzee","name_pl":"Morze Sulu","name_pt":"Mar de Sulu","name_ru":"Море Сулу","name_sv":"Sulusjön","name_tr":"Sulu Denizi","name_vi":"Biển Sulu","name_zh":"苏禄海","ne_id":1159115655,"name_fa":"دریای سولو","name_he":"ים סולו","name_uk":"Море Сулу","name_ur":"بحیرہ سولو","name_zht":"蘇祿海"},"bbox":[116.759158,5.062585,123.404385,12.827589],"geometry":{"type":"Polygon","coordinates":[[[120.228352,12.219565],[120.215174,12.231218],[120.743824,12.823869],[120.770799,12.827589],[120.776019,12.790537],[120.796172,12.748214],[120.854928,12.703747],[120.89937,12.646076],[120.921591,12.580989],[120.922108,12.511666],[120.962364,12.446579],[121.04856,12.359789],[121.083545,12.33917],[121.107885,12.303694],[121.116876,12.253438],[121.155427,12.236514],[121.236972,12.219048],[121.288855,12.276719],[121.322187,12.303694],[121.35712,12.313228],[121.394172,12.300541],[121.39996,12.360848],[121.417943,12.388908],[121.470343,12.400019],[121.96406,11.906302],[121.963543,11.89731],[121.915897,11.854445],[121.891041,11.790934],[121.940754,11.758146],[122.067258,11.723729],[122.101106,11.680889],[122.103224,11.642778],[122.059816,11.325795],[122.050824,11.097204],[122.020697,10.979201],[121.964576,10.871791],[121.950314,10.757483],[121.972535,10.698753],[121.979924,10.638421],[121.933881,10.493417],[121.938118,10.470679],[121.953983,10.444221],[121.988399,10.458509],[122.05191,10.514061],[122.108547,10.575453],[122.19743,10.623073],[122.521803,10.691854],[122.619679,10.762237],[122.648256,10.72255],[122.626035,10.695032],[122.537668,10.607725],[122.516532,10.492357],[122.538185,10.425152],[122.596941,10.461145],[122.621797,10.459026],[122.649341,10.472798],[122.681019,10.498197],[122.698537,10.546333],[122.817083,10.50401],[122.852533,10.395541],[122.866227,10.283869],[122.865762,10.125119],[122.855685,10.087033],[122.712851,9.990192],[122.648256,9.981717],[122.523405,9.979081],[122.471522,9.961614],[122.425427,9.895985],[122.399589,9.822967],[122.411216,9.693853],[122.562524,9.482729],[122.61017,9.443041],[122.664689,9.410227],[122.772641,9.371599],[122.866795,9.319742],[122.947772,9.108075],[122.994901,9.058853],[123.064716,9.053556],[123.13081,9.06415],[123.174787,9.081074],[123.404385,8.654046],[123.380097,8.615418],[123.341495,8.570433],[123.292816,8.541339],[123.147295,8.51594],[123.095929,8.481007],[123.050453,8.433904],[123.017639,8.398454],[122.998519,8.356131],[123.002808,8.286807],[122.996451,8.220661],[122.911289,8.156634],[122.80437,8.133871],[122.673164,8.133354],[122.589551,8.093124],[122.386876,8.046021],[122.33706,8.02858],[122.243474,7.944968],[122.131801,7.810557],[122.120174,7.765573],[122.114852,7.659739],[122.047155,7.363401],[121.991035,7.278729],[121.924372,7.199354],[121.90427,7.075021],[121.96406,6.968128],[122.027518,6.92844],[122.052426,6.923144],[122.052426,6.737935],[121.914864,6.676027],[121.832285,6.663857],[121.808462,6.613576],[121.872489,6.562778],[121.87993,6.517794],[121.957703,6.417257],[121.223226,6.050019],[121.185658,6.039968],[121.159199,6.075418],[121.037501,6.096062],[120.898337,6.007153],[120.876633,5.95266],[120.877149,5.952118],[120.18236,5.344635],[120.16541,5.332466],[120.163239,5.330889],[120.062212,5.257328],[119.982837,5.228208],[119.827291,5.132969],[119.822537,5.08323],[119.794476,5.062585],[119.247843,5.185885],[119.243089,5.18958],[119.249962,5.198598],[119.262674,5.245675],[119.266343,5.308126],[119.255801,5.365797],[119.223503,5.4129],[119.178545,5.430883],[119.049922,5.415019],[119.002845,5.417654],[118.957318,5.428765],[118.713922,5.558421],[118.59486,5.592295],[118.56313,5.684356],[118.513883,5.728798],[118.456212,5.763214],[118.353014,5.80608],[118.299581,5.819826],[118.249299,5.820369],[118.144551,5.754223],[118.031276,5.711874],[117.973606,5.70606],[117.92813,5.769028],[117.935003,5.787554],[118.072566,5.831996],[118.115974,5.862692],[118.061972,5.98333],[118.003785,6.053197],[117.895833,5.97222],[117.817491,5.940465],[117.501076,5.884912],[117.617503,5.940465],[117.644478,6.001856],[117.649698,6.073816],[117.615901,6.196599],[117.695793,6.272253],[117.693674,6.350052],[117.669852,6.426791],[117.645512,6.473869],[117.609545,6.512497],[117.498958,6.571253],[117.380412,6.612517],[117.294164,6.677086],[117.254993,6.783436],[117.245485,6.833175],[117.252358,6.919423],[117.230137,6.940068],[117.128541,6.968645],[117.077743,6.916787],[117.01847,6.797208],[116.913102,6.65962],[116.812643,6.607762],[116.788303,6.60616],[116.807837,6.690832],[116.842253,6.772326],[116.849643,6.826819],[116.833262,6.952237],[116.776108,6.990349],[116.770268,6.987171],[116.759158,7.009392],[116.82427,7.689893],[116.97191,7.940187],[116.969791,7.894686],[117.028547,7.807379],[117.07981,7.883576],[117.077226,8.069327],[117.043843,8.061911],[117.196805,8.321198],[117.21851,8.367242],[117.311114,8.439744],[117.41271,8.495812],[117.469295,8.51116],[117.516424,8.538161],[117.539679,8.595832],[117.571976,8.641876],[117.679928,8.677869],[117.779922,8.728666],[117.888443,8.797965],[117.98947,8.87734],[118.069414,8.983716],[118.133958,9.101202],[118.229197,9.167864],[118.34981,9.201738],[118.435024,9.256231],[118.504374,9.332428],[118.569435,9.422914],[118.773712,9.766872],[118.755212,9.862137],[118.782187,9.916113],[118.834587,9.949445],[118.948843,9.99337],[119.191774,10.061092],[119.218749,10.100779],[119.231978,10.15212],[119.284895,10.251597],[119.369024,10.327277],[119.422406,10.354252],[119.540435,10.379134],[119.595005,10.407169],[119.686989,10.500315],[119.684406,10.55163],[119.616141,10.707202],[119.526741,10.953285],[119.562191,11.045347],[119.532477,11.101442],[119.534647,11.156994],[119.560072,11.267065],[119.553199,11.313625],[119.501316,11.34644],[119.496562,11.382432],[119.899276,12.173521],[119.956947,12.069289],[120.01038,12.00844],[120.100349,11.993609],[120.173885,12.019551],[120.243234,12.00472],[120.314651,12.012135],[120.341626,12.077222],[120.260649,12.141791],[120.228352,12.219565]],[[119.944751,11.69094],[119.963768,11.669236],[120.038958,11.70311],[120.073322,11.783545],[120.062212,11.821113],[120.070635,11.860801],[120.035754,11.917412],[119.997668,11.932244],[119.956379,11.960278],[119.916174,11.98144],[119.861139,11.953922],[119.932607,11.774527],[119.931522,11.740136],[119.944751,11.69094]],[[117.060276,7.178735],[117.080378,7.115225],[117.14177,7.168142],[117.239128,7.184549],[117.266672,7.221058],[117.280935,7.290382],[117.263985,7.351774],[117.146989,7.336943],[117.064514,7.260746],[117.060276,7.178735]]]}},{"type":"Feature","properties":{"featurecla":"sea","name":"Tyrrhenian Sea","namealt":null,"changed":"Version 1.4","note":null,"name_fr":"mer Tyrrhénienne","min_label":5,"max_label":9.5,"scalerank":3,"label":"Tyrrhenian Sea","wikidataid":"Q38882","name_ar":"البحر التيراني","name_bn":"তিররেনীয় সাগর","name_de":"Tyrrhenisches Meer","name_en":"Tyrrhenian Sea","name_es":"mar Tirreno","name_el":"Τυρρηνική Θάλασσα","name_hi":"तिरहेनियन सागर","name_hu":"Tirrén-tenger","name_id":"Laut Tirenia","name_it":"mar Tirreno","name_ja":"ティレニア海","name_ko":"티레니아해","name_nl":"Tyrreense Zee","name_pl":"Morze Tyrreńskie","name_pt":"Mar Tirreno","name_ru":"Тирренское море","name_sv":"Tyrrenska havet","name_tr":"Tiren Denizi","name_vi":"biển Tyrrhenum","name_zh":"第勒尼安海","ne_id":1159116377,"name_fa":"دریای تیرنی","name_he":"הים הטירני","name_uk":"Тірренське море","name_ur":"بحیرہ تیرانی","name_zht":"第勒尼安海"},"bbox":[8.90233,37.729635,16.210101,44.092864],"geometry":{"type":"Polygon","coordinates":[[[12.474722,37.744441],[12.453018,37.729635],[8.905999,38.919201],[8.90233,38.925557],[8.966874,38.963643],[9.022426,39.043018],[9.056274,39.239336],[9.101801,39.211302],[9.149447,39.197013],[9.207118,39.213937],[9.264272,39.216599],[9.388089,39.167377],[9.486532,39.139317],[9.562703,39.165775],[9.583891,39.253625],[9.617222,39.354187],[9.686003,39.924618],[9.706622,40.017222],[9.700835,40.091817],[9.659545,40.159048],[9.643164,40.268576],[9.754268,40.400351],[9.782845,40.441614],[9.805066,40.499828],[9.794472,40.55644],[9.681766,40.817845],[9.632053,40.881872],[9.573814,40.914686],[9.553712,40.932153],[9.589679,40.992485],[9.620943,41.004629],[9.61562,41.017342],[9.575416,41.030571],[9.538881,41.053851],[9.500278,41.106251],[9.455268,41.15015],[9.351037,41.195677],[9.282772,41.201491],[9.228254,41.257069],[9.202364,41.248594],[9.198126,41.261823],[9.187016,41.386699],[9.253678,41.46026],[9.330935,41.626943],[9.374343,41.6788],[9.394962,41.7312],[9.400801,41.926459],[9.428293,41.972503],[9.55056,42.129651],[9.556347,42.160889],[9.52622,42.552442],[9.50927,42.585799],[9.473303,42.615435],[9.454235,42.658818],[9.480176,42.805398],[9.478574,42.860433],[9.461108,42.945105],[9.463226,42.981098],[9.415064,43.021302],[9.383851,43.019183],[9.383851,43.021302],[9.764862,44.092864],[10.047428,44.019846],[10.188195,43.947344],[10.245866,43.852104],[10.320487,43.5129],[10.447456,43.371074],[10.521043,43.203875],[10.532153,43.140364],[10.517322,43.065227],[10.514687,42.967326],[10.590341,42.95358],[10.64486,42.957275],[10.70837,42.936088],[10.736947,42.900121],[10.764956,42.844569],[10.803093,42.804338],[10.93802,42.738735],[11.16767,42.535001],[11.18462,42.456685],[11.141729,42.443973],[11.103126,42.416455],[11.141212,42.389997],[11.188857,42.393175],[11.249681,42.415938],[11.296241,42.423354],[11.498399,42.363022],[11.637564,42.287342],[11.806908,42.082031],[12.075212,41.940748],[12.205901,41.812694],[12.630837,41.469795],[12.849376,41.40892],[13.023991,41.300994],[13.040941,41.26606],[13.088535,41.243839],[13.183258,41.277687],[13.246768,41.288798],[13.36211,41.278747],[13.55476,41.232186],[13.669585,41.254407],[13.733612,41.235364],[13.859547,41.130048],[14.047391,40.870245],[14.044239,40.812031],[14.075968,40.794048],[14.102426,40.827379],[14.147385,40.820506],[14.308822,40.812548],[14.427885,40.759114],[14.460699,40.728961],[14.340035,40.598788],[14.382874,40.599848],[14.459614,40.632636],[14.556972,40.626306],[14.611491,40.644806],[14.766003,40.668629],[14.839539,40.630001],[14.90677,40.555923],[14.947491,40.469132],[14.986145,40.377587],[14.928991,40.309323],[14.926872,40.264881],[14.950695,40.23894],[15.294653,40.070138],[15.390927,40.052129],[15.585178,40.052672],[15.692562,39.990247],[15.763462,39.870125],[15.854516,39.626703],[16.023859,39.353645],[16.071453,39.139317],[16.10742,39.023975],[16.210101,38.940879],[16.196872,38.759392],[16.065614,38.736628],[15.972493,38.712831],[15.927018,38.671542],[15.878855,38.613871],[15.904797,38.483698],[15.822218,38.302727],[15.700003,38.262497],[15.690443,38.247692],[15.679333,38.254565],[15.651841,38.273091],[15.634374,38.267794],[15.568228,38.295854],[15.498879,38.291074],[15.340697,38.217538],[15.279822,38.230225],[15.22427,38.211182],[15.176108,38.168317],[15.118953,38.152969],[14.981908,38.167774],[14.845895,38.171495],[14.789826,38.167257],[14.737426,38.15085],[14.636864,38.085247],[14.505658,38.045559],[14.416206,38.042381],[14.287635,38.016982],[14.050026,38.040779],[13.936803,38.024372],[13.788647,37.980989],[13.734645,37.984168],[13.681729,38.000575],[13.491249,38.10323],[13.433578,38.110103],[13.383297,38.127027],[13.351568,38.180486],[13.29121,38.191597],[13.160003,38.190537],[13.056805,38.130748],[13.048847,38.084187],[12.955726,38.041296],[12.90281,38.034966],[12.850927,38.063543],[12.734551,38.183122],[12.702253,38.141858],[12.664168,38.107984],[12.601691,38.084704],[12.547741,38.052949],[12.486866,37.938666],[12.435551,37.819604],[12.45462,37.77356],[12.474722,37.744441]]]}},{"type":"Feature","properties":{"featurecla":"sea","name":"Yellow Sea","namealt":null,"changed":"Version 1.4","note":null,"name_fr":"mer Jaune","min_label":4,"max_label":8.5,"scalerank":2,"label":"Yellow Sea","wikidataid":"Q37960","name_ar":"البحر الأصفر","name_bn":"পীতসাগর","name_de":"Gelbes Meer","name_en":"Yellow Sea","name_es":"mar Amarillo","name_el":"Κίτρινη Θάλασσα","name_hi":"पीला सागर","name_hu":"Sárga-tenger","name_id":"Laut Kuning","name_it":"mar Giallo","name_ja":"黄海","name_ko":"황해","name_nl":"Gele Zee","name_pl":"Morze Żółte","name_pt":"Mar Amarelo","name_ru":"Жёлтое море","name_sv":"Gula havet","name_tr":"Sarıdeniz","name_vi":"Hoàng Hải","name_zh":"黄海","ne_id":1159115999,"name_fa":"دریای زرد","name_he":"הים הצהוב","name_uk":"Жовте море","name_ur":"بحیرہ اصفر","name_zht":"黄海"},"bbox":[119.165316,31.958024,126.97688,40.011408],"geometry":{"type":"Polygon","coordinates":[[[126.529724,34.317027],[126.514893,34.307519],[126.36038,33.466149],[126.337643,33.460309],[126.199512,33.368248],[126.165664,33.312153],[126.178893,33.282517],[126.186799,33.273525],[126.179926,33.267169],[121.80531,31.979185],[121.781435,31.958024],[121.750739,31.992931],[121.674052,32.051145],[121.490394,32.120985],[121.450758,32.153283],[121.40368,32.2062],[121.401045,32.371823],[121.341772,32.425256],[121.293093,32.457554],[120.989856,32.567082],[120.853326,32.661288],[120.85281,32.763944],[120.897251,32.843319],[120.87131,33.016357],[120.734264,33.236473],[120.615718,33.490463],[120.504614,33.638128],[120.49986,33.716444],[120.425756,33.866202],[120.322609,34.168871],[120.266489,34.274187],[120.201428,34.325502],[119.963768,34.447743],[119.76962,34.496422],[119.58281,34.582153],[119.426644,34.713902],[119.351558,34.749378],[119.200766,34.748319],[119.165316,34.848855],[119.215545,35.011817],[119.352643,35.113955],[119.429899,35.301282],[119.526741,35.358436],[119.608234,35.470083],[119.719856,35.588629],[119.810341,35.617723],[119.866462,35.643664],[119.91142,35.693403],[119.978651,35.739963],[120.02733,35.799236],[120.054822,35.861145],[120.218843,35.934706],[120.284989,35.984445],[120.264887,36.007208],[120.181274,36.017233],[120.093993,36.118855],[120.116731,36.150068],[120.183393,36.202442],[120.27021,36.226265],[120.32788,36.228383],[120.343745,36.189213],[120.329999,36.109838],[120.347983,36.079168],[120.392941,36.053769],[120.519393,36.108804],[120.637991,36.129966],[120.680831,36.168594],[120.682432,36.340573],[120.711526,36.413075],[120.776019,36.456457],[120.84697,36.426304],[120.895649,36.444287],[120.90521,36.485577],[120.88242,36.53901],[120.796741,36.607275],[120.811003,36.632674],[120.878751,36.635309],[120.989856,36.597741],[121.053883,36.611512],[121.143851,36.660192],[121.413189,36.738507],[121.669866,36.836408],[121.932847,36.959708],[122.049791,36.970819],[122.162497,36.958649],[122.203218,36.92741],[122.219651,36.879791],[122.242389,36.849637],[122.27417,36.833747],[122.340833,36.832171],[122.45726,36.915241],[122.519685,36.946996],[122.523405,37.002548],[122.487387,37.022133],[122.446666,37.068177],[122.515447,37.138018],[122.587432,37.180883],[122.573118,37.317955],[122.666807,37.402601],[122.602212,37.426424],[122.493226,37.407898],[122.337629,37.405262],[122.16937,37.45606],[122.109581,37.522206],[122.056664,37.529079],[122.010103,37.495748],[121.965093,37.445467],[121.81642,37.456577],[121.640203,37.460298],[121.505276,37.514791],[121.388333,37.578818],[121.219506,37.599979],[121.049128,37.725398],[120.878751,37.787306],[120.895649,37.834409],[121.159716,38.715467],[121.163437,38.731874],[121.20731,38.743527],[121.236456,38.766807],[121.320068,38.808071],[121.516852,38.830834],[121.649712,38.865225],[121.670383,38.891683],[121.632814,38.954651],[121.677255,39.00333],[121.745003,39.009686],[121.80531,38.99116],[121.864583,38.996457],[121.922719,39.036687],[121.98256,39.053069],[122.047672,39.093816],[122.120691,39.152029],[122.224922,39.267397],[122.334993,39.366357],[122.839769,39.600761],[122.961001,39.61983],[123.03247,39.673806],[123.22667,39.686493],[123.268993,39.726723],[123.348368,39.76269],[123.490168,39.767986],[123.580602,39.78597],[123.611349,39.841005],[123.651037,39.881752],[123.760074,39.822479],[124.105531,39.841005],[124.267537,39.924101],[124.350064,40.011408],[124.36226,40.003993],[124.37492,39.99606],[124.348462,39.906608],[124.404066,39.865345],[124.557493,39.79075],[124.607774,39.717188],[124.63847,39.61505],[124.699345,39.632517],[124.732108,39.652102],[124.739032,39.741528],[124.774999,39.757935],[124.86812,39.701841],[125.099889,39.590194],[125.180349,39.583295],[125.360803,39.526683],[125.373464,39.427723],[125.413151,39.326127],[125.409482,39.288558],[125.15756,38.871581],[125.16867,38.805435],[125.298843,38.742984],[125.424262,38.746705],[125.488857,38.727636],[125.554435,38.686373],[125.49201,38.676296],[125.415219,38.680559],[125.309385,38.665211],[125.067074,38.556717],[124.973953,38.480003],[124.880833,38.341872],[124.882951,38.294795],[124.874476,38.233403],[124.69087,38.129146],[124.779753,38.101628],[124.907291,38.112764],[124.995141,38.077831],[125.162883,38.093696],[125.206807,38.081526],[125.246495,38.05667],[125.19301,38.037601],[124.988785,37.931251],[125.02687,37.922776],[125.102008,37.882029],[125.310522,37.843401],[125.364989,37.748161],[125.357599,37.724881],[125.406795,37.719042],[125.44917,37.730152],[125.581462,37.814824],[125.676185,37.917479],[125.695201,37.962463],[125.769305,37.985227],[125.941801,37.87358],[126.050219,37.869859],[126.116364,37.742864],[126.160858,37.763483],[126.203232,37.828596],[126.369889,37.878334],[126.572564,37.796841],[126.62331,37.789942],[126.633956,37.782035],[126.620726,37.755577],[126.577887,37.744983],[126.563572,37.716406],[126.580005,37.653955],[126.607497,37.617446],[126.656693,37.5513],[126.650337,37.447069],[126.696381,37.410559],[126.790587,37.294649],[126.746662,37.193596],[126.776324,37.158146],[126.787435,37.102568],[126.868928,36.975573],[126.95993,36.957589],[126.97688,36.93958],[126.957812,36.906249],[126.878953,36.861807],[126.872081,36.824213],[126.838749,36.845917],[126.784231,36.948598],[126.686872,36.960225],[126.577887,37.019498],[126.486781,37.007328],[126.428645,36.969217],[126.351389,36.958106],[126.216978,36.870799],[126.160341,36.771838],[126.181012,36.691404],[126.230724,36.689285],[126.388958,36.6512],[126.432883,36.678175],[126.487918,36.694065],[126.506418,36.585571],[126.548224,36.477619],[126.551893,36.429482],[126.543935,36.34109],[126.557216,36.235799],[126.540318,36.165958],[126.596852,36.105083],[126.682118,36.037878],[126.693745,36.014081],[126.663566,35.974394],[126.647701,35.922536],[126.719687,35.897654],[126.753018,35.871713],[126.717568,35.769083],[126.601658,35.714048],[126.541868,35.66958],[126.488435,35.646817],[126.486316,35.606096],[126.565174,35.589688],[126.61437,35.571162],[126.582072,35.534653],[126.492672,35.501296],[126.460323,35.455795],[126.395831,35.314511],[126.36038,35.21661],[126.291031,35.154185],[126.327566,35.045174],[126.397949,34.932984],[126.420635,34.823456],[126.478358,34.810227],[126.547708,34.836685],[126.593234,34.824515],[126.538716,34.778472],[126.473087,34.756251],[126.504816,34.737725],[126.524401,34.698037],[126.425441,34.694317],[126.301108,34.719742],[126.264572,34.673181],[126.332269,34.589569],[126.481562,34.493786],[126.506418,34.428157],[126.508537,34.350358],[126.529724,34.317027]],[[126.343947,34.545101],[126.247674,34.56311],[126.227004,34.532931],[126.122772,34.444048],[126.10851,34.398521],[126.133883,34.389529],[126.169901,34.355138],[126.233928,34.370486],[126.335524,34.426581],[126.379966,34.498024],[126.343947,34.545101]]]}},{"type":"Feature","properties":{"featurecla":"strait","name":"Bab el Mandeb","namealt":null,"changed":"Version 1.4","note":null,"name_fr":"Bab-el-Mandeb","min_label":7.6,"max_label":10,"scalerank":7,"label":"Bab el Mandeb","wikidataid":"Q83318","name_ar":"باب المندب","name_bn":"বাব এল মান্দেব","name_de":"Bab al-Mandab","name_en":"Bab-el-Mandeb","name_es":"Bab el-Mandeb","name_el":"Μπαμπ ελ Μαντέμπ","name_hi":"बाब अल-मन्देब जलसन्धि","name_hu":"Báb el-Mandeb","name_id":"Bab-el-Mandeb","name_it":"Bab el-Mandeb","name_ja":"バブ・エル・マンデブ海峡","name_ko":"바브엘만데브 해협","name_nl":"Bab el Mandeb","name_pl":"Bab al-Mandab","name_pt":"Bab-el-Mandeb","name_ru":"Баб-эль-Мандебский пролив","name_sv":"Bab el-Mandeb","name_tr":"Babü'l Mendep","name_vi":"Bab-el-Mandeb","name_zh":"曼德海峡","ne_id":1159118853,"name_fa":"بابالمندب","name_he":"באב אל-מנדב","name_uk":"Баб-ель-Мандебська протока","name_ur":"آبنائے باب المندب","name_zht":"曼德海峡"},"bbox":[43.004642,12.183804,43.930063,13.228745],"geometry":{"type":"MultiPolygon","coordinates":[[[[43.924901,12.619548],[43.905273,12.631611],[43.930063,12.623855],[43.924901,12.619548]]],[[[43.857118,12.661206],[43.835237,12.674653],[43.737382,12.708642],[43.842678,12.675635],[43.857118,12.661206]]],[[[43.48916,12.699535],[43.487609,12.698993],[43.475414,12.839217],[43.253955,13.228745],[43.477067,12.847123],[43.493242,12.704755],[43.625896,12.743589],[43.628557,12.742755],[43.48916,12.699535]]],[[[43.350903,12.372163],[43.353716,12.367204],[43.409785,12.189928],[43.409715,12.189696],[43.402653,12.183804],[43.354078,12.365008],[43.350903,12.372163]]],[[[43.005506,12.89385],[43.082776,12.824411],[43.116624,12.708527],[43.130939,12.660364],[43.29868,12.464046],[43.300282,12.46141],[43.308495,12.446931],[43.263489,12.500917],[43.208505,12.568871],[43.12758,12.65946],[43.082311,12.811544],[43.004642,12.892418],[43.005506,12.89385]]]]}},{"type":"Feature","properties":{"featurecla":"strait","name":"Bosporus","namealt":null,"changed":"Version 1.4","note":null,"name_fr":"Bosphore","min_label":6,"max_label":10,"scalerank":5,"label":"Bosporus","wikidataid":"Q35958","name_ar":"البوسفور","name_bn":"বসফরাস প্রণালী","name_de":"Bosporus","name_en":"Bosporus","name_es":"Bósforo","name_el":"Βόσπορος","name_hi":"बोस्पोरुस जलसन्धि","name_hu":"Boszporusz","name_id":"Selat Bosporus","name_it":"Bosforo","name_ja":"ボスポラス海峡","name_ko":"보스포루스 해협","name_nl":"Bosporus","name_pl":"Bosfor","name_pt":"Bósforo","name_ru":"Босфор","name_sv":"Bosporen","name_tr":"İstanbul Boğazı","name_vi":"Bosporus","name_zh":"伊斯坦布尔海峡","ne_id":1159118835,"name_fa":"تنگه بسفر","name_he":"בוספורוס","name_uk":"Босфор","name_ur":"آبنائے باسفورس","name_zht":"伊斯坦堡海峽"},"bbox":[28.957747,41.005172,29.132878,41.215262],"geometry":{"type":"Polygon","coordinates":[[[29.053503,41.215262],[29.132878,41.208906],[29.094276,41.177151],[29.067249,41.101497],[29.045545,41.007833],[29.04663,41.006774],[29.044512,41.005172],[28.959297,41.008893],[28.957747,41.010469],[28.995833,41.061267],[29.032316,41.140642],[29.053503,41.215262]]]}},{"type":"Feature","properties":{"featurecla":"channel","name":"Dardanelles","namealt":null,"changed":"Version 1.4","note":null,"name_fr":"détroit des Dardanelles","min_label":7.6,"max_label":10,"scalerank":7,"label":"Dardanelles","wikidataid":"Q6514","name_ar":"الدردنيل","name_bn":"দার্দানেলেস প্রণালী","name_de":"Dardanellen","name_en":"Dardanelles","name_es":"Dardanelos","name_el":"Στενά των Δαρδανελλίων","name_hi":"डार्डेनलीज जलसन्धि","name_hu":"Dardanellák","name_id":"Dardanelles","name_it":"Dardanelli","name_ja":"ダーダネルス海峡","name_ko":"다르다넬스 해협","name_nl":"Dardanellen","name_pl":"Dardanele","name_pt":"Dardanelos","name_ru":"Дарданеллы","name_sv":"Dardanellerna","name_tr":"Çanakkale Boğazı","name_vi":"Dardanéllia","name_zh":"達達尼爾海峽","ne_id":1159119155,"name_fa":"داردانل","name_he":"דרדנלים","name_uk":"Дарданели","name_ur":"در دانیال","name_zht":"達達尼爾海峽"},"bbox":[26.184893,39.991306,26.736281,40.426267],"geometry":{"type":"Polygon","coordinates":[[[26.184893,39.991306],[26.184893,39.991823],[26.217708,40.08019],[26.271658,40.096597],[26.329897,40.123598],[26.467977,40.261703],[26.679643,40.426267],[26.734162,40.401927],[26.736281,40.399291],[26.475418,40.197133],[26.313464,40.025154],[26.184893,39.991306]]]}},{"type":"Feature","properties":{"featurecla":"strait","name":"Denmark Strait","namealt":null,"changed":"Version 1.4","note":null,"name_fr":"détroit de Danemark","min_label":7,"max_label":10,"scalerank":6,"label":"Denmark Strait","wikidataid":"Q152058","name_ar":"مضيق الدنمارك","name_bn":"ডেনমার্ক প্রণালী","name_de":"Dänemarkstraße","name_en":"Denmark Strait","name_es":"Estrecho de Dinamarca","name_el":"Πορθμός της Δανίας","name_hi":"डेनमार्क जलसन्धि","name_hu":"Dánia-szoros","name_id":"Selat Denmark","name_it":"Stretto di Danimarca","name_ja":"デンマーク海峡","name_ko":"덴마크 해협","name_nl":"Straat Denemarken","name_pl":"Cieśnina Duńska","name_pt":"Estreito da Dinamarca","name_ru":"Датский пролив","name_sv":"Danmarksundet","name_tr":"Danimarka Boğazı","name_vi":"Eo biển Đan Mạch","name_zh":"丹麦海峡","ne_id":1159119235,"name_fa":"تنگه دانمارک","name_he":"מצר דנמרק","name_uk":"Данська протока","name_ur":"آبنائے ڈنمارک","name_zht":"丹麥海峽"},"bbox":[-30.992625,64.871648,-21.763963,68.425539],"geometry":{"type":"Polygon","coordinates":[[[-24.021371,64.871648],[-30.992625,68.060936],[-30.992625,68.063055],[-30.978336,68.061479],[-30.849739,68.073106],[-30.84868,68.073106],[-30.610555,68.118091],[-30.605801,68.162532],[-30.711634,68.224983],[-30.720109,68.251442],[-30.317937,68.193228],[-30.195697,68.199042],[-30.051235,68.272086],[-29.963928,68.298545],[-29.868662,68.311774],[-29.713633,68.310714],[-29.426286,68.289527],[-29.249553,68.298545],[-29.087625,68.33185],[-28.85428,68.35991],[-28.48332,68.425539],[-28.471667,68.360427],[-23.55096,66.217302],[-23.52768,66.164385],[-23.529799,66.144826],[-23.552536,66.121546],[-23.59858,66.108833],[-23.593283,66.093485],[-23.484814,66.052222],[-23.434533,66.024187],[-23.489052,66.026306],[-23.737228,66.069688],[-23.75733,66.060671],[-23.770559,66.04323],[-23.777432,66.017831],[-23.766322,65.997186],[-23.667361,65.954321],[-23.525044,65.880243],[-23.741465,65.88448],[-23.811823,65.869132],[-23.832467,65.849004],[-23.773195,65.806164],[-23.70493,65.781282],[-23.569486,65.763816],[-23.316013,65.762239],[-23.285317,65.75007],[-23.392753,65.726247],[-23.472128,65.695034],[-23.616047,65.679686],[-23.909207,65.765418],[-24.032507,65.782342],[-24.092813,65.776528],[-24.111882,65.759604],[-24.064779,65.710382],[-24.017676,65.690797],[-24.006049,65.646355],[-24.009743,65.616202],[-23.856807,65.538403],[-23.979048,65.55481],[-24.156324,65.607727],[-24.248928,65.615143],[-24.340989,65.601371],[-24.475426,65.525174],[-24.454781,65.500292],[-24.224071,65.487062],[-24.018735,65.445256],[-23.899673,65.407687],[-23.796475,65.422519],[-23.604419,65.468562],[-23.12233,65.534708],[-22.902731,65.580726],[-22.812762,65.547395],[-22.643444,65.568039],[-22.389429,65.535225],[-22.311656,65.480732],[-22.005783,65.493419],[-21.844398,65.447375],[-21.850211,65.421459],[-21.906823,65.399755],[-22.149211,65.34366],[-22.313749,65.291803],[-22.473558,65.226717],[-22.509034,65.196563],[-22.400565,65.159511],[-22.099447,65.12618],[-22.040174,65.125121],[-21.779828,65.187546],[-21.763963,65.1738],[-21.800473,65.106052],[-21.829592,65.079077],[-21.892017,65.048924],[-22.308478,65.045746],[-22.494745,65.03939],[-22.599519,65.025644],[-22.684165,65.02616],[-22.787906,65.046288],[-22.819635,65.033059],[-22.827593,65.021406],[-22.899553,65.00288],[-23.109101,64.965854],[-23.137678,64.989651],[-23.19801,65.002338],[-23.236638,64.993372],[-23.314411,64.957896],[-23.352523,64.952625],[-23.485357,64.945726],[-23.693303,64.912937],[-23.86368,64.924048],[-23.924555,64.915056],[-24.007082,64.896504],[-24.021371,64.871648]]]}},{"type":"Feature","properties":{"featurecla":"strait","name":"Cook Strait","namealt":null,"changed":"Version 1.4","note":null,"name_fr":"détroit de Cook","min_label":7.6,"max_label":10,"scalerank":7,"label":"Cook Strait","wikidataid":"Q5023","name_ar":"كوك","name_bn":"কুক প্রণালী","name_de":"Cookstraße","name_en":"Cook Strait","name_es":"Estrecho de Cook","name_el":"Στενό Κουκ","name_hi":"कुक जलसन्धि","name_hu":"Cook-szoros","name_id":"Selat Cook","name_it":"stretto di Cook","name_ja":"クック海峡","name_ko":"쿡 해협","name_nl":"Straat Cook","name_pl":"Cieśnina Cooka","name_pt":"Estreito de Cook","name_ru":"Пролив Кука","name_sv":"Cooksundet","name_tr":"Cook Boğazı","name_vi":"Eo biển Cook","name_zh":"库克海峡","ne_id":1159118281,"name_fa":"تنگه کوک","name_he":"מצר קוק","name_uk":"Протока Кука","name_ur":"آبنائے کک","name_zht":"庫克海峽"},"bbox":[174.038814,-41.746961,175.243185,-40.792342],"geometry":{"type":"Polygon","coordinates":[[[175.243185,-41.583456],[175.240033,-41.591414],[174.286447,-41.746961],[174.281176,-41.744325],[174.283295,-41.740604],[174.217149,-41.677662],[174.170072,-41.656992],[174.083824,-41.670789],[174.16108,-41.561752],[174.092247,-41.505115],[174.072714,-41.471784],[174.06951,-41.429461],[174.102324,-41.36595],[174.169504,-41.326831],[174.237251,-41.312],[174.296989,-41.264354],[174.367424,-41.188183],[174.37006,-41.103486],[174.283295,-41.17175],[174.138239,-41.24849],[174.038814,-41.242133],[174.102841,-41.217277],[174.199683,-41.160123],[174.213429,-41.125706],[174.273787,-41.068552],[174.302364,-41.019356],[174.224022,-41.024111],[174.211878,-40.985508],[174.153122,-40.990779],[174.121393,-41.004525],[174.08062,-41.006127],[175.052189,-40.792342],[175.016739,-40.847377],[174.847912,-41.059044],[174.684924,-41.217794],[174.656347,-41.251125],[174.635212,-41.289211],[174.643118,-41.312517],[174.669576,-41.326263],[174.75691,-41.325229],[174.841039,-41.290813],[174.819852,-41.262752],[174.83153,-41.231023],[174.865378,-41.223065],[174.90026,-41.24265],[174.874887,-41.2781],[174.875455,-41.404604],[174.881243,-41.42419],[174.906151,-41.433181],[175.053739,-41.391375],[175.165412,-41.417317],[175.18448,-41.449046],[175.204531,-41.534777],[175.222049,-41.574465],[175.243185,-41.583456]]]}},{"type":"Feature","properties":{"featurecla":"strait","name":"Davis Strait","namealt":null,"changed":"Version 1.4","note":null,"name_fr":"détroit de Davis","min_label":4,"max_label":8.5,"scalerank":2,"label":"Davis Strait","wikidataid":"Q189262","name_ar":"مضيق دافيس","name_bn":"ডেভিস প্রণালী","name_de":"Davisstraße","name_en":"Davis Strait","name_es":"Estrecho de Davis","name_el":"Πορθμός του Ντέιβις","name_hi":"डेविस जलसन्धि","name_hu":"Davis-szoros","name_id":"Selat Davis","name_it":"Stretto di Davis","name_ja":"デービス海峡","name_ko":"데이비스 해협","name_nl":"Straat Davis","name_pl":"Cieśnina Davisa","name_pt":"Estreito de Davis","name_ru":"Пролив Дейвиса","name_sv":"Davis sund","name_tr":"Davis Boğazı","name_vi":"Eo biển Davis","name_zh":"戴维斯海峡","ne_id":1159116205,"name_fa":"تنگه دیویس","name_he":"מצר דייוויס","name_uk":"Дейвісова протока","name_ur":"آبنائے ڈیوس","name_zht":"戴維斯海峽"},"bbox":[-69.342919,60.166302,-44.742483,69.970691],"geometry":{"type":"Polygon","coordinates":[[[-45.379085,60.202811],[-45.411357,60.166302],[-64.428026,60.324535],[-64.406864,60.366858],[-64.499985,60.430369],[-64.5328,60.441479],[-64.646565,60.514498],[-64.727,60.511836],[-64.727516,60.52243],[-64.868283,61.355868],[-64.856656,61.354291],[-64.832833,61.365919],[-64.787849,61.413539],[-64.732297,61.438421],[-64.696304,61.471752],[-64.691007,61.5395],[-64.669846,61.592933],[-64.756094,61.637375],[-64.789451,61.662257],[-64.935488,61.682359],[-64.947658,61.737937],[-64.927556,61.732615],[-64.89686,61.733157],[-64.847122,61.761734],[-64.84552,61.779744],[-64.865105,61.798244],[-64.923318,61.823643],[-64.925954,61.825761],[-65.059305,62.642792],[-65.050313,62.64597],[-65.046618,62.701548],[-65.16302,62.932774],[-65.132866,62.952359],[-64.923318,62.889392],[-64.868826,62.879857],[-64.751882,62.887273],[-64.683617,62.902621],[-64.672507,62.922206],[-64.718008,62.946003],[-64.767204,62.992047],[-64.820121,63.059795],[-64.894741,63.125398],[-65.049254,63.234409],[-65.068839,63.263503],[-65.058246,63.283088],[-65.016465,63.292623],[-65.004812,63.333344],[-65.031271,63.440262],[-65.089484,63.605885],[-65.133926,63.688955],[-65.183664,63.74505],[-65.191597,63.764119],[-64.989464,63.643454],[-64.93337,63.599529],[-64.886266,63.548731],[-64.695787,63.2688],[-64.664549,63.24552],[-64.586776,63.243401],[-64.514274,63.264046],[-64.497866,63.357709],[-64.498409,63.463],[-64.550266,63.572554],[-64.561377,63.679963],[-64.482002,63.686836],[-64.411076,63.706422],[-64.433323,63.727583],[-63.631098,64.939396],[-63.606758,64.928285],[-63.485577,65.021406],[-63.401964,65.118248],[-63.363336,65.229895],[-63.364396,65.543157],[-63.337395,65.616719],[-63.509374,65.636304],[-63.6512,65.66116],[-63.651742,65.67439],[-63.421007,65.708806],[-63.409897,65.755883],[-63.464415,65.835258],[-63.458576,65.853268],[-63.240579,65.695577],[-63.169136,65.657466],[-62.969097,65.622532],[-62.817245,65.647931],[-62.771719,65.632067],[-62.659012,65.639999],[-62.610333,65.723611],[-62.485457,65.804562],[-62.382259,65.83314],[-62.388073,65.868073],[-62.410319,65.905642],[-62.448405,65.945329],[-62.497627,65.973906],[-62.624079,66.016229],[-62.590231,66.034213],[-62.46799,66.017289],[-62.244154,66.005635],[-62.138837,66.011475],[-61.99174,66.035298],[-62.024012,66.06757],[-62.242035,66.148004],[-62.533594,66.226836],[-62.496025,66.270761],[-62.419828,66.288771],[-62.405539,66.315746],[-62.553179,66.406774],[-62.509797,66.417342],[-62.374327,66.410985],[-62.276968,66.3914],[-62.158423,66.337967],[-61.95629,66.30939],[-61.862627,66.312568],[-61.571042,66.3729],[-61.576339,66.412587],[-61.652536,66.503073],[-62.089099,66.62583],[-62.123489,66.643297],[-62.014478,66.673993],[-61.904433,66.67823],[-61.723979,66.638],[-61.52766,66.558108],[-61.453039,66.566583],[-61.307002,66.608906],[-61.299586,66.648594],[-61.353562,66.689341],[-61.514948,66.77825],[-61.823999,66.931677],[-61.96846,67.01901],[-62.123489,67.046528],[-62.379624,66.905219],[-62.602917,66.928525],[-62.710353,66.953924],[-62.768024,66.93222],[-62.83311,66.932762],[-62.962224,66.94917],[-63.143737,66.924287],[-63.469169,66.862379],[-63.636394,66.820573],[-63.701481,66.822149],[-63.306725,66.994671],[-63.258562,67.024824],[-63.235799,67.068749],[-63.194535,67.116885],[-63.161721,67.174582],[-63.040023,67.234914],[-63.315716,67.33651],[-63.521027,67.358214],[-63.59141,67.377774],[-63.676599,67.344985],[-63.824238,67.315866],[-63.836408,67.264008],[-64.063423,67.266127],[-64.188841,67.257135],[-64.356583,67.256076],[-64.376168,67.30106],[-64.589411,67.315323],[-64.699999,67.350799],[-64.580419,67.35501],[-64.469289,67.341781],[-64.303124,67.353434],[-64.00787,67.347104],[-64.077711,67.495777],[-63.85018,67.56616],[-64.019498,67.65507],[-64.156027,67.622798],[-64.396271,67.739742],[-64.527503,67.81276],[-64.637574,67.840278],[-64.829655,67.784183],[-65.021219,67.787361],[-65.071475,67.823871],[-65.025974,67.892135],[-64.956133,67.939213],[-64.862469,67.965154],[-64.835469,67.99001],[-64.922259,68.031817],[-64.976778,68.04347],[-65.064602,68.026003],[-65.300091,67.939755],[-65.415433,67.879423],[-65.442434,67.832346],[-65.41334,67.723851],[-65.386882,67.680469],[-65.401145,67.674629],[-65.540852,67.765657],[-65.551962,67.799531],[-65.491113,67.935518],[-65.509097,67.968332],[-65.569429,67.982104],[-65.701721,67.986858],[-65.758875,67.957222],[-65.864165,67.922831],[-65.974779,67.957222],[-65.944083,68.0313],[-65.942507,68.070987],[-65.985889,68.068352],[-66.225074,67.958798],[-66.343077,67.853507],[-66.392299,67.831803],[-66.444156,67.833922],[-66.526683,67.851388],[-66.529861,67.86038],[-66.413977,67.904305],[-66.274812,68.040808],[-66.266337,68.122845],[-66.212361,68.280535],[-66.530921,68.250382],[-66.63094,68.210695],[-66.605541,68.110158],[-66.662695,68.034478],[-66.684374,68.029181],[-66.702383,68.120726],[-66.728841,68.129201],[-66.899761,68.063055],[-66.923041,68.065691],[-66.905058,68.098505],[-66.834132,68.179999],[-66.830954,68.215449],[-66.900278,68.263611],[-67.033112,68.326062],[-66.99712,68.374199],[-66.762173,68.424454],[-66.71401,68.445642],[-66.742587,68.457811],[-66.85426,68.471583],[-67.111428,68.461506],[-67.20243,68.465744],[-67.320433,68.487965],[-67.455386,68.498041],[-67.567033,68.534008],[-67.655942,68.550958],[-67.766013,68.547237],[-67.874999,68.522898],[-67.938509,68.523957],[-68.037986,68.550958],[-68.148057,68.616045],[-68.152294,68.681131],[-68.210508,68.702809],[-68.333265,68.732446],[-68.540695,68.749396],[-68.871424,68.759963],[-69.319097,68.856805],[-69.342919,68.869518],[-69.32969,68.875848],[-69.219103,68.87267],[-68.725386,68.810219],[-68.666656,68.811304],[-68.542813,68.842517],[-68.450209,68.850992],[-68.324274,68.844119],[-68.015765,68.794871],[-67.882957,68.78376],[-67.795107,68.863135],[-67.751182,68.934061],[-67.751725,69.038835],[-67.832676,69.065836],[-68.121082,69.132499],[-68.304172,69.166373],[-68.415302,69.172186],[-68.993664,69.079582],[-69.040767,69.098108],[-68.61901,69.20606],[-68.406284,69.231976],[-68.198338,69.202882],[-67.938509,69.247867],[-67.764954,69.200247],[-67.607263,69.173246],[-67.483963,69.16689],[-67.331569,69.184899],[-67.208269,69.17061],[-66.802919,69.152601],[-66.707137,69.168492],[-66.679103,69.191229],[-66.676441,69.258434],[-66.685433,69.285952],[-66.716672,69.311894],[-66.770648,69.33675],[-67.052698,69.421422],[-67.236846,69.46005],[-67.36118,69.472762],[-67.724724,69.479119],[-67.824743,69.474881],[-67.908356,69.46005],[-68.058114,69.47594],[-68.513177,69.57751],[-68.785176,69.564281],[-69.075158,69.518263],[-69.250832,69.511907],[-69.227552,69.547357],[-69.12438,69.574358],[-68.837033,69.62358],[-68.669808,69.643656],[-68.371893,69.644199],[-68.289883,69.664844],[-68.248077,69.700836],[-68.189346,69.730473],[-68.114183,69.75427],[-68.02052,69.77016],[-67.806217,69.77755],[-67.33684,69.720913],[-67.259067,69.721455],[-67.221499,69.730989],[-67.192922,69.756931],[-67.172819,69.799254],[-67.1961,69.860646],[-67.293975,69.970691],[-54.820989,69.919893],[-54.841117,69.901909],[-54.91889,69.713523],[-54.865974,69.664844],[-54.804065,69.630427],[-54.734225,69.610351],[-54.497159,69.576994],[-54.133073,69.565367],[-53.993908,69.553171],[-53.921406,69.533611],[-53.825107,69.540484],[-53.783301,69.506094],[-53.722452,69.490746],[-53.658425,69.465347],[-53.889677,69.43677],[-54.047367,69.437312],[-54.157955,69.427778],[-54.182811,69.403413],[-54.120903,69.364268],[-54.051062,69.337267],[-53.901846,69.301817],[-53.793352,69.264274],[-53.754207,69.26001],[-53.578507,69.256858],[-53.32028,69.295486],[-53.041951,68.60757],[-53.213387,68.412827],[-53.337204,68.351978],[-53.383248,68.297485],[-53.289584,68.293248],[-53.17264,68.302756],[-52.780003,68.309629],[-52.746672,68.278417],[-52.698509,68.261493],[-52.378374,68.218627],[-52.198436,68.220746],[-51.804223,68.251958],[-51.632243,68.273146],[-51.47507,68.365207],[-51.478248,68.383733],[-51.456027,68.393268],[-51.293582,68.416548],[-51.209969,68.419726],[-51.169223,68.385309],[-51.207308,68.32552],[-51.332727,68.241907],[-51.393576,68.217568],[-51.414763,68.197982],[-51.432747,68.142973],[-51.456569,68.115972],[-51.518478,68.077344],[-51.596793,68.05458],[-51.779883,68.056699],[-52.058755,68.075225],[-52.436044,68.145608],[-52.890074,68.204338],[-53.040891,68.21811],[-53.151479,68.207517],[-53.211268,68.117031],[-53.353094,67.970451],[-53.57799,67.836583],[-53.616618,67.766717],[-53.616076,67.715402],[-53.643077,67.668299],[-53.735138,67.549236],[-53.603389,67.536524],[-53.418698,67.574635],[-52.9795,67.757725],[-52.898549,67.773073],[-52.67311,67.794777],[-52.546115,67.818031],[-52.345016,67.8371],[-52.104256,67.778886],[-51.94393,67.765115],[-51.765052,67.737623],[-51.423212,67.754547],[-51.321616,67.786302],[-50.968666,67.806404],[-50.887173,67.783666],[-51.032177,67.744496],[-51.168163,67.733902],[-51.170799,67.693698],[-50.640056,67.558771],[-50.613598,67.528075],[-50.705142,67.509006],[-51.181392,67.636544],[-51.45073,67.667756],[-51.665058,67.646595],[-51.908997,67.663545],[-52.383645,67.752428],[-52.512241,67.76142],[-52.666237,67.749767],[-52.969449,67.687342],[-53.223438,67.585229],[-53.413943,67.524897],[-53.547811,67.498438],[-53.798649,67.418004],[-53.805522,67.326976],[-53.88438,67.135437],[-53.687002,66.986196],[-53.560007,66.945992],[-53.44358,66.92483],[-53.373197,66.931677],[-53.227159,66.919533],[-52.906481,66.906821],[-52.559861,66.90894],[-52.429688,66.897312],[-52.386823,66.880879],[-52.43129,66.859744],[-52.49108,66.850209],[-52.603269,66.852845],[-53.03823,66.826929],[-53.114427,66.75391],[-53.222922,66.721612],[-53.418698,66.648594],[-53.435648,66.622135],[-53.475852,66.584024],[-53.570575,66.513124],[-53.634602,66.413647],[-53.622432,66.343806],[-53.647831,66.273423],[-53.6145,66.15436],[-53.53882,66.139529],[-53.412884,66.160174],[-53.156233,66.177615],[-53.035594,66.201437],[-52.921829,66.241125],[-52.814393,66.296677],[-52.675746,66.355433],[-52.421239,66.446461],[-51.823265,66.697815],[-51.647591,66.75391],[-51.402051,66.853904],[-51.28087,66.890956],[-51.224775,66.881422],[-51.258649,66.841192],[-51.516876,66.732206],[-51.676168,66.683527],[-51.822206,66.651772],[-51.891013,66.623195],[-51.932277,66.587719],[-52.056094,66.50731],[-52.157715,66.470258],[-52.292642,66.437444],[-52.510665,66.362306],[-53.018128,66.170768],[-53.356789,66.073383],[-53.392239,66.048527],[-53.34462,66.034213],[-53.272117,65.987135],[-53.24354,65.979177],[-53.106495,65.977084],[-53.233489,65.770714],[-53.199099,65.593955],[-53.153055,65.574396],[-52.994848,65.565921],[-52.76096,65.590777],[-52.551412,65.461147],[-52.348195,65.461147],[-52.035475,65.569616],[-51.924344,65.616719],[-51.779883,65.703483],[-51.723246,65.723611],[-51.393576,65.779164],[-51.146459,65.78552],[-51.091966,65.775985],[-51.090364,65.751129],[-51.252835,65.746375],[-51.619014,65.713018],[-51.721153,65.670152],[-51.970905,65.530987],[-52.179393,65.442104],[-52.461443,65.362729],[-52.506428,65.34844],[-52.53764,65.328855],[-52.499555,65.274879],[-52.450333,65.22142],[-52.447698,65.205038],[-52.258768,65.154757],[-52.235488,65.060577],[-52.123841,64.795451],[-52.088908,64.681685],[-52.09684,64.597013],[-52.093146,64.416043],[-52.062992,64.346202],[-51.998423,64.25675],[-51.922742,64.218664],[-51.834918,64.231894],[-51.758179,64.280056],[-51.676685,64.376872],[-51.470315,64.552029],[-51.400991,64.622955],[-51.363423,64.701787],[-51.255471,64.757882],[-51.139069,64.785917],[-51.170799,64.707601],[-51.220537,64.628226],[-50.989311,64.664735],[-50.890867,64.695431],[-50.78028,64.746229],[-50.72155,64.79757],[-50.764932,64.862656],[-50.852239,65.023525],[-50.913631,65.097086],[-50.960734,65.201318],[-50.923682,65.196563],[-50.854358,65.11401],[-50.812035,65.052102],[-50.68132,64.927743],[-50.677625,64.88542],[-50.647988,64.853122],[-50.516756,64.766357],[-50.298733,64.778527],[-50.219901,64.753645],[-50.121457,64.703906],[-50.092906,64.584844],[-50.015624,64.507587],[-50.008751,64.447255],[-50.157992,64.489604],[-50.269097,64.614997],[-50.35537,64.682719],[-50.491874,64.693312],[-50.684498,64.677965],[-50.849061,64.644633],[-50.857536,64.616573],[-50.834799,64.558902],[-50.906758,64.567377],[-51.10995,64.572674],[-51.231674,64.560504],[-51.403653,64.463146],[-51.533826,64.314421],[-51.707924,64.204893],[-51.681982,64.164688],[-51.58514,64.103297],[-51.542275,64.096941],[-51.487239,64.103297],[-51.39094,64.125001],[-51.346499,64.122882],[-51.072381,64.158875],[-50.721007,64.223419],[-50.483425,64.304396],[-50.436864,64.312845],[-50.458542,64.265768],[-50.492416,64.229232],[-50.486603,64.20913],[-50.396117,64.203317],[-50.260648,64.214427],[-50.342141,64.170502],[-50.585021,64.16257],[-50.699329,64.149341],[-50.897766,64.105416],[-51.27981,64.053041],[-51.547572,64.005938],[-51.451273,63.904859],[-51.538037,63.758279],[-51.468739,63.642395],[-51.187749,63.436542],[-51.013108,63.25769],[-50.890351,63.167204],[-50.804103,63.091007],[-50.743771,63.05132],[-50.603547,62.999979],[-50.571791,62.970885],[-50.501408,62.944944],[-50.408287,62.848645],[-50.390278,62.822186],[-50.338421,62.828543],[-50.092363,62.976699],[-49.792847,63.044421],[-50.075956,62.90368],[-50.203493,62.808957],[-50.298733,62.722167],[-50.255867,62.679844],[-50.259588,62.578248],[-50.28075,62.530628],[-50.319378,62.472931],[-50.284987,62.466058],[-50.179154,62.411023],[-50.070142,62.364462],[-49.943148,62.324232],[-49.806076,62.286664],[-49.685437,62.273434],[-49.553662,62.232687],[-49.667971,62.150677],[-49.683318,62.092463],[-49.664276,62.016809],[-49.623529,61.9988],[-49.348352,62.010427],[-49.277969,62.045903],[-49.202314,62.099336],[-49.120278,62.112566],[-49.008114,62.108354],[-48.828719,62.079777],[-49.039844,62.039547],[-49.070539,62.01575],[-49.129812,61.993503],[-49.313444,61.938494],[-49.380107,61.890331],[-49.36264,61.838448],[-49.304427,61.772302],[-49.311326,61.747963],[-49.265282,61.709877],[-49.193323,61.685537],[-49.222416,61.632104],[-49.289079,61.589755],[-49.20495,61.548492],[-49.049378,61.524152],[-48.987469,61.428886],[-48.964706,61.352173],[-48.92184,61.277552],[-48.596951,61.247399],[-48.55778,61.23417],[-48.494812,61.224635],[-48.428124,61.187583],[-48.424971,61.171719],[-48.377868,61.138387],[-48.386343,61.004494],[-48.193719,61.012969],[-48.1461,60.999739],[-47.858753,61.015604],[-47.770386,60.997621],[-47.905856,60.945763],[-48.205347,60.855795],[-48.241882,60.806573],[-48.181007,60.769004],[-48.107471,60.742546],[-48.013808,60.721927],[-47.828057,60.724562],[-47.730156,60.729317],[-47.788912,60.800243],[-47.796302,60.82882],[-47.707418,60.827244],[-47.578822,60.847346],[-47.464513,60.842566],[-47.36979,60.800243],[-47.22427,60.782776],[-47.124792,60.811353],[-46.979814,60.820345],[-46.874498,60.81665],[-46.805716,60.860575],[-46.717866,60.905017],[-46.582397,60.962171],[-46.296652,61.022503],[-46.011966,61.096581],[-45.97016,61.129396],[-45.975457,61.175956],[-45.9421,61.205567],[-45.87014,61.218279],[-45.849496,61.181253],[-45.879675,61.09392],[-45.933651,61.028317],[-46.018839,60.971705],[-46.142139,60.77642],[-46.046357,60.615577],[-45.976516,60.599686],[-45.934167,60.579584],[-45.694983,60.54199],[-45.590209,60.518735],[-45.428824,60.468454],[-45.380661,60.445174],[-45.283303,60.454708],[-45.082747,60.507082],[-44.756772,60.664773],[-44.742483,60.655264],[-44.853613,60.531964],[-44.974794,60.457344],[-45.082204,60.41608],[-45.202326,60.382723],[-45.367975,60.372672],[-45.362135,60.295958],[-45.379085,60.202811]],[[-46.496149,60.686477],[-46.381324,60.660535],[-46.266499,60.7812],[-46.254329,60.841506],[-46.218853,60.889152],[-46.205107,60.943645],[-46.39401,60.908711],[-46.789826,60.779598],[-46.78825,60.758436],[-46.666009,60.765852],[-46.553303,60.74097],[-46.496149,60.686477]],[[-64.83707,62.406269],[-64.657159,62.383505],[-64.546546,62.391437],[-64.478281,62.417896],[-64.417975,62.48722],[-64.465052,62.535899],[-64.515333,62.551789],[-64.63176,62.548069],[-64.823841,62.558662],[-64.848698,62.543315],[-64.849757,62.525331],[-64.827019,62.505229],[-64.841825,62.494119],[-64.930734,62.485101],[-64.95665,62.458126],[-64.901098,62.421074],[-64.83707,62.406269]],[[-68.202576,69.580172],[-67.940111,69.534671],[-67.914686,69.541027],[-67.844846,69.591825],[-67.75436,69.631512],[-67.828981,69.674895],[-67.908873,69.681768],[-67.989307,69.67859],[-68.093022,69.656885],[-68.221618,69.616681],[-68.202576,69.580172]]]}},{"type":"Feature","properties":{"featurecla":"channel","name":"Drake Passage","namealt":null,"changed":"Version 1.4","note":null,"name_fr":"passage de Drake","min_label":4,"max_label":8.5,"scalerank":2,"label":null,"wikidataid":"Q143650","name_ar":"ممر دريك","name_bn":"ড্রেক জলপথ","name_de":"Drakestraße","name_en":"Drake Passage","name_es":"Pasaje de Drake","name_el":"πορθμός του Ντέικ","name_hi":"ड्रेक जलमार्ग","name_hu":"Drake-átjáró","name_id":"Selat Drake","name_it":"Canale di Drake","name_ja":"ドレーク海峡","name_ko":"드레이크 해협","name_nl":"Straat Drake","name_pl":"Cieśnina Drake'a","name_pt":"Passagem de Drake","name_ru":"Пролив Дрейка","name_sv":"Drakes sund","name_tr":"Drake Boğazı","name_vi":"Eo biển Drake","name_zh":"德雷克海峡","ne_id":1159116269,"name_fa":"گذرگاه دریک","name_he":"מעבר דרייק","name_uk":"Протока Дрейка","name_ur":"گزرگاہ ڈریک","name_zht":"德雷克海峽"},"bbox":[-68.04858,-66.697427,-59.620309,-55.697159],"geometry":{"type":"MultiPolygon","coordinates":[[[[-59.660746,-62.354282],[-59.620309,-62.394227],[-59.620316,-62.39423],[-59.660746,-62.354282]]],[[[-63.675956,-64.362378],[-63.682955,-64.342894],[-63.675953,-64.362376],[-63.675956,-64.362378]]],[[[-63.916326,-64.457202],[-63.786258,-64.437859],[-63.786282,-64.437875],[-63.916326,-64.457202]]],[[[-64.170832,-64.582104],[-63.903975,-64.518404],[-63.904027,-64.518439],[-64.170832,-64.582104]]],[[[-65.636634,-65.547833],[-65.65363,-65.590463],[-65.653636,-65.590466],[-65.636634,-65.547833]]],[[[-67.262245,-55.743936],[-67.303173,-55.697168],[-67.303158,-55.697159],[-67.262245,-55.743936]]],[[[-68.04858,-66.697404],[-67.93745,-66.656965],[-68.04858,-66.697427],[-68.04858,-66.697404]]]]}},{"type":"Feature","properties":{"featurecla":"channel","name":"English Channel","namealt":null,"changed":"Version 1.4","note":null,"name_fr":"Manche","min_label":5,"max_label":9.5,"scalerank":3,"label":"English Channel","wikidataid":"Q34640","name_ar":"بحر المانش","name_bn":"ইংলিশ চ্যানেল","name_de":"Ärmelkanal","name_en":"English Channel","name_es":"canal de la Mancha","name_el":"Μάγχη","name_hi":"इंग्लिश चैनल","name_hu":"La Manche","name_id":"Selat Inggris","name_it":"la Manica","name_ja":"イギリス海峡","name_ko":"영국 해협","name_nl":"Het Kanaal","name_pl":"Kanał La Manche","name_pt":"Canal da Mancha","name_ru":"Ла-Манш","name_sv":"Engelska kanalen","name_tr":"Manş Denizi","name_vi":"eo biển Manche","name_zh":"英吉利海峡","ne_id":1159116535,"name_fa":"کانال مانش","name_he":"תעלת למאנש","name_uk":"Ла-Манш","name_ur":"رودبار انگلستان","name_zht":"英吉利海峡"},"bbox":[-6.570524,48.418802,1.711968,51.164629],"geometry":{"type":"Polygon","coordinates":[[[-5.882607,48.471719],[-6.570524,49.741719],[-5.70639,50.112135],[-5.655592,50.113195],[-5.655076,50.077202],[-5.622261,50.050744],[-5.551361,50.083558],[-5.433875,50.104177],[-5.322745,50.083041],[-5.225386,50.02165],[-5.118493,50.038574],[-5.048653,50.134356],[-5.009482,50.160815],[-4.817401,50.25608],[-4.727975,50.290471],[-4.506774,50.341269],[-4.379236,50.358193],[-4.297226,50.359252],[-4.217308,50.378295],[-4.19457,50.393126],[-4.17235,50.391007],[-4.103542,50.348684],[-3.900351,50.285691],[-3.793458,50.229079],[-3.679692,50.24019],[-3.584427,50.321683],[-3.525697,50.428059],[-3.485492,50.548181],[-3.404515,50.63231],[-2.999165,50.71644],[-2.900773,50.722253],[-2.776931,50.705329],[-2.658928,50.669879],[-2.547798,50.61642],[-2.433489,50.599496],[-2.394861,50.630708],[-2.349903,50.637607],[-2.036098,50.603191],[-1.997986,50.607971],[-1.962019,50.627556],[-2.006461,50.673031],[-2.031343,50.725431],[-1.866237,50.71538],[-1.687902,50.734966],[-1.600594,50.732847],[-1.516982,50.747652],[-1.334409,50.820671],[-1.416445,50.896894],[-1.285213,50.857206],[-1.132819,50.844494],[-1.000528,50.8154],[-0.871388,50.773077],[-0.78514,50.765635],[-0.450716,50.810103],[-0.204116,50.814341],[0.204928,50.763],[0.299651,50.775712],[0.414476,50.819095],[0.532505,50.853485],[0.684331,50.885783],[0.772181,50.93392],[0.960024,50.925987],[0.978576,50.971514],[1.044205,51.047169],[1.365374,51.155663],[1.375968,51.164629],[1.684476,50.958802],[1.711968,50.906402],[1.672281,50.885241],[1.609339,50.819637],[1.579677,50.739177],[1.551668,50.294166],[1.592906,50.252359],[1.548464,50.230681],[1.514099,50.205256],[1.407181,50.088312],[1.245795,49.998344],[0.924058,49.910003],[0.616066,49.8629],[0.186945,49.703091],[0.126587,49.601469],[0.109146,49.55757],[0.129248,49.508348],[0.27743,49.463389],[0.439359,49.47344],[0.417112,49.448558],[0.136147,49.401455],[-0.010976,49.330038],[-0.16337,49.296681],[-0.5211,49.354378],[-0.765555,49.359649],[-0.959238,49.393006],[-1.138633,49.387709],[-1.194728,49.444838],[-1.232297,49.494602],[-1.265111,49.598317],[-1.258755,49.680327],[-1.365648,49.707302],[-1.588425,49.667615],[-1.705368,49.680844],[-1.856186,49.684048],[-1.875229,49.631648],[-1.869932,49.595138],[-1.81332,49.490364],[-1.690537,49.313088],[-1.583128,49.202501],[-1.565661,48.805626],[-1.480473,48.697674],[-1.376215,48.65269],[-1.437607,48.641579],[-1.824431,48.630469],[-1.851949,48.669097],[-1.905925,48.697131],[-1.97313,48.635223],[-2.003826,48.582306],[-2.07948,48.645274],[-2.446202,48.648452],[-2.692259,48.536805],[-2.792821,48.600832],[-3.003403,48.790795],[-3.231503,48.841076],[-3.471721,48.813041],[-3.545799,48.765396],[-3.7146,48.71036],[-3.855909,48.694496],[-4.059101,48.707725],[-4.531113,48.619875],[-4.720559,48.539983],[-4.762365,48.450015],[-4.759187,48.441023],[-4.824274,48.418802],[-5.882607,48.471719]],[[-1.144447,50.734966],[-1.312731,50.773594],[-1.38575,50.733389],[-1.515923,50.70321],[-1.563542,50.666184],[-1.515406,50.669879],[-1.306375,50.588385],[-1.251339,50.588902],[-1.196304,50.599496],[-1.175659,50.61536],[-1.149201,50.655591],[-1.065614,50.689981],[-1.144447,50.734966]]]}},{"type":"Feature","properties":{"featurecla":"strait","name":"Straits of Florida","namealt":null,"changed":"Version 1.4","note":null,"name_fr":"détroit de Floride","min_label":5.7,"max_label":10,"scalerank":4,"label":"Straits of Florida","wikidataid":"Q232912","name_ar":"فلوريدا","name_bn":"ফ্লোরিডা প্রণালী","name_de":"Floridastraße","name_en":"Florida Strait","name_es":"Estrecho de Florida","name_el":"Στενά της Φλόριντα","name_hi":"फ्लोरिडा जलसन्धि","name_hu":"Floridai-szoros","name_id":"Strait Florida","name_it":"Stretti della Florida","name_ja":"フロリダ海峡","name_ko":"플로리다 해협","name_nl":"Straat Florida","name_pl":"Cieśnina Florydzka","name_pt":"Estreito da Flórida","name_ru":"Флоридский пролив","name_sv":"Floridasundet","name_tr":"Florida Boğazı","name_vi":"Eo biển Florida","name_zh":"佛罗里达海峡","ne_id":1159116625,"name_fa":"تنگه فلوریدا","name_he":"מצר פלורידה","name_uk":"Флоридська протока","name_ur":"اسٹریٹس آف فلوریڈا","name_zht":"佛羅里達海峽"},"bbox":[-83.035107,22.999759,-78.159358,26.668476],"geometry":{"type":"Polygon","coordinates":[[[-78.435052,24.627463],[-80.641145,23.098177],[-80.650162,23.102931],[-81.007866,23.089702],[-81.144396,23.054795],[-81.178786,23.059549],[-81.27139,23.128873],[-81.262399,23.156907],[-81.363478,23.129932],[-81.575661,23.116703],[-81.837609,23.163263],[-82.101133,23.190264],[-82.350368,23.153729],[-82.587951,23.064303],[-82.66575,23.043684],[-83.032988,22.999759],[-83.035107,23.018802],[-82.999657,24.218419],[-81.800557,24.077135],[-80.424724,24.465019],[-79.895557,24.959252],[-80.31889,25.417519],[-80.330001,25.422273],[-80.327882,25.427027],[-80.300907,25.618592],[-80.218871,25.741892],[-80.159081,25.878421],[-80.142674,25.874183],[-80.136343,25.842428],[-80.126266,25.833436],[-80.110402,26.131351],[-80.041078,26.568456],[-80.04268,26.617652],[-78.96104,26.668476],[-78.799138,26.528226],[-78.162536,25.202131],[-78.211215,25.191021],[-78.159358,25.02222],[-78.18424,24.916929],[-78.299065,24.753942],[-78.273666,24.691491],[-78.259895,24.687253],[-78.242971,24.653922],[-78.319167,24.590437],[-78.338753,24.642295],[-78.435052,24.627463]]]}},{"type":"Feature","properties":{"featurecla":"strait","name":"Strait of Gibraltar","namealt":null,"changed":"Version 1.4","note":null,"name_fr":"détroit de Gibraltar","min_label":5.7,"max_label":10,"scalerank":4,"label":"Strait of Gibraltar","wikidataid":"Q36124","name_ar":"مضيق جبل طارق","name_bn":"জিব্রাল্টার প্রণালী","name_de":"Straße von Gibraltar","name_en":"Strait of Gibraltar","name_es":"Estrecho de Gibraltar","name_el":"Στενό του Γιβραλτάρ","name_hi":"जिब्राल्टर जलसन्धि","name_hu":"Gibraltári-szoros","name_id":"Selat Gibraltar","name_it":"stretto di Gibilterra","name_ja":"ジブラルタル海峡","name_ko":"지브롤터 해협","name_nl":"Straat van Gibraltar","name_pl":"Cieśnina Gibraltarska","name_pt":"Estreito de Gibraltar","name_ru":"Гибралтарский пролив","name_sv":"Gibraltar sund","name_tr":"Cebelitarık Boğazı","name_vi":"Eo biển Gibraltar","name_zh":"直布羅陀海峽","ne_id":1159117067,"name_fa":"تنگه جبلالطارق","name_he":"מצר גיברלטר","name_uk":"Гібралтарська протока","name_ur":"آبنائے جبل الطارق","name_zht":"直布羅陀海峽"},"bbox":[-6.034975,35.778566,-5.283651,36.189755],"geometry":{"type":"MultiPolygon","coordinates":[[[[-5.285642,35.90473],[-5.283651,35.899127],[-5.401138,35.926955],[-5.414136,35.920853],[-5.397365,35.929952],[-5.285642,35.90473]]],[[[-5.451123,36.119522],[-5.447517,36.149577],[-5.407313,36.165028],[-5.367685,36.134549],[-5.381475,36.134203],[-5.407416,36.159059],[-5.443409,36.15061],[-5.451123,36.119522]]],[[[-5.641909,35.826934],[-5.629479,35.828194],[-5.629961,35.82802],[-5.641909,35.826934]]],[[[-5.925345,35.784682],[-5.92493,35.786007],[-5.748197,35.81616],[-5.740649,35.816925],[-5.92369,35.778566],[-5.925345,35.784682]]],[[[-5.742074,36.065492],[-5.808529,36.088159],[-5.960923,36.181823],[-6.034542,36.188154],[-6.034975,36.189755],[-5.960793,36.18358],[-5.809252,36.090821],[-5.742074,36.065492]]]]}},{"type":"Feature","properties":{"featurecla":"strait","name":"Estrecho de Magellanes","namealt":null,"changed":"Version 1.4","note":"Strait of Magellan","name_fr":"détroit de Magellan","min_label":7,"max_label":10,"scalerank":6,"label":"Estrecho de Magellanes","wikidataid":"Q48365","name_ar":"مضيق ماجلان","name_bn":"ম্যাজেলান প্রণালী","name_de":"Magellanstraße","name_en":"Strait of Magellan","name_es":"Estrecho de Magallanes","name_el":"Πορθμός του Μαγγελάνου","name_hi":"मैजेलन जलडमरूमध्य","name_hu":"Magellán-szoros","name_id":"Selat Magelhaens","name_it":"Stretto di Magellano","name_ja":"マゼラン海峡","name_ko":"마젤란 해협","name_nl":"Straat Magellaan","name_pl":"Cieśnina Magellana","name_pt":"Estreito de Magalhães","name_ru":"Магелланов пролив","name_sv":"Magellans sund","name_tr":"Macellan Boğazı","name_vi":"Eo biển Magellan","name_zh":"麦哲伦海峡","ne_id":1159118553,"name_fa":"تنگه ماژلان","name_he":"מצר מגלן","name_uk":"Магелланова протока","name_ur":"ایسٹریچو ڈی میگیلانیس","name_zht":"麦哲伦海峡"},"bbox":[-74.634586,-54.137935,-68.696266,-52.205392],"geometry":{"type":"Polygon","coordinates":[[[-74.634586,-52.747271],[-74.021807,-52.634565],[-74.01651,-52.632963],[-74.014391,-52.639319],[-73.914914,-52.687998],[-73.710663,-52.66154],[-73.585787,-52.685879],[-73.382053,-52.594877],[-73.243948,-52.623971],[-73.178318,-52.562579],[-73.183615,-52.48801],[-73.123826,-52.48801],[-73.073028,-52.535088],[-73.144987,-52.60175],[-73.240769,-52.707067],[-73.34606,-52.754144],[-73.645034,-52.83724],[-73.507471,-52.903386],[-73.459826,-52.964777],[-73.338128,-53.054746],[-73.131215,-53.072729],[-73.043908,-53.233081],[-73.0529,-53.243623],[-72.998407,-53.290752],[-72.924846,-53.325685],[-72.726951,-53.41984],[-72.549132,-53.460612],[-72.546497,-53.446815],[-72.380331,-53.461646],[-72.376636,-53.471206],[-72.174478,-53.632592],[-72.100942,-53.665923],[-71.871809,-53.72256],[-71.694016,-53.802969],[-71.443721,-53.841054],[-71.297658,-53.883377],[-71.082813,-53.82519],[-70.996049,-53.779146],[-70.947886,-53.570683],[-70.984912,-53.448417],[-70.984396,-53.373796],[-70.952124,-53.227242],[-70.821408,-52.963175],[-70.838875,-52.88964],[-70.79495,-52.768975],[-70.680125,-52.712338],[-70.563181,-52.673219],[-70.391202,-52.661023],[-70.359989,-52.651515],[-69.907019,-52.513383],[-69.763075,-52.505477],[-69.620215,-52.464704],[-69.5604,-52.421296],[-69.446634,-52.269419],[-69.240781,-52.205392],[-69.133888,-52.211231],[-69.007436,-52.262546],[-68.696266,-52.314429],[-68.760836,-52.572656],[-68.762412,-52.581648],[-68.78993,-52.576894],[-69.079912,-52.674252],[-69.167245,-52.667379],[-69.41382,-52.486408],[-69.498491,-52.491163],[-69.572053,-52.54935],[-69.663055,-52.646192],[-69.763617,-52.731406],[-69.883197,-52.799154],[-69.935596,-52.821375],[-69.993784,-52.821375],[-70.08799,-52.768458],[-70.189586,-52.723448],[-70.335107,-52.733525],[-70.380091,-52.752025],[-70.297538,-52.817138],[-70.25891,-52.857342],[-70.162611,-52.899148],[-70.139305,-52.91925],[-70.130856,-52.942556],[-70.161009,-52.970048],[-70.196459,-52.99015],[-70.256249,-53.003948],[-70.319759,-53.000744],[-70.390659,-53.026685],[-70.443576,-53.085442],[-70.459983,-53.143629],[-70.460526,-53.206054],[-70.417117,-53.301294],[-70.423474,-53.304498],[-70.531426,-53.627837],[-70.531426,-53.627269],[-70.618733,-53.655329],[-70.695473,-53.727315],[-70.644675,-53.823071],[-70.867452,-53.883946],[-70.856858,-53.995567],[-70.862698,-54.098248],[-70.864274,-54.098248],[-71.022507,-54.137935],[-71.021964,-54.111994],[-71.168544,-54.112511],[-71.390262,-54.032619],[-71.554309,-53.955879],[-71.705127,-53.923633],[-71.996685,-53.884979],[-72.015211,-53.893971],[-72.211013,-53.802452],[-72.30677,-53.725196],[-72.372915,-53.687627],[-72.459189,-53.598692],[-72.482469,-53.58815],[-72.685661,-53.557971],[-72.809478,-53.565361],[-72.88198,-53.578073],[-72.896268,-53.562725],[-72.923269,-53.481748],[-72.947066,-53.442629],[-72.970889,-53.423044],[-73.022204,-53.414569],[-73.053442,-53.394467],[-73.074061,-53.396585],[-73.083079,-53.403458],[-73.17514,-53.357415],[-73.17514,-53.355813],[-73.135453,-53.353694],[-73.143385,-53.340982],[-73.302678,-53.259539],[-73.31061,-53.247861],[-73.450834,-53.144146],[-73.50481,-53.139909],[-73.549278,-53.125646],[-73.654052,-53.069525],[-73.781563,-53.056296],[-73.879464,-53.012371],[-74.065732,-52.965294],[-74.274763,-52.945709],[-74.329799,-52.929327],[-74.369486,-52.931446],[-74.385867,-52.922454],[-74.422403,-52.859977],[-74.474777,-52.835638],[-74.571618,-52.771094],[-74.634586,-52.747271]]]}},{"type":"Feature","properties":{"featurecla":"strait","name":"Strait of Malacca","namealt":null,"changed":"Version 1.4","note":null,"name_fr":"détroit de Malacca","min_label":5.7,"max_label":10,"scalerank":4,"label":"Strait of Malacca","wikidataid":"Q48359","name_ar":"مضيق ملقا","name_bn":"মালাক্কা প্রণালী","name_de":"Straße von Malakka","name_en":"Strait of Malacca","name_es":"Estrecho de Malaca","name_el":"Στενό της Μαλάκα","name_hi":"मलक्का जलडमरूमध्य","name_hu":"Malaka-szoros","name_id":"Selat Melaka","name_it":"Stretto di Malacca","name_ja":"マラッカ海峡","name_ko":"믈라카 해협","name_nl":"Straat Malakka","name_pl":"Cieśnina Malakka","name_pt":"Estreito de Malaca","name_ru":"Малаккский пролив","name_sv":"Malackasundet","name_tr":"Malakka Boğazı","name_vi":"eo biển Malacca","name_zh":"马六甲海峡","ne_id":1159116835,"name_fa":"تنگه مالاکا","name_he":"מצר מלאקה","name_uk":"Малаккська протока","name_ur":"آبنائے ملاکا","name_zht":"马六甲海峡"},"bbox":[95.450691,0.68585,103.504618,8.344478],"geometry":{"type":"Polygon","coordinates":[[[102.94212,0.743004],[102.907187,0.68585],[102.849516,0.715461],[102.566381,0.748843],[102.469022,0.779539],[102.390164,0.841964],[102.238855,0.990121],[102.223508,1.018698],[102.198083,1.141481],[102.15731,1.258942],[102.098089,1.357902],[102.019747,1.442031],[101.784826,1.621426],[101.684264,1.661113],[101.575227,1.670622],[101.476835,1.692869],[101.404901,1.757412],[101.357772,1.887069],[101.300618,2.011945],[101.224964,2.10243],[101.04606,2.257485],[100.936041,2.294511],[100.877285,2.283401],[100.828089,2.242654],[100.817495,2.193975],[100.816978,2.139999],[100.876768,2.050573],[100.887878,1.948434],[100.816978,1.989181],[100.685203,2.119897],[100.60371,2.136821],[100.523818,2.189221],[100.457155,2.257485],[100.401035,2.331563],[100.352872,2.411455],[100.307397,2.466491],[100.12746,2.647461],[100.02111,2.794042],[99.969227,2.895121],[99.906801,2.988268],[99.732187,3.182984],[99.521554,3.311039],[99.151137,3.581461],[98.868519,3.710575],[98.778085,3.759254],[98.705583,3.834934],[98.686566,3.885732],[98.658505,3.928055],[98.528333,3.997379],[98.307157,4.092619],[98.241477,4.194757],[98.273258,4.322295],[98.248401,4.414356],[98.02087,4.635015],[97.999683,4.662015],[97.966351,4.777357],[97.908164,4.880038],[97.706522,5.040364],[97.58746,5.170537],[97.547255,5.205987],[97.500178,5.228208],[97.450931,5.236166],[97.190585,5.207589],[97.085837,5.22981],[96.967808,5.268955],[96.842906,5.274252],[96.615374,5.220276],[96.492643,5.229268],[96.250797,5.266836],[96.133337,5.294354],[96.027503,5.350992],[95.84121,5.514496],[95.737495,5.579065],[95.629026,5.609219],[95.516837,5.624567],[95.450691,5.626685],[98.301318,7.775624],[98.300801,7.777743],[98.315581,7.782497],[98.357387,7.8296],[98.398676,7.828541],[98.40927,7.902102],[98.398676,7.964527],[98.435212,8.085708],[98.351031,8.110591],[98.323022,8.164567],[98.313462,8.220661],[98.360591,8.186787],[98.420897,8.178312],[98.473814,8.24712],[98.499755,8.31802],[98.57913,8.344478],[98.636285,8.304791],[98.703464,8.256628],[98.788678,8.059793],[98.872291,8.0238],[98.973887,7.962951],[99.051143,7.887813],[99.042668,7.765573],[99.077601,7.717953],[99.183435,7.717953],[99.263843,7.618993],[99.300378,7.561322],[99.358566,7.372393],[99.435306,7.334307],[99.528995,7.329527],[99.596691,7.355469],[99.552818,7.21894],[99.602531,7.155455],[99.667643,7.150675],[99.72056,7.106233],[99.69622,6.876583],[99.868716,6.750105],[100.118985,6.442139],[100.158156,6.32411],[100.263472,6.18231],[100.343364,5.98439],[100.37406,5.77802],[100.352872,5.587515],[100.473537,5.044059],[100.614303,4.652481],[100.614303,4.373609],[100.660864,4.22597],[100.760341,4.097399],[100.795274,4.023295],[100.757189,4.001617],[100.715383,3.966166],[100.782045,3.864545],[100.851343,3.776721],[101.024924,3.624844],[101.11541,3.471907],[101.300101,3.253368],[101.33028,3.142237],[101.354052,3.011005],[101.295347,2.88507],[101.351416,2.839026],[101.406968,2.813627],[101.519726,2.683454],[101.781106,2.573383],[101.890143,2.449567],[102.145734,2.248494],[102.548397,2.04264],[102.727249,1.855313],[102.89711,1.792346],[103.356978,1.546288],[103.399818,1.497583],[103.42731,1.429861],[103.480227,1.329325],[103.504618,1.330384],[103.383953,1.144117],[103.374962,1.130371],[103.35486,1.117141],[103.315172,1.071098],[103.326799,1.05575],[103.310935,1.031927],[103.152185,0.899635],[103.14743,0.897517],[103.067539,1.014977],[102.999274,1.067894],[102.790243,1.165252],[102.725699,1.158948],[102.701876,1.053631],[102.726733,1.041435],[102.788124,1.030893],[102.886568,0.996994],[102.963824,0.942475],[103.033639,0.882169],[103.062733,0.863669],[103.006664,0.840362],[103.002426,0.859431],[102.944239,0.892762],[102.780166,0.959425],[102.726216,0.989087],[102.633095,1.054148],[102.549482,1.130371],[102.506591,1.088564],[102.491243,0.986968],[102.466387,0.950433],[102.453674,0.889558],[102.49021,0.856796],[102.541524,0.831371],[102.710351,0.784294],[102.776497,0.779539],[102.94212,0.743004]],[[102.425097,1.364232],[102.499201,1.330901],[102.49176,1.458955],[102.469539,1.510296],[102.041968,1.625121],[102.023985,1.608197],[102.018197,1.585433],[102.020833,1.558458],[102.078503,1.498643],[102.161599,1.465311],[102.274305,1.453142],[102.36691,1.415573],[102.425097,1.364232]],[[102.412953,1.26106],[102.358435,1.345732],[102.276424,1.395471],[102.256322,1.397047],[102.228727,1.347851],[102.234101,1.263696],[102.255185,1.147269],[102.279576,1.075852],[102.325103,1.007071],[102.380656,0.959942],[102.427216,0.990121],[102.428818,1.067377],[102.44892,1.15626],[102.443081,1.234085],[102.412953,1.26106]],[[101.708087,2.078607],[101.640907,2.12677],[101.544583,2.060624],[101.450376,2.068039],[101.409655,2.021479],[101.403299,1.901357],[101.467843,1.759531],[101.500658,1.733073],[101.60277,1.715606],[101.719197,1.789168],[101.733977,1.882831],[101.773716,1.94368],[101.762089,1.996597],[101.708087,2.078607]]]}},{"type":"Feature","properties":{"featurecla":"strait","name":"Taiwan Strait","namealt":null,"changed":"Version 1.4","note":null,"name_fr":"détroit de Taïwan","min_label":5.7,"max_label":10,"scalerank":4,"label":"Taiwan Strait","wikidataid":"Q127031","name_ar":"مضيق تايوان","name_bn":"তাইওয়ান প্রণালী","name_de":"Formosastraße","name_en":"Taiwan Strait","name_es":"Estrecho de Taiwán","name_el":"Στενό της Ταϊβάν","name_hi":"ताइवान स्ट्रेट","name_hu":"Tajvani-szoros","name_id":"Selat Taiwan","name_it":"Stretto di Formosa","name_ja":"台湾海峡","name_ko":"타이완 해협","name_nl":"Straat van Taiwan","name_pl":"Cieśnina Tajwańska","name_pt":"Estreito de Taiwan","name_ru":"Тайваньский пролив","name_sv":"Taiwansundet","name_tr":"Tayvan Boğazı","name_vi":"eo biển Đài Loan","name_zh":"台湾海峡","ne_id":1159116947,"name_fa":"تنگه تایوان","name_he":"מצר טאיוואן","name_uk":"Тайванська протока","name_ur":"آبنائے تائیوان","name_zht":"台灣海峽"},"bbox":[117.433328,23.054252,121.085095,25.270938],"geometry":{"type":"Polygon","coordinates":[[[120.093993,23.077532],[120.05906,23.054252],[117.51906,23.759635],[117.460872,23.755398],[117.459787,23.771288],[117.433328,23.791907],[117.466143,23.840586],[117.579366,23.856994],[117.628045,23.836892],[117.667733,23.93903],[117.741837,24.014684],[117.839144,24.012049],[117.904307,24.106229],[118.056185,24.245936],[118.050345,24.326913],[118.024352,24.37983],[117.878883,24.395695],[117.848135,24.432204],[117.842916,24.474527],[117.896866,24.479824],[117.935003,24.47401],[118.005852,24.481943],[118.01381,24.559742],[118.08688,24.626947],[118.194781,24.625887],[118.295343,24.572971],[118.412287,24.600488],[118.560443,24.58036],[118.657285,24.62165],[118.719193,24.746009],[118.691701,24.782519],[118.640387,24.808977],[118.636666,24.835435],[118.707566,24.849724],[118.821874,24.91109],[118.909156,24.929099],[118.955768,25.004753],[118.914478,25.126994],[118.97742,25.20903],[119.024549,25.223319],[119.235699,25.205852],[119.285412,25.23231],[119.263656,25.270938],[121.081943,25.065085],[121.085095,25.059272],[121.040602,25.032813],[120.963914,24.928039],[120.901489,24.813214],[120.83586,24.722729],[120.757518,24.642295],[120.629516,24.478765],[120.159054,23.708837],[120.132078,23.652743],[120.125206,23.526807],[120.143189,23.39927],[120.120968,23.305089],[120.085518,23.211943],[120.072289,23.149518],[120.083399,23.09394],[120.093993,23.077532]]]}},{"type":"Feature","properties":{"featurecla":"strait","name":"Korea Strait","namealt":null,"changed":"Version 1.4","note":null,"name_fr":"détroit de Corée","min_label":5.7,"max_label":10,"scalerank":4,"label":"Korea Strait","wikidataid":"Q52052","name_ar":"كوريا","name_bn":"কোরিয়া প্রণালী","name_de":"Koreastraße","name_en":"Korea Strait","name_es":"Estrecho de Corea","name_el":"Στενό της Κορέας","name_hi":"कोरिया जलसन्धि","name_hu":"Koreai-szoros","name_id":"Selat Korea","name_it":"Stretto di Corea","name_ja":"対馬海峡","name_ko":"대한해협","name_nl":"Straat Korea","name_pl":"Cieśnina Koreańska","name_pt":"Estreito da Coreia","name_ru":"Корейский пролив","name_sv":"Koreasundet","name_tr":"Kore Boğazı","name_vi":"Eo biển Triều Tiên","name_zh":"朝鲜海峡","ne_id":1159116907,"name_fa":"تنگه کره","name_he":"מצר קוריאה","name_uk":"Корейська протока","name_ur":"آبنائے کوریا","name_zht":"朝鮮海峽"},"bbox":[126.36038,32.449622,130.937672,36.055987],"geometry":{"type":"Polygon","coordinates":[[[129.492799,35.712136],[129.561839,35.947393],[129.570691,36.029616],[129.600165,36.055987],[130.206032,35.579948],[130.617157,35.017357],[130.833538,34.50886],[130.894449,34.275372],[130.888993,34.262018],[130.918552,33.97573],[130.937155,33.983146],[130.937672,33.982603],[130.859331,33.910101],[130.839797,33.918059],[130.715412,33.927568],[130.669368,33.915398],[130.483643,33.834421],[130.457185,33.78892],[130.439201,33.734427],[130.365097,33.634407],[130.275129,33.597898],[130.168262,33.59844],[130.130693,33.578312],[130.103149,33.539684],[130.071885,33.521701],[129.919026,33.48359],[129.825905,33.437029],[129.836447,33.403698],[129.857635,33.375121],[129.844406,33.321687],[129.702089,33.359773],[129.659714,33.36507],[129.610001,33.343908],[129.580339,33.236473],[129.665037,33.186734],[129.798879,33.083562],[129.896805,33.022171],[129.921662,32.987754],[129.991477,32.851768],[129.901043,32.851768],[129.828541,32.892515],[129.777743,32.985661],[129.678783,33.059739],[129.662401,32.99517],[129.657078,32.99517],[129.019443,32.508352],[128.697189,32.449622],[128.419893,32.508352],[127.820343,32.685085],[127.07951,32.931685],[126.596387,33.24177],[126.709093,33.271923],[126.872597,33.341247],[126.905412,33.382536],[126.931353,33.443902],[126.901174,33.515345],[126.759891,33.553456],[126.695347,33.549219],[126.36038,33.466149],[126.514893,34.307519],[126.529724,34.317027],[126.531274,34.314392],[126.584191,34.31757],[126.610649,34.403275],[126.75462,34.51177],[126.796426,34.494303],[126.826037,34.450921],[126.897505,34.438751],[127.030831,34.607035],[127.247251,34.755192],[127.268439,34.720258],[127.260481,34.661528],[127.194852,34.604916],[127.173716,34.54616],[127.324508,34.463091],[127.380628,34.500659],[127.401247,34.552517],[127.478969,34.625019],[127.423468,34.688503],[127.38962,34.743022],[127.404399,34.822914],[127.476901,34.844101],[127.523462,34.839838],[127.565268,34.765785],[127.632499,34.690105],[127.715595,34.720775],[127.742053,34.782709],[127.662678,34.843558],[127.639372,34.889602],[127.658958,34.926111],[127.715026,34.954688],[127.87326,34.966316],[127.976458,35.018716],[128.036247,35.021894],[128.094435,34.933527],[128.152157,34.91606],[128.275974,34.910763],[128.387595,34.875313],[128.444233,34.870559],[128.447953,34.931925],[128.418859,35.015537],[128.457927,35.069513],[128.510844,35.100726],[128.64267,35.119795],[128.795581,35.093853],[128.980272,35.101269],[129.076597,35.122973],[129.21416,35.181703],[129.328985,35.333037],[129.418953,35.497601],[129.485616,35.687589],[129.492799,35.712136]],[[129.325833,34.607552],[129.32206,34.579518],[129.329553,34.521821],[129.26656,34.370486],[129.297255,34.339791],[129.36552,34.3054],[129.385622,34.353562],[129.381385,34.416504],[129.475591,34.540347],[129.469235,34.615484],[129.480345,34.649358],[129.472387,34.671579],[129.451251,34.68641],[129.325833,34.607552]],[[128.750622,32.586125],[128.79031,32.636923],[128.821522,32.646457],[128.894489,32.652271],[128.879193,32.69356],[128.838472,32.762858],[128.806174,32.776088],[128.761216,32.772393],[128.704062,32.757045],[128.665408,32.784046],[128.649026,32.661805],[128.657501,32.628474],[128.692951,32.604651],[128.750622,32.586125]],[[128.489191,34.865262],[128.51937,34.819735],[128.646908,34.736666],[128.741114,34.798574],[128.722045,35.013419],[128.668095,35.008664],[128.586033,34.932442],[128.489191,34.865262]],[[128.037849,34.878492],[127.965864,34.892754],[127.915531,34.920815],[127.83197,34.874254],[127.838326,34.813379],[127.87326,34.735089],[127.897083,34.735606],[127.941524,34.766302],[127.983847,34.703334],[128.054747,34.708088],[128.065858,34.805989],[128.037849,34.878492]]]}},{"type":"Feature","properties":{"featurecla":"strait","name":"Bass Strait","namealt":null,"changed":"Version 1.4","note":null,"name_fr":"détroit de Bass","min_label":6,"max_label":10,"scalerank":5,"label":"Bass Strait","wikidataid":"Q171846","name_ar":"باس","name_bn":"ব্যাস প্রণালী","name_de":"Bass-Straße","name_en":"Bass Strait","name_es":"Estrecho de Bass","name_el":"Στενό Μπας","name_hi":"बॉस जलसन्धि","name_hu":"Bass-szoros","name_id":"Selat Bass","name_it":"Stretto di Bass","name_ja":"バス海峡","name_ko":"배스 해협","name_nl":"Straat Bass","name_pl":"Cieśnina Bassa","name_pt":"Estreito de Bass","name_ru":"Бассов пролив","name_sv":"Bass sund","name_tr":"Bass Boğazı","name_vi":"Eo biển Bass","name_zh":"巴斯海峡","ne_id":1159117373,"name_fa":"تنگه باس","name_he":"מצר בס","name_uk":"Бассова протока","name_ur":"آبنائے باس","name_zht":"巴斯海峽"},"bbox":[143.553543,-41.168081,149.443674,-37.778211],"geometry":{"type":"Polygon","coordinates":[[[148.182149,-40.455773],[148.160962,-40.510809],[148.117089,-40.521402],[148.127114,-40.544192],[148.142927,-40.556852],[148.054095,-40.78919],[148.032908,-40.780715],[147.968881,-40.779629],[147.873073,-40.872802],[147.817572,-40.871717],[147.621718,-40.844742],[147.579447,-40.875438],[147.500589,-40.964321],[147.454545,-41.00189],[147.387883,-40.985508],[147.320651,-40.956414],[147.268768,-40.959567],[147.219056,-40.98339],[147.105781,-40.9945],[146.989922,-40.992381],[146.919539,-41.017754],[146.856597,-41.058527],[146.835927,-41.109325],[146.848122,-41.168081],[146.786214,-41.113563],[146.72322,-41.078112],[146.650718,-41.116198],[146.574547,-41.142656],[146.317302,-41.163275],[146.11101,-41.118317],[145.821518,-41.024627],[145.775526,-40.997136],[145.73372,-40.962202],[145.686074,-40.938948],[145.576469,-40.904015],[145.53368,-40.86381],[145.485001,-40.852131],[145.429449,-40.857971],[145.349506,-40.82619],[145.282843,-40.770121],[145.224087,-40.765367],[145.15851,-40.79074],[145.043116,-40.786502],[144.818789,-40.721442],[144.718743,-40.672246],[144.707633,-40.635711],[143.986901,-40.095433],[143.986901,-40.094917],[144.035064,-40.077967],[144.111803,-40.021898],[144.140897,-39.953633],[144.105964,-39.874258],[144.120795,-39.785323],[144.091185,-39.638252],[144.000699,-39.580013],[143.949901,-39.583733],[143.553543,-38.815357],[143.686868,-38.766677],[143.811718,-38.698981],[144.101727,-38.462407],[144.328741,-38.34815],[144.447804,-38.303657],[144.54356,-38.284123],[144.66531,-38.210019],[144.589655,-38.157619],[144.51767,-38.166611],[144.395455,-38.137],[144.465219,-38.102584],[144.538289,-38.07721],[144.891239,-37.899909],[144.984928,-37.952308],[145.049472,-38.011065],[145.119856,-38.091473],[145.066939,-38.204748],[145.020378,-38.258181],[144.911393,-38.343912],[144.780135,-38.347065],[144.71771,-38.340192],[144.847366,-38.436517],[144.959504,-38.500544],[145.191324,-38.3836],[145.248995,-38.291513],[145.29292,-38.237511],[145.366456,-38.225883],[145.47601,-38.243867],[145.518281,-38.311615],[145.542155,-38.393625],[145.46278,-38.416414],[145.424126,-38.477238],[145.397151,-38.535477],[145.535282,-38.609529],[145.606182,-38.656607],[145.691914,-38.655573],[145.790822,-38.6672],[145.865443,-38.776237],[145.93531,-38.901656],[146.018405,-38.86724],[146.06972,-38.833908],[146.158087,-38.865638],[146.254412,-38.964598],[146.332185,-39.076788],[146.340143,-39.123865],[146.399932,-39.145569],[146.456518,-39.112238],[146.48401,-39.06516],[146.481426,-38.977827],[146.466595,-38.840265],[146.426908,-38.819594],[146.336422,-38.894215],[146.285573,-38.840265],[146.216274,-38.782594],[146.21736,-38.727558],[146.292497,-38.699498],[146.356524,-38.711642],[146.435899,-38.711642],[146.856597,-38.663531],[147.395789,-38.219011],[147.631227,-38.055506],[147.876845,-37.934325],[148.130835,-37.855984],[148.262609,-37.83061],[148.94417,-37.788287],[149.298102,-37.802033],[149.439385,-37.778211],[149.443674,-37.804669],[147.951414,-39.734525],[147.932914,-39.726102],[147.839276,-39.831367],[147.767239,-39.870538],[147.812198,-39.910225],[147.876276,-39.905471],[147.905939,-39.971617],[147.890591,-40.014456],[148.025001,-40.172173],[148.046705,-40.212894],[148.07368,-40.240954],[148.10541,-40.262142],[148.159412,-40.24731],[148.171556,-40.357898],[148.058849,-40.356865],[148.01017,-40.380636],[148.020247,-40.403942],[148.102774,-40.451587],[148.182149,-40.455773]]]}},{"type":"Feature","properties":{"featurecla":"fjord","name":"Skagerrak","namealt":null,"changed":"Version 1.4","note":null,"name_fr":"Skagerrak","min_label":6,"max_label":10,"scalerank":5,"label":"Skagerrak","wikidataid":"Q1695","name_ar":"سكاغيراك","name_bn":"স্কাগেরাক","name_de":"Skagerrak","name_en":"Skagerrak","name_es":"Skagerrak","name_el":"Σκάγκερακ","name_hi":"श्कागेरक","name_hu":"Skagerrak","name_id":"Skagerrak","name_it":"Skagerrak","name_ja":"スカゲラク海峡","name_ko":"스카게라크 해협","name_nl":"Skagerrak","name_pl":"Skagerrak","name_pt":"Skagerrak","name_ru":"Скагеррак","name_sv":"Skagerrak","name_tr":"Skagerrak","name_vi":"Skagerrak","name_zh":"斯卡格拉克海峡","ne_id":1159117723,"name_fa":"اسکاژراک","name_he":"סקאגרק","name_uk":"Скагеррак","name_ur":"ایسکاگیراک","name_zht":"斯卡格拉克海峡"},"bbox":[7.125385,56.841027,11.388328,59.764673],"geometry":{"type":"Polygon","coordinates":[[[8.278958,56.841027],[7.125385,58.039042],[7.194166,58.047517],[7.466139,58.021058],[7.875726,58.079789],[8.037112,58.146994],[8.166251,58.145418],[8.312289,58.22425],[8.52132,58.300473],[8.92822,58.56981],[9.178024,58.675101],[9.193889,58.71161],[9.238847,58.739128],[9.322977,58.747603],[9.396047,58.805817],[9.309747,58.856614],[9.551076,58.932811],[9.618256,58.946041],[9.65691,58.97144],[9.69608,59.009525],[9.627247,59.067764],[9.557432,59.112723],[9.635206,59.11802],[9.800312,59.027018],[9.842635,58.958753],[9.959578,58.968261],[10.082878,59.028594],[10.179203,59.009008],[10.205093,59.038645],[10.24323,59.061925],[10.431074,59.279431],[10.45438,59.377306],[10.446422,59.443452],[10.407251,59.455622],[10.39826,59.519132],[10.493499,59.541353],[10.569722,59.586854],[10.533755,59.695866],[10.595095,59.764673],[10.604655,59.680001],[10.634266,59.602719],[10.631114,59.428104],[10.64486,59.388959],[10.742735,59.295812],[10.834305,59.184166],[10.944893,59.170936],[10.998843,59.16458],[11.090931,59.141817],[11.13222,59.143419],[11.366108,59.104791],[11.38621,59.065646],[11.388328,59.036526],[11.295208,59.086781],[11.19573,59.078332],[11.167153,59.045518],[11.147051,58.988389],[11.169272,58.92276],[11.207874,58.866666],[11.223739,58.679881],[11.271385,58.475604],[11.251799,58.424289],[11.24813,58.369254],[11.256554,58.370313],[10.580833,57.736373],[10.533187,57.735313],[10.259095,57.61731],[9.962214,57.580775],[9.815143,57.478662],[9.554229,57.232605],[9.433616,57.174392],[9.298637,57.146357],[9.036172,57.155323],[8.952043,57.150569],[8.811276,57.109848],[8.618678,57.111424],[8.427114,56.984429],[8.284229,56.852137],[8.278958,56.841027]]]}},{"type":"Feature","properties":{"featurecla":"gulf","name":"Gulf of Aden","namealt":null,"changed":"Version 1.4","note":null,"name_fr":"golfe d'Aden","min_label":5,"max_label":9.5,"scalerank":3,"label":"Gulf of Aden","wikidataid":"Q41837","name_ar":"خليج عدن","name_bn":"এডেন উপসাগর","name_de":"Golf von Aden","name_en":"Gulf of Aden","name_es":"Golfo de Adén","name_el":"Κόλπος του Άντεν","name_hi":"अदन की खाड़ी","name_hu":"Ádeni-öböl","name_id":"Teluk Aden","name_it":"Golfo di Aden","name_ja":"アデン湾","name_ko":"아덴만","name_nl":"Golf van Aden","name_pl":"Zatoka Adeńska","name_pt":"Golfo de Áden","name_ru":"Аденский залив","name_sv":"Adenviken","name_tr":"Aden Körfezi","name_vi":"Vịnh Aden","name_zh":"亚丁湾","ne_id":1159116333,"name_fa":"خلیج عدن","name_he":"מפרץ עדן","name_uk":"Аденська затока","name_ur":"خلیج عدن","name_zht":"亚丁湾"},"bbox":[42.52188,10.430449,51.267393,15.209356],"geometry":{"type":"Polygon","coordinates":[[[51.261037,15.209356],[51.267393,15.187135],[51.267393,11.830622],[51.254681,11.830622],[51.19117,11.842275],[50.792177,11.983558],[50.636114,11.943871],[50.528162,11.823232],[50.466253,11.72745],[50.110099,11.529529],[49.642324,11.450697],[49.388335,11.342745],[49.061843,11.270785],[48.938543,11.25859],[48.903093,11.254895],[48.674476,11.322643],[48.572364,11.320524],[48.438987,11.290345],[48.019374,11.139527],[47.712468,11.112035],[47.473774,11.175003],[47.404993,11.173944],[47.230378,11.09984],[46.973185,10.925225],[46.565199,10.74583],[46.460451,10.734203],[46.254056,10.781306],[46.024406,10.793476],[45.81646,10.835799],[45.695795,10.804044],[45.337574,10.649531],[44.942818,10.436805],[44.386624,10.430449],[44.279241,10.471738],[44.15806,10.550571],[43.852703,10.784458],[43.631012,11.035296],[43.440997,11.34644],[43.245764,11.499893],[43.161635,11.566039],[43.042572,11.588285],[42.911314,11.586683],[42.789616,11.561827],[42.65257,11.509427],[42.583789,11.496715],[42.539864,11.50413],[42.52188,11.572395],[42.639858,11.560225],[42.799124,11.73962],[43.047843,11.829046],[43.272222,11.969812],[43.336766,12.026941],[43.380174,12.09151],[43.409715,12.189696],[43.409785,12.189928],[43.353716,12.367204],[43.350903,12.372163],[43.308495,12.446931],[43.300282,12.46141],[43.48916,12.699535],[43.628557,12.742755],[43.634164,12.744494],[43.737382,12.708642],[43.835237,12.674653],[43.857118,12.661206],[43.905273,12.631611],[43.924901,12.619548],[43.92996,12.61644],[44.005614,12.607448],[44.111447,12.63866],[44.260172,12.6445],[44.358616,12.669356],[44.617876,12.816996],[44.755491,12.763562],[44.889901,12.784181],[45.038574,12.815936],[45.109474,12.938694],[45.163993,12.998509],[45.393643,13.067291],[45.533893,13.233456],[45.657193,13.338747],[45.919657,13.394325],[46.203258,13.423961],[46.502258,13.415486],[46.663643,13.432953],[46.789062,13.465768],[46.975872,13.547235],[47.242574,13.60917],[47.407629,13.661544],[47.63361,13.858405],[47.855302,13.956823],[47.916176,14.012918],[47.989712,14.047851],[48.277601,13.99757],[48.449064,14.006045],[48.593499,14.046249],[48.66812,14.049944],[48.779793,14.124048],[48.928466,14.26745],[49.004689,14.355274],[49.048045,14.456353],[49.103081,14.500278],[49.349681,14.637867],[49.548635,14.722538],[49.906391,14.828372],[50.166737,14.851109],[50.338716,14.927306],[50.527076,15.038436],[51.015005,15.140575],[51.261037,15.209356]]]}},{"type":"Feature","properties":{"featurecla":"gulf","name":"Gulf of Aqaba","namealt":null,"changed":"Version 1.4","note":null,"name_fr":"Golfe d'Aqaba","min_label":7.6,"max_label":10,"scalerank":7,"label":"Gulf of Aqaba","wikidataid":"Q81611","name_ar":"خليج العقبة","name_bn":"আকাবা উপসাগর","name_de":"Golf von Akaba","name_en":"Gulf of Aqaba","name_es":"Golfo de Aqaba","name_el":"Κόλπος της Άκαμπα","name_hi":"अक़ाबा की खाड़ी","name_hu":"Akabai-öböl","name_id":"Teluk Aqaba","name_it":"Golfo di Aqaba","name_ja":"アカバ湾","name_ko":"아카바만","name_nl":"Golf van Akaba","name_pl":"Zatoka Akaba","name_pt":"Golfo de Aqaba","name_ru":"Акаба","name_sv":"Akabaviken","name_tr":"Akabe Körfezi","name_vi":"Vịnh Aqaba","name_zh":"亚喀巴湾","ne_id":1159119199,"name_fa":"خلیج ایلات","name_he":"מפרץ אילת","name_uk":"Акабська затока","name_ur":"خلیج عقبہ","name_zht":"亞喀巴灣"},"bbox":[34.388578,27.976045,34.982289,29.55507],"geometry":{"type":"Polygon","coordinates":[[[34.622466,28.087692],[34.586447,28.083997],[34.506039,27.996147],[34.425062,27.976045],[34.388578,27.999325],[34.399689,28.016249],[34.427181,28.106734],[34.446249,28.357572],[34.617143,28.758142],[34.736206,29.270384],[34.848395,29.432312],[34.904516,29.477271],[34.973297,29.55507],[34.982289,29.484686],[34.951076,29.353454],[34.799199,28.720573],[34.780131,28.50733],[34.683289,28.263908],[34.61611,28.148541],[34.622466,28.087692]]]}},{"type":"Feature","properties":{"featurecla":"gulf","name":"Golfo de California","namealt":null,"changed":"Version 1.4","note":null,"name_fr":"golfe de Californie","min_label":5,"max_label":9.5,"scalerank":3,"label":"Golfo de California","wikidataid":"Q132811","name_ar":"خليج كاليفورنيا","name_bn":"ক্যালিফোর্নিয়া উপসাগর","name_de":"Golf von Kalifornien","name_en":"Gulf of California","name_es":"Golfo de California","name_el":"Κόλπος της Καλιφόρνια","name_hi":"गोल्फो डी कैलिफोर्निया","name_hu":"Kaliforniai-öböl","name_id":"Teluk California","name_it":"Golfo di California","name_ja":"カリフォルニア湾","name_ko":"캘리포니아 만","name_nl":"Golf van Californië","name_pl":"Zatoka Kalifornijska","name_pt":"Golfo da Califórnia","name_ru":"Калифорнийский залив","name_sv":"Californiaviken","name_tr":"California Körfezi","name_vi":"Vịnh California","name_zh":"加利福尼亚湾","ne_id":1159116479,"name_fa":"خلیج کالیفرنیا","name_he":"מפרץ קליפורניה","name_uk":"Каліфорнійська затока","name_ur":"خلیج کیلی فورنیا","name_zht":"加利福尼亞灣"},"bbox":[-114.933806,23.265402,-106.922228,31.90087],"geometry":{"type":"Polygon","coordinates":[[[-106.922228,23.864409],[-106.980415,23.819968],[-109.44688,23.265402],[-109.415125,23.405626],[-109.420938,23.480247],[-109.509848,23.597707],[-109.67653,23.661734],[-109.710404,23.80356],[-109.776007,23.864952],[-109.811457,23.93903],[-109.892951,24.03321],[-109.982403,24.109407],[-110.022607,24.174494],[-110.262851,24.344354],[-110.303598,24.3396],[-110.325302,24.305726],[-110.321064,24.259166],[-110.296725,24.195138],[-110.320005,24.139586],[-110.367625,24.100416],[-110.409431,24.131111],[-110.399897,24.164985],[-110.421601,24.183485],[-110.547019,24.214181],[-110.659183,24.341719],[-110.734346,24.589895],[-110.72905,24.671388],[-110.677192,24.788332],[-110.686701,24.867707],[-110.755508,24.994702],[-110.894156,25.14446],[-111.013735,25.420154],[-111.03438,25.527047],[-111.149722,25.572548],[-111.291548,25.790054],[-111.330176,25.931337],[-111.332294,26.125537],[-111.404797,26.265245],[-111.418542,26.349916],[-111.464586,26.408647],[-111.4704,26.506548],[-111.54608,26.579024],[-111.569903,26.707621],[-111.795315,26.8796],[-111.821774,26.865311],[-111.817019,26.7563],[-111.778391,26.687519],[-111.699533,26.581143],[-111.723356,26.564219],[-111.754052,26.572694],[-111.862521,26.678527],[-111.883165,26.839912],[-112.009101,26.966907],[-112.015457,27.009773],[-112.003804,27.079097],[-112.09801,27.145785],[-112.191674,27.186506],[-112.282676,27.347375],[-112.329236,27.523592],[-112.552556,27.657485],[-112.734069,27.825744],[-112.758409,27.900364],[-112.749391,27.995087],[-112.808148,28.092446],[-112.795435,28.207271],[-112.868454,28.291943],[-112.865302,28.350673],[-112.870573,28.424234],[-112.956846,28.455989],[-113.03356,28.472397],[-113.093892,28.511542],[-113.205539,28.798888],[-113.258999,28.818991],[-113.320907,28.813177],[-113.335195,28.839119],[-113.328839,28.872967],[-113.381756,28.946528],[-113.499759,28.926943],[-113.538387,29.023268],[-113.54526,29.1021],[-113.755351,29.367226],[-113.828912,29.439185],[-114.06174,29.609562],[-114.179201,29.734464],[-114.372367,29.830247],[-114.40358,29.896393],[-114.550677,30.022328],[-114.630052,30.156196],[-114.649637,30.238232],[-114.63323,30.507027],[-114.68563,30.621335],[-114.703613,30.76528],[-114.761284,30.958937],[-114.844897,31.080661],[-114.881949,31.156316],[-114.848075,31.537869],[-114.789861,31.646854],[-114.8396,31.798731],[-114.895178,31.850588],[-114.933806,31.90087],[-114.741182,31.806664],[-114.6978,31.77757],[-114.60889,31.762222],[-114.548558,31.733645],[-114.263873,31.55425],[-114.149048,31.507173],[-114.080783,31.510351],[-114.002467,31.525156],[-113.977611,31.592878],[-113.947975,31.629413],[-113.759588,31.557971],[-113.699799,31.52358],[-113.63311,31.467485],[-113.623576,31.345761],[-113.480716,31.293387],[-113.231481,31.255819],[-113.185954,31.236233],[-113.083841,31.207139],[-113.046789,31.179079],[-113.043094,31.087018],[-113.072731,31.061076],[-113.108181,31.077483],[-113.118749,31.047847],[-113.105003,31.027202],[-113.087019,30.938319],[-113.1103,30.793315],[-113.0579,30.650972],[-112.95155,30.510205],[-112.824555,30.30014],[-112.759468,30.1255],[-112.738281,29.985276],[-112.697017,29.917011],[-112.653092,29.869934],[-112.572658,29.719633],[-112.414451,29.536544],[-112.388509,29.460347],[-112.393263,29.4196],[-112.378458,29.34764],[-112.301202,29.322758],[-112.223403,29.269325],[-112.19219,29.117965],[-112.162037,29.01903],[-112.045093,28.89573],[-111.940836,28.823228],[-111.918615,28.797829],[-111.906962,28.752328],[-111.832367,28.648071],[-111.747153,28.563942],[-111.679948,28.470278],[-111.471459,28.38403],[-111.282556,28.115209],[-111.121145,27.967027],[-110.986217,27.925763],[-110.920614,27.888711],[-110.848629,27.917831],[-110.759203,27.91517],[-110.53007,27.864372],[-110.578232,27.795591],[-110.615284,27.653765],[-110.592521,27.544236],[-110.560765,27.450056],[-110.519502,27.395537],[-110.477695,27.322519],[-110.377159,27.233093],[-110.277139,27.162167],[-109.943749,27.079097],[-109.925765,27.028816],[-109.921528,26.978018],[-109.890832,26.883295],[-109.828407,26.770072],[-109.754846,26.702867],[-109.676013,26.697027],[-109.482847,26.710256],[-109.276477,26.534065],[-109.243146,26.44991],[-109.24051,26.404409],[-109.216145,26.355187],[-109.146304,26.305992],[-109.116667,26.252532],[-109.159016,26.258372],[-109.199763,26.305449],[-109.270663,26.243024],[-109.354276,26.13825],[-109.425718,26.032416],[-109.384971,25.727086],[-109.304537,25.63288],[-109.253739,25.608541],[-109.196585,25.592676],[-109.083853,25.614897],[-109.008199,25.641872],[-108.93518,25.690034],[-108.886475,25.733417],[-108.884899,25.695848],[-108.972749,25.588438],[-109.068531,25.551386],[-109.063234,25.516479],[-109.028843,25.480486],[-108.893374,25.511699],[-108.843635,25.543454],[-108.786998,25.538157],[-108.751031,25.424392],[-108.696512,25.383128],[-108.46632,25.265125],[-108.373715,25.194199],[-108.092725,25.093662],[-108.051461,25.067204],[-108.035596,25.035449],[-108.079496,25.017982],[-108.139828,25.018525],[-108.192228,25.030695],[-108.243542,25.07356],[-108.280594,25.081493],[-108.207576,24.9746],[-108.014952,24.783578],[-108.008596,24.693609],[-107.950925,24.614777],[-107.816514,24.539097],[-107.709622,24.524808],[-107.673629,24.503647],[-107.602186,24.489875],[-107.548753,24.504706],[-107.511701,24.489358],[-107.488963,24.423729],[-107.493717,24.369236],[-107.527049,24.360245],[-107.726546,24.471892],[-107.765174,24.471892],[-107.084673,24.016286],[-106.935457,23.881333],[-106.922228,23.864409]],[[-112.263633,29.206874],[-112.284794,29.240205],[-112.423442,29.203696],[-112.470003,29.167729],[-112.530852,28.894128],[-112.513928,28.847568],[-112.355178,28.772973],[-112.278438,28.769252],[-112.203301,29.005258],[-112.248802,29.125923],[-112.263633,29.206874]],[[-113.178022,29.131736],[-113.202361,29.301597],[-113.373824,29.339166],[-113.375942,29.417481],[-113.416147,29.485746],[-113.507691,29.559824],[-113.587066,29.573053],[-113.594482,29.462466],[-113.580736,29.413244],[-113.496581,29.30741],[-113.264812,29.096803],[-113.162674,29.034895],[-113.155801,29.052361],[-113.178022,29.131736]]]}},{"type":"Feature","properties":{"featurecla":"gulf","name":"Gulf of Guinea","namealt":null,"changed":"Version 1.4","note":null,"name_fr":"golfe de Guinée","min_label":4,"max_label":8.5,"scalerank":2,"label":"Gulf of Guinea","wikidataid":"Q41430","name_ar":"خليج غينيا","name_bn":"গিনি উপসাগর","name_de":"Golf von Guinea","name_en":"Gulf of Guinea","name_es":"Golfo de Guinea","name_el":"Κόλπος της Γουινέας","name_hi":"गिनी की खाड़ी","name_hu":"Guineai-öböl","name_id":"Teluk Guinea","name_it":"Golfo di Guinea","name_ja":"ギニア湾","name_ko":"기니만","name_nl":"Golf van Guinee","name_pl":"Zatoka Gwinejska","name_pt":"Golfo da Guiné","name_ru":"Гвинейский залив","name_sv":"Guineabukten","name_tr":"Gine Körfezi","name_vi":"Vịnh Guinea","name_zh":"几内亚湾","ne_id":1159115791,"name_fa":"خلیج گینه","name_he":"מפרץ גינאה","name_uk":"Гвінейська затока","name_ur":"خلیج گنی","name_zht":"几内亚湾"},"bbox":[-7.527778,-0.708484,10.001385,5.809775],"geometry":{"type":"Polygon","coordinates":[[[6.468164,0.227067],[-7.517753,4.308006],[-7.527778,4.355083],[-7.426182,4.376271],[-7.231465,4.485799],[-7.057884,4.544529],[-6.922957,4.638193],[-6.845158,4.671524],[-6.548303,4.762035],[-6.061459,4.953057],[-5.91382,5.010728],[-5.56459,5.089586],[-5.061882,5.13085],[-5.104722,5.162062],[-5.26559,5.159944],[-5.367729,5.150952],[-5.335457,5.192242],[-5.28254,5.210225],[-5.023771,5.203352],[-4.970311,5.147774],[-4.899954,5.138265],[-4.661286,5.172656],[-4.037397,5.230327],[-4.062279,5.256785],[-4.115195,5.261565],[-4.608912,5.236166],[-4.552817,5.280066],[-4.357015,5.301253],[-4.11995,5.309702],[-3.983963,5.293295],[-3.870714,5.220819],[-3.347361,5.13085],[-3.311911,5.161003],[-3.237833,5.335644],[-3.199722,5.354686],[-3.151585,5.34833],[-3.168509,5.202809],[-3.063735,5.157851],[-3.025624,5.150435],[-3.019293,5.13085],[-3.086499,5.128214],[-3.21507,5.147257],[-3.246308,5.113926],[-3.114016,5.088527],[-3.081719,5.082687],[-2.964801,5.046178],[-2.722955,5.013906],[-2.399099,4.929234],[-2.26629,4.874199],[-2.090074,4.764128],[-2.001707,4.762552],[-1.776811,4.880555],[-1.63868,4.980575],[-1.501634,5.038246],[-1.064555,5.182707],[-0.797853,5.226632],[-0.669256,5.318694],[-0.485624,5.394374],[-0.348578,5.50075],[-0.126343,5.567955],[0.259964,5.757375],[0.67167,5.759494],[0.748926,5.760036],[0.947364,5.809775],[5.571733,4.653024],[5.58336,4.657778],[5.587597,4.647184],[5.798747,4.456162],[5.906699,4.387898],[5.970726,4.338702],[6.07656,4.290539],[6.173401,4.27731],[6.205699,4.292116],[6.214691,4.385262],[6.27076,4.43234],[6.275514,4.371491],[6.255929,4.334464],[6.263887,4.309582],[6.299854,4.303769],[6.462324,4.333405],[6.499893,4.331803],[6.554412,4.341337],[6.579785,4.475748],[6.601489,4.455103],[6.617354,4.375728],[6.633218,4.340278],[6.623193,4.320693],[8.444581,3.387778],[8.433987,3.332226],[8.445097,3.293598],[8.47476,3.264478],[8.652526,3.216858],[8.69118,3.222155],[8.694901,3.194095],[9.896068,2.944859],[9.885526,2.916825],[9.867491,2.734795],[9.822016,2.539535],[9.800828,2.304562],[9.779693,2.068039],[9.807185,1.927273],[9.718818,1.788625],[9.647401,1.617705],[9.632053,1.565331],[9.584408,1.540449],[9.494439,1.435158],[9.434133,1.29651],[9.38597,1.139362],[9.445243,1.12081],[9.509787,1.115023],[9.599239,1.054665],[9.590764,1.031927],[9.575416,0.991206],[9.625697,0.779539],[9.625129,0.6319],[9.617739,0.576296],[9.601357,0.567873],[9.556864,0.594331],[9.538881,0.658875],[9.495524,0.664663],[9.329901,0.610712],[9.324578,0.551956],[9.398682,0.486896],[9.470099,0.361994],[9.546322,0.295848],[9.776489,0.19265],[9.944231,0.219677],[10.001385,0.194769],[9.812456,0.125471],[9.796591,0.043977],[9.738403,0.084698],[9.574331,0.148725],[9.467981,0.159836],[9.411343,0.200608],[9.38597,0.246135],[9.375893,0.306958],[9.354758,0.343494],[9.301841,0.288458],[9.325095,0.115962],[9.338893,-0.058136],[9.296518,-0.351296],[9.136735,-0.573556],[9.081699,-0.624354],[9.037774,-0.63655],[8.995451,-0.634948],[8.946255,-0.688898],[8.821353,-0.708484],[8.765801,-0.627558],[8.757326,-0.614846],[8.703324,-0.591023],[8.710197,-0.606888],[6.983533,0.032867],[6.557047,0.032867],[6.557047,0.047129],[6.660245,0.120716],[6.750214,0.243448],[6.749645,0.32551],[6.68722,0.404317],[6.625828,0.400079],[6.524233,0.34029],[6.477672,0.279983],[6.468164,0.227067]]]}},{"type":"Feature","properties":{"featurecla":"gulf","name":"Gulf of Oman","namealt":null,"changed":"Version 1.4","note":null,"name_fr":"Golfe d'Oman","min_label":5,"max_label":9.5,"scalerank":3,"label":"Gulf of Oman","wikidataid":"Q79948","name_ar":"خليج عمان","name_bn":"ওমান উপসাগর","name_de":"Golf von Oman","name_en":"Gulf of Oman","name_es":"Golfo de Omán","name_el":"Κόλπος του Ομάν","name_hi":"ओमान की खाड़ी","name_hu":"Ománi-öböl","name_id":"Teluk Oman","name_it":"Golfo di Oman","name_ja":"オマーン湾","name_ko":"오만만","name_nl":"Golf van Oman","name_pl":"Zatoka Omańska","name_pt":"Golfo de Omã","name_ru":"Оманский залив","name_sv":"Omanbukten","name_tr":"Umman Körfezi","name_vi":"Vịnh Oman","name_zh":"阿曼灣","ne_id":1159116359,"name_fa":"دریای عمان","name_he":"מפרץ עומאן","name_uk":"Оманська затока","name_ur":"خلیج عمان","name_zht":"阿曼灣"},"bbox":[56.297629,22.461601,61.405689,26.278474],"geometry":{"type":"Polygon","coordinates":[[[61.405689,25.103713],[61.400935,25.082552],[59.839893,22.463177],[59.830901,22.461601],[59.823512,22.509221],[59.695406,22.546247],[59.535105,22.578545],[59.429272,22.661098],[59.310726,22.793389],[59.194816,22.971699],[59.029762,23.130449],[58.983149,23.234706],[58.911733,23.334183],[58.830239,23.397694],[58.773085,23.517273],[58.577851,23.643208],[58.500026,23.64587],[58.39316,23.618352],[58.324378,23.623649],[58.120618,23.71677],[57.825339,23.759119],[57.611037,23.80356],[57.220001,23.922623],[57.12316,23.980836],[56.912526,24.150154],[56.773879,24.334846],[56.640553,24.470315],[56.489762,24.716373],[56.388114,24.979354],[56.372818,25.018525],[56.363258,25.569396],[56.297629,25.650889],[56.307189,25.709077],[56.32941,25.751943],[56.373851,25.804343],[56.416174,26.108613],[56.417776,26.208091],[56.425166,26.278474],[57.165483,26.099079],[57.203568,26.100138],[57.205687,26.037171],[57.260722,25.918625],[57.334826,25.79163],[57.732735,25.724968],[57.796245,25.652982],[57.936495,25.69161],[58.022226,25.640812],[58.202629,25.591617],[58.314301,25.581023],[58.530722,25.592676],[58.797941,25.554565],[59.046143,25.417519],[59.227114,25.42757],[59.456247,25.481546],[59.616031,25.40323],[59.818189,25.401111],[59.897047,25.361941],[60.024585,25.384187],[60.400272,25.311685],[60.510343,25.437104],[60.587599,25.413281],[60.615143,25.329669],[60.663822,25.282049],[61.108859,25.184148],[61.243218,25.141825],[61.405689,25.103713]]]}},{"type":"Feature","properties":{"featurecla":"gulf","name":"Gulf of Thailand","namealt":null,"changed":"Version 1.4","note":null,"name_fr":"Golfe de Thaïlande","min_label":4,"max_label":8.5,"scalerank":2,"label":"Gulf of Thailand","wikidataid":"Q131217","name_ar":"خليج تايلاند","name_bn":"থাইল্যান্ড উপসাগর","name_de":"Golf von Thailand","name_en":"Gulf of Thailand","name_es":"Golfo de Tailandia","name_el":"Κόλπος της Ταϊλάνδης","name_hi":"थाईलैण्ड की खाड़ी","name_hu":"Thai-öböl","name_id":"Teluk Thailand","name_it":"golfo del Siam","name_ja":"タイランド湾","name_ko":"타이만","name_nl":"Golf van Thailand","name_pl":"Zatoka Tajlandzka","name_pt":"Golfo da Tailândia","name_ru":"Сиамский залив","name_sv":"Thailandviken","name_tr":"Tayland Körfezi","name_vi":"vịnh Thái Lan","name_zh":"泰国湾","ne_id":1159116123,"name_fa":"خلیج تایلند","name_he":"מפרץ תאילנד","name_uk":"Сіамська затока","name_ur":"خلیج تھائی لینڈ","name_zht":"泰國灣"},"bbox":[99.160697,6.157971,105.094753,13.568423],"geometry":{"type":"Polygon","coordinates":[[[104.77038,8.597434],[104.748676,8.608002],[102.40236,6.191302],[102.348926,6.157971],[102.339935,6.172259],[102.273789,6.203472],[102.101241,6.2421],[101.799089,6.474411],[101.614449,6.7538],[101.498022,6.865473],[101.400664,6.899321],[101.30222,6.908312],[101.154581,6.874981],[101.018051,6.860693],[100.792639,6.994586],[100.701637,7.081894],[100.586243,7.176074],[100.48997,7.161269],[100.423824,7.187727],[100.371424,7.280331],[100.204716,7.500473],[100.160791,7.599407],[100.158156,7.728004],[100.256599,7.775107],[100.317422,7.715834],[100.324295,7.644392],[100.279854,7.584602],[100.283574,7.551787],[100.342847,7.552847],[100.380416,7.541736],[100.410595,7.46448],[100.439172,7.280848],[100.545005,7.226872],[100.503716,7.337485],[100.453435,7.442259],[100.279337,8.268281],[100.228539,8.424912],[100.163427,8.508525],[100.158672,8.473592],[100.153918,8.442896],[100.129578,8.428091],[100.056043,8.51116],[99.98938,8.588959],[99.960803,8.671512],[99.904683,9.112829],[99.877708,9.19484],[99.835385,9.288503],[99.723712,9.314445],[99.394068,9.213908],[99.335312,9.225535],[99.253818,9.265223],[99.264928,9.353073],[99.288234,9.414464],[99.191393,9.62719],[99.160697,9.734083],[99.169172,9.934097],[99.194545,10.1754],[99.190308,10.265885],[99.164935,10.319861],[99.237385,10.388126],[99.285031,10.569097],[99.486672,10.889775],[99.514164,11.100382],[99.561241,11.215207],[99.627387,11.462867],[99.725314,11.661821],[99.798849,11.748611],[99.836935,11.936455],[99.930107,12.047585],[99.988812,12.170885],[100.005762,12.354518],[99.963956,12.690001],[99.981939,12.771495],[100.089891,13.045586],[100.051289,13.171005],[99.990414,13.243507],[100.017389,13.353035],[100.122189,13.439309],[100.235412,13.484268],[100.53653,13.514447],[100.603193,13.568423],[100.65611,13.52132],[100.906379,13.462589],[100.962499,13.431894],[100.947151,13.357815],[100.926532,13.30278],[100.946066,13.187412],[100.903743,13.035019],[100.896353,12.818055],[100.863539,12.714341],[100.897955,12.654008],[100.954024,12.621194],[101.090037,12.673594],[101.445105,12.619101],[101.723435,12.689458],[101.835624,12.640262],[101.889058,12.593159],[101.94461,12.563523],[102.034578,12.531768],[102.134056,12.442884],[102.229295,12.331754],[102.248364,12.36139],[102.258958,12.394205],[102.343087,12.252379],[102.434089,12.17936],[102.540491,12.108977],[102.574856,12.157656],[102.594441,12.203157],[102.654747,12.148664],[102.762699,12.012652],[102.791845,11.888835],[102.883881,11.772951],[102.912458,11.703627],[102.934162,11.706805],[102.93256,11.741738],[102.948476,11.773494],[103.003977,11.7105],[103.010385,11.588802],[103.125726,11.460748],[103.107226,11.367601],[103.09131,11.21097],[103.106658,11.073924],[103.152701,10.913598],[103.272281,10.90936],[103.353774,10.92153],[103.411497,10.976565],[103.466532,11.083975],[103.532678,11.146426],[103.595103,11.107798],[103.654376,11.058576],[103.722072,10.890292],[103.680835,10.758543],[103.591899,10.720974],[103.540585,10.668574],[103.53211,10.604547],[103.587145,10.552173],[103.661766,10.508765],[103.840618,10.58075],[103.87028,10.655345],[103.90201,10.643718],[103.936943,10.586563],[104.262401,10.541062],[104.426422,10.411406],[104.516391,10.339963],[104.594164,10.266945],[104.612664,10.207672],[104.663462,10.170103],[104.747643,10.199223],[104.80211,10.202918],[104.87301,10.114551],[104.965614,10.100779],[105.028091,10.067448],[105.084677,9.995488],[105.094753,9.945207],[105.092635,9.900765],[104.987318,9.868494],[104.903189,9.816094],[104.845001,9.606003],[104.814822,9.185331],[104.818543,8.801685],[104.896316,8.74665],[104.77038,8.597434]],[[104.036937,10.11083],[104.075591,10.224622],[104.082981,10.341023],[104.063964,10.390761],[104.027894,10.42833],[103.985622,10.426754],[103.898289,10.368541],[103.84961,10.371202],[103.868162,10.335209],[103.952291,10.243122],[104.018437,10.029336],[104.048616,10.061092],[104.036937,10.11083]]]}},{"type":"Feature","properties":{"featurecla":"gulf","name":"Gulf of Saint Lawrence","namealt":null,"changed":"Version 1.4","note":null,"name_fr":"golfe du Saint-Laurent","min_label":5.7,"max_label":10,"scalerank":4,"label":"Gulf of St. Lawrence","wikidataid":"Q169523","name_ar":"خليج سانت لورنس","name_bn":"সেন্ট লরেন্স উপসাগর","name_de":"Sankt-Lorenz-Golf","name_en":"Gulf of Saint Lawrence","name_es":"Golfo de San Lorenzo","name_el":"Κόλπος του Αγίου Λαυρεντίου","name_hi":"सेंट लॉरेंस की खाड़ी","name_hu":"Szent Lőrinc-öböl","name_id":"Teluk Santo Laurensius","name_it":"golfo di San Lorenzo","name_ja":"セントローレンス湾","name_ko":"세인트로렌스만","name_nl":"Saint Lawrencebaai","name_pl":"Zatoka Świętego Wawrzyńca","name_pt":"Golfo de São Lourenço","name_ru":"Залив Святого Лаврентия","name_sv":"Saint Lawrenceviken","name_tr":"Saint Lawrence Körfezi","name_vi":"Vịnh Saint Lawrence","name_zh":"圣罗伦斯湾","ne_id":1159116715,"name_fa":"خلیج سنت لورنس","name_he":"מפרץ סנט לורנס","name_uk":"Затока Святого Лаврентія","name_ur":"گلف آف سینٹ لارنس","name_zht":"聖羅倫斯灣"},"bbox":[-66.704502,45.621608,-54.78448,51.478434],"geometry":{"type":"Polygon","coordinates":[[[-61.448285,45.714755],[-61.455158,45.708942],[-61.507015,45.689356],[-61.505439,45.683543],[-61.656774,45.642253],[-61.776353,45.655482],[-61.877432,45.714213],[-61.911823,45.79891],[-61.923476,45.851284],[-61.955748,45.868208],[-62.217695,45.730646],[-62.421947,45.6645],[-62.447346,45.640677],[-62.482796,45.621608],[-62.585451,45.660779],[-62.75004,45.648067],[-62.718285,45.686178],[-62.700818,45.740671],[-62.910909,45.776147],[-63.107745,45.782503],[-63.216756,45.758163],[-63.292953,45.751781],[-63.315716,45.779842],[-63.358039,45.81108],[-63.509374,45.874565],[-63.567587,45.877743],[-63.703057,45.858157],[-63.874519,45.959236],[-64.05655,46.021145],[-63.831654,46.107393],[-63.872401,46.146021],[-63.915783,46.165606],[-64.144916,46.193124],[-64.211579,46.220125],[-64.541249,46.240227],[-64.556597,46.31167],[-64.647625,46.356111],[-64.641268,46.425435],[-64.689431,46.512226],[-64.72594,46.671493],[-64.816968,46.698494],[-64.882572,46.822827],[-64.905852,46.887914],[-64.865648,46.957754],[-64.831257,47.060952],[-64.942361,47.086351],[-65.042381,47.089012],[-65.192139,47.049325],[-65.260404,47.069427],[-65.319134,47.101156],[-65.086306,47.233991],[-64.912208,47.368401],[-64.852418,47.570017],[-64.766145,47.673731],[-64.703177,47.725046],[-64.874097,47.797031],[-65.046618,47.792794],[-65.001634,47.84677],[-65.228132,47.81132],[-65.344016,47.767937],[-65.483698,47.68696],[-65.606998,47.67001],[-65.666271,47.695952],[-65.755697,47.859999],[-65.84936,47.910797],[-66.210242,47.988596],[-66.359484,48.060555],[-66.428808,48.066885],[-66.631457,48.010817],[-66.704502,48.022444],[-66.44891,48.119802],[-66.324034,48.098124],[-66.248871,48.117167],[-66.083248,48.102878],[-66.012348,48.146803],[-65.926616,48.188609],[-65.754637,48.111896],[-65.475765,48.031461],[-65.359881,48.011333],[-65.259344,48.02141],[-65.036025,48.106056],[-64.959828,48.160032],[-64.822239,48.196542],[-64.764568,48.228297],[-64.705838,48.31085],[-64.633336,48.360588],[-64.348651,48.423039],[-64.253928,48.550577],[-64.245995,48.691318],[-64.414797,48.803507],[-64.513757,48.841076],[-64.370872,48.838957],[-64.208943,48.806143],[-64.216359,48.873865],[-64.26186,48.922027],[-64.5328,49.083438],[-64.51957,49.105659],[-64.51957,50.302098],[-64.520087,50.307937],[-64.508977,50.308997],[-64.170315,50.269309],[-64.015803,50.3037],[-63.853875,50.314268],[-63.733753,50.304733],[-63.586656,50.258173],[-63.23846,50.242308],[-63.135805,50.293649],[-62.949537,50.291504],[-62.830475,50.301581],[-62.715624,50.301581],[-62.541009,50.284631],[-62.361614,50.277242],[-62.165296,50.23913],[-61.919781,50.232774],[-61.835109,50.196781],[-61.725038,50.104177],[-61.289535,50.202104],[-61.180524,50.19151],[-60.956145,50.205256],[-60.807471,50.249698],[-60.607975,50.221147],[-60.438114,50.238588],[-60.080384,50.254478],[-59.886184,50.316386],[-59.815284,50.418525],[-59.612066,50.492086],[-59.378179,50.675693],[-59.165453,50.77995],[-59.054865,50.87891],[-58.637346,51.171528],[-58.614582,51.237131],[-58.593421,51.257233],[-58.510351,51.294802],[-58.442086,51.305938],[-58.270624,51.295345],[-58.089653,51.311235],[-58.022448,51.322346],[-57.853647,51.399602],[-57.769517,51.42606],[-57.461552,51.4689],[-57.299081,51.478434],[-57.095347,51.442442],[-57.031862,51.446162],[-57.03132,51.437687],[-56.760406,51.276302],[-56.751388,51.272607],[-56.805364,51.144527],[-56.82495,51.125484],[-56.976284,51.028126],[-57.0361,51.010659],[-57.037159,50.995854],[-57.012819,50.967794],[-57.005404,50.939733],[-57.053024,50.857206],[-57.131882,50.78734],[-57.241927,50.745017],[-57.274741,50.725431],[-57.298022,50.698456],[-57.294327,50.673574],[-57.264174,50.649234],[-57.179502,50.614844],[-57.237173,50.605309],[-57.330319,50.605309],[-57.360473,50.584148],[-57.432432,50.505832],[-57.465763,50.463483],[-57.608132,50.1989],[-57.712363,50.024802],[-57.926149,49.700972],[-57.929327,49.668157],[-57.897572,49.600435],[-57.798611,49.508348],[-57.791221,49.489848],[-57.856308,49.473957],[-57.961082,49.531628],[-58.015575,49.542764],[-58.107662,49.499899],[-58.1828,49.435329],[-58.213495,49.38665],[-58.218766,49.305156],[-58.190732,49.258596],[-58.097068,49.230019],[-57.980125,49.229476],[-57.990718,49.209374],[-58.048906,49.179737],[-58.098645,49.077625],[-58.081721,49.04481],[-58.040457,49.009877],[-57.990718,48.988173],[-58.005524,48.9813],[-58.049449,48.987656],[-58.185978,49.061734],[-58.318786,49.08132],[-58.358474,49.096668],[-58.403458,49.084498],[-58.493943,49.003004],[-58.545801,48.896628],[-58.641583,48.749531],[-58.687084,48.621994],[-58.716721,48.598171],[-58.843199,48.60507],[-58.877073,48.62251],[-58.906683,48.650054],[-58.887124,48.691318],[-58.819376,48.746896],[-58.841597,48.746353],[-59.06334,48.627833],[-59.167572,48.558483],[-59.167055,48.522],[-58.943735,48.522],[-58.722534,48.5405],[-58.606133,48.53311],[-58.492367,48.512982],[-58.330439,48.522],[-58.335736,48.513525],[-58.502418,48.442082],[-58.605074,48.411386],[-58.710364,48.325138],[-58.960659,48.15949],[-59.271829,47.995469],[-59.34061,47.93356],[-59.362314,47.889119],[-59.362314,47.865812],[-59.320508,47.736699],[-59.259659,47.634044],[-59.219429,47.602289],[-59.116774,47.570559],[-58.9411,47.58061],[-58.613006,47.626111],[-58.508749,47.65257],[-58.427798,47.68324],[-58.33677,47.730885],[-58.326719,47.719775],[-58.333075,47.676909],[-58.239411,47.668977],[-57.925632,47.674791],[-57.884342,47.659985],[-57.659989,47.625569],[-57.473179,47.630866],[-56.952487,47.574254],[-56.774152,47.565262],[-56.722294,47.592237],[-56.459287,47.617094],[-56.325936,47.654688],[-56.262969,47.658383],[-56.221162,47.671612],[-56.150805,47.774268],[-56.121685,47.789073],[-56.089413,47.771632],[-56.020089,47.7637],[-55.918493,47.791734],[-55.858161,47.819252],[-55.844415,47.788039],[-55.867153,47.592237],[-56.0836,47.52449],[-56.127499,47.502811],[-56.081481,47.50015],[-55.861882,47.530329],[-55.811601,47.516583],[-55.774549,47.498031],[-55.576111,47.465243],[-55.498855,47.475294],[-55.460769,47.484802],[-55.434828,47.501235],[-55.412607,47.550431],[-55.390903,47.643035],[-55.366047,47.661045],[-55.196703,47.649934],[-55.074462,47.657324],[-55.034775,47.634044],[-54.945891,47.620815],[-54.890856,47.629289],[-54.78448,47.664739],[-54.79559,47.6404],[-54.869694,47.571076],[-54.975528,47.516041],[-55.190889,47.448835],[-55.36075,47.25833],[-55.400954,47.221304],[-55.491465,47.160455],[-55.609985,47.119708],[-55.771913,47.09219],[-55.838576,47.071546],[-55.91901,47.017027],[-55.954486,46.973128],[-55.958181,46.956178],[-55.954486,46.944008],[-55.977224,46.937135],[-56.232815,46.864117],[-56.264028,46.845048],[-56.255579,46.860938],[-56.289969,46.900083],[-56.314826,46.954059],[-56.278316,47.03501],[-56.287308,47.071003],[-56.36459,47.099063],[-56.377819,47.089529],[-56.386811,47.067851],[-56.333894,46.935559],[-56.332292,46.915948],[-56.377277,46.847709],[-56.384692,46.819649],[-56.353997,46.795309],[-56.302139,46.821251],[-56.371463,46.778385],[-59.877709,46.163487],[-59.961322,46.191005],[-60.092554,46.205836],[-60.226448,46.195785],[-60.243888,46.269838],[-60.297864,46.311127],[-60.376723,46.284669],[-60.430699,46.255575],[-60.504777,46.203692],[-60.513252,46.194726],[-60.534413,46.214285],[-60.494726,46.27038],[-60.507955,46.303195],[-60.482556,46.41324],[-60.384138,46.613279],[-60.332798,46.737122],[-60.331738,46.767792],[-60.425402,46.923389],[-60.431215,46.963077],[-60.408478,47.003281],[-60.488912,47.009637],[-60.570923,46.999044],[-60.616424,46.975763],[-60.759826,46.863574],[-60.869897,46.796885],[-60.931805,46.729164],[-60.982603,46.650331],[-61.240313,46.302652],[-61.302222,46.243922],[-61.408598,46.17036],[-61.480557,46.059773],[-61.495388,45.941253],[-61.449861,45.716357],[-61.448285,45.714755]],[[-62.008148,47.234533],[-61.950993,47.219185],[-61.833507,47.222338],[-61.772658,47.259906],[-61.815524,47.267348],[-61.878491,47.265746],[-61.913941,47.284272],[-61.886424,47.344604],[-61.831388,47.392198],[-61.750954,47.430852],[-61.684291,47.498574],[-61.582153,47.559966],[-61.475803,47.564177],[-61.395368,47.637764],[-61.474201,47.646756],[-61.547762,47.631925],[-61.62768,47.593839],[-61.827177,47.468937],[-61.924535,47.425038],[-62.008148,47.234533]],[[-62.552662,49.141109],[-62.219272,49.079201],[-61.801235,49.094006],[-61.745683,49.105659],[-61.695944,49.138991],[-61.735632,49.20356],[-61.8171,49.283452],[-62.043055,49.389802],[-62.133024,49.407295],[-62.633613,49.623716],[-62.858509,49.705726],[-63.088702,49.772931],[-63.291893,49.816856],[-63.760211,49.87507],[-64.131687,49.941732],[-64.243877,49.944394],[-64.37299,49.925868],[-64.48518,49.887239],[-64.440195,49.827967],[-63.885087,49.657589],[-63.776618,49.602011],[-63.676082,49.534289],[-63.625801,49.459669],[-63.566011,49.399336],[-63.041599,49.224722],[-62.799779,49.170746],[-62.552662,49.141109]],[[-64.111042,46.425435],[-64.019498,46.404791],[-63.860748,46.407969],[-63.789848,46.400553],[-63.758635,46.397375],[-63.750677,46.384146],[-63.763389,46.3704],[-63.800415,46.367222],[-63.731634,46.288906],[-63.641149,46.230693],[-63.568647,46.209014],[-63.276546,46.153436],[-63.213578,46.159793],[-63.152729,46.188344],[-63.270732,46.199997],[-63.194535,46.236506],[-63.117279,46.252914],[-63.056947,46.295262],[-62.978631,46.316424],[-62.995038,46.292084],[-63.052709,46.269838],[-63.05643,46.22382],[-63.01514,46.189946],[-62.952715,46.195243],[-62.894502,46.1238],[-63.022013,46.066646],[-62.994496,46.058171],[-62.903493,46.068248],[-62.878094,46.001559],[-62.805076,45.972982],[-62.743141,45.966652],[-62.531475,45.97722],[-62.478041,45.999983],[-62.502381,46.022747],[-62.543128,46.02856],[-62.539433,46.097858],[-62.55212,46.166149],[-62.526204,46.202658],[-62.319808,46.278312],[-62.171652,46.355569],[-62.023495,46.421715],[-62.040936,46.445537],[-62.074293,46.46564],[-62.163719,46.487344],[-62.423006,46.478352],[-62.681776,46.459309],[-62.711929,46.450292],[-62.963826,46.427554],[-63.129449,46.422257],[-63.28608,46.460369],[-63.368633,46.508505],[-63.413075,46.512226],[-63.456457,46.503751],[-63.534256,46.540777],[-63.681353,46.561964],[-63.736931,46.480471],[-63.784034,46.454529],[-63.811009,46.468818],[-63.833773,46.4937],[-63.905732,46.508505],[-63.875579,46.538684],[-63.863926,46.572532],[-63.879274,46.609042],[-63.903096,46.639221],[-64.087762,46.775207],[-63.981412,46.912796],[-63.997277,46.981577],[-63.993582,47.061469],[-64.157086,46.955119],[-64.223232,46.901143],[-64.279844,46.835539],[-64.354464,46.769394],[-64.403143,46.691595],[-64.387796,46.640797],[-64.235402,46.631288],[-64.135925,46.599533],[-64.106805,46.561964],[-64.111042,46.425435]]]}},{"type":"Feature","properties":{"featurecla":"gulf","name":"Great Australian Bight","namealt":null,"changed":"Version 1.4","note":null,"name_fr":"Grande baie australienne","min_label":5,"max_label":9.5,"scalerank":3,"label":"Great Australian Bight","wikidataid":"Q186733","name_ar":"الخليج الأسترالي العظيم","name_bn":"গ্রেট অস্ট্রেলিয়ান বাইট","name_de":"Große Australische Bucht","name_en":"Great Australian Bight","name_es":"Gran Bahía Australiana","name_el":"Μεγάλος Αυστραλιανός Κόλπος","name_hi":"ग्रेट ऑस्ट्रेलियन बाइट","name_hu":"Nagy-Ausztráliai-öböl","name_id":"Great Australian Bight","name_it":"Grande Baia Australiana","name_ja":"グレートオーストラリア湾","name_ko":"그레이트오스트레일리아만","name_nl":"Grote Australische Bocht","name_pl":"Wielka Zatoka Australijska","name_pt":"Grande Baía Australiana","name_ru":"Большой Австралийский залив","name_sv":"Stora Australbukten","name_tr":"Büyük Avustralya Körfezi","name_vi":"Vịnh Đại Úc","name_zh":"大澳洲湾","ne_id":1159116315,"name_fa":"خلیج بزرگ استرالیا","name_he":"המפרץ האוסטרלי הגדול","name_uk":"Велика Австралійська затока","name_ur":"عظیم آسٹریلوی خلیج","name_zht":"大澳洲灣"},"bbox":[118.036031,-43.417039,146.226351,-31.495958],"geometry":{"type":"Polygon","coordinates":[[[145.988743,-43.417039],[145.906216,-43.39425],[118.047193,-35.060392],[118.036031,-35.007475],[118.036031,-35.006959],[118.13556,-34.986856],[118.520239,-34.737104],[118.89541,-34.479911],[119.081135,-34.459292],[119.247843,-34.456656],[119.450518,-34.368289],[119.63521,-34.101019],[119.729364,-34.041229],[119.854266,-33.974567],[120.209335,-33.935396],[120.418366,-33.96294],[120.530555,-33.919531],[120.814724,-33.871369],[121.405282,-33.826927],[121.729655,-33.862377],[121.946593,-33.856538],[122.060901,-33.874573],[122.15087,-33.992033],[122.777395,-33.890954],[122.95573,-33.883565],[123.067352,-33.900463],[123.207601,-33.988313],[123.365318,-33.905269],[123.506601,-33.916379],[123.65052,-33.836436],[123.868543,-33.596192],[123.967503,-33.446434],[124.126253,-33.129502],[124.243714,-33.015194],[124.37337,-32.958556],[124.524679,-32.940056],[124.758566,-32.882902],[125.266597,-32.614598],[125.463433,-32.55641],[125.567664,-32.506129],[125.917462,-32.297098],[126.136518,-32.256894],[126.779476,-32.310844],[127.084264,-32.297098],[127.319753,-32.263767],[127.678026,-32.15106],[128.06746,-32.066414],[128.545828,-31.887511],[128.946424,-31.702871],[129.187701,-31.659979],[129.568712,-31.627165],[130.129608,-31.579002],[130.78316,-31.60391],[130.948266,-31.565773],[131.029191,-31.531925],[131.143448,-31.495958],[131.284783,-31.520815],[131.393303,-31.548358],[131.721345,-31.696515],[132.214545,-32.007142],[132.323531,-32.019802],[132.648472,-31.949419],[132.757406,-31.956344],[133.212004,-32.183875],[133.400364,-32.188629],[133.551156,-32.18279],[133.665516,-32.207129],[133.786697,-32.269038],[133.930099,-32.411923],[134.23437,-32.548452],[134.249201,-32.658523],[134.22698,-32.730508],[134.158716,-32.733144],[134.100477,-32.748492],[134.173547,-32.979227],[134.301033,-33.164952],[134.607991,-33.190325],[134.719095,-33.255438],[134.79108,-33.328456],[134.846633,-33.444883],[134.888956,-33.626371],[135.041866,-33.777731],[135.185268,-33.906819],[135.219168,-33.959736],[135.286347,-34.142308],[135.311772,-34.195225],[135.367841,-34.375679],[135.449852,-34.58099],[135.427114,-34.602177],[135.378951,-34.597371],[135.292703,-34.54554],[135.217049,-34.487352],[135.17576,-34.49686],[135.129716,-34.536548],[135.122843,-34.585744],[135.191108,-34.572515],[135.230795,-34.579956],[135.323864,-34.642898],[135.411766,-34.7154],[135.481116,-34.75824],[135.647772,-34.939779],[135.66896,-34.92655],[136.543118,-35.884838],[136.540483,-35.89016],[136.589162,-35.935119],[136.755302,-36.033046],[136.912501,-36.046792],[137.025724,-36.024002],[137.147991,-36.038834],[137.209331,-35.982248],[137.382343,-36.02085],[137.448489,-36.074852],[137.590341,-36.027206],[137.622122,-35.938323],[137.670801,-35.898067],[137.835339,-35.86794],[138.012072,-35.907627],[138.066591,-35.900754],[138.123745,-35.852592],[138.053879,-35.764225],[138.218468,-35.618136],[138.389414,-35.644594],[138.521705,-35.642475],[138.729651,-35.550956],[138.770941,-35.538244],[138.875172,-35.536642],[138.915376,-35.489048],[139.017489,-35.443004],[139.093712,-35.389571],[139.192672,-35.347248],[139.282641,-35.375256],[139.302743,-35.399596],[139.324964,-35.426623],[139.292149,-35.485844],[139.289514,-35.611263],[139.230758,-35.597517],[139.177841,-35.522896],[139.112212,-35.542481],[139.066685,-35.598602],[138.96881,-35.580567],[138.985243,-35.617619],[139.037643,-35.689087],[139.245072,-35.827167],[139.46573,-36.010256],[139.548774,-36.096504],[139.728712,-36.371165],[139.857283,-36.662206],[139.846741,-36.747938],[139.783747,-36.90245],[139.73822,-37.059598],[139.742406,-37.141609],[139.784264,-37.245892],[139.874698,-37.352242],[140.212352,-37.642198],[140.39017,-37.896756],[140.627262,-38.028531],[141.010907,-38.076642],[141.214099,-38.171933],[141.424164,-38.363498],[141.491912,-38.379879],[141.594024,-38.387837],[141.725282,-38.27141],[141.924753,-38.283554],[142.187735,-38.399465],[142.344366,-38.371921],[142.456039,-38.386235],[142.612102,-38.451865],[142.840201,-38.580952],[143.082564,-38.646065],[143.226483,-38.742906],[143.338672,-38.757686],[143.538712,-38.820679],[143.553543,-38.815357],[143.949901,-39.583733],[143.948816,-39.583733],[143.939307,-39.658354],[143.879518,-39.70016],[143.862051,-39.738246],[143.865203,-39.823977],[143.838745,-39.903869],[143.887424,-39.983761],[143.875797,-40.064221],[143.898535,-40.12029],[143.928197,-40.116052],[143.986901,-40.095433],[144.707633,-40.635711],[144.718743,-40.672246],[144.709751,-40.782833],[144.646241,-40.980754],[144.662674,-41.079146],[144.697607,-41.190819],[144.764218,-41.341611],[144.765872,-41.39029],[144.778016,-41.418867],[144.91563,-41.643763],[145.05526,-41.826852],[145.238401,-42.019502],[145.258969,-42.107352],[145.234681,-42.196752],[145.29447,-42.190913],[145.331005,-42.147039],[145.33948,-42.190913],[145.360099,-42.227448],[145.516731,-42.354469],[145.527324,-42.388317],[145.468051,-42.493065],[145.43472,-42.4063],[145.37276,-42.338552],[145.198714,-42.2306],[145.236799,-42.455496],[145.268012,-42.544431],[145.487637,-42.926475],[145.517816,-42.951331],[145.567477,-42.967765],[145.609852,-42.99846],[145.681837,-43.076233],[145.802501,-43.243975],[145.873401,-43.292138],[145.975514,-43.277306],[146.125272,-43.311206],[146.176587,-43.301646],[146.207851,-43.31596],[146.226351,-43.355079],[146.108891,-43.354563],[145.994531,-43.376267],[145.98187,-43.408565],[145.988743,-43.417039]]]}},{"type":"Feature","properties":{"featurecla":"sea","name":"Arafura Sea","namealt":null,"changed":"Version 1.4","note":null,"name_fr":"mer d'Arafura","min_label":4,"max_label":8.5,"scalerank":2,"label":"Arafura Sea","wikidataid":"Q128880","name_ar":"بحر آرافورا","name_bn":"আরাফুরা সী","name_de":"Arafurasee","name_en":"Arafura Sea","name_es":"mar de Arafura","name_el":"Θάλασσα της Αραφούρα","name_hi":"अराफुरा सागर","name_hu":"Arafura-tenger","name_id":"Laut Arafura","name_it":"Mare degli Arafura","name_ja":"アラフラ海","name_ko":"아라푸라해","name_nl":"Arafurazee","name_pl":"Morze Arafura","name_pt":"Mar de Arafura","name_ru":"Арафурское море","name_sv":"Arafurasjön","name_tr":"Arafura Denizi","name_vi":"Biển Arafura","name_zh":"阿拉弗拉海","ne_id":1159116081,"name_fa":"دریای آرافورا","name_he":"ים אראפורה","name_uk":"Арафурське море","name_ur":"بحیرہ آرافرا","name_zht":"阿拉弗拉海"},"bbox":[130.774685,-12.435365,142.167633,-3.044258],"geometry":{"type":"Polygon","coordinates":[[[131.713956,-7.161681],[131.765839,-7.131502],[131.777466,-7.143698],[131.822941,-7.159046],[131.884281,-7.167521],[131.926656,-7.225192],[131.969547,-7.25165],[131.98226,-7.201886],[131.92247,-7.104527],[131.797568,-7.113519],[131.80656,-7.108248],[132.829443,-5.979531],[132.898741,-5.846206],[132.844791,-5.988006],[132.926285,-5.902275],[132.971243,-5.735567],[133.119399,-5.575783],[133.172885,-5.348252],[133.158053,-5.33554],[133.519427,-4.26346],[133.503045,-4.257621],[133.333185,-4.169771],[133.320989,-4.111067],[133.464443,-4.19995],[133.531106,-4.228527],[133.535343,-4.215815],[133.408891,-3.773981],[133.415247,-3.732175],[133.509401,-3.615748],[133.542216,-3.516271],[133.518393,-3.412039],[133.59937,-3.416225],[133.653372,-3.364394],[133.660762,-3.185542],[133.671872,-3.132108],[133.700449,-3.087615],[133.76706,-3.044258],[133.841733,-3.054852],[133.781426,-3.149006],[133.697297,-3.247967],[133.683448,-3.309358],[133.678177,-3.479219],[133.723135,-3.578179],[133.808401,-3.650164],[133.860801,-3.680292],[133.904158,-3.719979],[133.933303,-3.775532],[133.974024,-3.817906],[134.037018,-3.822144],[134.09996,-3.799871],[134.147089,-3.796719],[134.18042,-3.825296],[134.202641,-3.887204],[134.266151,-3.94596],[134.391001,-3.909942],[134.467224,-3.948596],[134.547116,-3.979292],[134.603185,-3.976088],[134.707468,-3.930044],[134.759816,-3.922138],[134.886268,-3.938519],[134.706383,-3.954952],[134.686797,-4.011021],[134.679408,-4.079286],[134.753977,-4.195196],[135.195345,-4.450787],[135.273118,-4.453423],[135.354095,-4.441796],[135.45042,-4.442829],[135.716554,-4.478279],[135.979587,-4.530679],[136.097564,-4.584629],[136.210839,-4.650775],[136.393928,-4.701056],[136.618824,-4.818517],[136.856949,-4.893138],[136.916739,-4.895256],[136.97441,-4.907452],[137.029962,-4.928588],[137.089235,-4.92435],[137.143753,-4.950809],[137.196102,-4.990496],[137.237908,-4.975717],[137.279714,-4.945538],[137.306741,-5.014319],[137.759168,-5.256165],[137.795135,-5.311717],[137.840093,-5.350371],[137.886705,-5.348769],[137.922155,-5.369956],[137.985097,-5.427627],[138.060803,-5.465196],[138.075531,-5.545604],[138.062922,-5.6287],[138.066074,-5.675777],[138.087262,-5.709109],[138.127466,-5.71655],[138.166637,-5.712313],[138.252316,-5.687973],[138.339649,-5.675777],[138.243324,-5.724456],[138.199399,-5.807035],[138.282495,-5.838765],[138.374531,-5.843519],[138.313656,-5.887444],[138.296241,-5.948836],[138.368226,-6.118696],[138.43861,-6.343592],[138.521705,-6.453663],[138.642318,-6.560581],[138.697922,-6.625642],[138.726447,-6.730958],[138.80851,-6.790231],[138.864578,-6.858496],[138.683608,-6.886504],[138.599995,-6.910844],[138.601597,-6.936269],[138.720143,-7.069594],[138.84551,-7.136308],[139.049218,-7.200335],[139.11278,-7.201886],[139.176807,-7.190258],[139.062448,-7.22731],[139.018057,-7.225709],[138.919097,-7.203488],[138.864578,-7.201369],[138.798433,-7.215683],[138.748151,-7.25165],[138.793678,-7.298727],[138.852951,-7.3395],[138.885766,-7.373348],[138.938114,-7.472308],[138.983073,-7.508275],[139.048753,-7.528377],[139.087872,-7.587133],[139.07361,-7.639533],[139.045549,-7.691365],[139.003226,-7.837454],[138.936047,-7.913108],[138.905351,-8.041163],[138.885197,-8.094596],[138.856052,-8.144877],[138.864578,-8.192523],[138.890468,-8.237998],[138.93336,-8.262338],[139.083118,-8.142758],[139.193189,-8.086121],[139.248741,-7.982407],[139.258301,-8.046434],[139.27892,-8.106792],[139.319073,-8.166065],[139.385839,-8.189319],[139.518647,-8.172938],[139.649337,-8.125292],[139.79062,-8.106275],[139.934539,-8.100952],[140.033448,-8.022662],[140.11706,-7.923702],[140.03722,-8.084002],[139.992727,-8.139606],[139.983218,-8.166581],[140.002804,-8.195675],[140.101764,-8.300475],[140.489647,-8.62061],[140.581218,-8.728563],[140.661626,-8.84654],[140.786477,-8.97356],[140.924608,-9.085233],[141.133122,-9.221194],[141.185005,-9.216956],[141.187072,-9.243415],[142.156005,-10.948944],[142.167633,-10.949977],[142.139056,-11.273317],[142.040664,-11.631538],[141.951677,-11.896121],[141.967593,-11.976065],[141.961289,-12.054354],[141.913126,-12.019421],[141.870803,-11.975496],[141.805691,-12.080296],[141.742697,-12.226334],[136.85483,-12.226334],[136.836227,-12.218944],[136.719335,-12.226334],[136.609781,-12.133729],[136.540483,-11.957513],[136.443073,-11.951725],[136.27006,-12.131611],[136.249906,-12.1729],[136.291764,-12.196206],[136.328816,-12.305709],[136.260551,-12.433763],[136.192804,-12.435365],[136.081699,-12.422652],[136.031418,-12.331133],[136.00868,-12.1914],[135.93778,-12.152281],[135.857269,-12.17874],[135.790658,-12.227419],[135.744097,-12.241681],[135.70441,-12.209952],[135.702239,-12.151713],[135.804352,-12.054871],[135.889618,-11.992963],[135.895974,-11.969708],[135.834066,-11.95064],[135.843574,-11.905681],[135.922432,-11.825789],[135.88538,-11.821552],[135.788539,-11.907232],[135.685341,-11.955962],[135.54876,-12.060711],[135.352493,-12.128975],[135.218031,-12.221579],[135.029722,-12.193519],[134.854539,-12.102517],[134.816453,-12.054871],[134.730206,-11.984539],[134.538073,-12.060711],[134.41746,-12.052752],[134.351314,-12.025777],[134.237006,-12.007794],[134.139647,-11.940046],[133.904158,-11.832094],[133.654406,-11.811475],[133.533224,-11.816229],[133.443256,-11.76016],[133.355974,-11.728379],[133.184977,-11.705642],[133.114128,-11.621513],[133.024677,-11.452686],[132.961218,-11.40721],[132.856935,-11.391294],[132.746864,-11.469119],[132.682837,-11.505602],[132.55747,-11.366954],[132.334073,-11.223552],[132.262708,-11.204019],[132.225139,-11.2389],[132.197595,-11.305046],[132.155272,-11.310886],[132.10556,-11.281275],[132.018743,-11.196577],[131.961589,-11.180713],[131.86051,-11.242104],[131.831364,-11.193942],[130.779439,-8.356544],[130.774685,-8.356027],[130.775201,-8.349671],[130.862018,-8.318975],[130.90801,-8.245956],[131.043505,-8.212108],[131.176314,-8.130615],[131.08743,-8.124775],[131.047226,-8.104673],[131.144585,-7.997238],[131.184789,-7.997754],[131.309122,-8.010984],[131.325555,-7.999356],[131.343539,-7.981373],[131.347776,-7.948042],[131.37687,-7.869183],[131.473712,-7.776579],[131.498568,-7.730536],[131.58001,-7.682373],[131.624504,-7.626304],[131.691218,-7.438977],[131.644089,-7.266998],[131.736176,-7.197131],[131.713956,-7.161681]],[[137.687699,-8.411579],[137.871823,-8.37985],[137.982927,-8.381969],[138.296241,-8.405223],[138.535451,-8.273448],[138.611622,-8.198311],[138.78572,-8.059146],[138.893156,-7.882413],[138.988964,-7.696171],[138.962505,-7.588219],[138.899512,-7.511479],[138.802102,-7.414638],[138.769856,-7.390298],[138.543926,-7.379704],[138.295156,-7.43846],[138.185137,-7.495046],[138.081939,-7.566515],[138.007318,-7.641652],[137.832703,-7.932177],[137.685064,-8.262338],[137.650131,-8.386206],[137.687699,-8.411579]],[[138.594156,-8.371375],[138.84551,-8.401502],[138.895274,-8.388842],[138.897393,-8.337475],[138.796314,-8.173454],[138.762983,-8.173454],[138.676735,-8.199396],[138.621182,-8.268694],[138.563512,-8.308898],[138.567181,-8.330086],[138.594156,-8.371375]],[[134.441283,-6.3346],[134.637601,-6.365296],[134.661424,-6.337236],[134.684162,-6.328244],[134.714341,-6.294913],[134.744468,-6.202308],[134.75563,-6.170579],[134.758266,-6.100196],[134.75191,-6.049915],[134.712222,-5.949921],[134.75501,-5.88269],[134.738164,-5.816544],[134.739197,-5.745644],[134.747155,-5.70699],[134.700595,-5.602758],[134.64556,-5.581054],[134.657703,-5.539248],[134.646076,-5.492171],[134.616414,-5.438737],[134.570939,-5.427059],[134.506343,-5.438737],[134.490427,-5.524985],[134.456114,-5.5578],[134.341289,-5.712829],[134.247031,-5.682133],[134.205276,-5.70699],[134.225844,-5.744559],[134.342839,-5.832977],[134.298397,-5.97054],[134.302118,-6.00971],[134.225378,-6.008625],[134.152876,-6.019736],[134.154995,-6.063144],[134.175614,-6.090119],[134.264549,-6.171613],[134.280414,-6.200706],[134.356068,-6.270573],[134.441283,-6.3346]],[[134.356068,-6.815088],[134.412706,-6.679644],[134.504276,-6.591225],[134.520658,-6.512935],[134.537039,-6.442552],[134.414824,-6.387],[134.317983,-6.3161],[134.23437,-6.226648],[134.168224,-6.176367],[134.114739,-6.190681],[134.111019,-6.255225],[134.124299,-6.426688],[134.194683,-6.460019],[134.184657,-6.479604],[134.154427,-6.481206],[134.106781,-6.471646],[134.059239,-6.769561],[134.090968,-6.833588],[134.200005,-6.908725],[134.322685,-6.848936],[134.356068,-6.815088]]]}}]}